Nome: RECIFE (CURADO)
Codigo Estacao: 82900
Latitude: -8.05916666
Longitude: -34.95916666
Altitude: 11.3
Situacao: Operante
Data Inicial: 1961-07-06
Data Final: 2022-03-17
Periodicidade da Medicao: Diaria

Data Medicao;EVAPORACAO DO PICHE, DIARIA(mm);INSOLACAO TOTAL, DIARIO(h);PRECIPITACAO TOTAL, DIARIO(mm);TEMPERATURA MAXIMA, DIARIA(°C);TEMPERATURA MEDIA COMPENSADA, DIARIA(°C);TEMPERATURA MINIMA, DIARIA(°C);UMIDADE RELATIVA DO AR, MEDIA DIARIA(%);VENTO, VELOCIDADE MEDIA DIARIA(m/s);
1961-07-06;null;null;0;26,9;23,1;20;86,5;2;
1961-07-07;null;null;1,2;27,2;23,4;21;87,5;2;
1961-07-08;null;null;5,4;27,2;23,24;21;80,5;2;
1961-07-09;null;null;0;27,2;23,52;21,4;85,5;2,666667;
1961-07-10;null;null;0;27;22,74;20,3;80;2;
1961-07-11;null;null;0;27;23,08;21;88,75;2;
1961-07-12;null;null;11;26,8;23,58;20,5;78,75;2;
1961-07-13;null;null;19,2;24,7;22;20,3;92,75;2;
1961-07-14;null;null;73,7;27;24,56;21,2;77;2,666667;
1961-07-15;null;null;1,6;27;23,96;21,2;70;2,666667;
1961-07-16;null;null;0;27;22,88;19,8;84,75;2;
1961-07-17;null;null;41,5;25,5;22,62;21;94,25;2;
1961-07-18;null;null;43,2;26,2;23,4;21;85,75;2,666667;
1961-07-19;null;null;9,9;26,9;23,06;21;88;2;
1961-07-20;null;null;1,5;26,8;23,26;18,7;84,25;2;
1961-07-21;null;null;2,5;26,9;23,64;21,5;87,25;2;
1961-07-22;null;null;20,3;26,3;23,24;20,9;80;2;
1961-07-23;null;null;3,4;26,8;23,02;19,5;84,5;1,333333;
1961-07-24;null;null;19,4;25,9;23,12;21,3;90,75;1,333333;
1961-07-25;null;null;26,1;24,7;22,68;21,3;91,5;2;
1961-07-26;null;null;31;26,5;22,68;20,5;83,75;2;
1961-07-27;null;null;0;26,7;22,1;16,6;85,5;2;
1961-07-28;null;null;2,9;27,1;22,58;19;83,75;2;
1961-07-29;null;null;,9;26,9;23,66;20;79,5;2;
1961-07-30;null;null;5;27;23,36;21;83,25;3,333333;
1961-07-31;null;null;1,5;26,7;22,96;19,5;87,5;2;
1961-08-01;null;null;0;27,2;23,02;19,5;90,25;2;
1961-08-02;null;null;15;26,7;23,02;21,2;85,25;1,333333;
1961-08-03;null;null;9;26,2;22;20;83,75;2;
1961-08-04;null;null;1,3;26,5;21,9;19,2;85,75;1,333333;
1961-08-05;null;null;1,2;27;22,56;19;82,5;2,666667;
1961-08-06;null;null;,5;26,7;22,82;20;84;2,666667;
1961-08-07;null;null;,3;26,5;23,12;20,3;90;2,666667;
1961-08-08;null;null;7;26,5;22,42;19,8;88,75;2,333333;
1961-08-09;null;null;42,3;26,8;23,14;19,9;81,75;2,666667;
1961-08-10;null;null;40;26;22,84;20;85,75;3,333333;
1961-08-11;null;null;3,2;26,5;22,28;19,8;81;3,333333;
1961-08-12;null;null;0;26,6;22,68;19,8;80,5;2,666667;
1961-08-13;null;null;9;26,7;22,24;20,3;90,25;3;
1961-08-14;null;null;11,8;26,3;22,9;20,8;89;2;
1961-08-15;null;null;9,5;26,5;24,12;20,5;83,75;2,666667;
1961-08-16;null;null;18;27;24,16;21,8;82,75;2;
1961-08-17;null;null;4;25,7;23,32;20,7;89,5;2,666667;
1961-08-18;null;null;1,2;26,6;23,1;21;85,75;2;
1961-08-19;null;null;5;27;23,14;19,9;82,75;2;
1961-08-20;null;null;2,3;26,6;23,4;20,8;82;1,666667;
1961-08-21;null;null;1;26,8;24,12;20,2;76,75;3;
1961-08-22;null;null;,2;26,7;23,02;19,2;78;2,666667;
1961-08-23;null;null;0;26,8;22,66;18,7;89,75;2;
1961-08-24;null;null;1,5;25,8;23,66;18,7;78,75;2,666667;
1961-08-25;null;null;1,5;27,2;23,58;21,5;84,75;2;
1961-08-26;null;null;3,2;26,7;23,1;21;82,5;,666667;
1961-08-27;null;null;12,8;25,2;22,7;20,3;89;1,333333;
1961-08-28;null;null;3;27;24,2;21;80,5;2,666667;
1961-08-29;null;null;12,7;26,4;24,02;21;76,25;2,666667;
1961-08-30;null;null;13,3;27,3;23,58;21,8;83,5;2;
1961-08-31;null;null;14;26,7;23,14;21;84,25;2,666667;
1961-09-01;1,4;null;23;25,4;22,4;20,4;87;2,666667;
1961-09-02;3;null;4,6;26,6;22,84;18,6;81,5;3;
1961-09-03;1,5;null;4;26,8;24,04;21;78,5;2,666667;
1961-09-04;2,5;null;6,6;26,6;23,3;20,4;85;2,666667;
1961-09-05;2,1;null;9;27,5;24,62;21,6;77,75;2,666667;
1961-09-06;2,9;null;2,5;27,4;24,66;21,7;75;2;
1961-09-07;2,3;null;0;27,5;24,26;21,5;82,5;3,333333;
1961-09-08;2,7;null;2,9;27;24,28;22;84;2,666667;
1961-09-09;4;null;3,6;27,5;24,16;21,7;78,25;2;
1961-09-10;3;null;0;27,8;23,92;21;86,75;2,666667;
1961-09-11;2,7;null;0;28;23,62;18,5;75,5;2;
1961-09-12;2,3;null;0;28;24,52;19,8;79;2,666667;
1961-09-13;3;null;0;28;24,14;19,9;73,75;2,666667;
1961-09-14;3,2;null;0;28,2;24,66;21,3;68,5;2;
1961-09-15;4;null;0;29;24,48;20;62;2;
1961-09-16;3,2;null;,5;28,2;24,72;22,4;75;2,666667;
1961-09-17;2,8;null;,4;28;24,48;21;78,75;3,333333;
1961-09-18;3,5;null;0;28,1;23,7;21;76,5;3;
1961-09-19;2;null;0;26,2;22,52;18,2;88,5;2;
1961-09-20;1,2;null;7;27,7;24,6;21,5;77;2,666667;
1961-09-21;2,3;null;,2;27,5;24,98;22;78,5;2;
1961-09-22;1,5;null;2,8;27,8;24,38;21,5;77,75;2;
1961-09-23;2,2;null;0;27,8;25,02;21,5;76,25;2,666667;
1961-09-24;1,4;null;4,4;26,2;23,64;22;93,5;2,666667;
1961-09-25;1,6;null;18,9;28;25,3;22,5;73,75;3,666667;
1961-09-26;2,3;null;0;28,6;25,64;23,6;77,5;3;
1961-09-27;2,5;null;,8;28,2;25,1;22,5;73,25;4;
1961-09-28;2,5;null;0;28;24,96;23,2;77;2,666667;
1961-09-29;2;null;0;28,3;24,86;19,7;74;2;
1961-09-30;1,8;null;0;28,2;24,72;20;81,75;4;
1961-10-01;2,4;null;,3;27;24,12;20;81,75;4,333333;
1961-10-02;1,8;null;0;28;25,36;23;73,75;3,333333;
1961-10-03;2,5;null;0;28,7;25,4;23;64,75;2,666667;
1961-10-04;2,5;null;1,5;28,5;24,4;20,7;83;3;
1961-10-05;2,5;null;6;27;24,26;22,3;86,75;2,333333;
1961-10-06;1,5;null;5;27,3;23,68;21,5;86,75;2,666667;
1961-10-07;1;null;8,2;27,5;24,34;22;82,5;4;
1961-10-08;1;null;8,3;27;24,64;22;85,75;3,666667;
1961-10-09;3,2;null;0;27,8;25,04;22;79;2,666667;
1961-10-10;1,8;null;3,5;28,2;25,22;22,5;78,5;1,333333;
1961-10-11;2;null;0;28,6;25,74;23,5;75;2;
1961-10-12;2;null;,3;28,5;25,28;22,7;78,25;2;
1961-10-13;2;null;3;28,5;24,6;22,3;88,5;1,333333;
1961-10-14;1,5;null;7,2;28,2;25,36;22,8;78,75;4;
1961-10-15;1,5;null;1,4;28,9;25,72;23,5;72;2,666667;
1961-10-16;1,2;null;6,2;27;24,14;21,5;83,25;2;
1961-10-17;2,8;null;1,6;28;24,12;21;87,25;2,666667;
1961-10-18;1,8;null;0;27,8;23,94;19,9;87,25;3,333333;
1961-10-19;1,2;null;7,4;28,2;25,68;23;76,5;3,333333;
1961-10-20;2;null;0;28,2;25,92;24;72,5;4;
1961-10-21;1,8;null;2,7;28,5;25,16;21,6;75,25;4;
1961-10-22;2;null;2,7;27,5;24,8;22,7;82;4;
1961-10-23;2,2;null;6,2;28,4;25,78;22,5;75,75;2,666667;
1961-10-24;2,3;null;,8;28;25,18;22,5;75;2,666667;
1961-10-25;2,5;null;4,8;26,5;23,62;20,8;83;1,333333;
1961-10-26;1;null;0;28,8;24,78;18,7;78,25;3,333333;
1961-10-27;2;null;0;28,6;25,08;18,7;77,75;4;
1961-10-28;1;null;2,6;29,5;25,7;19,3;70,5;2;
1961-10-29;2,4;null;2;28,5;25,62;23,5;73,75;4;
1961-10-30;2,5;null;2,8;28,5;25,38;21,5;78,5;4;
1961-10-31;2,7;null;1,5;28,4;25,46;22,3;80;2;
1961-11-01;2;null;0;28;25,32;22;72,75;4;
1961-11-02;3;null;0;28,7;23,82;19,8;70,25;4;
1961-11-03;2,8;null;0;28,8;24,96;19,5;72;2,666667;
1961-11-04;2,3;null;0;28,2;25,44;21,2;75;4;
1961-11-05;2;null;0;29,9;26,74;24,5;74,5;3,333333;
1961-11-06;2,2;null;0;29,5;25,6;20;72,25;2,666667;
1961-11-07;1,3;null;0;29,7;25,46;20;77,75;2,666667;
1961-11-08;2;null;3;29,7;26,26;23;73,75;2,666667;
1961-11-09;2,5;null;1,2;29,6;25,6;22;69,5;2,666667;
1961-11-10;2,5;null;0;29,5;24,94;19,2;73,25;2,666667;
1961-11-11;2,6;null;0;29,2;24,12;19,5;73;2,666667;
1961-11-12;1,2;null;0;29,7;25,24;19,6;71,75;2,666667;
1961-11-13;2,3;null;0;30,2;26,02;21;72,75;2,666667;
1961-11-14;2,5;null;0;30,2;25,76;20;74,75;2;
1961-11-15;2,5;null;,8;30,3;25,56;18,5;72,25;2;
1961-11-16;2;null;0;29,4;25,9;21,4;65,75;2,666667;
1961-11-17;2,5;null;0;28,5;25,28;20,3;67;2,666667;
1961-11-18;2;null;,5;29,5;25,08;19,8;72,25;4;
1961-11-19;2;null;0;29,5;24,94;20,7;70,5;4;
1961-11-20;1,5;null;0;29,3;25,02;20;70;2,666667;
1961-11-21;2;null;0;29,4;23,76;20,3;73,25;2;
1961-11-22;2,5;null;0;29,2;25,4;19,2;72,75;3,333333;
1961-11-23;2;null;0;29,8;25,8;20,9;68,5;2;
1961-11-24;2;null;0;28,9;25,4;20;69,25;2,666667;
1961-11-25;2,7;null;0;29,5;25,88;20;68,75;2,666667;
1961-11-26;2,8;null;3;29,6;25,74;21;69;2,666667;
1961-11-27;3;null;0;29,5;26,52;24;69,25;2,666667;
1961-11-28;4;null;0;29,3;26,36;23,4;66,25;3;
1961-11-29;2,5;null;0;30;26,68;23,5;73,75;2,666667;
1961-11-30;2;null;0;30,2;26,58;22,4;72,5;2,666667;
1961-12-01;2;null;0;29,9;26,14;22;74;2,666667;
1961-12-02;2;null;5;29,5;26,12;23,5;76;3,333333;
1961-12-03;3,5;null;0;29;25,1;19,9;81;2,666667;
1961-12-04;3,5;null;0;29,9;26,22;21;77,25;3,333333;
1961-12-05;2,5;null;0;30,2;26,78;24;75,75;2,666667;
1961-12-06;2;null;0;30,5;26,5;23,5;75;2,666667;
1961-12-07;2,5;null;0;30;26,3;23;74;3,333333;
1961-12-08;2,5;null;0;30,2;26,18;21;70,5;2,666667;
1961-12-09;2,5;null;0;29;25,3;20,8;76;2,666667;
1961-12-10;2,5;null;0;29,2;25,92;22,1;70;3,333333;
1961-12-11;2;null;0;30,2;25,86;20;69,75;2,666667;
1961-12-12;2,5;null;0;29,4;25,76;20;73,75;2,666667;
1961-12-13;2,5;null;0;29;25,52;20;72,25;3,333333;
1961-12-14;3;null;0;29,8;25,68;20,1;72,5;2,666667;
1961-12-15;2,7;null;0;29,2;25,5;20;69,75;2;
1961-12-16;2,5;null;,5;30,4;26,3;21,2;77,75;2,666667;
1961-12-17;2,5;null;2,6;29,5;25,3;20;69,25;4;
1961-12-18;3,3;null;0;30,6;26,26;20;72,25;3,333333;
1961-12-19;4;null;0;30,2;26,44;21;69,75;2,666667;
1961-12-20;3;null;1,2;30,4;25,98;21;70,25;2,666667;
1961-12-21;3;null;0;29,9;26,3;20;68,5;3,333333;
1961-12-22;3,5;null;0;29,5;26,52;22;71,75;3,333333;
1961-12-23;3;null;0;29,7;25,92;20,2;69,75;2,666667;
1961-12-24;2,5;null;0;30;25,9;20;69,5;2;
1961-12-25;2;null;0;29;25,04;20,1;79,25;2;
1961-12-26;1,5;null;,6;29,9;26,12;20;71,5;2,666667;
1961-12-27;2,5;null;0;29,6;25,9;20,8;70;2;
1961-12-28;2,2;null;3,6;29,2;25,82;20,2;71,25;3,333333;
1961-12-29;1,8;null;4,5;29,5;25,6;20;75,75;3,333333;
1961-12-30;2;null;0;29,5;25,34;20;72,25;2,666667;
1961-12-31;2;null;0;29,5;25,46;20,1;72,75;3,333333;
1962-01-01;2;null;0;29;25,2;20;74,75;2,333333;
1962-01-02;2;null;0;30,5;25,38;20;75,5;2;
1962-01-03;1,6;null;0;30,3;26,06;20,5;70;2,666667;
1962-01-04;,9;null;0;30,2;26,52;20,4;68;2,666667;
1962-01-05;2,1;null;0;30,7;25,5;20,5;75,25;2,666667;
1962-01-06;2,2;null;0;29,5;25,1;20;75;2,666667;
1962-01-07;2,4;null;0;30,3;26,36;23;68,25;3,333333;
1962-01-08;3,8;null;0;29,8;26,04;20,2;72,5;2;
1962-01-09;3;null;0;30,4;26,42;22;70,25;2;
1962-01-10;2,4;null;0;30,2;25,54;20,6;73;1,333333;
1962-01-11;2,1;null;0;31,2;26,52;20,5;72,5;1,333333;
1962-01-12;2,3;null;0;31,8;26,76;21;69,25;2;
1962-01-13;2,2;null;0;30,5;26;22;71,75;2,666667;
1962-01-14;2;null;0;30,5;26,16;21,8;70;2;
1962-01-15;2,2;null;0;31,5;27,74;23;70,75;1,333333;
1962-01-16;2;null;0;31,6;27,02;22;71,5;2;
1962-01-17;2,2;null;0;31;26,44;20;69;2,666667;
1962-01-18;2,4;null;0;30,4;26,42;21;64,5;1,333333;
1962-01-19;2,9;null;0;30,6;26,02;19,8;66,25;1,333333;
1962-01-20;2,5;null;0;31;26,52;20;74;2,666667;
1962-01-21;2;null;0;30,8;26,04;20;69,75;2;
1962-01-22;2;null;0;30,4;26,56;20,2;71;1,333333;
1962-01-23;2;null;0;31;26,7;20,5;69,75;2;
1962-01-24;1,5;null;0;30,6;26,18;21,5;75,25;1,333333;
1962-01-25;1,5;null;0;30,2;26,58;20;64,75;2;
1962-01-26;1,5;null;0;30,6;26,3;20;73,75;,666667;
1962-01-27;1,7;null;0;31,2;26,92;21,5;73,25;1,333333;
1962-01-28;2,3;null;0;29,9;25,88;22;67;2,666667;
1962-01-29;2,5;null;0;30,8;26,24;22;81,5;,666667;
1962-01-30;2;null;0;30,8;27,08;21;71,5;2,666667;
1962-01-31;2,5;null;0;31;26,84;20,5;67,5;2;
1962-02-01;3;10,4;0;30,5;27,3;21;64,5;2;
1962-02-02;2,5;10,3;0;30,5;26,62;20,5;72,5;1,333333;
1962-02-03;2,5;10,2;23,3;30,6;26,5;23;74;1,333333;
1962-02-04;2,5;10,8;,8;29,8;26,94;24;65,5;2;
1962-02-05;2,3;8,4;0;30,6;27,06;22;70;2;
1962-02-06;2,5;9,4;0;31;27,1;24;78;2;
1962-02-07;2,5;9,9;0;30,5;26,8;21;71,25;2;
1962-02-08;3;10,8;0;30,8;27,34;22;66,5;1,333333;
1962-02-09;2,5;1,3;34;29;26,16;24;75,5;1,333333;
1962-02-10;2;8,6;4;30;26,7;23;72,5;2;
1962-02-11;2,5;6,8;0;30,5;26,92;23;69,75;2;
1962-02-12;2,5;9,6;2;30,8;27,58;24;70,25;2;
1962-02-13;2;11;0;30,5;27;23;70,75;2;
1962-02-14;2;10,6;0;30;26,92;23;70,5;1,333333;
1962-02-15;2,8;8,1;3;29,7;26,22;22,5;73,75;1,333333;
1962-02-16;1,7;3,4;18,7;28;25,08;23;84;,666667;
1962-02-17;1,5;8,7;0;29,6;26,64;23,5;70;2;
1962-02-18;2,5;10;0;29,8;26,52;22,5;70,75;2,666667;
1962-02-19;2;11,1;0;30;26,52;22,5;70,75;1,666667;
1962-02-20;3;9,9;0;30,8;26,9;22,7;74,25;2,666667;
1962-02-21;2;11;0;29,8;26,58;22;70,75;1,333333;
1962-02-22;2,5;9,5;0;29,9;26,5;23;69,5;1,333333;
1962-02-23;2,5;5,1;3,7;31;26,44;21,5;72,25;1,333333;
1962-02-24;2,5;11;0;31,5;26,74;22,5;70,5;1,333333;
1962-02-25;2;8,8;0;31,8;27,6;23;63,5;1,333333;
1962-02-26;2;8,4;0;31,2;27,86;23,9;69;2,666667;
1962-02-27;2;10,4;0;30,9;27,5;25;72,75;2;
1962-02-28;1,5;7,2;1;27,5;25,18;22,5;79,25;1,333333;
1962-03-01;2,6;7,7;3;29,8;26,74;23,5;71,75;2;
1962-03-02;2,6;4,7;0;30;26,82;23;68,25;2;
1962-03-03;3;9,3;0;30,5;26,8;23;73,75;2;
1962-03-04;2,2;9,6;0;31,2;27,28;22,5;75,5;2;
1962-03-05;2,8;9,6;0;31,1;27,64;24,5;69,5;2;
1962-03-06;1,8;8,6;0;31,8;27,34;23;70,25;2;
1962-03-07;1,4;8,3;0;31,3;27;23;69;2;
1962-03-08;2,2;8,6;0;31,5;27,64;22,4;66,75;1;
1962-03-09;1,6;4,4;0;31,2;27,6;23,2;66,5;2;
1962-03-10;2,2;7,2;0;30,8;27,4;23,5;72;2;
1962-03-11;2,8;7,3;0;31,2;27,74;25,5;72,25;3,333333;
1962-03-12;1,8;0;18,5;28,4;24,74;22,5;90,5;,666667;
1962-03-13;,7;2,6;40,9;29,4;26,06;22,5;85,75;2;
1962-03-14;1;1,6;7,5;29,5;25,96;22;78;2,666667;
1962-03-15;1;8,7;1,2;29,2;25,6;21;83,5;1,333333;
1962-03-16;1;2,9;27;29;25,66;22,5;87;,666667;
1962-03-17;1;7,5;4,5;29,3;26,3;22,5;86;2,666667;
1962-03-18;1,5;7,2;16,5;29;25,76;23;89,25;2,666667;
1962-03-19;1,2;6,6;7,5;29,2;25,84;23;85,75;2,666667;
1962-03-20;1,4;8,3;0;29,2;25,66;23,5;84,75;1,333333;
1962-03-21;1,4;7,6;0;29,8;26,36;22,5;77,5;2,666667;
1962-03-22;1,6;9,3;0;29,9;26,58;22,5;74,5;2,666667;
1962-03-23;2;3;0;29,5;25,72;22;82,75;1,333333;
1962-03-24;2,5;8,7;0;30;26,28;22,5;72,75;1,333333;
1962-03-25;1,5;8,5;0;29,2;25,96;22,5;81,25;2;
1962-03-26;1,7;10,2;0;29,5;26,26;23,5;76,75;1,333333;
1962-03-27;1,5;6,1;0;29,8;25,28;21,5;78,25;2,666667;
1962-03-28;2,1;9,7;3;30;26,46;21;79,5;2,666667;
1962-03-29;1,7;10,2;0;29,4;26,94;23;76,25;3,333333;
1962-03-30;1,3;8,7;0;29,4;26,42;23;81;1,333333;
1962-03-31;1,2;6;26;29,3;26,24;23;81;2,666667;
1962-04-01;1,1;9,3;0;29,3;26,14;22,9;76,25;3,333333;
1962-04-02;1,3;5;,5;29;25,78;22,5;81,75;3,333333;
1962-04-03;2;10,9;0;29,6;26,3;23;73,75;2;
1962-04-04;1,8;7,3;0;29,4;26,5;23;79,5;1,333333;
1962-04-05;1,6;,6;6,2;27,5;25,46;24;83,25;2,666667;
1962-04-06;1;10,8;0;29,3;25,14;21,5;79;2;
1962-04-07;1;9,7;0;29,4;25,4;22;80,25;3,333333;
1962-04-08;2,4;9,1;0;29,5;26,34;23,5;78,25;2,666667;
1962-04-09;1,4;8,6;3;29,8;25,98;22,3;83,25;2,666667;
1962-04-10;1;2,1;13,5;28;24,74;21,5;88,75;1,333333;
1962-04-11;,8;4,3;0;29,5;24,94;21,5;89;1,333333;
1962-04-12;,8;10,1;14,1;29,8;26,18;22;76,25;3,333333;
1962-04-13;1,8;5,3;0;28,7;25,06;21,5;84,25;2;
1962-04-14;,7;3,4;4,1;28,6;24,96;22;82,25;2,666667;
1962-04-15;1,4;8,1;1;29,2;25,46;22;80,75;2;
1962-04-16;1,5;4,1;1,8;29;25,38;22,5;82,75;1,333333;
1962-04-17;1,1;6,4;,5;28;25,1;22,5;84,75;1,333333;
1962-04-18;,8;2,1;2;27;24,08;21;86,75;1,333333;
1962-04-19;,5;10,1;23,5;29;25,78;21;76,75;3,333333;
1962-04-20;1,2;8,4;0;29;25,98;23;75,5;2,666667;
1962-04-21;1,6;9,2;0;29,8;26,04;20,5;74,75;2;
1962-04-22;1,2;4;2,2;29,2;25,7;22,5;79,5;2;
1962-04-23;,8;0;9,4;29,2;25,26;21,5;88,75;0;
1962-04-24;,4;3;29,9;29,2;25,88;23;84,75;1,333333;
1962-04-25;1;10,1;1,5;29;25,28;21,5;83,5;,666667;
1962-04-26;1,4;2,6;3,5;28;25,14;22,5;87,25;1,333333;
1962-04-27;,7;6,2;9,5;29;26,12;22,5;84,75;2,666667;
1962-04-28;1;9,4;1,8;29;24,8;21,5;84,25;2,666667;
1962-04-29;1;10;0;29;25,52;20,5;77,75;1,333333;
1962-04-30;2;9,5;0;29,4;25,72;21,5;81;1,333333;
1962-05-01;,8;4,3;4,7;28,8;25,62;23,5;84,5;2;
1962-05-02;1,3;10,5;,9;28,6;23,84;20,5;79;2,666667;
1962-05-03;1,5;8,3;0;29;25,02;20;82;,666667;
1962-05-04;1,6;,9;7,3;27,6;24,56;22;92,75;,666667;
1962-05-05;,5;8,1;13,5;28,7;25,68;22;81,75;2;
1962-05-06;1,1;7;0;29;24,26;20,5;83,5;2;
1962-05-07;1;4,9;0;29,8;25,58;20,5;77,5;,666667;
1962-05-08;1,1;6,9;0;29,3;25,18;20;84,25;1,333333;
1962-05-09;1,3;1,1;7,8;27,4;24,58;22,5;88,75;2,666667;
1962-05-10;,9;7,3;30,1;29;25,44;22;82;2;
1962-05-11;1,7;10,2;8,2;28,6;24,78;21,5;79,75;1,333333;
1962-05-12;,9;6,8;0;29,5;25,48;20,5;75,5;1,333333;
1962-05-13;1,7;8,2;5;28,5;24,54;19,9;80,25;,666667;
1962-05-14;1,6;10,1;0;28,7;24,36;20;82;1,333333;
1962-05-15;1,6;2,1;9;28,3;24,44;21,5;95;0;
1962-05-16;,7;0;37,3;26;24,22;22,5;95,75;,666667;
1962-05-17;,1;0;68,7;27,7;24,68;22,5;90,75;0;
1962-05-18;,9;6,5;20,1;28,7;26,18;23,5;77,75;2;
1962-05-19;1,1;7,7;8;29;26,24;23;81;2;
1962-05-20;1,6;7,3;,8;29;25,96;24,2;85,5;1,333333;
1962-05-21;1,8;5,8;4,5;28,4;24,84;23;82,75;,666667;
1962-05-22;1,3;9,3;0;28,2;24,92;21,8;81,5;0;
1962-05-23;1;6,4;6,4;28;24,16;22;84;2,666667;
1962-05-24;1,8;9,6;0;28,2;25,68;21;72,25;,666667;
1962-05-25;1,2;9,6;0;28,4;24,06;20,5;83,75;,666667;
1962-05-26;1,3;7,2;0;28,6;24,44;19,8;84;2;
1962-05-27;,8;2,9;0;28;24,32;20;84,5;0;
1962-05-28;,9;2,4;23,8;28,5;24,9;22,5;95,25;0;
1962-05-29;,6;6,9;30;28,7;24,76;21,5;89,5;,666667;
1962-05-30;,6;10;0;29;24,52;20,5;85,5;,666667;
1962-05-31;,9;9,2;0;28,7;24,38;20;84,75;,666667;
1962-06-01;1,1;5,4;0;28;24,84;20;80,25;2,666667;
1962-06-02;1,8;3;6,1;26,9;24,48;22,5;87,75;2;
1962-06-03;,8;0;19,7;28,2;25,1;22,5;85,5;2;
1962-06-04;1,2;4,2;2,8;28,2;25,62;22,5;81,5;,666667;
1962-06-05;,7;2,6;,8;27,8;24,24;20,2;87;0;
1962-06-06;,8;3;149,2;27,5;23,88;21,5;88,75;1,333333;
1962-06-07;,9;9,6;0;27,5;24,22;22;84,75;2,666667;
1962-06-08;,7;6,5;,4;27,6;23,84;20;84;1,333333;
1962-06-09;1,5;,5;2,5;26,4;23,68;21;86,75;0;
1962-06-10;,2;5,4;1,5;28,4;24,46;21,5;88,5;2;
1962-06-11;1,1;,2;,6;26;23,88;22;92,75;0;
1962-06-12;,2;,5;35,8;28;24,64;21,8;90;0;
1962-06-13;1;8,2;3,2;28,2;24,88;22,5;82;0;
1962-06-14;,8;5;0;27,7;24,18;21,4;87,5;,666667;
1962-06-15;,8;1,8;1,7;27;24,16;21;85,5;3,333333;
1962-06-16;1,9;2,3;0;27,5;24,9;22;77;,666667;
1962-06-17;1,5;8,4;1,5;27,5;23,62;20;79,5;1,333333;
1962-06-18;1,4;5,8;0;26,4;22,8;20;84,75;,666667;
1962-06-19;1,1;4,6;1,8;28;24,24;20;78,5;2;
1962-06-20;1,2;0;111,2;25,7;22,66;20,2;95,5;0;
1962-06-21;,3;9,1;49,6;28,2;25,1;20,5;82;1,333333;
1962-06-22;1,3;,3;15,3;26,2;24;21,4;84,75;0;
1962-06-23;,3;2,2;102;26,3;24,38;22,8;86,5;,666667;
1962-06-24;,9;6,4;0;27,2;24,46;20;84,25;0;
1962-06-25;,9;8,1;31;27,6;25,04;22;78,5;1,333333;
1962-06-26;1,4;9;1,7;27,4;23,88;20;79,75;1,333333;
1962-06-27;1,5;8,3;0;27;24,18;20,5;84,25;2;
1962-06-28;1;4,8;3,1;26,5;23,9;21;91;,666667;
1962-06-29;1,5;9;5,3;26,8;24;20;88,75;2;
1962-06-30;1,6;3,4;15,8;26,7;23,2;20,3;92,5;2;
1962-07-01;,6;0;69,5;25,6;22,7;20,1;90;2;
1962-07-02;,6;0;88,1;24,9;23,3;20,6;87;2;
1962-07-03;1,7;7,6;,8;27,2;24,58;20,5;72,75;2,666667;
1962-07-04;1,7;,1;3,4;26,5;23;21,5;90,25;,666667;
1962-07-05;,8;5,8;7,4;27,2;24,12;21;86,75;1,333333;
1962-07-06;1;0;1;24,7;23,2;21,5;96;1,333333;
1962-07-07;,3;3,5;27,5;25;23,32;21;90,5;0;
1962-07-08;,7;6,5;16;28;24,08;22;94,25;2,666667;
1962-07-09;1,8;8,8;0;26,8;24,22;20,5;73;2;
1962-07-10;1,7;6,8;1,2;27,5;23,4;20,5;86,5;2;
1962-07-11;1;5,3;0;27,4;23,66;20,5;82,5;2,666667;
1962-07-12;1,2;4,1;9,6;26,8;23,2;21;85,75;2,666667;
1962-07-13;1,1;5;0;28,2;23,04;20;82,25;1,333333;
1962-07-14;1,1;6,2;0;27,3;23,38;20;90,5;2;
1962-07-15;1,1;,2;6,5;26,2;24,02;21,5;84,5;,666667;
1962-07-16;1,5;5,7;4,5;25;23,7;19,5;77,5;1,333333;
1962-07-17;1,1;6,3;18,4;27;23,22;20,5;85;2;
1962-07-18;1,1;4,5;3,7;25;22,98;19,5;85,75;,666667;
1962-07-19;,7;4,2;8;27,2;22,76;20;92,25;1,333333;
1962-07-20;,3;2,9;2,2;27,3;23,18;19;83,25;1,333333;
1962-07-21;1,4;6,6;,6;27,4;23,68;21,5;87,5;1,333333;
1962-07-22;1;7,1;4,4;27;23,94;20,5;85,25;2;
1962-07-23;,8;6,7;2,3;26,8;22,7;19,5;82,5;1,333333;
1962-07-24;1,6;9,5;0;27;23,06;19,5;82,5;2,666667;
1962-07-25;1,1;7,2;2,8;27,2;22,34;18,5;84,5;0;
1962-07-26;1;7,2;0;27,2;23,66;19,5;86,5;2,666667;
1962-07-27;,2;5,2;6,5;27,6;23,2;21;90,75;1,333333;
1962-07-28;1,4;10,2;0;27,8;24,16;20;84;2;
1962-07-29;,6;6,5;0;27,2;23,72;21;74,25;2;
1962-07-30;1,7;4,6;,9;26,2;22,96;20;87;1,333333;
1962-07-31;1,1;8,4;5,4;27,2;22,86;20,5;80;1,333333;
1962-08-01;,9;3,1;6;22,8;22;19,8;91;2,666667;
1962-08-02;1,2;0;48,4;26,5;22,9;21;85,5;,666667;
1962-08-03;1,4;9;2,5;27,4;24,48;20;70,75;2,666667;
1962-08-04;3;9,5;0;27,5;24,78;20,8;75,5;1,333333;
1962-08-05;2,3;,3;0;27,5;23,76;20,7;79,5;2;
1962-08-06;2;3,1;16;27,6;24,44;21;80;,666667;
1962-08-07;1,4;4,2;3,6;26,8;23,44;20;83,25;2;
1962-08-08;1,5;6,6;3,6;27,2;23,2;20,2;81;,666667;
1962-08-09;1,3;2,1;0;24,6;22,22;18,3;86,5;0;
1962-08-10;,7;7,3;10;27;22,32;18,2;88,25;0;
1962-08-11;,7;2,6;2,4;26,5;22,78;20;85;2;
1962-08-12;1,4;9,5;2,2;27;23,62;17,5;84,75;2;
1962-08-13;1,2;8,1;,4;27,8;24,84;20;80,25;1,333333;
1962-08-14;1,8;5,4;0;27,6;24;22;83,75;2,666667;
1962-08-15;1,2;6,8;6,8;26,6;23,84;20;80;2;
1962-08-16;1,8;10;,5;27;23,32;21;70,75;4;
1962-08-17;2,2;1,2;3,1;25;22,8;19;80;2;
1962-08-18;1;4,9;9,4;27,2;22,56;18,6;87,75;1,333333;
1962-08-19;,9;3;8,2;27;23,52;21;89;2;
1962-08-20;1,1;9,2;,4;27,5;23,58;21;80,75;2;
1962-08-21;1,4;8;,2;27,2;24,1;19,5;75,5;2;
1962-08-22;1,8;8,6;5,2;27;24,36;23;76;,666667;
1962-08-23;1,5;9,6;0;27,6;22,2;17;83,5;2;
1962-08-24;1,3;10,5;0;27,8;23,72;19;81;1,333333;
1962-08-25;1,8;9,5;0;28,3;23,58;20;75,5;2,666667;
1962-08-26;1,2;8;0;27,6;23,82;20,5;81;3,333333;
1962-08-27;1,6;6,5;9,7;27,2;24,16;21,6;74,75;1,333333;
1962-08-28;1,2;3,6;0;27,2;23,54;20,5;80,5;1,333333;
1962-08-29;1,3;3,4;2,2;27;23,9;20,5;71,75;1,333333;
1962-08-30;1,4;,8;2,2;26,8;22,92;20;90;,666667;
1962-08-31;1;9,3;0;28,2;24,24;19,8;81,25;1,333333;
1962-09-01;,6;10,4;0;28,9;24,18;20,5;77,5;2;
1962-09-02;1,3;9,7;0;27,6;23,9;20,5;76,5;2,666667;
1962-09-03;2,2;4,5;0;27,2;23,96;20;85,5;1,333333;
1962-09-04;1,6;4,7;1,9;28,2;25,16;22;80,25;3,333333;
1962-09-05;1,5;7,9;3,4;28;24,58;21,7;81,25;2;
1962-09-06;2,2;10,4;4;27,4;24,62;22,5;72,25;2,666667;
1962-09-07;1,7;7,2;,3;27,8;23;20;83;2;
1962-09-08;2;9,9;0;27;23,88;19,8;77;2;
1962-09-09;1;7,2;4,8;27,5;24,1;21;78,5;2;
1962-09-10;1,6;3,2;1,9;26,8;22,88;19;87,25;2,666667;
1962-09-11;1,2;9,8;12,7;27;24,24;21;82;2;
1962-09-12;1,5;9,2;,6;27,7;23,98;18,8;78,25;1,333333;
1962-09-13;1,5;10,3;0;27,4;22,62;17,5;76,75;2;
1962-09-14;1,8;9,7;0;27,5;21,88;16,7;75,25;1,333333;
1962-09-15;1,8;8,3;0;27;23,7;19;75,75;2;
1962-09-16;1,1;8,6;3,4;27,2;23,94;20,5;76,5;3,333333;
1962-09-17;1,8;0;9,4;25,8;22,64;19;93;2;
1962-09-18;1,8;,5;102,3;26,5;22,58;21;90,75;1,333333;
1962-09-19;,9;0;15,2;26;23,12;20;87;1,333333;
1962-09-20;1,5;5,5;,6;27,5;24,6;22,7;85,25;2;
1962-09-21;2,3;8,6;3,5;27,5;23,48;21;81,75;1,333333;
1962-09-22;1,8;10;0;27,5;23,42;19;81,75;2;
1962-09-23;1,4;9,2;0;28,2;24,26;18,9;79,75;1,333333;
1962-09-24;1,3;9,8;0;28,2;24,2;19;78;2;
1962-09-25;1,4;9,1;0;28,4;23,9;19,5;81;1,333333;
1962-09-26;1,5;7,4;,4;28,9;24,58;20,5;77,25;1,333333;
1962-09-27;1,4;8,3;0;28,6;25,32;21,5;77,25;1,333333;
1962-09-28;1,8;7,6;,1;28,5;25,46;21,9;75,25;2,666667;
1962-09-29;1,7;9,7;0;28;24,02;19,5;77,25;2,666667;
1962-09-30;2;6;0;28;24,7;22,2;81,75;2,666667;
1962-10-01;1,1;null;,1;29;25,22;20;77,5;2;
1962-10-02;1,7;null;0;29;25,18;20,4;76,5;1,333333;
1962-10-03;1,8;null;0;28,8;24,36;20,9;80;2,666667;
1962-10-04;1,8;null;0;29;23,36;17,5;81,25;1;
1962-10-05;1,3;null;0;29,2;24,4;19,3;79;2;
1962-10-06;1,3;9,2;0;29;24,14;20,2;84,5;1,333333;
1962-10-07;1,5;8,9;0;29,7;25,1;21,5;77;2,666667;
1962-10-08;1,7;10,4;0;29;24,38;19,8;77;2;
1962-10-09;1,5;9,5;0;29,5;24,84;19;73;1,333333;
1962-10-10;2,3;10,4;0;29,3;25,12;20;71,75;1,333333;
1962-10-11;1,7;7,4;0;29;24,08;20;80,75;1,333333;
1962-10-12;1,8;9,2;0;29,2;25,64;21,5;75;1,333333;
1962-10-13;2;10;0;29,8;25,26;20,6;76,75;2;
1962-10-14;1,8;10,9;0;29;25,52;22,5;70,25;2;
1962-10-15;2,2;6,8;0;29,2;25,18;22;67,25;,666667;
1962-10-16;2,2;10,1;0;29,2;25,06;19,5;71,5;1,333333;
1962-10-17;2,7;8,7;0;29,6;26,38;23,5;69,75;2,666667;
1962-10-18;2,8;9,1;4;28,8;25,9;23;74,75;2;
1962-10-19;2,6;9,6;,7;29,4;25,74;23;78;1,333333;
1962-10-20;1,9;10,1;1,8;29;25,34;22,5;73,75;2;
1962-10-21;2,8;6,7;0;29,2;25,08;20;72;3,333333;
1962-10-22;2;8;,5;29,2;24,64;23;83,5;2;
1962-10-23;3;10,4;0;29,5;26,06;23,5;70,75;2,666667;
1962-10-24;2,7;9,6;1,8;29,4;25,1;20,5;83;2;
1962-10-25;2,9;11,2;0;29;24,94;21;76,5;2;
1962-10-26;2,9;10,7;0;29,8;25,68;21,5;69;2,666667;
1962-10-27;3;10,8;0;29,5;25,48;20,2;66,75;3,333333;
1962-10-28;2,7;11,2;0;29,6;25,58;22;72,75;2,666667;
1962-10-29;2,3;3,5;0;29,6;25,58;21;75,75;2;
1962-10-30;1,1;9,5;12,9;29;25,38;20,9;78,75;2,666667;
1962-10-31;2,3;4,2;0;29,2;25,46;22;77,25;2,666667;
1962-11-01;,8;7,9;0;29,2;25,26;20;73;2;
1962-11-02;1,9;8,7;0;29,6;25,76;20,5;74,5;2,666667;
1962-11-03;2,7;10,6;0;29;25,42;22;79,25;1,333333;
1962-11-04;2,4;3,9;0;29,3;25,58;20,5;72,25;1,666667;
1962-11-05;2,3;9,7;0;29,6;26;20,7;69;3,333333;
1962-11-06;1,6;10,2;0;29,6;25,44;20,5;72,75;1,333333;
1962-11-07;1,9;3,2;0;29;25,54;21,2;73;1,333333;
1962-11-08;1,6;7,8;0;29,6;25,82;21,8;74,5;2,666667;
1962-11-09;1,6;9,5;0;29,6;25,74;20,8;71,75;2,666667;
1962-11-10;2;10,4;0;29,6;25,46;20,4;76,5;2,666667;
1962-11-11;1,6;8,5;0;29;25,9;22,3;73,5;2;
1962-11-12;1,9;7,8;0;31,2;26;22;75,75;2,666667;
1962-11-13;1,4;10,4;0;31;25,38;20;73,75;2,666667;
1962-11-14;1,3;8,8;0;29,8;25,3;19,5;73;2,666667;
1962-11-15;2,1;8,5;0;29,8;26,06;21,5;71,75;4;
1962-11-16;1,6;10,2;0;29;24,96;20,5;75,25;2;
1962-11-17;2;9,2;0;29,6;24,86;22;70,25;4;
1962-11-18;2;6,1;2,6;28;23,82;20,5;80,5;0;
1962-11-19;2,2;5,5;,3;28,2;24,44;21;80;2,666667;
1962-11-20;1,8;9,9;0;29,6;25,32;19,5;71,25;2;
1962-11-21;2,2;5,5;,3;29,5;26,14;21,5;75,5;,666667;
1962-11-22;1,6;,5;1;28,6;25,96;22;73,75;2,666667;
1962-11-23;1,4;7,3;0;29;25,72;21,5;74;2,666667;
1962-11-24;1,8;3,2;0;28,8;24,84;22;80,5;1,333333;
1962-11-25;1,9;9,2;0;30;25,48;20,2;74,75;3,333333;
1962-11-26;1,5;9,8;0;29,8;25,44;20,5;77,25;2,666667;
1962-11-27;2,6;8,2;0;30,5;26,66;22,5;70,75;3,333333;
1962-11-28;2,8;5,6;,8;30,4;26,46;24;73;2,666667;
1962-11-29;2,2;7,2;1,2;29,5;24,64;20,5;82,75;1,333333;
1962-11-30;1,6;10,6;0;30,5;26,26;20;69,75;2;
1962-12-01;2,6;10;0;30,5;26,8;24;74,5;2,666667;
1962-12-02;2;10,8;0;30,8;26,4;22;73,75;2,666667;
1962-12-03;2,4;8,6;0;30,2;25,98;21,3;72,5;2,666667;
1962-12-04;2;10,6;0;30,6;26,02;20,5;69,5;1,333333;
1962-12-05;1,9;10,4;0;30;25,54;20,4;76,5;2,666667;
1962-12-06;1,9;10,7;0;30,5;26,62;22;73,75;2;
1962-12-07;2,2;8,2;0;30,8;27,48;25;70,5;3,333333;
1962-12-08;1,8;9,6;1,2;30,6;25,86;21;74,25;4;
1962-12-09;1,8;3,8;0;29,4;26,2;22,3;74;2,666667;
1962-12-10;2,6;6,9;0;30,6;26,88;23,5;73;2,666667;
1962-12-11;2,1;1,9;0;29,5;26,3;21,7;73,75;2,666667;
1962-12-12;1,9;9,2;6,4;29,6;26,36;21,7;71;2,666667;
1962-12-13;2,3;2,4;0;29,6;26,74;25;76,25;2,666667;
1962-12-14;1,6;2,9;0;30,2;26,48;20,9;74,25;3,333333;
1962-12-15;2;5,2;0;29;25,52;22;78;2,666667;
1962-12-16;1,5;,4;34;29,4;25,54;22,5;80,25;2;
1962-12-17;1,1;0;40;27;23,88;21,8;90;0;
1962-12-18;,3;10;3,9;29,8;25,18;21,8;83;2,666667;
1962-12-19;1,7;8;3;29,5;25,86;21,7;82,5;2,666667;
1962-12-20;1,3;9,2;0;29,9;26,24;22,6;74,25;2,666667;
1962-12-21;2;6,8;0;29,6;25,74;23;84;1,333333;
1962-12-22;1,7;11;8,2;29,6;26,1;20,6;72;2,666667;
1962-12-23;2,3;10,7;0;29,6;26;20,8;74;2,666667;
1962-12-24;,9;9,9;0;29,5;25,36;21;70,75;1,333333;
1962-12-25;1,8;4,9;,5;30;26,42;22,6;80,25;4;
1962-12-26;1,4;8,5;,4;30;26,2;21,5;73,5;2,666667;
1962-12-27;2,1;10;3,8;29,8;25,74;21,2;75,75;2,666667;
1962-12-28;1,3;9,2;1,6;30;26,5;22;74,5;3,333333;
1962-12-29;2,5;9,4;,5;29,8;26,62;22,6;70,75;2,666667;
1962-12-30;1,7;10,6;0;30;26,32;22;73,5;2,666667;
1962-12-31;2,8;3,9;1,6;30,2;26,58;22,8;73;2,666667;
1963-01-01;1,1;8,8;,9;29,8;25,92;22,1;78;2,666667;
1963-01-02;1;8,8;5,7;30;26;21,5;74,75;2;
1963-01-03;,8;9,3;0;30,5;26,04;21;77;2;
1963-01-04;,6;8,7;0;30,8;26,06;21;77,75;2,666667;
1963-01-05;2;11;0;30;25,9;20,9;78,5;2,666667;
1963-01-06;1,6;10;0;30,6;26,18;21;74,75;2,666667;
1963-01-07;1,5;8,6;0;30,2;26,42;21,8;74;2,666667;
1963-01-08;1,8;9;0;30;26,18;21;73,5;2;
1963-01-09;1,8;9,5;0;30,4;26,02;20,5;71,75;2,666667;
1963-01-10;2,1;6;0;29,2;26,04;20,9;71;2;
1963-01-11;1,7;7,1;0;29,4;25,76;22;74;,666667;
1963-01-12;2,1;11,2;0;30;26,48;22,6;72,5;2,666667;
1963-01-13;3;10,1;0;30,4;26,52;21,6;72,25;2,666667;
1963-01-14;1,8;9;0;30,5;26,12;20;69,75;2,666667;
1963-01-15;2,2;11,1;0;30,6;26,18;20,5;68,75;2,666667;
1963-01-16;2,5;9,7;0;30,2;26,02;20;76;1,333333;
1963-01-17;1,7;7,3;0;29,8;26,68;22,9;73,25;2,666667;
1963-01-18;2,1;8,9;2,2;29,9;26,76;23,5;74,25;2,666667;
1963-01-19;1,9;7,8;5,1;30,8;26,54;22,6;72;3,333333;
1963-01-20;1,8;,4;0;29,9;25,9;20,5;75,25;4,666667;
1963-01-21;2;9,8;,3;31;26,32;19,8;75,75;2,666667;
1963-01-22;1,3;9,7;0;30,5;26,98;22,5;73,5;1,333333;
1963-01-23;2,5;10,2;0;31,5;27,2;21,5;72,75;2;
1963-01-24;1,8;9,1;0;31,5;26,66;22,5;74,75;1,666667;
1963-01-25;2,7;10,4;0;30,8;27,48;25;69,25;4;
1963-01-26;2,7;9,4;2,4;30,5;25,92;22,5;77,25;3,333333;
1963-01-27;2;10,6;0;30,9;26,4;22,5;74,5;4;
1963-01-28;2,3;10,3;0;31,4;26,88;22,1;70,75;5,333333;
1963-01-29;2,5;9,7;0;31,4;26,46;21,6;71,75;4;
1963-01-30;2,4;6,8;7,1;29,9;26,62;23,7;79;3,333333;
1963-01-31;2,9;4,5;0;30,3;26,08;22,1;76,5;2,666667;
1963-02-01;4,1;7,7;8,8;31;26,08;22,5;78,75;4;
1963-02-02;2,6;4,6;,3;31;26,86;24,3;76,25;2,666667;
1963-02-03;2,5;5,4;0;31,3;26,88;24;74;2,666667;
1963-02-04;1,9;8,8;0;31,8;27,22;21,9;68;4;
1963-02-05;2,7;9;0;31,3;27,24;23;70,25;4;
1963-02-06;2,2;7,7;0;31,5;26,96;21;73,75;4;
1963-02-07;1,7;11;0;31,8;27,86;23,5;70;4;
1963-02-08;1,7;10,1;0;32;27,46;24,5;74,5;3;
1963-02-09;1,9;9,4;0;32,5;27,06;21,6;70,5;4;
1963-02-10;1,7;9,9;0;31,9;27,12;22,5;69,5;4;
1963-02-11;2;8,7;0;32,1;26,92;21,2;70,75;4;
1963-02-12;2;8,6;0;32,3;27,8;22,7;71,25;4;
1963-02-13;2,6;10,3;0;32,4;28,48;26;66,75;2,666667;
1963-02-14;2,8;9,8;0;32;27,86;24,6;66,75;4;
1963-02-15;2,6;10,2;0;30,6;26,4;21,7;71,5;2;
1963-02-16;2;6,2;4,1;29,9;26,88;23,5;72;4;
1963-02-17;1,8;,2;37,1;25,9;23,38;21,8;91,5;1,333333;
1963-02-18;,8;7,4;2,5;31;26,3;20,4;72,75;2,666667;
1963-02-19;1,4;9,1;0;31,6;26,52;20,5;72;4;
1963-02-20;1,5;9,1;,6;30,8;26,14;23,5;79,25;4;
1963-02-21;1,8;8,6;2,6;31,2;26,38;22,5;75,75;1,333333;
1963-02-22;1,8;10,4;0;30,8;26,28;22,6;74,25;2,333333;
1963-02-23;1,6;10,4;0;31,1;26,56;24;75,5;4;
1963-02-24;2,5;8,6;0;29,7;25,76;21,5;75,75;2,333333;
1963-02-25;1,9;4,9;8,6;28,2;25;22,6;85,25;0;
1963-02-26;1,4;0;39,6;26,8;24,6;22,6;86,5;0;
1963-02-27;,8;0;46,2;29,8;25,08;21,8;84,75;3,333333;
1963-02-28;1,2;1,4;6,9;27,8;24,72;21,8;84,25;2;
1963-03-01;,8;7,6;1,4;28,8;25,28;23,6;85,5;0;
1963-03-02;1,5;5,2;7,8;28;25,44;21;82,5;0;
1963-03-03;2;9,4;0;29,9;25,96;23;73,5;1,333333;
1963-03-04;1,1;7,8;0;30,2;26,34;22;79,75;2;
1963-03-05;1,2;0;2,7;28,2;25,42;22,5;81,5;0;
1963-03-06;1,4;9,2;1,1;29,9;26,34;21,8;74,5;2;
1963-03-07;2,1;,7;6,1;26;24,16;23;96;,666667;
1963-03-08;1,2;,6;48,6;29;24,36;22,4;86,75;0;
1963-03-09;9,1;4,2;25,8;28,2;24,66;22,3;87,5;1,666667;
1963-03-10;,9;7,9;26,8;29;25,34;22,3;76,75;2;
1963-03-11;2,4;,2;1,1;25,8;24,66;22,5;87,75;1,333333;
1963-03-12;,3;2,8;11,9;28,6;25,1;21,5;85;1,333333;
1963-03-13;1,1;7,8;3;29,2;25,56;21,8;84,5;2,666667;
1963-03-14;1,2;1,5;13,1;28;25,26;21,5;84,25;1,333333;
1963-03-15;,5;3;30,7;29,4;26;24;88,75;0;
1963-03-16;1,1;5,5;9,4;29,5;26,26;22,6;81,75;1,333333;
1963-03-17;,6;4,2;5,7;29;26,38;22;76,75;,666667;
1963-03-18;,9;1,6;23,2;28,8;25,72;23,5;86,75;0;
1963-03-19;,8;7,1;29,6;29,6;26,98;23,1;78,25;2,666667;
1963-03-20;1,1;2,4;6,2;29,3;24,8;22,3;86;0;
1963-03-21;,9;5,5;1,1;28,9;25,72;22,1;79,25;0;
1963-03-22;1,1;9,3;,5;29,5;25,76;20,8;79,5;0;
1963-03-23;1,2;8;0;29,2;26;21;74,75;1;
1963-03-24;1,2;,6;0;28,5;25,38;22;81,5;2;
1963-03-25;1,4;5,2;0;30,2;26,16;21,6;81;2,666667;
1963-03-26;1,2;1,8;5,2;29;26,26;23,2;82,75;2,666667;
1963-03-27;,9;0;10,2;26;24,48;23;94,25;0;
1963-03-28;,3;8,1;63,5;29,5;26,12;22,6;82,25;2,666667;
1963-03-29;1,1;1,3;34,5;27,7;24,22;21,6;91,5;1,333333;
1963-03-30;,5;7,2;1,5;29,6;26,08;22,5;77;2;
1963-03-31;1;8,2;32;30;26,12;22,5;81;,666667;
1963-04-01;1,5;0;6;28,7;26;22,6;81,25;1,333333;
1963-04-02;,6;0;14,6;27,2;25,4;23,8;90;0;
1963-04-03;,1;3,4;12,1;29,2;25,52;22;84,5;,666667;
1963-04-04;1,3;1,4;7,4;27;25,2;22;86,25;1,333333;
1963-04-05;1;6,9;0;29,5;26,02;22,5;80,25;2,666667;
1963-04-06;1,2;4,3;10;28;25,22;22,3;89;2;
1963-04-07;,4;5,8;9,8;27,1;24,64;21,7;87,25;1,666667;
1963-04-08;,9;,9;16,5;29;25,98;22,8;88,25;1,333333;
1963-04-09;,3;5,8;11,2;29;25,08;22;89,5;0;
1963-04-10;,7;8,8;3,7;29,5;25,42;22,5;85,75;0;
1963-04-11;,6;9,7;0;29,1;25,46;21,6;80,75;2,666667;
1963-04-12;1;1,8;8,4;29,8;24,94;21;86;0;
1963-04-13;,3;9,6;1,8;29,3;24,68;20,7;87;1,333333;
1963-04-14;,7;6,7;8;29;25,02;21,3;85;1,333333;
1963-04-15;,6;6,8;7,1;29,2;25,26;22,5;87,75;2;
1963-04-16;,6;8,8;,6;29,5;25,24;21;82;2,666667;
1963-04-17;,7;9,7;0;29,8;25,92;20,5;78;2;
1963-04-18;,7;6,9;1,8;30;26,34;21;78,25;2;
1963-04-19;,4;9,4;0;30;26,7;21;76,25;2,666667;
1963-04-20;,4;9,5;0;29;25,64;21,8;76;2;
1963-04-21;,6;9,5;0;29,6;25,94;22;76,75;2;
1963-04-22;,5;9,8;0;29;25,12;21,9;83,5;2,666667;
1963-04-23;1;,8;12,5;28;24,8;22;92,5;0;
1963-04-24;,8;,8;45,3;26,2;24,26;22,5;95,5;1,333333;
1963-04-25;,6;1,9;56,3;28,2;24,68;22,6;88,75;2;
1963-04-26;1,1;8,3;5,2;29,6;25,6;22,3;86;1,333333;
1963-04-27;,5;8,4;1,6;30;26,22;22;81,5;2;
1963-04-28;,6;8,6;0;28,5;25,3;21,5;83,25;2;
1963-04-29;,4;1;87,6;29;24,32;21;89,5;,666667;
1963-04-30;,8;5,3;6;29;25,18;21,6;86,5;2;
1963-05-01;,4;9;0;29;25,12;22;88,25;2;
1963-05-02;2,6;6,1;,5;28,6;24,96;20,7;86,25;,666667;
1963-05-03;,5;5,9;3,5;29;25,52;21,2;83,75;2,666667;
1963-05-04;,7;7,2;6;29,3;25,88;21,5;83,25;,666667;
1963-05-05;,5;6;5,3;29,3;26,1;23,5;86,25;,666667;
1963-05-06;,6;5,8;3;28,8;25,16;23;91;1,333333;
1963-05-07;,6;5,9;12,3;29,2;25,54;22;84,25;2,666667;
1963-05-08;,7;5,2;9,3;28,6;25,24;22,5;85;,666667;
1963-05-09;,6;5,7;2,1;28,7;25,02;21;83;1,333333;
1963-05-10;,8;2,8;13,9;28,6;25,34;22,5;83,25;,666667;
1963-05-11;,8;6,4;1;28;25,34;22,8;80,5;1,333333;
1963-05-12;,6;0;3,3;26,5;23,58;20;92,25;,666667;
1963-05-13;,8;8,9;22,7;28,5;24,72;21;79;2,666667;
1963-05-14;,9;9,2;1,8;28,5;25,76;22;72,25;2;
1963-05-15;1,1;6;0;28,5;25,1;21,3;73,5;2,666667;
1963-05-16;1,5;8,9;0;28,4;24,58;20,3;77,25;,666667;
1963-05-17;2,3;2,8;0;29;25,02;20,3;81,75;2,666667;
1963-05-18;1,4;6,9;,6;28,6;24,72;22;82,5;0;
1963-05-19;1,2;2,7;,5;29,8;25;21;83,25;1,333333;
1963-05-20;1,7;7,8;0;28,3;24,46;21;83,75;2;
1963-05-21;1,3;9;0;28,2;23,84;20;83,5;2,666667;
1963-05-22;1,2;8,5;0;28;24,8;21;84;2;
1963-05-23;2,3;8,6;3;29;26,18;22,5;74,25;2;
1963-05-24;1,8;5,2;1;28,1;24,88;21,5;79;1,333333;
1963-05-25;1,3;,1;14,4;26,6;24,3;22,1;87,5;,666667;
1963-05-26;,5;0;41;26,5;24,02;22,6;94,25;0;
1963-05-27;,7;,3;71,7;27,4;24,2;22,6;88,25;1,333333;
1963-05-28;1,2;1,9;0;27,6;23,94;21,5;80;2,666667;
1963-05-29;1,5;8,9;0;27,6;23,88;20;78,75;2,666667;
1963-05-30;1,7;8,2;0;28;24,78;20,3;82,5;1,333333;
1963-05-31;1,2;8,8;0;28;24,48;20;79,75;2,666667;
1963-06-01;1,5;3,6;2,3;26,3;24,16;21,9;88;2;
1963-06-02;,8;6;6,5;25,6;24,1;22;87,5;,666667;
1963-06-03;1,5;7,9;0;27,4;24,02;21,1;82;2;
1963-06-04;1,5;3,7;2,1;27,6;24;20,6;86,5;2,666667;
1963-06-05;1;1,8;5,3;29;24,86;21,5;87;1,333333;
1963-06-06;1,5;8,4;0;28;24,42;21,5;79,25;2;
1963-06-07;,4;0;,5;27;23,72;22;92,25;,333333;
1963-06-08;1,1;7,4;19,1;27;24,12;22;86,25;2,666667;
1963-06-09;1,2;3,3;2,5;25;23,44;22;89,25;0;
1963-06-10;,7;8,7;0;28;24,36;20,4;87;2;
1963-06-11;1,1;6;7;28;24,02;21,3;87;1,333333;
1963-06-12;1,2;9;7,2;27,6;24,32;21,1;81,5;2,666667;
1963-06-13;1,1;8,2;0;27,6;23,14;18,3;87,25;2;
1963-06-14;,6;0;0;27;23,7;20,5;89,25;2;
1963-06-15;1,3;7,8;8,4;27,5;24,08;20,3;80;1,333333;
1963-06-16;1,1;8,4;0;28;24,74;20,1;82,75;3,333333;
1963-06-17;1;6,8;0;27,4;24;20;86,75;2,666667;
1963-06-18;,8;2,9;,3;26;22,84;20;86;2,666667;
1963-06-19;,8;9,1;,6;26,8;23,8;20;88,25;2;
1963-06-20;,6;5;1,6;27,2;24,04;20;86;2,666667;
1963-06-21;,5;9,6;0;27,8;23,84;21;88,25;1,333333;
1963-06-22;,5;9,3;0;29;25,04;20;85,5;1,333333;
1963-06-23;,6;1,8;0;28,6;24,96;21,3;82,75;2,666667;
1963-06-24;1,3;7,4;0;27,5;25,36;23,5;74,75;4;
1963-06-25;1,3;0;62,5;24;22,12;20,5;95,25;0;
1963-06-26;,7;0;81;26,3;23,32;20,5;92;1,333333;
1963-06-27;,8;7,7;3,4;25,8;23,5;20,5;86,25;2;
1963-06-28;1,1;8,6;31,8;27,5;23,92;21,5;82,25;2,666667;
1963-06-29;1,5;7,1;0;26,9;23,44;20,5;88,5;2;
1963-06-30;,9;0;32,8;24,9;22,16;20,5;91,5;0;
1963-07-01;,7;8,1;11,2;26,8;23,4;20,4;83,25;2;
1963-07-02;,8;6,5;,6;27;24,02;20,3;84;,666667;
1963-07-03;,9;1,7;4,6;27,4;24,34;21,5;84,25;2;
1963-07-04;,7;,3;4,1;25,2;22,96;20;86;,666667;
1963-07-05;,4;0;67,5;26;23,3;21,5;85,5;,666667;
1963-07-06;,8;7,4;0;27,2;23,22;20,5;81,5;2;
1963-07-07;,8;7,7;0;26,5;22,72;19,5;82,25;2;
1963-07-08;,8;5,1;0;27;23,96;20;77;1,333333;
1963-07-09;,8;7,4;5,6;27;23,3;20,5;80,75;2;
1963-07-10;,8;7,7;1,9;26,3;22,26;20;89;2;
1963-07-11;1;3,3;0;26,4;22,44;19;87;1,333333;
1963-07-12;1,1;6,2;0;27,2;23,84;21;79,25;1,333333;
1963-07-13;1,1;6,2;1,4;27,2;23,12;21;81,25;1,333333;
1963-07-14;1,3;,1;4,7;24,5;21,76;20,5;90;0;
1963-07-15;,4;5,7;4,3;26,6;22,28;20;83,25;,666667;
1963-07-16;1,3;9,6;0;27;22,6;20;87,25;,8;
1963-07-17;1,1;3,7;1,5;27,2;23,86;20,5;86;2;
1963-07-18;,9;5,5;0;26,8;23,78;19,5;78;2,666667;
1963-07-19;1,4;9,6;0;27,6;22,4;17;78,75;2;
1963-07-20;1,3;4,8;0;25,2;23;20;84,25;1,333333;
1963-07-21;,9;2,4;36,7;27,6;23,48;21;80;2;
1963-07-22;1,2;,2;0;24,8;23,24;20;86,5;0;
1963-07-23;,6;7,5;10,1;27;23,96;21;80,75;2,666667;
1963-07-24;1,5;7,7;,7;27,8;24,04;20;83,25;2;
1963-07-25;1,3;5,4;4,3;27;23,44;20;83,75;1,333333;
1963-07-26;1,1;1,5;30,7;27;23,68;20;84;2,666667;
1963-07-27;,5;7,3;5,8;27,2;24;22;84,25;2;
1963-07-28;,5;2,9;2,1;27;23,32;20;88,25;2;
1963-07-29;1,8;5,4;0;26,5;23,04;19,5;85,75;2;
1963-07-30;,4;3,6;12,2;27;24,06;19,5;80,5;2;
1963-07-31;1,1;6,7;3,8;26,4;23,84;21;78,5;2,666667;
1963-08-01;1,3;7,7;,5;27,2;22,88;20;90,25;2;
1963-08-02;1,1;5,3;0;26;23,6;20;85;2;
1963-08-03;,5;2,4;5,8;27;24;21,2;84,75;2,666667;
1963-08-04;,8;5,5;0;26,8;23,24;20;85,5;2,666667;
1963-08-05;1,2;7,6;0;26,2;22,44;20;89,75;,666667;
1963-08-06;1,2;8,6;0;27,7;23,72;19,5;81,75;1,333333;
1963-08-07;1,1;1,1;12,4;27,6;23,7;20,5;85,75;,666667;
1963-08-08;,7;3,1;12,1;27;23,56;20;85,5;2,666667;
1963-08-09;1;3,4;5,2;26;23,5;20,3;79,75;4;
1963-08-10;,7;0;7,2;27,2;22,96;20,5;86;3,333333;
1963-08-11;,6;,4;15,4;25,8;23,22;20,1;89,25;0;
1963-08-12;,8;3,7;6,2;27;23,5;20,3;90,5;0;
1963-08-13;,1;5,8;1,6;27,2;23,44;20;87,75;1,333333;
1963-08-14;1,8;4,1;29,6;27,6;23,84;20,2;87;2;
1963-08-15;,9;4,2;1,8;28;23,8;20;89;2,666667;
1963-08-16;1,3;6,8;0;26,7;23,56;20;83,25;3,333333;
1963-08-17;1,6;9,8;0;26,8;23,28;20;81,25;4;
1963-08-18;1,1;7,8;0;26,4;23,34;20,1;83,25;5,333333;
1963-08-19;1,3;,2;13,6;25;22,58;20,3;93,25;1,333333;
1963-08-20;,7;4,9;43,4;27;23,6;20,1;79,75;1,333333;
1963-08-21;2;9,9;0;27,2;23,4;20;73,75;1,333333;
1963-08-22;2,1;8,8;0;27;23,1;19,5;73;3,333333;
1963-08-23;1,8;9,3;0;27,6;23,02;19,5;79,25;2,666667;
1963-08-24;,5;7,5;0;25,6;23,96;20;81,5;5,333333;
1963-08-25;,6;1,3;7,6;26,1;24,04;20,2;91,5;3;
1963-08-26;1,1;4,7;5,8;28;23,76;20;83,25;1,333333;
1963-08-27;,9;8,2;0;27,5;24,16;20,5;77,25;1,333333;
1963-08-28;1,3;8,5;0;27;23,44;19,9;84,25;2,666667;
1963-08-29;1,7;5;0;28;23,32;20;80,25;2,666667;
1963-08-30;1,1;8,6;0;27,6;23,16;17;80,75;2,666667;
1963-08-31;,7;9,8;0;26,4;23,78;20,1;82,25;3,333333;
1963-09-01;,7;7,5;0;27,4;24,62;20,3;79;4,666667;
1963-09-02;1,2;7;7;28,3;23,96;16,3;79,5;3,333333;
1963-09-03;2,5;6,4;0;27,5;23,94;21;82,5;2,666667;
1963-09-04;,8;7;6,8;27,5;24,24;20,1;79;2;
1963-09-05;2,9;8,7;0;27,4;23,9;20;83,75;1,333333;
1963-09-06;1,8;5,9;9,3;27,5;24,36;20,5;78;1,333333;
1963-09-07;1,6;8,6;1;27,3;23,78;21;77,75;,666667;
1963-09-08;1,5;8,2;1,8;27,5;23,96;20,3;77,25;,666667;
1963-09-09;1,5;3,3;8,1;27,5;23,28;20,5;79;1,333333;
1963-09-10;,9;3,2;,6;27,6;24,14;20,5;80,75;2;
1963-09-11;1,7;4,5;,6;27,7;23,86;21;80,75;2;
1963-09-12;1,4;3,6;1,1;27,4;23,56;20;83;2;
1963-09-13;,9;7;1,4;27,8;24,08;20;80,25;1,333333;
1963-09-14;,8;9,2;0;27,2;24,32;20,2;80,5;2,666667;
1963-09-15;,9;4,7;0;28;24,28;19,9;80,75;1,666667;
1963-09-16;2,1;9,3;0;28,2;23,92;20;80;2,666667;
1963-09-17;1,5;8,1;0;28,5;24;19,5;83,5;2;
1963-09-18;1,2;3,2;4,6;27,5;24,18;21;86;2,666667;
1963-09-19;1,3;9,3;10,1;28;24,56;21;88;2;
1963-09-20;1,5;8,9;5,3;28,5;25,26;21,5;73,25;2,666667;
1963-09-21;2,4;8,8;0;28,3;24,98;22;69,5;2,666667;
1963-09-22;2,1;8,3;,7;28,4;24,5;19,9;74,5;4,666667;
1963-09-23;2;9,4;0;28,4;24,04;18,7;80,75;2,666667;
1963-09-24;1,9;7,8;0;28,6;24,3;19,5;79,25;3,333333;
1963-09-25;2,4;9,7;0;28;24,54;21,2;78,5;2,666667;
1963-09-26;1,6;3,7;4,2;28,3;24,54;21;76,75;3,333333;
1963-09-27;1,2;9,9;1,6;27,8;24,4;19,8;73,5;3,333333;
1963-09-28;1,1;9,6;0;28,1;24,68;20,1;73,25;2;
1963-09-29;1,4;9,1;0;28,3;24,62;19,5;75,5;4,666667;
1963-09-30;1,7;8;0;28;24,22;16,8;81;4,666667;
1963-10-01;1,3;null;0;28,6;26,12;23;74;4;
1963-10-02;1,3;null;0;29;25,58;22;78;2;
1963-10-03;1,4;null;0;28,2;24,46;20;80,5;3,333333;
1963-10-04;2;null;0;29;23,96;20;77,25;2,666667;
1963-10-05;2,2;null;0;29;23,74;18,5;76,5;3,333333;
1963-10-06;2,3;null;0;28;24,58;21;78,75;3,333333;
1963-10-07;2,1;8,8;,3;29,2;25,16;20,1;72,75;4;
1963-10-08;2,6;9,3;0;29;25,82;22,2;79,25;2,666667;
1963-10-09;2,3;8,5;0;28,6;25,48;21,7;66,75;3,333333;
1963-10-10;2;10,2;0;29,3;25,32;21,3;76,75;3,333333;
1963-10-11;2,3;9,4;0;29,4;24,3;20;75;2;
1963-10-12;1,4;10,3;0;28,4;24,36;19,5;78,25;2,666667;
1963-10-13;1,2;8,7;0;29,5;25,4;19,5;72,75;2,666667;
1963-10-14;2;9,7;0;29;24,7;20;79,5;3,333333;
1963-10-15;1,8;2,4;11;30,2;25,58;22,5;82,5;,666667;
1963-10-16;1,2;6,4;3,1;29,4;25,26;19,6;75,75;2;
1963-10-17;1,1;9,2;0;29;25,38;22;78,25;2,666667;
1963-10-18;1,2;5,4;2,7;29;24,96;22;79,5;2,666667;
1963-10-19;,8;9,2;0;28,9;25;20;75;4,333333;
1963-10-20;1,2;9,2;0;28,4;25,2;20,1;68,5;4;
1963-10-21;1,3;5,7;0;30;25,6;20;75,25;2,666667;
1963-10-22;1;8,6;0;32;26,28;22,5;76,5;2,666667;
1963-10-23;,8;7,7;2;30;24,8;21;83;3,333333;
1963-10-24;1;9,6;0;32;25,62;21,2;76,25;3,333333;
1963-10-25;1,1;9,4;0;30,8;26,48;22;66,75;2,666667;
1963-10-26;2;10,6;0;29,6;25,9;22;65;2,666667;
1963-10-27;2,2;7,9;0;29,6;25,4;18,3;68,25;4,666667;
1963-10-28;1,7;8;0;29,9;26,52;22;71,25;4,666667;
1963-10-29;1,2;6,7;0;30,8;26,1;21,6;71,75;4,666667;
1963-10-30;1,1;6,8;0;31,1;26,84;22;69,75;2,666667;
1963-10-31;1;7,1;0;30,9;26,06;20;70,25;2,666667;
1963-11-01;,6;10,3;2;30;26,34;23;78,25;2;
1963-11-02;,3;,8;13,4;29,2;26,22;23;80;2;
1963-11-03;,5;8;0;30,5;26,28;22,8;78,5;2,666667;
1963-11-04;,4;8,5;0;32,1;26,68;23;75,75;2,666667;
1963-11-05;,6;8,9;0;31,3;26,88;22,8;77,5;3,333333;
1963-11-06;,3;7,1;0;30;26,18;22,8;76;2,666667;
1963-11-07;,6;9,1;1;31;26,32;22;77,25;3,333333;
1963-11-08;,5;9,2;0;31,2;25,62;21,8;79;2;
1963-11-09;,6;7,2;9,1;30,6;26,46;23,2;78;3,333333;
1963-11-10;,5;9,6;0;30,3;25,64;20,6;75;2,666667;
1963-11-11;,8;8,3;0;32,1;26,32;20,6;74;2,666667;
1963-11-12;1;6,7;0;32,1;26,84;20,6;76,5;2,666667;
1963-11-13;1,9;7,3;0;31;26,56;22,6;79,5;2;
1963-11-14;2,4;10,7;,3;31,4;26,88;23,3;71,75;3,333333;
1963-11-15;1,7;10,3;0;32,4;26,2;20,3;71,25;4;
1963-11-16;1,4;10,7;0;30,9;26,08;20;70;2;
1963-11-17;1,7;8,6;0;31,9;26,22;20,3;70;3,333333;
1963-11-18;2,4;8,8;0;30;25,88;19;71,25;2;
1963-11-19;2,6;7,3;10,7;32,1;26,52;22,2;78,75;2,666667;
1963-11-20;,2;2,9;4,9;30;25,24;22;87,25;2;
1963-11-21;,2;10,1;5,5;32,1;26,56;22,4;78;2;
1963-11-22;,9;10,2;0;30,2;25,98;20,4;67,5;2,666667;
1963-11-23;,7;9,2;1;31;26,3;21;75;2;
1963-11-24;,8;9,1;4,2;31,3;26,32;23;77,75;3,333333;
1963-11-25;,7;9,2;0;30;26,14;22;73,5;2,666667;
1963-11-26;,6;4,4;,8;29,6;25,88;22,3;78,75;1,333333;
1963-11-27;,5;8,5;2,5;29,7;26,48;23,2;75,5;2;
1963-11-28;1,1;6,4;0;30,5;26,54;22,3;74,5;2;
1963-11-29;,1;4,3;3,9;30,2;25,86;20;79,5;2,666667;
1963-11-30;,1;9;12,6;28,5;25,08;22,5;87,25;1,333333;
1963-12-01;,5;8,3;1;27,5;24,84;22,9;86,5;,666667;
1963-12-02;,6;5,1;13,7;30;26,22;22,2;78,5;2;
1963-12-03;,4;8,8;,1;30,2;25,54;21,2;76;2;
1963-12-04;,4;5,6;3,8;29,2;25,08;20,8;80,5;,666667;
1963-12-05;,3;8,9;,8;30;25,66;21,3;79,25;1,333333;
1963-12-06;,5;11,2;0;29,8;25,5;20,6;75,75;1,333333;
1963-12-07;,4;10,8;0;29,2;25,18;21;82;2;
1963-12-08;,8;8,1;0;30;26,26;23,8;77,75;1,333333;
1963-12-09;,8;9,2;,3;30,2;25,78;22;74,5;2;
1963-12-10;,6;9,9;0;31;26;21,8;79,75;2,666667;
1963-12-11;,8;7,1;0;31;26,06;22,9;77,75;1,333333;
1963-12-12;,4;10,2;0;31,4;25,62;21,5;83,75;1,333333;
1963-12-13;1;10,2;0;34,5;27,5;22,5;75,5;4;
1963-12-14;,7;9,7;0;31,8;26,22;22,1;73,5;2,666667;
1963-12-15;1,2;6,7;0;31,6;26,18;22,4;75,5;2;
1963-12-16;1,5;9,5;0;30;26,12;21,6;80,5;2;
1963-12-17;1;5,1;,2;32;26,2;19,6;82,75;,666667;
1963-12-18;,9;1,4;8,3;30;26,18;24;86,75;,666667;
1963-12-19;1,3;,5;7,5;32,5;26,72;22;86,75;,666667;
1963-12-20;,9;6,7;1;32,5;26,54;22,6;87,75;,666667;
1963-12-21;,6;9,9;0;28;25,6;22,2;83;2;
1963-12-22;1;5,5;0;30;26,78;23;77;1,333333;
1963-12-23;1,3;7,6;1,4;30,2;26,26;22,8;80,5;2;
1963-12-24;1,4;4,3;1,6;30,2;25,66;22,4;83,25;1,333333;
1963-12-25;,7;5,7;34,4;28;24,98;22,1;86,75;2;
1963-12-26;1,1;5;1,1;32;25,62;22,5;85,75;,666667;
1963-12-27;,9;,6;7,8;30;24,8;22;91,25;0;
1963-12-28;,5;2,7;7,3;30;25,32;22,3;84,25;0;
1963-12-29;,7;8,5;2,2;30,2;25,56;22,2;85,75;,666667;
1963-12-30;1,1;8,3;0;31,6;27,32;23,6;77;1,666667;
1963-12-31;1,1;4,1;6,4;31;25,9;23;83,25;,666667;
1964-01-01;1,2;8,4;,1;30;26,46;23,8;78;2;
1964-01-02;1;9,7;0;30,2;26,16;21,8;83,75;1,333333;
1964-01-03;,5;2,8;20,7;29,2;25,2;22,2;86,75;,666667;
1964-01-04;,5;,4;41,5;27,6;24,64;20,8;86,25;1,333333;
1964-01-05;,7;2;1,2;29;24,56;21,2;85;,666667;
1964-01-06;,7;5,6;3,6;29,8;25,4;22,2;85;1,333333;
1964-01-07;,6;4,7;0;30;26,8;23,4;80,75;2,666667;
1964-01-08;1;2,7;8,6;30;25,94;22,4;80;2;
1964-01-09;,5;5;8,4;29,6;26,18;23,2;83,5;1,333333;
1964-01-10;,6;2,2;2,5;31;26,3;23,2;86,75;,666667;
1964-01-11;,6;9;0;29;25,56;22,2;88,5;,666667;
1964-01-12;1,3;5,3;17,4;28,2;25,12;22,6;85,75;,666667;
1964-01-13;,3;0;19,1;30;27,12;24,5;84,25;1,666667;
1964-01-14;,9;10,5;5,3;29,8;26,14;22,2;86;,666667;
1964-01-15;,6;9,6;0;30,5;26,94;23,3;84,5;,666667;
1964-01-16;,9;10,2;0;29,2;25,72;22;89,25;,666667;
1964-01-17;,9;7,4;0;30;26,4;22;86,5;,666667;
1964-01-18;,6;9,9;0;30,2;26,66;22;87;0;
1964-01-19;,8;9,1;0;31,2;26,14;20,5;75,25;2,666667;
1964-01-20;,9;7;0;31;26,24;22;89;,666667;
1964-01-21;1;7,4;0;29,2;25,94;21,4;83,75;1,333333;
1964-01-22;,2;9,8;5,1;30,9;25,62;22,4;79,25;1,333333;
1964-01-23;1,4;8,7;0;30,9;26,18;21,8;82;2;
1964-01-24;,9;9,2;,6;30,4;26,44;21,6;82;1,333333;
1964-01-25;1,1;9;,2;31;26,72;22;81,75;2;
1964-01-26;1,1;5,9;5,8;31,6;26,96;23,4;73,75;2,666667;
1964-01-27;,7;9,1;,2;30,8;26,5;22,6;81,25;2,333333;
1964-01-28;1;10;,2;31,7;27,08;23,2;73;2,666667;
1964-01-29;,8;8,2;1;31,7;26,78;22,3;72,75;2;
1964-01-30;1,2;10;,3;31;27,14;21,8;78;2,666667;
1964-01-31;1;10;0;31,4;26,62;22,6;75,5;2,666667;
1964-02-01;1,3;9,7;0;31,3;27,74;25,7;75,75;1,666667;
1964-02-02;1,4;8,3;0;31;26,8;23,9;73,5;2,666667;
1964-02-03;1,2;3,7;0;31;27,2;22,9;73,25;2,666667;
1964-02-04;1;8,3;,9;31;26,3;22;73,25;0;
1964-02-05;,5;10,2;0;32,3;26,48;22,1;77,5;2,666667;
1964-02-06;,6;7,9;0;32;26,32;22,1;77,75;2;
1964-02-07;,5;4,2;29;31,8;26,08;22,6;86,5;1;
1964-02-08;,4;,5;4,6;28,6;24,94;23,4;93,25;1,333333;
1964-02-09;,3;4,5;15,6;26,8;24,2;22,6;90;0;
1964-02-10;,2;4,4;59,6;29,9;24,82;22,6;88,25;1;
1964-02-11;,5;1,6;,8;27,6;24,32;22;92,5;0;
1964-02-12;,3;,3;66,6;26,5;24,44;22,9;93,75;0;
1964-02-13;,1;8,5;25;30,6;25,66;22,4;87,25;1,333333;
1964-02-14;,7;10,2;3,8;30,5;25,26;22,2;83,25;,666667;
1964-02-15;,7;7,3;4;29,5;25,62;22,1;80,5;0;
1964-02-16;,9;7,7;,9;29,9;26,22;22,6;87,25;0;
1964-02-17;,5;9;1,8;30,8;26,2;23,4;87,25;,666667;
1964-02-18;,7;7,8;,3;30,3;25,76;22;86,75;1,666667;
1964-02-19;1,2;5,5;,5;30,4;26,76;22,8;84,75;1,333333;
1964-02-20;,6;5,5;36,5;30,6;26,24;24;88,5;1;
1964-02-21;,4;3,2;34,3;30,4;24,8;22,6;86,75;,333333;
1964-02-22;,5;,7;4,5;29,2;25,6;22,2;82,5;0;
1964-02-23;,2;7,6;1,6;30,4;26,08;23,2;87,25;0;
1964-02-24;,8;10,2;,1;30,4;26,22;22;78;2;
1964-02-25;,7;9,3;5,8;30,9;26,46;23,5;82;1;
1964-02-26;,7;7,3;0;30;26,24;22,3;79,25;,333333;
1964-02-27;,7;7,6;,2;30,1;25,16;21,9;81,5;1;
1964-02-28;,5;9,8;,3;30,1;25,92;22,5;82,5;1;
1964-02-29;,7;8,3;1,6;30,4;25,82;23;82,5;1,333333;
1964-03-01;,6;0;125,5;28;24,32;22;94;0;
1964-03-02;,1;0;24,8;26,8;24,88;22,6;93,5;0;
1964-03-03;,1;,2;97;27,9;25,02;23;89,25;0;
1964-03-04;,3;8,6;4,8;30;25,72;21,8;85,75;1,333333;
1964-03-05;,5;4,3;11,1;29,8;26,84;22,7;79,5;1;
1964-03-06;,6;5;6;30;26,52;23,2;80,25;3;
1964-03-07;null;6,3;,5;29,8;26,26;22,2;83,25;,333333;
1964-03-08;1;7;8,3;30,8;26,04;22,5;83;1;
1964-03-09;1,3;5,3;23,6;29,5;26,12;23,2;85,5;1;
1964-03-10;1,5;1,6;9,6;27,6;25;23,8;88,75;0;
1964-03-11;,4;9,1;24,7;31,6;26,46;22,8;85,25;,666667;
1964-03-12;1;2;34,5;28,5;25,06;22,8;92,25;1;
1964-03-13;,7;1,1;16,3;27,8;25,64;23;87;0;
1964-03-14;,5;9,7;16;30,6;26,24;22,5;79,25;1,333333;
1964-03-15;,9;9;0;31,2;26,76;23,3;80,5;1;
1964-03-16;1,3;7,5;0;31;26,22;22,3;83;1;
1964-03-17;1,2;10;0;29,8;26,1;21,4;78,25;2,333333;
1964-03-18;,5;9,7;0;31;26,38;21;77,75;1,666667;
1964-03-19;1,6;3,1;11;31,6;25,98;23,6;88,25;2,666667;
1964-03-20;,7;8,9;61,4;31,2;26,16;22,5;79,25;1;
1964-03-21;1;8,2;3,8;30,4;25,94;22,8;81,5;1,333333;
1964-03-22;,8;1,9;0;30,6;25,84;20,8;78,75;0;
1964-03-23;1,2;8,1;0;30,1;26,64;22;78,75;1,333333;
1964-03-24;2,3;8,2;15,5;30,6;27,2;23,9;81;1;
1964-03-25;1,3;2,1;24,1;29,5;25,82;23,2;87,75;1;
1964-03-26;1;9,8;9,4;30,4;25,82;22,1;85,75;1;
1964-03-27;2,2;7,6;,4;30,7;26,2;22,8;81,5;0;
1964-03-28;,7;3,5;15,3;30,6;24,98;20;89,75;2,666667;
1964-03-29;1,4;8,3;79,5;30,9;26,68;22,7;83,75;0;
1964-03-30;,9;8,3;2,1;30;26,62;22;80,25;2;
1964-03-31;1,8;7,1;,4;30,2;26,54;22,7;77,5;1,666667;
1964-04-01;1,4;10,2;,7;30,3;26,1;21,3;80;2,333333;
1964-04-02;1,4;5,4;0;30;26,54;22,5;82,5;1,666667;
1964-04-03;,6;6,9;10;29,9;26,48;22,7;87,25;,666667;
1964-04-04;1,2;7;,1;30,2;26,26;22,8;80,75;1,333333;
1964-04-05;,9;7,2;0;31;26,74;22,8;78,25;1,333333;
1964-04-06;1,4;,8;23,4;29;26,54;23,4;81,75;1;
1964-04-07;1,5;,8;5,1;27,9;25,16;22,5;89;2;
1964-04-08;1;4,7;43,9;29,3;26,38;24,4;84,5;1;
1964-04-09;,9;4,3;26,2;29,8;25,82;23,9;85,5;1,666667;
1964-04-10;1,1;0;6,9;29,9;26,32;23,5;85,5;1,333333;
1964-04-11;,8;3,3;,2;29,4;26,62;23,4;86,5;1,666667;
1964-04-12;,6;,3;6,1;28,1;25,32;21;87;0;
1964-04-13;,5;1,4;23,5;28,2;25,72;21,5;83,5;0;
1964-04-14;,5;4,4;10;28,1;25,92;21;80,25;0;
1964-04-15;,6;8,6;54,9;29,4;26,22;21;80,5;2;
1964-04-16;2,2;9,6;,1;30;27,3;25;75,75;2,666667;
1964-04-17;1,2;9,3;0;29;25,48;21,6;87,75;2,666667;
1964-04-18;1,3;,2;4;28;24,68;22;92,5;0;
1964-04-19;,8;3;71,5;28,3;24,62;22;91,25;0;
1964-04-20;,9;6,8;26,4;29,4;26,08;23,4;82,25;,666667;
1964-04-21;1,6;10,3;6,4;29;26,08;22,3;84;1,666667;
1964-04-22;1,9;9,3;0;30;26,48;22,3;82,5;1,666667;
1964-04-23;1,2;6,4;17,7;29,1;25,66;22;84,5;,666667;
1964-04-24;1,6;4,6;5,2;29,2;24,92;21;87,75;1;
1964-04-25;,9;,8;77,5;28,5;25,02;23;90,5;1,333333;
1964-04-26;,4;6,4;16,1;28,6;25,5;21;82,25;,666667;
1964-04-27;,8;10,3;9,1;30;27,16;23;76,75;2,333333;
1964-04-28;1,6;8,4;0;29,1;26,86;22,1;76;2;
1964-04-29;1,2;8,4;1,4;30;26,86;22,2;78,25;3,333333;
1964-04-30;1,5;6,1;5,7;29,4;25,72;23,2;83,25;1,333333;
1964-05-01;1,5;3,7;1,2;29,6;26,06;22;82,75;2;
1964-05-02;1;0;15,9;29,5;24,96;22,1;87,25;0;
1964-05-03;,3;11;7,7;27,5;25,8;21,5;84,75;0;
1964-05-04;,8;2,1;23,8;29,6;25,88;21;80,75;0;
1964-05-05;,5;9,8;7,6;28,6;25,6;21,1;85,25;1;
1964-05-06;1,1;11;0;28,6;26,1;22;82,75;,666667;
1964-05-07;1,5;5,9;1,9;29,4;25,08;22,5;84,25;,666667;
1964-05-08;1,9;10,4;0;29,1;25,36;20,1;81;1,666667;
1964-05-09;1,1;6,9;9,2;28,8;25,12;22;91,75;1,333333;
1964-05-10;1,1;9,2;0;29,6;25,86;22,6;81;2,666667;
1964-05-11;1,2;4;25,5;28,8;25,2;22,6;87,25;0;
1964-05-12;,7;8,3;40,5;29,2;25,54;23;86,75;1,333333;
1964-05-13;1,1;8,7;11;29,3;25,42;22,3;87,5;0;
1964-05-14;1;,1;23;25,3;23,28;21,9;92,75;0;
1964-05-15;,5;6,1;12,1;29;25,52;22,9;83,75;,666667;
1964-05-16;1,5;4;3,8;28,5;25,78;23,4;87;2,666667;
1964-05-17;,8;7,3;37,5;28,9;25,2;22;85,5;2,666667;
1964-05-18;1,2;4,5;,3;28;25,2;22,5;87,75;1,333333;
1964-05-19;,9;4,5;1,9;27,6;24,96;22;90,75;0;
1964-05-20;,7;9,2;10,2;29,1;25,56;21,5;80,75;1,333333;
1964-05-21;1,3;6,4;0;29,1;25,44;21,4;81;1,333333;
1964-05-22;1,1;8,2;2,9;29,2;25,34;22,5;85,25;2,666667;
1964-05-23;1,2;6,3;5;29;25,9;23,4;82,25;0;
1964-05-24;1,4;,5;17,4;28,5;25,26;23,2;87,75;1,333333;
1964-05-25;1;7,9;14,2;28,5;25,14;23;87,75;1,333333;
1964-05-26;1,2;3,7;11,2;29,6;26,1;22;82,5;2,666667;
1964-05-27;1,8;4;0;28,6;26,08;21,5;81,25;1,333333;
1964-05-28;1,2;,6;29,5;27,5;24,92;22,3;93;0;
1964-05-29;,1;3,7;40,7;28,3;25,14;21;84,75;,666667;
1964-05-30;,5;3,6;7,6;27,7;24,9;22,8;87,25;2;
1964-05-31;1;,3;3,5;28;25,28;22,8;79,75;2,666667;
1964-06-01;1,4;,5;2,7;26,6;23,8;21,8;87,5;0;
1964-06-02;1,9;7,7;0;28,5;24,46;22;86,5;1,333333;
1964-06-03;2,1;10,1;0;28;24,54;21,9;84,75;1,333333;
1964-06-04;1,7;1,3;0;28;24,4;21,2;87,5;0;
1964-06-05;,6;6,5;11,9;26,9;24,68;22,7;91,5;2;
1964-06-06;,7;4,4;39,4;27;24,24;21,3;90,75;1,333333;
1964-06-07;,7;8,3;34,8;27,1;24,3;21,3;89,5;2,666667;
1964-06-08;1,3;5;34,3;27,8;24,74;22,5;88;3,333333;
1964-06-09;1,2;,8;18,3;27;23,62;21,5;90,75;1,333333;
1964-06-10;,7;7,7;13,4;27,6;24,22;21,5;85,5;4;
1964-06-11;1,3;6,6;12,2;27;24,3;21,6;88,75;2,666667;
1964-06-12;,4;,1;23,8;25,5;23,02;21,6;92,25;1,333333;
1964-06-13;,6;0;69,6;26;23,56;20,1;91,5;1,333333;
1964-06-14;1;8,6;10,8;27;24,28;21,6;83,75;0;
1964-06-15;1;7;0;27,3;23,9;19;82,75;1,333333;
1964-06-16;,8;1,3;78,6;26,5;24,16;21,9;90,75;2,666667;
1964-06-17;,4;4,5;5,8;27;24,08;22;88,25;1,333333;
1964-06-18;,2;7,5;63,6;27;24,06;21,9;90,5;0;
1964-06-19;,9;4,3;2;27,5;24,88;20,5;87,75;2,666667;
1964-06-20;,9;9,2;12,6;28;24,48;22,2;89,5;1,333333;
1964-06-21;12;6,6;17;28,1;24,2;21,3;90,75;1,333333;
1964-06-22;1,5;8,5;31,5;26,6;23,92;21,2;93,5;2,666667;
1964-06-23;1;3,3;13,8;26;23,96;21,8;91,25;2,666667;
1964-06-24;,6;9,9;10,6;28,6;25,08;21,5;87,5;2;
1964-06-25;1,3;1,4;17,2;28,2;24,76;21,6;87,25;4;
1964-06-26;,6;3,4;21,8;26,9;23,98;20,5;89;4;
1964-06-27;,6;0;89,5;27,6;23,94;21;88,75;4;
1964-06-28;1,3;3,4;44,3;27,6;24,4;21;90,75;4;
1964-06-29;1,2;9,3;0;27,9;24,1;21;89;2;
1964-06-30;,9;9,8;0;27,8;25,04;21;85;2;
1964-07-01;1,1;6,2;0;27,2;24,36;19,8;84,5;4;
1964-07-02;1,2;,5;29,9;25;23,54;21,3;88,5;4;
1964-07-03;,7;5;0;27,8;25;21;84,75;3,333333;
1964-07-04;,5;5,4;5,8;27,6;24,8;22;88,75;2,666667;
1964-07-05;,5;,4;29,7;24,2;22,36;21,2;94,75;,666667;
1964-07-06;,5;0;59,1;25,2;22,6;21;94;,666667;
1964-07-07;,6;0;25;26,9;23,64;20,9;88,25;3,333333;
1964-07-08;,8;0;16,4;24,9;22,94;20,6;95,75;0;
1964-07-09;1,3;8,6;9,8;27,9;24,9;21,6;85,75;1,333333;
1964-07-10;1,1;3,7;13,5;27,8;24,4;20;86,25;4;
1964-07-11;1;6,7;0;26,5;23,9;20;91,75;0;
1964-07-12;1,4;8,2;10,9;26,1;23,72;19,6;88,75;1,333333;
1964-07-13;1,9;7,7;26;25,6;23,08;19,2;89;2,666667;
1964-07-14;,9;1,2;6,6;26,2;23,84;20,3;89,75;0;
1964-07-15;1,2;0;8,1;27,4;24,16;20;86,5;1,333333;
1964-07-16;,5;0;31,1;27,1;24,74;22;86,5;2;
1964-07-17;,7;6,4;26,2;24,9;23,14;21;92;0;
1964-07-18;,9;7,6;2,5;26,9;24,18;20,6;86;0;
1964-07-19;,8;6,7;0;27,3;23,98;20,6;88,75;1,333333;
1964-07-20;,8;0;13,6;27,1;24,46;21,2;81,75;0;
1964-07-21;,9;8,1;17,3;28;24,68;20;83;,666667;
1964-07-22;,7;8,4;0;27,5;24,7;21,3;83,75;1,333333;
1964-07-23;,8;4,5;3,7;27,4;24,38;20;83,75;0;
1964-07-24;,8;8,9;0;28,3;25,68;22;82,75;1,333333;
1964-07-25;,6;10,4;0;27,9;25,12;22,5;85;1,333333;
1964-07-26;,7;0;6,9;28,2;25,12;21,1;81,75;3,333333;
1964-07-27;,5;6;63,5;28,8;24,88;20;82,25;2,666667;
1964-07-28;,8;5,5;0;28;25,16;22;84;,666667;
1964-07-29;,7;9,7;0;28,3;24,88;19,9;82,25;0;
1964-07-30;,7;9,7;3,9;27,9;24,32;19,6;83;0;
1964-07-31;,8;6,4;3,6;27,5;24,04;20,1;89,5;,666667;
1964-08-01;,4;6,4;5,6;27,6;24,7;21,3;84,25;1,333333;
1964-08-02;,6;2,5;16,5;28,3;25,22;21,6;83,25;,666667;
1964-08-03;,5;6,2;56,7;27,8;24,56;21,6;84;,666667;
1964-08-04;,5;8;0;28;24,4;21;86,75;0;
1964-08-05;,8;6,3;23,8;27,6;24,08;19,8;84,5;0;
1964-08-06;,9;4,7;0;25,1;23,6;20,9;88,75;1,333333;
1964-08-07;1,8;8,9;5;27;24,74;21,5;79,25;3,333333;
1964-08-08;,8;9,1;,5;27,6;24,38;20,1;85,75;,666667;
1964-08-09;1,6;9,1;0;27,7;24,56;20,1;86,25;1,333333;
1964-08-10;1,8;,1;7,7;27;23,8;19,6;87;1,333333;
1964-08-11;1,8;7,1;15,3;27;24,12;19,6;84,75;3,333333;
1964-08-12;2,1;6,5;7,6;26,8;24,46;20,5;83,25;0;
1964-08-13;1,3;3,7;18,8;26;23,74;19,5;83,25;0;
1964-08-14;,8;1,4;13,2;25,8;23,48;20;89;1,333333;
1964-08-15;,8;9,4;16,9;27,8;25,02;21,3;79,75;,666667;
1964-08-16;1,7;4,2;,4;27;24,5;21,5;81;2;
1964-08-17;1,1;10,2;6,2;27,8;25;20,2;68;2,666667;
1964-08-18;1,8;9;0;27,6;24,62;19,7;74,5;2,666667;
1964-08-19;1,3;8,5;4;27,8;25,08;20,2;83,25;2,666667;
1964-08-20;,9;8,8;1;27,5;25,38;20,2;74,75;2;
1964-08-21;1,9;8,8;0;27,6;24,44;19,2;82,25;2;
1964-08-22;1,6;3,6;14,5;27;23,72;19,6;85,75;,666667;
1964-08-23;,7;6,6;9,4;27,3;23,96;19,5;81,25;,666667;
1964-08-24;2,4;6,7;2,6;27,6;24,78;18,9;75;2,666667;
1964-08-25;1,6;6,5;6;27,9;24,86;19,2;81,5;2,666667;
1964-08-26;1,6;4,9;3,4;26,6;24,68;20;82,5;0;
1964-08-27;1,5;5,5;28,7;26,8;23,94;19,9;89,75;0;
1964-08-28;,9;9,6;0;26,5;24,86;20;82,75;1,333333;
1964-08-29;1,4;10;0;27,1;23,96;19,5;83;,666667;
1964-08-30;1,4;11,2;0;27,7;24,66;19,8;78,75;,666667;
1964-08-31;1,5;7,3;0;27,6;24,86;20,1;82,5;1,333333;
1964-09-01;2;10,8;0;27,1;25,5;21,8;74;2;
1964-09-02;2,4;0;17;24,7;23,1;19,8;88,75;2;
1964-09-03;1,2;9;9,1;28;25,28;20,3;77,25;2;
1964-09-04;1,4;6,3;0;26,8;24,6;20,2;83;2,666667;
1964-09-05;1,9;7,5;,3;28;25,42;21,5;76,75;2,666667;
1964-09-06;1,8;6,2;6,9;26,7;24,36;20,5;82,25;1,333333;
1964-09-07;1,2;5,7;27,2;28;24,86;20,1;78,75;2;
1964-09-08;1;,9;6,9;25,3;22,78;19,8;93,25;,666667;
1964-09-09;1,5;6,8;1,9;26;23,64;19,5;86,25;,666667;
1964-09-10;1,5;4,8;0;26,5;24,8;21,1;83,5;2;
1964-09-11;1,5;8,9;0;27,2;25,22;20,5;84,25;1,333333;
1964-09-12;1,9;10,6;0;27,9;24,4;20,3;84,25;1,333333;
1964-09-13;,8;5,9;1,2;27,8;24,46;19,9;82,25;2,666667;
1964-09-14;1,9;2,4;22,5;26,5;22,94;18,5;90,5;0;
1964-09-15;1;7,8;20,2;26,8;23,62;20;88;0;
1964-09-16;1,1;2,3;11,7;27,5;23,86;20,4;81;0;
1964-09-17;2;5,2;5;27,2;23,92;19,8;83;1,333333;
1964-09-18;2;2,5;7,3;27,1;24,78;20,2;82,5;1,333333;
1964-09-19;1,8;5,9;8,2;27,3;24,48;21,3;75,5;3,333333;
1964-09-20;2,4;8,9;,8;27,3;23,78;17,8;80,5;1,333333;
1964-09-21;1,8;,6;31,8;24,5;21,74;18,2;86,5;0;
1964-09-22;1;5,1;3,8;27,5;24,22;20;86,25;0;
1964-09-23;1;8,1;16,2;27,6;24,1;19,3;78,5;0;
1964-09-24;1,5;4,5;5,1;27,5;23,7;20,8;85,75;0;
1964-09-25;1,3;10,3;2,4;27,7;24,48;20,1;89,75;0;
1964-09-26;1,1;9,9;2,7;27,7;24,94;18,5;74,25;2;
1964-09-27;1,8;9,6;,1;27,8;24,7;17,5;75;2;
1964-09-28;1,8;8,1;0;27,6;24,8;20,6;76;0;
1964-09-29;1,2;3,8;5,6;27,5;23,58;19,3;87;0;
1964-09-30;1,3;4,9;9,7;26,8;23,8;19,6;92,25;0;
1964-10-01;1,7;10,4;1,2;27,8;24,18;18,5;76,25;1,333333;
1964-10-02;1,5;10,2;1,2;27,6;25,5;19,9;72,75;0;
1964-10-03;2,1;4,3;,3;27,8;24,82;20,7;77,5;3,333333;
1964-10-04;2,1;10;0;28,4;25,58;19;77,25;2;
1964-10-05;1,6;7,1;,5;27,5;24,96;21,9;81,75;,666667;
1964-10-06;1,5;6,3;,3;27,5;24,6;19,7;79,5;2;
1964-10-07;2,1;10,5;0;27,8;25,28;21;76,5;2;
1964-10-08;2,8;9,9;0;28;25,64;20,3;72,75;2,666667;
1964-10-09;2,4;7,6;0;28,2;25,26;18,2;71;1,333333;
1964-10-10;2;9,7;0;28;25,76;19,7;68,5;2;
1964-10-11;2,4;8,5;0;28;25,7;18,5;77,25;1,333333;
1964-10-12;2,3;8,5;0;28,7;24,98;18,5;73,25;3,333333;
1964-10-13;1;9,7;0;28,6;25,66;18,2;66,25;2,666667;
1964-10-14;1,5;9,6;0;29,1;25,78;17;63,75;2;
1964-10-15;1,1;8,8;0;29,4;25,04;18,6;70;2,333333;
1964-10-16;1,4;8,8;0;29,5;25,6;19,5;69,75;3;
1964-10-17;1,7;8,7;0;28,3;26,08;19,7;66,75;2;
1964-10-18;1,3;7,2;0;28,1;25,44;19,5;70;1,666667;
1964-10-19;1,5;7,2;0;29,5;25,06;19,7;72,75;2;
1964-10-20;1,3;10,2;0;29,2;25,34;18,5;69,75;2,333333;
1964-10-21;1,6;8,2;0;29,2;25,12;18,7;74,25;2,666667;
1964-10-22;1,4;7,1;0;28,2;25,26;20,2;73,5;2,666667;
1964-10-23;1,5;8,1;0;29,8;26,78;19,6;63,75;,666667;
1964-10-24;1,2;10;0;28,8;25,22;18,6;69,75;2,666667;
1964-10-25;1,8;10,8;0;29,3;25,84;19;66,5;2,666667;
1964-10-26;1,8;10,1;0;28,5;25,06;18,7;69,75;2,333333;
1964-10-27;1,8;8,8;0;29,1;25,44;18,1;66,75;2;
1964-10-28;1,9;8,4;0;28,8;24,54;18,1;75,75;2,333333;
1964-10-29;1,8;7,3;0;29,6;25,22;19,5;68,25;2;
1964-10-30;1,7;5,2;10,2;28,9;25,34;19;73,25;3,666667;
1964-10-31;1,8;6,7;0;29,1;25,78;20,5;70,5;2,666667;
1964-11-01;1,7;9,7;0;28,8;25,4;18;66,75;2;
1964-11-02;1,3;9,8;0;28,3;24,96;16,8;69,75;3,333333;
1964-11-03;2,3;5,9;0;28,8;26,04;20,7;68,5;2,666667;
1964-11-04;1,8;9,2;0;29,1;26,5;21,7;65;1,333333;
1964-11-05;1,8;9,4;,5;29,5;26,18;19;65,75;2;
1964-11-06;1,8;10,4;0;30;25,6;18,5;65,5;2;
1964-11-07;2;10;0;30,2;23,58;17;77,5;3;
1964-11-08;1,7;10,3;0;29,8;24,28;16,7;72,5;2,333333;
1964-11-09;2,3;8;0;30,7;25,46;17,9;75,75;2,666667;
1964-11-10;1,5;8,5;,7;29,9;25,24;20;74,75;2,333333;
1964-11-11;1,7;9,5;0;30,2;24,68;18,5;76,25;3;
1964-11-12;1,8;8,6;0;29,5;25,38;19,9;70,75;1;
1964-11-13;2,6;9,7;0;30,1;25,6;18,4;69;4;
1964-11-14;2,2;9,4;0;30;25,98;20;70,25;1,666667;
1964-11-15;1,8;5,2;0;30,2;25,22;18;70;2;
1964-11-16;2,2;8,5;6,2;29,6;25,84;20,2;68,25;2,333333;
1964-11-17;1,7;10,1;7,8;29,8;25,36;19,5;74,25;2,666667;
1964-11-18;2,4;8,3;0;29,8;26,04;21,9;70;2,666667;
1964-11-19;2,2;10,6;5,2;30,2;25,62;19,8;70,75;2,666667;
1964-11-20;2,7;7,8;0;30,6;25,92;17,3;65;3;
1964-11-21;1,9;10;0;29,7;25,2;18,5;71,25;2,666667;
1964-11-22;2;7;0;28,9;24,62;18,8;80;1,333333;
1964-11-23;2,1;9,2;0;30,3;26,04;18,8;68,5;3,333333;
1964-11-24;2;9,6;0;29,9;25,16;17;73,5;1;
1964-11-25;1,5;8,5;0;30,6;25,66;17,6;67,25;3,333333;
1964-11-26;2;9,2;0;30,6;25,9;19,5;70;2,666667;
1964-11-27;2;8,3;0;30,5;25,52;20,2;70,75;2;
1964-11-28;1,5;10,6;0;30,1;25,9;19,5;67;,666667;
1964-11-29;2,8;9,8;7;29,9;25,16;19,2;73,25;2;
1964-11-30;2,7;8,4;0;29,8;25,42;18,8;69,25;2,333333;
1964-12-01;2,5;9,9;0;30,5;25,9;18,5;67,75;2;
1964-12-02;2;7;0;30,7;25,5;19;70,5;4,333333;
1964-12-03;2,1;9,7;2;29,9;25,82;20,5;69,5;3,333333;
1964-12-04;2,2;10,8;0;29,8;25,36;19,3;71;,666667;
1964-12-05;2,1;8;0;30;26,4;20,1;67,75;3,333333;
1964-12-06;1,9;7;0;30,5;26,18;20,1;70,75;2;
1964-12-07;2,5;9,7;0;30,8;26,96;22,3;68,5;3;
1964-12-08;2,5;8,4;,5;30,6;26,24;20,5;69;3;
1964-12-09;1,5;7,7;0;30,5;25,32;17,8;68,5;2;
1964-12-10;2,5;9,6;0;30,3;26;19,8;69,25;2,333333;
1964-12-11;2,5;6,4;0;30,3;26,14;18,8;68,5;3;
1964-12-12;2,9;10,3;0;30,5;26,7;22,3;66,25;3,333333;
1964-12-13;3,4;7,1;0;29,9;25,7;19,1;69,5;2;
1964-12-14;2,8;5,1;0;29,8;25,46;19,2;69,75;3,333333;
1964-12-15;2,5;9,2;0;30,3;25,62;19,3;70,25;2,666667;
1964-12-16;2,7;4,5;2,7;28,9;24,96;19,8;79,25;2,666667;
1964-12-17;1,8;5,3;1;29,8;25,62;19,5;72,25;0;
1964-12-18;1,9;8,3;1,5;30,5;25,74;18,3;67,5;2,666667;
1964-12-19;2,6;9,1;0;31,3;25,9;19,1;67;2,666667;
1964-12-20;2,7;10,1;0;31,1;25,98;18,3;67;2,333333;
1964-12-21;1,6;4,4;5;30;25,48;20,6;77;1,333333;
1964-12-22;1,8;5,7;9,1;29,5;25,32;20,7;79,75;2,666667;
1964-12-23;,7;5,2;1,3;29,4;25,64;21,1;76,5;,666667;
1964-12-24;2,8;10,2;0;30,8;25,84;18,5;72,75;2;
1964-12-25;2,5;9,3;0;30,6;25,6;18,7;73,5;2,666667;
1964-12-26;2,3;10,5;0;30,2;25,4;18,7;73;2,333333;
1964-12-27;3,2;10,2;0;31,4;26,02;18,8;69,5;4;
1964-12-28;2,7;10,1;0;31;25,82;18,2;68,25;3;
1964-12-29;2,2;10,8;0;30,8;24,96;20,3;74,25;1,666667;
1964-12-30;2,5;10,5;0;31,2;25,06;17,8;68;2,333333;
1964-12-31;2,3;10,1;0;31;25,88;20;70;1,666667;
1965-01-01;3,1;9,7;0;30,6;26;20;66;,666667;
1965-01-02;2,8;10,4;0;30,8;26,6;20,4;65,75;2,666667;
1965-01-03;2,4;8,1;0;31,1;26,54;20,6;66,25;4;
1965-01-04;2,6;9,2;0;30,7;25,72;19,2;69,5;2,666667;
1965-01-05;2,9;10,1;0;31;25,46;16,8;62,75;,666667;
1965-01-06;2,7;10;0;30,8;26,12;21,7;69;2,666667;
1965-01-07;2,3;5,1;13,3;29,8;25,7;19,8;71,25;2,666667;
1965-01-08;1,9;4,2;0;30,3;25,04;18,6;70,75;1;
1965-01-09;1,1;9,2;2,6;29,7;25,6;18;70,75;3,666667;
1965-01-10;1,2;8,8;2,2;29,5;25,58;21,9;73;2;
1965-01-11;1;8,7;26,8;29,5;24,6;21,6;75,75;5,333333;
1965-01-12;1;1,8;8,5;24,3;22,4;20,3;87;0;
1965-01-13;,7;4,2;7,8;28,4;24,48;18,6;79,25;1,666667;
1965-01-14;1,3;8,6;3;29,6;25,3;18,8;77,5;1,333333;
1965-01-15;1,9;4,9;63;28,5;24,52;19;82,75;2;
1965-01-16;1,7;,3;3;27,3;23,3;20,6;89,25;2,333333;
1965-01-17;,6;4,7;46,1;27,9;24,74;20;84,5;,666667;
1965-01-18;1,8;5,1;1,7;29,3;25,84;20,8;76,25;1,666667;
1965-01-19;1,6;3,8;0;28,8;25,6;22,1;78,75;2,666667;
1965-01-20;2,4;9,3;,1;29,5;26,4;22;74;1;
1965-01-21;2,6;5,8;0;29,2;25,58;21,3;79;2;
1965-01-22;,4;5,2;4,8;29;25,6;19,7;75,5;1,333333;
1965-01-23;2;4,3;13,2;29;24,46;20,5;86;1,333333;
1965-01-24;1,6;,4;11,9;27,9;24,06;21,3;83,75;1,333333;
1965-01-25;,5;2,4;41,5;28,2;24,2;20,6;83,5;1,333333;
1965-01-26;1,6;6;3,1;28,9;25,74;23,1;79;3,666667;
1965-01-27;2,3;7,3;3,1;29,4;25,38;19,6;76,25;1,666667;
1965-01-28;1,4;7,6;3,6;29,7;25,98;22,3;79,75;1;
1965-01-29;2,2;9,5;0;29,3;25,96;20,6;76,5;2;
1965-01-30;2,2;10,4;,6;29,7;25,48;19,2;73,25;1,666667;
1965-01-31;2,3;8,9;0;29,3;25,14;19;74;1,333333;
1965-02-01;2,3;9,3;0;29,5;25,4;19,6;73,25;1;
1965-02-02;1,9;10,2;0;29,6;25,82;21,2;76,75;,666667;
1965-02-03;1,8;10,6;0;31,5;26,22;19;76,75;2,333333;
1965-02-04;1,8;10,5;0;31,5;26,38;22;75,75;1,333333;
1965-02-05;1,8;10,4;0;32,1;26,7;20,1;76,25;3;
1965-02-06;2;10,1;0;31,6;26,42;20;73;3;
1965-02-07;1,9;10,5;0;30,9;24,08;18,6;75;1,666667;
1965-02-08;1,8;10,3;0;30,8;25,46;18,4;74;,666667;
1965-02-09;1,8;10,2;0;31,5;25,84;17,8;66,75;4;
1965-02-10;2,2;10,4;0;30,4;25,94;18,6;68,5;2,333333;
1965-02-11;1,8;10,3;0;30,4;25,5;20,8;77;2,333333;
1965-02-12;2;10,8;0;30,5;25,46;18,1;70;2,666667;
1965-02-13;1,8;9,3;1,6;30,9;26;19,2;70,25;1,666667;
1965-02-14;1,4;10,8;0;31,3;25,7;19,4;73;1,333333;
1965-02-15;1,6;9,8;0;30,7;25,82;18,3;72;2;
1965-02-16;1,9;7,5;0;29,5;25,56;19,2;76,25;1;
1965-02-17;1,3;8,8;0;31;25,32;18,5;73,25;2;
1965-02-18;1,6;10,7;0;31,4;25,4;17,9;72,5;,333333;
1965-02-19;1,6;9,7;0;31,5;26,16;18,3;75,5;2,666667;
1965-02-20;1,8;9,9;0;31,8;25,56;19,1;74,75;1;
1965-02-21;1,5;10,1;,7;30,8;26,22;19,9;73,5;2,333333;
1965-02-22;2,3;5,6;3,9;30,3;26,54;20,4;72,5;2;
1965-02-23;1,8;9,9;5,8;30,3;26,14;19,1;73,5;1,666667;
1965-02-24;2,2;6,4;0;30,8;26,38;20,1;72,75;4,333333;
1965-02-25;2;8,4;,4;31;25,94;19,8;75;2,666667;
1965-02-26;2,2;8,6;0;31,2;26,38;19,2;72,25;1,666667;
1965-02-27;2,4;1,5;0;31,6;26,58;19,9;73;3;
1965-02-28;1,8;6,1;10,8;29,4;25,52;20,3;81,25;,666667;
1965-03-01;1,1;7,1;0;29,6;25,4;20,7;85,75;,333333;
1965-03-02;1,4;9,4;2,3;30,6;26,12;20,1;75,25;3,666667;
1965-03-03;2,1;6,4;0;30,3;26,44;20,3;75,75;,666667;
1965-03-04;1;7,4;9,1;30,8;26,1;20,3;81,5;1;
1965-03-05;1,2;8,1;,5;30;26,5;21;76,75;2,666667;
1965-03-06;1,8;7,6;0;30,4;26,58;20,8;73,5;3;
1965-03-07;2,2;7,5;0;31,3;26,8;22;72,5;2,333333;
1965-03-08;1,9;10,2;0;30;26,16;19,7;71,5;1,666667;
1965-03-09;1,9;10,5;0;30,6;25,82;18,2;73,5;2,666667;
1965-03-10;1,7;9,9;0;31,3;24,72;18,6;79,75;2;
1965-03-11;1,8;9,6;0;31,4;25,7;18,4;77,75;2,333333;
1965-03-12;2,1;9,5;0;31,7;26,62;19,2;72,25;2,666667;
1965-03-13;1,8;2,4;3,3;28,5;24,22;22;89,5;1,333333;
1965-03-14;,8;8,4;8,1;29,5;23,62;18,7;82,25;,666667;
1965-03-15;1,5;10,1;0;30,9;26,28;18,4;69,5;1,666667;
1965-03-16;2,2;7,7;0;30,8;26,18;20,2;71,5;3,333333;
1965-03-17;,5;8,6;0;31;25,9;17,9;68,25;2,333333;
1965-03-18;,5;,2;7,8;27;23,64;21;89,25;1,333333;
1965-03-19;,5;4,1;17,7;29,8;25,06;19,8;80,75;,333333;
1965-03-20;,5;9,7;,2;30,1;25,3;19,1;79,25;1,666667;
1965-03-21;,5;7,4;0;30,6;25,1;19,2;84,5;,666667;
1965-03-22;,6;7,9;2,1;29,8;25,8;20,9;80;1,666667;
1965-03-23;,6;3,2;2,3;30;25,42;20;82,25;1,333333;
1965-03-24;,4;8,5;,1;30,8;25,94;20,7;77,25;3;
1965-03-25;,5;9,2;0;30,3;25,36;19,4;78,5;2,666667;
1965-03-26;,8;9,9;0;31,3;25,98;20,4;74,75;2,333333;
1965-03-27;,6;7,8;0;30,4;25,84;19,8;76,5;1,333333;
1965-03-28;,5;6,8;0;31,5;25,78;20;78,75;1,333333;
1965-03-29;,6;8,5;0;31,9;26,64;22,3;78;1,666667;
1965-03-30;,6;9,4;20;31,6;26,32;21,4;75,75;,666667;
1965-03-31;,5;8,2;,2;30,7;26,32;21,8;79,75;1;
1965-04-01;,7;8,6;0;31,4;26,24;19,8;75,75;2;
1965-04-02;,8;8,4;0;31,3;26,7;20,3;72,25;5;
1965-04-03;,5;4,4;3,5;29;24,64;20,8;82,5;1,666667;
1965-04-04;,5;7,4;44,8;29,6;24,58;20,7;83,75;,333333;
1965-04-05;,5;9,3;14,9;30,1;25,48;20,8;81,25;1,333333;
1965-04-06;,5;9,6;0;30,5;26,08;20;76,5;2;
1965-04-07;,5;7,4;0;30,5;25,42;20,1;83,5;2,333333;
1965-04-08;,4;1,2;17;26,6;23,9;20,5;91,5;,333333;
1965-04-09;,2;6,3;57,5;29,8;25,42;20,6;84,75;1;
1965-04-10;,4;5,6;28,5;30,6;25,08;20,7;83,75;1;
1965-04-11;,3;2,9;5;30,1;25,14;20,1;83;1;
1965-04-12;,5;2,8;6,5;30,5;25,6;19,8;81;2,333333;
1965-04-13;,2;7,7;54,6;28,8;25,16;20,7;85;,666667;
1965-04-14;,5;4,9;31,2;30,5;25,58;20,7;82,25;2,666667;
1965-04-15;,3;4,1;35,4;29,5;24,94;20,6;89,5;,666667;
1965-04-16;,3;7,4;,2;30,3;25,28;20;84,5;1,333333;
1965-04-17;1,2;4,3;0;30,2;25,42;20;81,5;,666667;
1965-04-18;,8;6,1;21,2;29,5;25;20,8;81,5;1,666667;
1965-04-19;,8;8,6;0;29,9;24,88;20;84,5;,666667;
1965-04-20;,9;1,6;6,1;27,6;23,9;20,5;90;1,666667;
1965-04-21;,5;5,3;1;29,2;25,1;19,8;85,25;1,333333;
1965-04-22;1;8,6;,3;29,6;25,52;19,9;80,75;1;
1965-04-23;1,2;7,1;0;30,8;25,98;20,6;78,25;1,666667;
1965-04-24;1;9,9;,5;30,1;26,24;20,8;80,5;2,333333;
1965-04-25;1,1;8,1;,1;29,8;24,86;19,8;87,5;1,333333;
1965-04-26;1;4,1;14,1;30;25,3;20,2;83;1,666667;
1965-04-27;1,2;9,4;3;29,6;25,24;19,3;81,5;2,666667;
1965-04-28;1;8,6;1,2;28,3;24,32;19,5;89;1,333333;
1965-04-29;1;6,3;0;30,8;25,32;19,3;81,25;2,333333;
1965-04-30;1;1,1;6,1;29,5;24,98;20,3;89;,666667;
1965-05-01;1;2,3;49,7;27,5;24,1;20,6;92,5;1,333333;
1965-05-02;,5;,8;13,6;28,5;24,32;20,4;86,5;2;
1965-05-03;,5;1;78,5;27,8;24,16;21;92,25;1,333333;
1965-05-04;,3;5,2;12,8;29,3;24,88;19,5;89,75;0;
1965-05-05;,9;4,1;21,1;28,8;24,4;20,6;91;1,666667;
1965-05-06;,8;6;11,5;29,3;24,88;20,4;85,5;,666667;
1965-05-07;1,5;7,9;7,1;29,4;25,42;20,8;82,25;4;
1965-05-08;1,5;2,4;,3;28;24,4;20;88,5;0;
1965-05-09;1;5,5;40,6;27,5;24,26;21;90,5;1,333333;
1965-05-10;1,5;4,9;8,1;29,6;24,78;20,7;85,75;2;
1965-05-11;1;6,1;7,4;29,8;25,44;20,3;83;3;
1965-05-12;1,3;5;0;29,5;25,26;20,1;82,75;2,666667;
1965-05-13;1,5;1;23,5;26,8;23,64;20;91,75;1,333333;
1965-05-14;,7;9,4;6,1;29,6;24,84;20,4;84,75;2,333333;
1965-05-15;1,4;10;0;27,6;23,28;17,8;89;1,333333;
1965-05-16;1,1;8,3;,3;29,6;24,98;20,2;81,25;3,666667;
1965-05-17;1,5;8,9;6;29,4;25,26;21;82,5;1,666667;
1965-05-18;1,2;9,9;,2;29,8;25,06;18,8;81,5;2,333333;
1965-05-19;1,3;9,9;0;29,3;24,34;16,9;85;2;
1965-05-20;1;9,2;,1;29,6;25,36;18,7;79,25;3,666667;
1965-05-21;1,5;7,8;0;29,5;24,58;17,8;85,75;1,333333;
1965-05-22;1,3;9,3;8,5;30;25,06;18,8;81;1;
1965-05-23;2,2;7,7;2;27,7;24,78;20,6;85,25;0;
1965-05-24;,5;4,5;12,5;25,9;23,74;20;92,5;0;
1965-05-25;1,1;7;32,2;28,4;25,6;21,6;79;1,333333;
1965-05-26;1,2;10,2;0;28,4;25,24;20,7;76;2;
1965-05-27;1,1;5,2;1,6;29,3;26,14;20,9;79,5;2,333333;
1965-05-28;,6;7,9;1,2;28,5;24,86;17,3;81;2,666667;
1965-05-29;1,8;5,5;1,4;28,9;25,6;21,4;76;2;
1965-05-30;,8;8,5;,9;29,2;25,52;21;80,75;1,333333;
1965-05-31;1,5;2,2;3,3;28,1;24,76;19,3;78;2,666667;
1965-06-01;,5;0;63,5;27,5;23,92;20,6;93;4;
1965-06-02;1;,5;24,9;28;24,4;20,2;87,5;1,333333;
1965-06-03;,4;,1;32,1;26,5;23,34;20,6;91,75;0;
1965-06-04;,8;4,5;4,1;27,9;23,96;19,5;86;0;
1965-06-05;,8;2,1;,2;28,3;24,86;19,8;84;,666667;
1965-06-06;,5;3;2;28,2;24,76;20,8;87;0;
1965-06-07;,5;8,8;14,7;28,6;25,1;21,9;80,75;2;
1965-06-08;1,7;7,3;0;28,5;25,02;21,2;84,75;2,333333;
1965-06-09;1,1;6,1;10,3;28,2;24,62;20,3;80,25;2;
1965-06-10;1,7;8;,5;28,8;25,18;18,6;78;3,333333;
1965-06-11;1;,1;13,2;26,5;23,9;20;94,75;2;
1965-06-12;,2;,6;176,4;23;22,22;21,6;94,5;2;
1965-06-13;,3;,2;16,6;26,8;23,46;19,5;92;,666667;
1965-06-14;,3;,2;10;27;23,32;19;89,25;,666667;
1965-06-15;,3;7,1;10,3;28;23,92;19,4;91,5;,666667;
1965-06-16;,8;6;,7;28,5;23,9;18,2;83,25;,666667;
1965-06-17;,9;,8;21,3;25,2;22,48;18,6;91;3;
1965-06-18;,5;9,7;25,9;28,2;24,6;19;77,75;3,333333;
1965-06-19;1;5,7;0;28,4;23,74;17,1;81;,666667;
1965-06-20;1;8,7;0;28,5;23,98;17,6;84,75;1,333333;
1965-06-21;1;4;2,3;27,7;23,94;19;87;4;
1965-06-22;1;7,8;22,7;28,6;24,16;18,2;77,25;1,666667;
1965-06-23;1,2;7,9;15,6;28;24,06;18,5;79,75;2,333333;
1965-06-24;1,6;3,7;9,6;28,2;23,94;19,5;80,75;,666667;
1965-06-25;,4;0;65;26,6;23;18,6;93,25;1;
1965-06-26;1,1;6,4;6,2;26,5;23,6;19,5;85,5;0;
1965-06-27;1;0;2;28;24,94;21,2;84,75;0;
1965-06-28;,8;,8;3,2;26;23,22;21,3;92,75;,666667;
1965-06-29;,4;0;16,4;26,8;23,1;20,5;91,75;1;
1965-06-30;,6;7,6;86;27,8;24,48;19,2;81;1,333333;
1965-07-01;1,3;,2;0;27,8;23,96;18,8;85,5;2;
1965-07-02;,7;0;10,5;26,5;23,36;19,5;90;1,333333;
1965-07-03;,4;0;17,7;26,6;22,3;18,7;95,25;1,666667;
1965-07-04;,2;8;12,7;27,7;23,4;18,5;83;0;
1965-07-05;,7;7,6;11,7;28,3;23,92;19,3;86,75;1;
1965-07-06;,7;6,8;4,4;29;24,32;18,7;81,5;1;
1965-07-07;,8;1;13,5;26,5;23,18;18,8;90,25;,666667;
1965-07-08;,4;7,6;8,5;28,7;24,48;17,8;82,75;1;
1965-07-09;,6;8,7;3,7;28;24,22;19,3;86,5;0;
1965-07-10;,9;6,6;,6;28;23,8;18;88,5;1,333333;
1965-07-11;1;9;2;28,3;23,58;17;87,75;1,333333;
1965-07-12;1;5,9;,3;27,5;23,62;17,2;86,25;,666667;
1965-07-13;1,5;6,8;13,3;27,8;23,98;19,8;80,75;2,666667;
1965-07-14;1,5;7,1;14,7;28,6;24,4;19;79,25;2,666667;
1965-07-15;1,6;3,9;3,4;27,9;24,18;19,2;82;2,666667;
1965-07-16;1,6;7,2;6,4;28,3;24,26;19,2;84,5;3,666667;
1965-07-17;1,3;7,5;8;29;24,34;19,5;76;2,666667;
1965-07-18;2,5;6,1;0;27,5;23,76;19,8;79;1,666667;
1965-07-19;1,7;6,9;3;28,5;23,44;17,7;81,25;2;
1965-07-20;1,5;10,1;2;28,3;22,8;16,5;81,75;2;
1965-07-21;2;8,3;0;28,8;23,48;16;72;2,666667;
1965-07-22;1,7;9,2;0;27,5;23,4;17,3;80,75;,666667;
1965-07-23;1,3;10;0;27;23,72;17,2;75,5;1;
1965-07-24;2;10,3;0;28,8;24,1;16,5;78;2,333333;
1965-07-25;1,5;9,9;0;27,7;23,98;16,6;67,5;4,666667;
1965-07-26;3;9,5;0;28,9;24,02;18;74,25;3,333333;
1965-07-27;2,6;9;0;28,8;24,4;17,9;68,5;2;
1965-07-28;2,6;9,8;5,6;28;23,98;16,5;80,75;2;
1965-07-29;2,6;8,4;5,6;28,8;24,38;17,7;74,75;1;
1965-07-30;1,2;8,5;2,8;28;24,28;18,6;78;3;
1965-07-31;3;8,9;2;28,9;24,62;16,8;67,5;3;
1965-08-01;1,8;7,8;0;27,9;23,56;16,9;83,75;2;
1965-08-02;2;9,9;0;28,7;23,5;15,4;76;2,333333;
1965-08-03;2,4;6,5;0;28,6;24,2;16,4;72,75;3;
1965-08-04;1,3;9,2;0;28,3;23,74;15,8;80,75;2;
1965-08-05;1,7;8,4;0;27,7;23,06;15,6;82,75;1,333333;
1965-08-06;2;2,9;0;26,3;22,68;16,3;83,5;,666667;
1965-08-07;,8;7,9;27,7;27,7;23,1;17;80,5;2,666667;
1965-08-08;1,7;7,6;0;27,4;22,92;17,4;78,25;2,666667;
1965-08-09;2,7;8,5;0;27,8;23,62;17,7;75,75;3,333333;
1965-08-10;2,4;2,1;2;26,8;22,28;17,6;87,25;,333333;
1965-08-11;1;6,5;24,1;27,3;23,64;18;81,75;2;
1965-08-12;1,4;2,9;5,2;27;21,88;16,8;84;1;
1965-08-13;1,6;9,4;,5;27,5;23;15,3;73,5;,666667;
1965-08-14;1,9;,7;0;26,5;22,86;18,4;81,5;1,666667;
1965-08-15;,5;5,6;31,8;25,8;21,1;16,6;88,75;,666667;
1965-08-16;1,4;8,9;0;27,5;23,34;15,8;73,75;1,666667;
1965-08-17;1,6;7;1,8;27,9;23,5;16,8;79,75;3,333333;
1965-08-18;1,7;8;0;28,3;24,02;18,8;80;2,666667;
1965-08-19;2,1;4,5;0;27,1;23,4;16,5;77,5;2;
1965-08-20;2;9,6;0;27,7;23,2;15,9;79,5;2;
1965-08-21;1,9;6,2;0;28,1;23,84;17,6;79,5;2,666667;
1965-08-22;1,9;,7;5;26,8;23,08;18,8;87,25;1,333333;
1965-08-23;1,2;3,9;3,1;27;23,34;18,1;81;1,666667;
1965-08-24;1,8;4,7;3,5;27,5;22,86;17;72,75;,666667;
1965-08-25;1,2;4,8;24;26,6;22,1;16,6;86,75;1,333333;
1965-08-26;1,3;4,5;5,1;27,7;22,98;17,2;83,25;1,333333;
1965-08-27;1,3;2,3;11,3;27,7;23,18;18,6;86,5;,333333;
1965-08-28;1,5;6,7;5,6;27,6;23,4;18,5;83,25;3,333333;
1965-08-29;1,9;7,9;4,3;27,8;23,04;18;84,75;,666667;
1965-08-30;1,8;8,6;1;27,9;23,16;17,7;80;1,333333;
1965-08-31;1,8;8,7;6,7;27,8;23,48;17;80,75;1,333333;
1965-09-01;2;9,8;0;27,1;23,06;16;71,5;2,666667;
1965-09-02;2,8;10,7;0;28,7;22,98;15;76,5;2;
1965-09-03;2,7;9,1;0;27,9;23,36;15,1;65,75;2,666667;
1965-09-04;2,6;8,1;0;28,2;24,02;16,8;73,5;1,033333;
1965-09-05;1,7;6,4;0;27,8;23,62;17,3;77;1,333333;
1965-09-06;1,7;4,5;0;28,2;23,84;18,4;80,75;2;
1965-09-07;1,8;5,8;,8;27,3;23,52;20,3;87,75;,666667;
1965-09-08;1,8;7,2;7,8;28;24,08;20,4;83,75;2,666667;
1965-09-09;2;8,5;,5;28;24,2;19;79,75;2;
1965-09-10;2;9,6;1;28,7;23,88;17,3;76;2;
1965-09-11;1,8;1,6;0;28,2;23,86;16,7;73;3,333333;
1965-09-12;1,8;2,2;,7;27,4;23,54;18,5;84,25;2,333333;
1965-09-13;1,4;5,4;11,7;25,8;22,84;19,2;86,5;,666667;
1965-09-14;1,9;1,1;10,3;26,4;23,18;19,9;82,5;2,333333;
1965-09-15;1,4;2,9;25,6;27,9;23,92;19,5;81;2,333333;
1965-09-16;2,7;10,7;,2;27,9;23,28;18,6;81,5;2;
1965-09-17;1;10;,3;28,7;24,14;17,8;76,25;1,666667;
1965-09-18;2,5;4,2;0;28,2;23,88;17,5;77;2,666667;
1965-09-19;1,5;4,5;2,7;27,2;22,8;16,6;83,75;1,333333;
1965-09-20;1;6,5;4,8;28,3;24,38;18,8;80;3;
1965-09-21;1,5;9,4;0;28,5;24,32;18,3;79,5;3,666667;
1965-09-22;2;8,6;0;28,6;24,28;18,2;77,5;3;
1965-09-23;1,8;5,4;1,6;28,5;24,08;18,5;82;,666667;
1965-09-24;1,7;6,3;,9;27,9;23,76;18,5;82,75;2,333333;
1965-09-25;2,3;,6;6;26,9;23,78;19,6;81;,666667;
1965-09-26;1,7;7,3;10;27,1;23,84;19,3;81;2;
1965-09-27;1,7;9,1;1,5;28,1;24,24;19;82,25;3;
1965-09-28;1,5;9,4;0;28,5;24,24;18,6;82,5;2,666667;
1965-09-29;1,7;9,6;0;28;24,5;18,6;77;3,333333;
1965-09-30;1,8;8,4;0;28,9;24,7;17,9;74,25;3;
1965-10-01;1,4;9,1;0;28,8;23,98;16;82,75;3;
1965-10-02;1,6;6,9;0;29;24,96;20;76,5;1,333333;
1965-10-03;1,7;7;0;29,4;24,58;17,2;76,75;2;
1965-10-04;2,3;8,8;0;30;25,34;19,2;73;3;
1965-10-05;2;1,3;26,4;26;22,36;20;91,25;,666667;
1965-10-06;1;5,4;0;28,3;24,1;19,1;84,25;2,333333;
1965-10-07;1,2;1,2;0;27,7;23,82;19;81,75;1,333333;
1965-10-08;1;5,1;0;28,2;24,3;18,5;80,75;1,666667;
1965-10-09;1,8;3,8;0;28,5;24,68;19,8;78,75;1,333333;
1965-10-10;2;5,9;0;29;24,38;18,1;79,5;3;
1965-10-11;2;10;0;28,8;24,46;17,6;79,5;3;
1965-10-12;1,8;8,9;0;29,3;24,62;17,7;75,25;3,666667;
1965-10-13;1,8;10,1;,7;28,2;24,4;18,3;79,5;2,333333;
1965-10-14;2,7;8;0;29,5;24,92;18,6;79,25;3,333333;
1965-10-15;2;9,8;2,7;27,9;23,6;17,7;85,75;2;
1965-10-16;1,5;9,4;0;30;25,54;18,4;76,5;3;
1965-10-17;2,3;8;0;29;24,66;18,4;79;2,666667;
1965-10-18;2,2;10,7;2,1;29,6;25,88;21,9;74;2;
1965-10-19;2,2;4,9;15,3;28,9;25,16;20,1;76,25;4;
1965-10-20;1,6;9,7;0;29,3;25,32;21,4;76;4;
1965-10-21;1,2;8,1;3,2;28,7;25,8;23,2;75,75;2;
1965-10-22;,6;7,5;1,8;29,6;25,62;21,6;76,25;2;
1965-10-23;,6;9,9;0;28,3;24,94;21;78,5;3,333333;
1965-10-24;,6;6,6;10,5;28,8;24,88;19,5;79,25;2,666667;
1965-10-25;1,2;10,1;0;29,6;25,18;18,4;73,5;3,333333;
1965-10-26;2,5;6,3;1;30,6;24,82;18,5;77;3,333333;
1965-10-27;2,1;6;0;30,3;25,4;20,2;74,5;2,333333;
1965-10-28;2,7;7,5;9,3;29,2;25,34;21;78;4;
1965-10-29;2,6;10,1;0;29,9;25,82;22;75,75;2,666667;
1965-10-30;2,3;9,3;11,5;29,9;25,76;21,2;73,5;3,666667;
1965-10-31;2,3;9,6;0;29,8;25,04;18,5;77;2,333333;
1965-11-01;2,3;9,5;0;29,5;25,48;21,2;74,5;3;
1965-11-02;3;9;3,9;29;25,34;22,6;80,75;1,666667;
1965-11-03;2,3;7,7;3,8;29;25,5;22,7;79,75;1,666667;
1965-11-04;2,2;6,4;10,4;28,6;25,04;22;79,5;3,333333;
1965-11-05;2,5;7,7;1,8;28,8;25,56;23;78,5;3;
1965-11-06;2,5;6,1;,4;29,6;25,98;23;75,75;4,333333;
1965-11-07;3;7,6;,5;29,5;25,1;22,2;82,5;1,666667;
1965-11-08;2,9;6,6;0;29;25,36;22;77,5;4;
1965-11-09;2,9;8,5;,5;30;26,14;22,2;76;4;
1965-11-10;2,7;9,3;0;29,8;26;21,5;70,25;2,666667;
1965-11-11;2,3;10,2;0;29,6;25,54;20;65,5;3,333333;
1965-11-12;2,8;9,2;0;29,5;25,82;20,1;69,25;3;
1965-11-13;2,2;8,2;0;28,9;25,06;19,3;72;3,333333;
1965-11-14;3,2;8,2;0;29,9;26,2;22,9;69;3,666667;
1965-11-15;3,3;5,8;,7;30,3;26,28;22,8;72,25;4;
1965-11-16;3;10,1;0;29,8;26,06;22,8;72,5;3,333333;
1965-11-17;3,1;10,3;0;30,5;26,16;20,8;69,25;3,333333;
1965-11-18;3;10,7;0;30,2;26,04;21,5;68,25;3;
1965-11-19;2,5;9,6;0;30,6;26,22;21,1;73,25;4;
1965-11-20;2,1;6,7;0;30,7;26,4;20,9;70;3,333333;
1965-11-21;3;10;0;29,8;25,94;21,3;70,5;3,333333;
1965-11-22;2,2;10,5;0;30,8;26,68;21,6;68,75;5;
1965-11-23;2,2;9,6;0;30,8;26,6;21,9;67,75;3,333333;
1965-11-24;2,5;10,8;0;30,6;26,2;20,9;68,25;3;
1965-11-25;2,1;8,1;1,6;30,8;26,4;21;70;3,333333;
1965-11-26;2,4;9,6;0;30,4;26,52;21,5;72;2,333333;
1965-11-27;2,6;7,7;1,9;29,3;25,96;23,6;78,25;2,333333;
1965-11-28;2;4,2;0;26,8;24,38;21,5;81;,666667;
1965-11-29;1;10,1;15;29,5;25,64;22;78;3;
1965-11-30;2,1;10,1;,8;29,8;25,72;21,3;75,25;2,333333;
1965-12-01;2,4;10,4;0;29,7;25,64;21,5;76,25;3;
1965-12-02;2,5;9,9;0;29,9;25,5;20,4;76,25;3,333333;
1965-12-03;2,6;10,5;0;29,7;25,3;19,8;69,25;2,666667;
1965-12-04;2;10,9;0;29,9;25,4;20,3;68,5;4;
1965-12-05;3,4;8,8;0;30;26,16;21,3;68;3;
1965-12-06;3,5;5,6;0;30,8;26,66;21,3;67,75;3,666667;
1965-12-07;3;1,4;0;28,9;25,98;23,8;71,5;,666667;
1965-12-08;2;5,4;0;29,5;25,82;22,8;69,75;3,333333;
1965-12-09;2;3,9;1,3;29,1;25,8;22,2;74,5;3;
1965-12-10;2;9,3;0;29,6;26,14;22,8;74;4;
1965-12-11;2,5;9,3;,6;29,8;26,42;23,2;74;3,333333;
1965-12-12;2,5;11,3;0;30,1;26,44;22,8;72,5;2,333333;
1965-12-13;2;10;0;30,4;26,9;23,6;71;3,333333;
1965-12-14;2;9,8;0;29,9;25,92;22,3;71,75;3;
1965-12-15;2;8;0;29,8;26,66;22,6;70,75;2,333333;
1965-12-16;2,3;11,5;,2;29,9;27,14;24,3;68;1,333333;
1965-12-17;2,6;10,1;0;30,2;26,3;22,6;73;2,666667;
1965-12-18;1,9;10,4;0;29,6;26,32;23,5;78;2,666667;
1965-12-19;2,9;9,2;0;29,8;26,54;23,5;76,75;1,666667;
1965-12-20;2,8;10,8;5,4;29,9;25,94;21,6;73,75;2;
1965-12-21;2;9,4;3,1;30,5;26,64;22,8;71,25;2,666667;
1965-12-22;2,1;8,1;0;30,7;26,72;23,4;69,5;2,666667;
1965-12-23;2,5;11;0;30;26,18;23;75,5;3,333333;
1965-12-24;1,7;7,7;2;28,8;25,56;23,6;85;2;
1965-12-25;2,8;4,8;0;30,8;26,74;23;71,25;2,666667;
1965-12-26;1,5;0;4,5;26,6;24,34;22,1;82,25;1,333333;
1965-12-27;2,2;,6;25,8;28,8;24,9;22,9;86,75;,666667;
1965-12-28;1,1;6,5;2,2;29;25,7;23;84,75;2;
1965-12-29;1,8;6,1;0;28,8;25,92;23,9;84;3;
1965-12-30;1,4;,8;2,4;28,2;25,12;23;86,5;1,333333;
1965-12-31;1,5;3,3;1,8;27,9;24,9;23;88,5;2,666667;
1966-01-01;,5;10,4;3,1;29,9;26,64;23,2;73;3;
1966-01-02;1;7,7;0;29,6;26,14;23,3;74;3;
1966-01-03;1;9,5;0;31;27,14;22,4;71;3,333333;
1966-01-04;,6;9,4;0;30,3;25,58;20,8;75;1,333333;
1966-01-05;,7;10,4;0;30,8;26,06;21,1;75,75;2;
1966-01-06;,6;9,7;0;30,9;26,12;19,6;70,75;,666667;
1966-01-07;,7;9;0;31;25,8;18,9;74;2;
1966-01-08;,5;10,5;0;31,2;26,48;20,1;72;2,666667;
1966-01-09;,6;7,1;0;31,3;27,08;22,1;71,75;2,666667;
1966-01-10;,5;10,6;0;29,9;25,74;20,4;80,75;0;
1966-01-11;,7;10,4;0;30;26,08;21,2;76;4;
1966-01-12;,6;10,5;0;30;26,94;25,1;73,75;2,666667;
1966-01-13;,8;10,1;0;30;25,74;21,2;78,5;2;
1966-01-14;,7;10,4;0;30,3;26,66;23,4;74,25;2,666667;
1966-01-15;,6;10,4;0;30,1;25,72;20,8;75,25;3,333333;
1966-01-16;,7;10;0;30,9;25,9;20,9;76;2,666667;
1966-01-17;,5;8,2;0;30;25,58;21,3;78,75;0;
1966-01-18;,8;5,5;0;30,8;26,86;24;69,5;1,333333;
1966-01-19;,9;,9;2,5;30,6;27,26;25;72;2,666667;
1966-01-20;,6;2,6;2,2;30,9;26,7;22,6;72,25;2,666667;
1966-01-21;,6;2,7;3,7;30,3;26,34;22,5;72,25;1,333333;
1966-01-22;1;,8;16,3;27,6;25,04;20,6;86,75;1,333333;
1966-01-23;1;2;21,7;29,3;25,34;20,3;84,5;0;
1966-01-24;1;0;14,1;27;25,32;23,1;92,5;1,333333;
1966-01-25;,7;5,6;13,3;29,6;26,38;21,8;80,25;,666667;
1966-01-26;1,6;7,3;0;29,3;26,42;22,5;78,25;,666667;
1966-01-27;1,5;4,6;0;30,9;26,72;22,6;75;1,333333;
1966-01-28;1,2;7,6;2,8;29,3;25,34;22,6;85,75;1,333333;
1966-01-29;1,3;7,5;0;30,9;26,88;23,1;75;1,333333;
1966-01-30;1,3;1,7;1,6;28,7;25,6;23,1;87,25;1,333333;
1966-01-31;1,8;7,7;105,6;26,8;24,52;21,6;88,75;0;
1966-02-01;,4;0;12,7;29,3;26,24;23,6;81,25;2,666667;
1966-02-02;1,4;0;13,2;28;25,2;23,2;86,25;2;
1966-02-03;,8;2,4;6,1;28;25,52;22,6;84,75;4;
1966-02-04;,7;2,1;9,7;28;24,98;21,7;91;0;
1966-02-05;,5;1,4;20,8;29,3;25,2;21,7;84;0;
1966-02-06;,8;8,3;5,3;27,7;25,32;22,3;85,75;1,333333;
1966-02-07;1,6;2,2;0;29,6;25,56;22,1;83,75;1,333333;
1966-02-08;1;0;17,2;28;24,96;22,6;93,25;0;
1966-02-09;,6;1;56,8;28,2;24,92;22;89,25;0;
1966-02-10;,4;,9;14,5;28,1;25,04;21,9;91,25;0;
1966-02-11;,2;0;53,5;28,6;25,7;22,9;87;1,333333;
1966-02-12;1,3;8,2;6,9;28,9;25,22;21,4;84;3,333333;
1966-02-13;1,5;9,4;0;30;25,56;21;78,75;2,666667;
1966-02-14;1,5;9,4;0;29,4;25,88;22,1;82,5;1,333333;
1966-02-15;1,3;2;33,6;28,3;24,78;22,8;87,75;1,333333;
1966-02-16;,5;1,9;9,6;27,8;24,94;22,5;89,5;0;
1966-02-17;,5;4,8;34,4;28;25,16;22,6;88,75;0;
1966-02-18;1;9,5;8,6;29,8;25,8;20,5;76,75;,666667;
1966-02-19;1;10,2;0;29,3;25,92;23;77,25;0;
1966-02-20;1,2;9,8;0;30;26,44;22,5;74,25;2,666667;
1966-02-21;1,3;10,5;0;29,9;26,62;23,1;72;3,333333;
1966-02-22;1,1;8,8;0;30,3;26,62;22,6;73;3,333333;
1966-02-23;1,2;8,9;0;30,3;25,92;20,6;78;0;
1966-02-24;1,9;9,3;0;30,3;27,04;25;75,25;2,666667;
1966-02-25;2,3;10,4;0;30,4;26,38;21,2;70,25;1,333333;
1966-02-26;2,1;10,3;0;30,6;26,34;22;74;2,666667;
1966-02-27;1,4;4,8;0;29,9;26,44;22,1;74,5;2;
1966-02-28;1,7;4,3;0;28,1;25,44;22,6;87,25;1,333333;
1966-03-01;,9;7,4;56,8;30,1;25,94;21,4;77,5;1,333333;
1966-03-02;1,2;3,8;0;29,8;26,06;22,6;80,25;2,666667;
1966-03-03;,8;5,5;0;29,6;26,04;22,5;77,75;0;
1966-03-04;1;3,8;13,2;28,4;24,82;22,3;86;1,333333;
1966-03-05;1;0;17,5;27,7;25,68;21,9;86;1,333333;
1966-03-06;1,3;1,7;8,6;29,9;26,06;21,6;77,5;0;
1966-03-07;,9;7,5;0;29,9;26,56;23;77;2;
1966-03-08;2;7,3;0;29,9;26,54;24,6;77,5;3,333333;
1966-03-09;1,6;6,4;2;29,9;25,94;21,5;75,75;1,333333;
1966-03-10;1,2;10,1;0;29,6;25,8;22,1;78;1,333333;
1966-03-11;1,1;9,4;0;29,9;25,88;21,6;79,5;1,333333;
1966-03-12;1,4;10,3;6;29,8;26,08;22,5;81;3,333333;
1966-03-13;1,4;9,1;0;29,6;25,86;23,1;82;1,333333;
1966-03-14;1,4;5,9;6,3;27,8;24,44;20,8;87,25;,666667;
1966-03-15;,9;,3;93,8;29;24,6;21;89,75;0;
1966-03-16;1,2;,1;92,9;25,9;23,88;22,1;92,25;0;
1966-03-17;,8;7,4;54,1;27,1;24,88;22,1;85,5;0;
1966-03-18;2,4;6,2;0;29,1;25,68;22,1;81,5;3,333333;
1966-03-19;2;8,1;0;29,6;25,78;21,6;82,75;3,333333;
1966-03-20;1,5;9,1;0;29,9;25,84;21,6;75,75;3,333333;
1966-03-21;1,8;9;5,6;28,9;25,56;22,6;82,25;0;
1966-03-22;1,4;5,4;9,7;29,9;25,68;21,8;81;2,666667;
1966-03-23;1,5;8,1;0;29,9;25,88;23;79,25;0;
1966-03-24;1,9;8,7;2,4;29,9;25,74;22,3;77,75;2,666667;
1966-03-25;1,8;9;0;29,9;26,4;23,8;73,5;2,666667;
1966-03-26;1,9;9,7;0;30,3;26,64;23,6;75,5;2,666667;
1966-03-27;1,8;9,7;0;30,8;26,68;22,8;74,5;4;
1966-03-28;1,9;9,4;0;29,9;25,88;20,9;73,75;2;
1966-03-29;2,7;8,9;0;29,3;25,84;20,9;76;1,333333;
1966-03-30;2,7;9,5;0;30,5;26,34;21,1;76;1,666667;
1966-03-31;2,2;10,6;0;30,5;26,06;21,3;72,5;2,666667;
1966-04-01;2,3;10,2;0;32,1;26,36;20,3;73,25;2;
1966-04-02;2,2;9;0;31,6;26,68;22,7;75,5;0;
1966-04-03;2,2;8,2;0;31,6;26,7;22,7;77,75;0;
1966-04-04;1,9;9,6;0;31,7;26,76;22,6;76;0;
1966-04-05;2;7,5;0;31,8;26,62;22,4;76,5;null;
1966-04-06;2;7,8;0;30,1;25,92;21,7;78;null;
1966-04-07;1,7;10,6;0;31,6;26,52;20,9;72,5;null;
1966-04-08;1,8;null;0;31,8;26,36;21,8;73,25;null;
1966-04-09;1,8;9,1;0;33,3;26,88;21,2;73,75;null;
1966-04-10;1,9;5,9;0;33;27,12;24,3;76;null;
1966-04-11;2,3;7,7;1,8;32,1;26,56;23;80;null;
1966-04-12;1;3,7;0;31;26,92;24,2;86;null;
1966-04-13;,2;,8;21,4;30,6;26,12;22,8;80;null;
1966-04-14;,8;9,4;0;30,5;26,32;22,4;78,5;null;
1966-04-15;1;3,5;2,6;30,6;26,16;22,5;78,25;null;
1966-04-16;,5;9,4;1,8;28,9;25,72;21,8;81;null;
1966-04-17;1,5;7,9;20,8;30;25,78;21,5;76,5;null;
1966-04-18;1,6;10,4;1,7;29,8;25,8;21,2;81,75;null;
1966-04-19;1,4;9;1,2;27,8;null;22,8;null;0;
1966-04-20;1,5;8,3;0;30,3;26,46;22;77,25;,333333;
1966-04-21;1,5;7,9;0;30,2;26,3;23,9;76,5;,666667;
1966-04-22;1,5;null;0;27,9;null;22,7;null;1,666667;
1966-04-23;null;null;0;null;null;null;null;null;
1966-04-24;null;null;null;null;null;null;null;null;
1966-04-25;null;null;null;null;null;null;null;null;
1966-04-26;null;8,8;null;null;null;null;null;null;
1966-04-27;null;8,8;null;null;null;null;null;null;
1966-04-28;null;8,8;null;null;null;null;null;null;
1966-04-29;null;null;null;null;null;null;null;null;
1966-04-30;null;null;0;26,3;null;23;null;1,333333;
1966-05-01;5,7;8,2;19,8;29,1;25,42;23;84,5;3,333333;
1966-05-02;2,8;9,6;0;29,3;25,74;22,7;79;3,666667;
1966-05-03;1,5;7,4;3,4;29,1;25,7;22,5;81;3,333333;
1966-05-04;2;8,6;6,2;29,2;25,7;23,1;77,75;0;
1966-05-05;1,8;1,5;3,8;28,1;25,02;23,3;90,5;0;
1966-05-06;1,2;7,8;9,9;29,4;26,22;23;78;1;
1966-05-07;,9;7,9;0;29,2;25,84;23,6;81,25;2;
1966-05-08;1;6,7;0;29,1;25,58;22,4;82,75;1,333333;
1966-05-09;1,6;10,5;1,9;29,8;26,06;22,8;76,5;1,333333;
1966-05-10;1,5;6,8;0;29,9;26,12;22,6;73,25;,666667;
1966-05-11;1,2;10,1;0;29,9;25,9;22,3;77,5;1,333333;
1966-05-12;1,3;7;0;29,4;25,66;21,4;80,5;1;
1966-05-13;1,3;7;0;29,3;25,7;22,9;79,75;2;
1966-05-14;1;8,7;5,4;29,3;26,18;23,2;74,75;2,333333;
1966-05-15;1,2;10;0;29,9;25,62;20,3;75;2,666667;
1966-05-16;1,5;10,6;0;29,5;25,94;23,7;74,75;,666667;
1966-05-17;1,7;10,5;0;29,7;25,92;22,3;77,25;1,333333;
1966-05-18;1,3;7,8;0;29,3;25,74;22,5;80,75;2,333333;
1966-05-19;,9;7,1;0;28,8;25,28;22,3;83;1;
1966-05-20;1,2;9;1,8;29,3;25,66;22,6;77,5;1,333333;
1966-05-21;1,1;10,4;0;29,4;25,6;22;76,5;1,333333;
1966-05-22;1,4;5,7;0;29;25,52;20,4;83,25;2,666667;
1966-05-23;1;10;4;29,1;26,1;23,5;82,25;,666667;
1966-05-24;1,4;9,4;0;30;25,86;21,6;79,25;1,333333;
1966-05-25;1,2;9,6;0;29,9;25,88;21,8;78,25;0;
1966-05-26;1,3;3,3;0;29,6;26,02;22,6;77,25;2;
1966-05-27;1,3;2,5;10,5;27,6;24,32;23;90;,666667;
1966-05-28;,7;0;115,6;23;21,82;21,3;98,25;1,333333;
1966-05-29;,2;1,5;208,5;27;23,22;21,4;93,25;,666667;
1966-05-30;,5;,8;41,5;25,7;23,34;21,4;94;0;
1966-05-31;,6;,8;64,5;26,9;23,9;21;87;1,333333;
1966-06-01;,7;3,4;12,1;28,6;25,26;22,5;88;0;
1966-06-02;1;5,3;,4;26,8;24,24;22;87;,666667;
1966-06-03;1;10,1;1,4;29,3;25,8;22,8;80,25;2,666667;
1966-06-04;1,8;10;0;29,3;25,7;23;76,5;1,333333;
1966-06-05;1,1;9,4;0;29,8;25,82;20,8;73,75;2,666667;
1966-06-06;1,6;1,2;0;28,6;25,58;22,9;79,75;3,333333;
1966-06-07;2;4,1;0;28,8;25,48;22,7;75;2,333333;
1966-06-08;2;10;0;29,6;26,04;23;76;2;
1966-06-09;1,8;8,9;0;29,2;25,52;22,1;74,75;1,333333;
1966-06-10;1,9;3,7;1,2;26,5;23,9;21,4;90,5;0;
1966-06-11;,4;0;42,2;25,8;23,36;20,4;95,25;0;
1966-06-12;,3;9,8;65,2;25,9;23,54;21;90,25;,666667;
1966-06-13;1;7,1;2,7;26,3;23,98;21,8;89,5;1,333333;
1966-06-14;,6;5,2;2,1;28,3;25;21,6;86,25;0;
1966-06-15;,7;null;11;25;23,02;21,1;95;,666667;
1966-06-16;,5;null;26,2;24,9;22,94;21,8;95,25;0;
1966-06-17;,5;null;26,7;27,3;24,44;22,7;90,75;,666667;
1966-06-18;1,6;null;19,4;28,8;24,9;22,5;81;3,333333;
1966-06-19;2;null;4,8;27,2;24,36;22,3;85,75;,666667;
1966-06-20;2;null;11,6;27;24,02;21,3;85,25;,666667;
1966-06-21;2,1;null;24,8;27,9;24,7;22,4;79,75;2,333333;
1966-06-22;1,8;null;12,7;27,9;24,94;21,4;83,25;2,666667;
1966-06-23;5;null;1,8;28,1;24,8;22,2;83,75;2,666667;
1966-06-24;2;null;6,2;28,3;25,26;22,6;77,5;2;
1966-06-25;1,3;null;11;26,6;23,82;22,4;86,5;2,3;
1966-06-26;,8;null;9,8;25,8;23,24;21,5;90,25;,333333;
1966-06-27;1,3;null;10,1;27,9;24,84;22,1;85,75;2,666667;
1966-06-28;2,4;null;,8;28,2;25,2;23;79;3,333333;
1966-06-29;1,8;null;3,3;27,5;24,26;21,9;85,5;2,333333;
1966-06-30;,7;null;5;27,9;24,78;21,2;83,25;1,333333;
1966-07-01;1,2;1,1;0;26,8;24;22;88,25;3,333333;
1966-07-02;1,4;1,1;17,9;26;24,68;22,6;93;3,333333;
1966-07-03;,7;1,1;22,3;26,2;23,9;22,3;89,25;,666667;
1966-07-04;1,2;1,1;9,9;26,3;23,9;21,6;90;1,333333;
1966-07-05;1,4;1,1;22,9;26,8;23,98;21,9;83,75;1;
1966-07-06;1,6;1,1;,1;27,3;24,3;19,5;79,25;2;
1966-07-07;1,5;1,1;2;27,9;23,5;20,3;84,5;2;
1966-07-08;,6;1,1;22;26;23,08;20,8;93,5;,666667;
1966-07-09;,9;1,1;31,8;27,8;24,38;22,2;87,25;,666667;
1966-07-10;,7;1,1;55,3;26,2;23,98;22,4;88,75;3,333333;
1966-07-11;1,6;1,1;8,7;26,8;24,12;21,9;83,25;5;
1966-07-12;1,4;1,1;37,2;27;24,1;22;88;6;
1966-07-13;1,2;1,1;49,4;27,2;24,7;22;86,75;3,333333;
1966-07-14;2;1,1;8,9;26,5;24,64;23,4;93,75;3,333333;
1966-07-15;,4;1,1;69,3;27,2;24,72;21,7;85,5;,666667;
1966-07-16;,9;1,1;17,9;26,2;24,42;21,8;87,75;,666667;
1966-07-17;,7;1,1;14,6;27,1;24,68;23,2;88;3,666667;
1966-07-18;1,6;1,1;13,2;24,5;22,62;21,5;93,75;4,333333;
1966-07-19;,7;1,1;23,4;27,7;23,62;21,3;81,5;4;
1966-07-20;1,3;1,1;,5;27,4;23,46;20;88,75;2,666667;
1966-07-21;1;1,1;94,7;26,8;22,96;20,8;89;3,333333;
1966-07-22;1,3;1,1;30,8;27,9;25,1;21,7;72,75;6;
1966-07-23;3,3;1,1;,5;27,8;24,5;22,3;79,25;4,666667;
1966-07-24;2;1,1;0;26,6;23,66;21,7;84,5;3,333333;
1966-07-25;1,3;1,1;7,6;27,6;23,82;21,4;83;3,333333;
1966-07-26;1,2;1,1;3,5;26,6;23,2;21,7;87,75;3,333333;
1966-07-27;1,5;1,1;7,5;27,4;24,44;21,9;82,5;6;
1966-07-28;2,5;1,1;3,8;27,4;24,06;22,5;87,25;3,333333;
1966-07-29;2;1,1;9,4;27,6;24,78;22,3;78,25;2,666667;
1966-07-30;1,2;1,1;30,3;26,4;24,04;21,3;90,75;,333333;
1966-07-31;1,1;1,1;36,1;27,4;24,6;22,6;86,25;2,666667;
1966-08-01;1,7;null;8;28;24,9;22,8;79;2,666667;
1966-08-02;2;null;,1;27,9;23,98;21,7;79;4,666667;
1966-08-03;2;null;0;28;23,42;18,8;76,5;5;
1966-08-04;2;null;0;28;23,12;19,5;77,75;5,333333;
1966-08-05;2;null;0;27,8;23,26;19;70,5;3;
1966-08-06;1,8;null;0;27,5;22,72;17,3;71,5;6;
1966-08-07;2;null;0;27,3;22,88;17,6;80,5;3;
1966-08-08;,5;null;2,8;27,4;23,3;21;80;4;
1966-08-09;1,5;null;3,5;27,4;23,96;20,3;79,25;5;
1966-08-10;1,5;null;,4;26,3;23,5;21,7;93;4,333333;
1966-08-11;,5;null;58,1;26,2;23,88;21,7;86,75;2,666667;
1966-08-12;1,4;null;5,1;27,6;24,04;20,4;79,25;3,333333;
1966-08-13;1,4;null;0;27,6;24,2;20,8;84;4,666667;
1966-08-14;1,4;null;0;28,6;24,6;19,9;77;4;
1966-08-15;2,8;null;2,5;27,6;24,7;21;79,25;4,333333;
1966-08-16;1,5;null;,5;27,7;24,3;21,9;85;2,666667;
1966-08-17;2,3;null;2,6;28,3;25,34;23,5;70,25;8;
1966-08-18;2,7;null;3,4;27,2;23,5;21,4;71,25;5,666667;
1966-08-19;2,5;1,1;0;27,1;23,1;20,1;78,75;4;
1966-08-20;,6;null;5,1;27,6;23,98;18,9;76,25;5;
1966-08-21;,6;null;0;27;22,56;16,9;78;2;
1966-08-22;3,8;null;1;27,5;23,64;20;71,5;2,333333;
1966-08-23;1,8;null;0;26,9;23,22;18,7;83,25;3;
1966-08-24;1,7;null;1,2;28,4;23,68;21;82,5;2;
1966-08-25;2;null;8,9;27,6;24,24;21,4;84;3;
1966-08-26;2,5;null;0;27,6;24,34;21;77,5;4,666667;
1966-08-27;1,8;null;0;27,8;24,68;20,2;76,25;5;
1966-08-28;1,8;null;0;27,5;24,02;20,4;80;5;
1966-08-29;2;null;0;27,2;24,52;20,9;69;2,666667;
1966-08-30;1,9;null;0;27,7;23,88;18,8;70,25;4;
1966-08-31;1,5;null;8,6;26,2;22,46;19;88,75;1,333333;
1966-09-01;,5;null;22,7;27,9;24,72;21,9;86;3,333333;
1966-09-02;1,5;null;13;27,3;24,26;22,1;81;3;
1966-09-03;1,4;null;,3;27,3;22,64;19,3;85;3,333333;
1966-09-04;1,4;null;11,6;27,4;23,82;20,6;82,5;3;
1966-09-05;1,4;null;0;28,4;23,66;19,6;82,5;2,666667;
1966-09-06;1;null;58,1;28;23,64;21,3;92,25;2,666667;
1966-09-07;,5;null;24,7;28,4;24,22;20,4;80,5;6;
1966-09-08;2;null;,6;27,8;23,7;21,3;76;3;
1966-09-09;2;null;7,5;26,9;24,08;20,4;84,25;1;
1966-09-10;,7;null;20,9;27,2;23,36;20,3;87,25;3,333333;
1966-09-11;1,9;null;1,5;27,9;24,84;21,8;79,75;3,666667;
1966-09-12;1,9;null;11,8;27,5;24,56;21,8;74,5;6,333333;
1966-09-13;2;null;5,2;27,4;23,58;20,4;79,25;4;
1966-09-14;2;null;0;28,2;24,88;19,2;74,5;5,666667;
1966-09-15;2;null;0;28;24,18;20,7;83,5;2,666667;
1966-09-16;1;null;26,6;28,5;25,1;20,1;78,5;4,333333;
1966-09-17;1,8;null;0;27,8;24,3;19,6;80,25;1,333333;
1966-09-18;1,4;null;0;27,9;24,28;19,8;78;1,333333;
1966-09-19;1,8;null;0;27,8;23,66;19,6;79,25;2;
1966-09-20;1,6;null;14;26,5;23,06;21,2;90;4;
1966-09-21;1,4;null;6;27,4;23,36;19,9;80;3;
1966-09-22;1,7;null;0;28;23,68;18,7;76,75;1,666667;
1966-09-23;1,8;null;0;28,2;24,8;19,2;75,25;3,333333;
1966-09-24;2;null;0;27,9;24,76;20,8;82;2;
1966-09-25;1,9;null;2,1;28,1;24,64;20,1;82,25;2,333333;
1966-09-26;1,6;null;22;27,8;25,08;21,9;78;3,333333;
1966-09-27;2;null;7,1;28,6;25,4;21,4;66,25;1,666667;
1966-09-28;1,5;null;0;27,6;24,42;18,6;75,75;2,666667;
1966-09-29;2;null;0;28,2;25,34;21,6;77,5;4;
1966-09-30;2;null;0;27,9;25,16;22,2;79;5;
1966-10-01;2,5;null;0;28,6;25,26;22,3;79,75;3,333333;
1966-10-02;1,7;null;0;28,2;25,4;21,8;78,25;3,333333;
1966-10-03;1,8;null;0;28,7;24,62;20;80,5;2;
1966-10-04;1,5;null;0;28,2;25;22,5;81,25;,666667;
1966-10-05;2;null;0;28,5;23,7;20,6;80,75;2;
1966-10-06;1,5;null;0;28,1;24,64;19,4;77,5;3,666667;
1966-10-07;2;null;0;28,6;25,3;19,4;73,75;2,666667;
1966-10-08;1,5;null;0;28,6;24,58;20;81;,666667;
1966-10-09;2;null;0;28,3;25,02;20,8;75,5;3;
1966-10-10;2,5;null;0;29,1;24,92;19,9;82;2;
1966-10-11;2,8;null;0;29;25,22;19,9;75,75;3,333333;
1966-10-12;2,9;null;0;28,2;25,28;21,3;79,75;2,666667;
1966-10-13;2,5;null;0;28,9;25,4;21;74,5;2,333333;
1966-10-14;3;null;0;28,9;25,38;20,7;71,25;2,666667;
1966-10-15;2;null;0;28,9;25,66;20,5;68,5;3;
1966-10-16;2;null;0;29,6;24,94;20,6;88;3,333333;
1966-10-17;2,5;null;0;28,8;26,32;25;75,75;3,333333;
1966-10-18;2,5;null;0;29,2;25,74;21,6;70,75;3,333333;
1966-10-19;2,5;null;0;29,6;25,68;20,1;75,75;3,666667;
1966-10-20;2;null;0;29,9;25,92;20;69;1,666667;
1966-10-21;2,2;null;0;28,9;25,56;20,7;71,5;3,333333;
1966-10-22;3,3;null;0;28,7;25,3;20,5;68,5;3,666667;
1966-10-23;3;null;0;29,2;25,98;21,7;69,25;3;
1966-10-24;2,5;null;0;29,6;25,72;21,9;76,25;2,333333;
1966-10-25;2,5;null;0;29,3;26,1;20,3;68,5;3,333333;
1966-10-26;2,6;null;0;29,3;26,02;22,3;71,25;4;
1966-10-27;2,9;null;0;29;25,8;20,5;68,75;3,333333;
1966-10-28;3,5;null;0;28,9;25,82;22,4;73,75;3;
1966-10-29;3,5;null;0;29,4;26,1;24;71;3,333333;
1966-10-30;2;null;0;28,8;25,84;21,9;76,75;1,666667;
1966-10-31;2;null;0;28,9;25,5;21,7;74,5;3,333333;
1966-11-01;3,3;null;,7;28,8;25,12;22,1;82;2,666667;
1966-11-02;3,2;null;0;28,8;25,34;21,4;65,25;3,666667;
1966-11-03;3;null;0;29,6;25,7;20;69,75;4;
1966-11-04;3;5,1;1,7;29,8;26,32;22,9;75,25;2,333333;
1966-11-05;2;9,9;11,7;29,2;26,66;23,5;73,25;3;
1966-11-06;2,5;7,3;1,1;28,1;25,82;23,1;78,5;3,666667;
1966-11-07;2,5;8,4;0;29,2;25,82;23,2;71,25;4,333333;
1966-11-08;2,3;8,6;,5;28,9;25,72;20,9;75,25;3;
1966-11-09;2,2;6,1;2,6;29,1;26,06;22,7;78;3,333333;
1966-11-10;2,5;4,9;0;30;26,1;22,6;73,75;2,333333;
1966-11-11;2;null;0;30,8;25,92;21;72,5;2,666667;
1966-11-12;2,5;0;18,1;27,6;25,12;21,5;82,5;2,333333;
1966-11-13;2;10,9;0;28,7;25,64;22,6;78;4;
1966-11-14;,5;9,1;,3;30,6;26,46;21,9;70,5;4;
1966-11-15;2;8;2,1;29,4;26,06;22,5;71,75;4,666667;
1966-11-16;4,5;7,1;5,1;29,2;26,14;23,8;72,25;2,666667;
1966-11-17;2,5;10,8;,9;29;25,96;22,8;74,25;4,666667;
1966-11-18;2;9,3;1,5;31,4;26,58;21,9;73,25;4,333333;
1966-11-19;2,6;null;,5;30,4;26,46;21;72;1;
1966-11-20;2,5;10,7;2,9;28,9;26,26;23,2;79,25;3,666667;
1966-11-21;2,4;8,2;1,6;31,5;26,16;21,2;78,75;2,333333;
1966-11-22;1;10,7;,2;29,8;26,46;23,6;71,5;4;
1966-11-23;2,5;10,9;1,7;31;26,64;23,1;66,25;2;
1966-11-24;2;null;0;29,1;null;20,5;null;2;
1966-11-25;1,6;null;37,8;27,8;null;22,7;null;1,333333;
1966-11-26;2,5;null;0;28,9;null;22,3;null;2,333333;
1966-11-27;,9;6,9;,4;30,3;26,04;22,5;78,75;3;
1966-11-28;2;5,8;,4;28,6;24,92;22,3;85,5;2,666667;
1966-11-29;1;9,1;14;29,6;26,2;22,3;77;2;
1966-11-30;2;10,8;,5;28,4;null;21,9;null;3,333333;
1966-12-01;2,5;6,9;0;29;26,2;22,8;75,5;3,666667;
1966-12-02;3;10,5;0;29,8;26,26;21,8;75,5;3,333333;
1966-12-03;3,4;null;2,4;29,9;26,96;24,6;76,5;3,333333;
1966-12-04;2,8;11,4;0;30,4;26,54;22,8;77,75;3,666667;
1966-12-05;1,3;9,6;4,5;29,5;26,78;24,2;77,75;3,333333;
1966-12-06;2,5;10;0;29,6;26,66;23,4;75;3,666667;
1966-12-07;3;10,5;,9;29,4;26,7;24,2;70;3,666667;
1966-12-08;2;10,3;,2;29,6;25,86;21,6;71,25;4,333333;
1966-12-09;3;7,6;0;30,3;26,18;20,7;71,75;2;
1966-12-10;3;11,3;0;29,9;25,8;20,6;76,25;1,666667;
1966-12-11;2,5;10,4;,3;31,5;26,64;21,3;76,5;4;
1966-12-12;2;10,4;0;30,4;26,52;21,5;70,5;2,333333;
1966-12-13;3,5;10,9;0;30,6;25,48;21,3;79;3;
1966-12-14;2,3;7,4;1,2;30,3;26,28;21,5;72,75;2;
1966-12-15;2,5;6,6;,4;29,6;24,84;20,7;83,25;2,333333;
1966-12-16;,5;10,7;0;31,5;25,84;20,8;82;2;
1966-12-17;2,3;8,3;,1;31;27,14;21,9;75,5;2,666667;
1966-12-18;2,5;9,2;0;30,5;27,02;22;87;2,333333;
1966-12-19;2,9;6,6;,4;29,4;26,4;21,9;76;4;
1966-12-20;2,5;3,5;3,2;30,3;26,54;23,2;81,75;1;
1966-12-21;1;7,9;23,8;29;26,14;22,5;77;2;
1966-12-22;2,5;11,1;,1;29,9;26,3;22,5;72,5;2,333333;
1966-12-23;2,5;10;0;29,7;26,12;21,8;68,25;2,666667;
1966-12-24;2,5;10,6;0;28,7;25,88;20,7;75,75;3;
1966-12-25;2,5;9,4;0;29,4;26,88;22,7;76;4,333333;
1966-12-26;2,5;8,9;0;30,7;27,2;24,2;77,75;3,333333;
1966-12-27;2,5;11,9;0;30,5;27,38;23,5;74;3,333333;
1966-12-28;2,5;null;0;29,8;26,9;24,1;79,5;2,666667;
1966-12-29;2,5;,4;1,5;30,3;26,6;22;74;3,666667;
1966-12-30;2,5;null;0;31;27,02;23,8;70,25;4;
1966-12-31;3,6;null;0;30,7;26,68;21,2;66,5;3,333333;
1967-01-01;2,5;11,4;0;30,5;26,08;21,2;74,25;3;
1967-01-02;3,4;10;0;31,4;26,78;21,6;71,5;4;
1967-01-03;3,4;11,7;3,2;30,8;26,44;21,5;68,75;5;
1967-01-04;2;7,4;0;31,4;26,52;20,5;69;3,666667;
1967-01-05;1,7;11,2;0;31,2;26,6;22;69;2,333333;
1967-01-06;3,3;10,5;0;30,5;26,58;21,7;69,5;2,666667;
1967-01-07;3,7;9,7;0;31;26,98;21,5;66,75;2,333333;
1967-01-08;3,7;11,2;0;31,4;27,48;25;73,75;3;
1967-01-09;4,1;null;0;30,8;26,54;21,8;71,25;4,666667;
1967-01-10;2,7;10,6;,1;31,5;27;22;75;3;
1967-01-11;3,7;10;0;29,7;27,72;25,9;66,75;2,666667;
1967-01-12;3,6;10,7;0;30,6;26,98;21,4;67,75;3;
1967-01-13;6;3,5;0;30,7;26,96;22,6;82,75;3;
1967-01-14;4,2;8,1;5,8;30,7;26,46;22,8;78;2,666667;
1967-01-15;4,3;9,9;0;31;27,3;22,4;72,25;2;
1967-01-16;1,7;10,2;0;31,6;27,48;22,8;74,75;3,333333;
1967-01-17;2;10,4;0;31,7;26,86;21,8;73,75;2;
1967-01-18;3;10,7;0;31,6;27,42;22;69,25;2,333333;
1967-01-19;3,3;8,1;,2;30,8;27,26;22,4;65,25;2;
1967-01-20;3,8;9,8;0;31,4;27,12;21,9;65,75;4,333333;
1967-01-21;2,7;10,5;0;31,6;27,02;22,8;74,75;3,333333;
1967-01-22;3,6;11,2;0;31,4;27,02;20,5;67;3,333333;
1967-01-23;3,8;11;0;30,8;27,2;21;66,75;2;
1967-01-24;3,3;8,7;0;31;27,36;22,5;72,75;3;
1967-01-25;3,3;9,1;1,5;31,5;27,6;24;72,5;6;
1967-01-26;3;10;,5;31,4;26,86;22;67,5;3,333333;
1967-01-27;3;10,9;0;31,4;26,68;20,2;67,5;2,333333;
1967-01-28;3,5;10,2;0;31,6;27,48;22,3;70,25;3,666667;
1967-01-29;3,4;10,3;0;31,6;27,52;21,9;78;3;
1967-01-30;4,1;9,6;0;31,3;27,9;24,5;67;2,666667;
1967-01-31;3,5;11;0;31,8;27,52;22,2;67,25;3;
1967-02-01;3,7;7,7;3,6;31,8;27,84;23,7;70,25;2,333333;
1967-02-02;3;1,6;22,5;28,9;25,56;22,5;77,75;2;
1967-02-03;1,5;11,1;1;30,3;26,26;22;68,75;2,333333;
1967-02-04;2,7;7,9;,1;31;27,14;22,6;74,25;2,666667;
1967-02-05;3;11,1;0;30,8;27,12;23,3;74;3,666667;
1967-02-06;3,3;10,4;0;31,3;26,76;22,2;75;4;
1967-02-07;3;2,9;0;31,8;27,54;22,8;73,25;3;
1967-02-08;1,5;7,6;7,1;31,6;27,4;22,3;71,5;3;
1967-02-09;2;6,7;0;31,4;27,18;22,3;77,25;4;
1967-02-10;1,9;3;0;30,7;27,56;23,4;71,75;2,666667;
1967-02-11;2;3,3;1,9;30,3;26,12;23,7;78,5;3;
1967-02-12;2,6;2,3;0;29,9;26,06;21,9;74,75;3;
1967-02-13;2;9,3;0;31,7;27,14;21,8;65,5;4;
1967-02-14;3;9,6;0;31,4;27,62;21,3;68,75;2,666667;
1967-02-15;2,5;10,7;0;31,5;28,42;22,6;65,5;2,666667;
1967-02-16;2,6;7,8;6,8;31,3;28,06;24,7;71,5;1;
1967-02-17;2,4;9,1;24,4;31,5;27,36;23,8;79,5;1;
1967-02-18;2,5;8,9;12;31,9;28,46;23,8;69,5;4;
1967-02-19;3;10,4;0;30,8;27,44;22,9;72;3,666667;
1967-02-20;4;10,7;0;30,3;28,08;25,6;70,25;3,666667;
1967-02-21;4,1;7,9;0;30,4;28,22;26,6;71,25;5;
1967-02-22;3;7,6;0;30,4;27,32;22,8;73,25;4,666667;
1967-02-23;2,6;7,3;0;31;27,02;22,6;75,25;3;
1967-02-24;1,9;9;0;30,2;27,44;22,5;69,5;3,333333;
1967-02-25;2,7;6,5;5;30,1;27,38;23,3;72,75;2,333333;
1967-02-26;2,5;9,3;3;29,6;27,5;23,3;74,25;2;
1967-02-27;2;8;7,4;29,5;27,24;23,4;77,25;3,333333;
1967-02-28;1,8;6,7;1,6;29,9;27,02;23,1;73,75;4,666667;
1967-03-01;2;6,3;4,8;30,2;26,68;21,9;76,25;3;
1967-03-02;2,1;9,3;2,5;30,6;27,26;21,8;72;4,333333;
1967-03-03;2,9;6,2;0;30,3;27,12;22;75;3,333333;
1967-03-04;2,2;9,3;4,5;29,1;24,76;23;81,75;3,666667;
1967-03-05;2,4;,4;4,5;31,2;26,7;20,9;73,25;6;
1967-03-06;1,6;10,6;0;30,8;26,76;21,5;75,75;2;
1967-03-07;2,3;7,9;0;31,9;27,22;21,8;70;3;
1967-03-08;3;5,4;,7;31,3;26,18;21,9;80,5;2;
1967-03-09;3;6,1;,3;29,9;26,96;22,2;75,25;2;
1967-03-10;1,3;2,5;20;29,2;24,78;22,4;90;1;
1967-03-11;,8;5,7;0;29,3;26,3;22;83,25;1;
1967-03-12;1,9;2,7;3,5;27,9;24,92;22,5;88,75;3,666667;
1967-03-13;,5;0;38,7;26,9;24,54;22,7;92,5;,666667;
1967-03-14;,3;1,5;65,2;27,6;24,58;23;92,75;2;
1967-03-15;,7;2,1;53,3;27,8;25,64;22,5;88,75;3;
1967-03-16;,7;4,3;17;30;25,92;23,3;89,5;1;
1967-03-17;1,3;4,3;4,2;30,2;26,96;23,8;79,5;3,666667;
1967-03-18;1,5;6,3;2;30,4;26,68;23,3;81,25;1,666667;
1967-03-19;2,2;9,8;0;29,7;26,88;22,6;79,25;3,333333;
1967-03-20;1,4;9,2;3,2;29,9;27,02;23,3;74;2,333333;
1967-03-21;2,2;4;1,1;30,3;26,38;24,3;77,25;2,666667;
1967-03-22;1,8;9,8;0;30,6;26,78;22,5;76,75;4;
1967-03-23;2,1;10,7;3,3;30,1;27,04;23,4;78;3;
1967-03-24;2,2;,6;0;30,6;26,64;23,1;79;2,333333;
1967-03-25;1,6;7,2;10,2;29,9;26,32;23,5;80,75;2,333333;
1967-03-26;1,3;0;71,7;26,4;23,66;22,6;95,75;0;
1967-03-27;,4;7,5;6,2;30,2;25,82;22,4;85,5;1,333333;
1967-03-28;1,2;9,7;0;30,4;26,1;21,9;81,5;1,333333;
1967-03-29;1,8;5,9;,5;30,3;26,24;23,3;81,25;1,333333;
1967-03-30;1,2;0;11,7;27,9;25,52;23,4;83,25;,666667;
1967-03-31;1,1;1,8;10,6;28;24,22;22,8;91,25;1;
1967-04-01;1,2;0;34,2;27,9;25,06;23,1;91;,333333;
1967-04-02;,5;2,3;,7;29,6;25,18;22,6;89;2,666667;
1967-04-03;,5;2,5;3,9;30,4;25,62;22,4;88,25;1,666667;
1967-04-04;1,1;5,8;60,2;28,2;24,92;22,5;85,25;3,333333;
1967-04-05;1,1;6,2;67,5;30,7;25,64;23;85;1;
1967-04-06;,6;3;44,5;25,8;23,46;22;91,25;1;
1967-04-07;1,2;10,7;12,6;30,2;25,78;21,5;86,25;1,666667;
1967-04-08;1;10,6;2,9;28,8;26,16;23;82,75;2;
1967-04-09;1,5;8;1,8;29,6;26,34;23;82;,666667;
1967-04-10;1,6;9,9;1,3;28,9;26,46;22,4;78,25;1,666667;
1967-04-11;2,1;6,3;2,1;29,4;26;23;85,5;2,333333;
1967-04-12;1,1;9,3;28,1;29,2;26,38;22,6;81;4;
1967-04-13;1,5;1;1;29,7;26,56;23,8;80,75;2;
1967-04-14;1,3;7,9;4,2;29,1;26,42;23,1;82,25;3,333333;
1967-04-15;1,8;9,3;2,6;29,5;25,86;22,6;79,5;2;
1967-04-16;1,4;8,7;0;28,9;26,44;21,9;79,5;2,666667;
1967-04-17;1,8;3,8;42,8;26,9;24,74;23,3;95,5;1,666667;
1967-04-18;,3;7,2;58,8;27,7;24,8;21,9;90,25;3,333333;
1967-04-19;1,1;5,5;71,4;29;25,3;23,5;90,75;2,333333;
1967-04-20;,8;10,4;0;28,9;26,28;22,6;83,75;3,333333;
1967-04-21;1,6;8,2;,3;29,6;25,78;22,5;83;1,333333;
1967-04-22;1,3;10;2;29,6;25,28;20,9;84,5;3,333333;
1967-04-23;1,6;8,7;0;30;26,02;22,7;83,25;3,333333;
1967-04-24;1,7;3,6;0;30;25,42;22,3;88;3;
1967-04-25;,8;5,5;,3;29,7;24,82;22,3;84,5;2;
1967-04-26;1,5;9,8;0;28,9;25,6;21,8;86,75;3,666667;
1967-04-27;1,4;6,9;35,3;29,8;26,18;23,8;82,25;3,666667;
1967-04-28;1,8;5,2;1,4;28,1;25,76;23;84,25;3;
1967-04-29;1;7,6;22,8;29,7;25,78;22,5;87;2;
1967-04-30;1,1;1;5,4;28,1;25,4;23;86,25;2;
1967-05-01;1,2;3,9;19,1;29,4;26,54;22,6;81;2;
1967-05-02;1,1;6,5;7,4;28,9;25,36;23,2;86,75;1,666667;
1967-05-03;1,4;8,9;0;29,6;25,72;21,9;83,5;2,333333;
1967-05-04;1,2;5,8;2,8;29,4;25,38;23,6;85,5;1,333333;
1967-05-05;1,7;,2;21,4;25,2;22,98;21,7;94,75;,666667;
1967-05-06;,4;1,4;50,6;25,9;24,08;22,9;95,75;3,333333;
1967-05-07;,1;4,2;14,9;28,2;25;23,3;95;1,333333;
1967-05-08;1;5,9;24,6;28,3;25,14;22,5;85;2,666667;
1967-05-09;,3;,1;40,8;26,8;24,02;23,2;93,25;1,666667;
1967-05-10;,8;3,5;,5;27,7;24,28;22;83,5;3,333333;
1967-05-11;1,1;0;4,9;26,8;23,78;22,2;92,25;2;
1967-05-12;,8;5,6;9,2;29,1;24,94;21,7;84,5;3;
1967-05-13;,5;7,2;3,2;29,6;25,44;21,8;85,75;2;
1967-05-14;,6;4,3;61,3;27,7;25,16;21,9;84;3,333333;
1967-05-15;2;7,1;8;28,8;25,54;23,6;84,5;2,666667;
1967-05-16;1,4;6,6;1,8;28,9;24,68;21,9;85;3;
1967-05-17;1,1;10,3;0;28,6;24,82;20,8;82,75;2,666667;
1967-05-18;1,2;7,7;2;29,3;25,8;24,2;86,5;3;
1967-05-19;1,7;7,6;3,1;29,6;26,08;22,7;83,25;2;
1967-05-20;1,1;9;16,7;28,8;25,44;22,6;85,75;3,333333;
1967-05-21;1,4;8,8;29,4;29,3;25,44;21,2;86,75;3;
1967-05-22;1,1;8,7;6,9;28,3;25,64;22,9;83,5;2;
1967-05-23;1,2;9,9;,5;29,4;26,02;23,9;84,25;1,666667;
1967-05-24;1;7,6;7,2;28,3;25;22,4;88,75;2;
1967-05-25;1,4;1,6;9,5;28,6;25,22;22,4;89,5;3,333333;
1967-05-26;,5;8,9;31,1;28,6;25,44;22,5;86,5;3;
1967-05-27;1;7,1;2,4;29,4;25,48;21,5;81;2,333333;
1967-05-28;1,1;10,5;,7;28,9;25,52;22,1;83,75;2,666667;
1967-05-29;3,4;7,2;4;29,3;25,64;22,4;79,75;2,333333;
1967-05-30;1,5;9,4;,2;29,1;25,04;20,6;80,5;2,666667;
1967-05-31;1,5;,9;6,3;27,5;24,04;21,5;92;3;
1967-06-01;,5;4,6;39,6;27,7;24,06;22,3;85,75;1,333333;
1967-06-02;1,2;7,5;4,4;28,4;24,94;21,4;76,25;2,333333;
1967-06-03;1,7;3,1;0;28,9;24,84;21,8;89,75;3,666667;
1967-06-04;1,1;6;6;28,3;24,82;22,7;87,25;3,666667;
1967-06-05;1;10;1,8;28,7;24,8;20,7;82,25;2,333333;
1967-06-06;1,5;6,6;3,7;28,5;24,7;21,7;87,75;,666667;
1967-06-07;,6;7,7;62;28,3;24,58;22,1;85,5;2,333333;
1967-06-08;1,4;7;11,1;28,8;25,32;22,7;85;2;
1967-06-09;,8;10,3;,2;28,1;24,46;20,8;84,75;1;
1967-06-10;1,5;4,7;0;28,6;24,94;21,2;85,5;1;
1967-06-11;1,1;9,7;4;29,1;23,66;20,1;83;2;
1967-06-12;1,8;0;3,2;29,9;25,54;20,3;82,25;,666667;
1967-06-13;,8;9,4;17,8;28,8;25,54;21,6;76;3,333333;
1967-06-14;2,3;8,4;0;28,4;24,08;20,5;80,5;1,666667;
1967-06-15;1,8;9,8;15,2;28,6;24,54;21,8;84,5;5,333333;
1967-06-16;2;8;,3;28,8;24,9;22;82;3;
1967-06-17;1,5;4,9;14;26,5;24,36;22;86,75;2;
1967-06-18;2,5;7,9;2,9;28,1;25,46;22,7;73;3,333333;
1967-06-19;3,8;8,1;0;28,9;24,38;21,9;76,5;4,333333;
1967-06-20;1,7;9,7;0;28,5;23,96;20,6;80,5;2,666667;
1967-06-21;1,8;5,3;0;27,5;24,2;20,6;89,75;2,333333;
1967-06-22;2,7;4,4;31,2;28,6;25,28;22,7;85,5;1,666667;
1967-06-23;1,7;8,2;8,1;28,9;24,36;22,1;82,25;3;
1967-06-24;1,8;8;7,8;27,6;24,08;20,5;86,5;2,666667;
1967-06-25;3,8;6,3;7;29;25;21,1;75,25;5,333333;
1967-06-26;3,9;2;1,8;26,8;23,06;21;87;1;
1967-06-27;3,7;9,1;4,9;28,7;24,42;21,3;81;4;
1967-06-28;3,9;5,6;,9;27,8;24,46;21,3;75,25;3,666667;
1967-06-29;3;8,1;5;27,8;24,54;21,4;78,75;4;
1967-06-30;1,5;5,6;58,3;26,4;23,72;21,3;93,5;2;
1967-07-01;,5;0;50,3;27,5;23,38;21,1;91,75;3,333333;
1967-07-02;1,2;9,3;39,6;27,2;24,42;21,6;81,75;3;
1967-07-03;,8;8;0;27;23,5;21,1;86,75;4;
1967-07-04;1,2;0;13,9;27,4;22,8;20,9;91;2;
1967-07-05;,8;8,6;9,8;27,9;23,48;21;85,75;2,666667;
1967-07-06;1,9;9,9;5;27,8;24,3;20,9;78,25;2,666667;
1967-07-07;1,9;5,7;3,7;27,3;23,5;21;82,5;2,333333;
1967-07-08;1,3;9;18,6;27,3;23,94;20,1;82,5;2,666667;
1967-07-09;,7;7,7;4,7;27,7;23,3;19,9;83,75;2;
1967-07-10;1,8;5;,3;27,1;22,88;20,2;87;2,333333;
1967-07-11;,2;5,7;41,1;27,9;23,68;21,3;85,75;3;
1967-07-12;1,8;5,2;20,6;27,7;23,84;21,2;86,75;2;
1967-07-13;1,2;8,6;1,1;27,9;23,9;19,9;78;4,333333;
1967-07-14;2,1;1,3;3,8;27,3;23,38;21,3;91,75;,666667;
1967-07-15;,9;9,8;2,8;28,5;23,66;20,3;81,5;3,333333;
1967-07-16;1,8;8,8;,2;27,8;24,02;21,8;83;1,333333;
1967-07-17;1,4;10;0;28,6;24,22;20,4;83;1,666667;
1967-07-18;1,6;6,4;0;28;24,14;22,2;83;2,666667;
1967-07-19;1,5;6,8;2,5;27,5;22,84;20,8;82,25;4;
1967-07-20;2,1;7,7;1,5;27,5;23,58;21,3;74;3;
1967-07-21;2,2;2,9;2,4;25,7;22,44;20,6;86,25;1,666667;
1967-07-22;1,6;4;,9;26,6;22,24;19,7;93,25;3;
1967-07-23;1,2;8,3;5,4;27,1;23,4;20;82,25;2;
1967-07-24;2;7;1,9;27,3;23,24;21,7;89,25;2;
1967-07-25;1,2;8,9;2;27,4;23,74;20,9;80;3,333333;
1967-07-26;2,2;5,9;0;28,6;23,78;20;82,75;3,333333;
1967-07-27;,9;2,4;14,8;26,9;22,8;20,4;86;5;
1967-07-28;1,1;9,7;4,2;27,8;24,12;20,2;83,5;2,666667;
1967-07-29;1,4;0;37,4;27,7;22,44;20;91,75;1,666667;
1967-07-30;,7;3,2;19,5;27,2;22,6;20,4;89,5;1;
1967-07-31;,9;7,6;18,7;27,9;23,48;19,8;85,5;3,333333;
1967-08-01;1,5;2;11,9;27,2;23,84;21,9;83,5;1,666667;
1967-08-02;1,9;10,4;,9;27,8;23,8;20,7;72,75;4,666667;
1967-08-03;3;1,4;,3;28;24,3;21,2;77;6;
1967-08-04;2,8;10,3;1,9;28,6;23,72;21,5;83,25;2,666667;
1967-08-05;2,2;8,2;,3;27,8;23,68;20,4;82,75;2;
1967-08-06;1,8;0;11,2;27,6;23,48;20,8;92;0;
1967-08-07;1,3;7,2;43,1;28,5;23,68;20,6;75,5;5;
1967-08-08;2,4;9,3;1,1;28,8;24,14;20,2;72,5;5,333333;
1967-08-09;2,5;2,1;5;25,6;21,7;20;82,75;5;
1967-08-10;1,2;10,5;,5;26,9;23,04;17,6;81,25;4,666667;
1967-08-11;1,8;4;2;26,8;23;20,3;87;2,666667;
1967-08-12;1,2;7,1;7;27,7;23,6;19,8;84,75;3,666667;
1967-08-13;1,6;3,6;12,6;27,5;23,88;20;83,25;2,666667;
1967-08-14;1,1;10,2;3,3;27,9;23,8;20,6;81;4;
1967-08-15;1,9;7,6;1,6;27,4;23,7;20,4;74,5;4;
1967-08-16;2,2;6,6;,3;26,7;22,48;17,4;89,25;3,666667;
1967-08-17;1,2;1,3;74,7;27,2;23,54;20,6;84,75;3;
1967-08-18;1,7;8,7;1,2;27;23,5;20,1;82;4;
1967-08-19;1,8;1,4;19,6;27,8;23,76;20,9;83,75;4;
1967-08-20;,8;8,1;17,2;27,1;22,46;20,4;84,25;2,666667;
1967-08-21;1,6;3,1;,1;27,4;23,44;18,7;85;2,666667;
1967-08-22;1,2;10,3;10,3;27,5;24,12;20,8;80,5;1,466667;
1967-08-23;2,2;7,8;0;28,2;23,82;20,3;72,75;4,333333;
1967-08-24;1,9;8,1;0;26,9;22,8;17,6;82,5;4,666667;
1967-08-25;1,5;8;25,1;27,4;23,58;21,5;82;1;
1967-08-26;2,3;6,4;13,1;27,1;22,28;20,6;91;3,333333;
1967-08-27;,9;9;,2;27,5;24,56;20,8;71,5;3;
1967-08-28;2,5;3,4;1;28;24,78;21,8;74,75;4,666667;
1967-08-29;3,1;7,8;1,7;27,7;24,2;22,1;73,5;4,333333;
1967-08-30;1,8;5,3;7,4;26,6;23,14;21;88;3,666667;
1967-08-31;2,9;8,3;21,9;27,6;24,6;21,8;71,5;6;
1967-09-01;2,4;6,9;,8;27,7;24,38;20,3;82,25;4,333333;
1967-09-02;2,5;6,4;4,2;27,9;24,56;20,9;79,25;4,333333;
1967-09-03;2;9,6;2,8;28,6;24,74;21,6;78,75;5;
1967-09-04;2,9;8,3;0;27,6;22,58;19,4;80,25;3;
1967-09-05;3;10,3;0;28,3;24,86;20,8;76;4;
1967-09-06;,7;9,1;8,8;27,6;25,22;22,3;78;3;
1967-09-07;2,1;10,2;0;28,8;25,26;21;67,75;3,666667;
1967-09-08;2,4;9;0;28,8;25,32;22;68,75;3,666667;
1967-09-09;1,7;8,3;0;27,3;23,52;19;81,5;3,333333;
1967-09-10;1,8;3,7;0;28,4;25,44;22,5;75,5;3,333333;
1967-09-11;1,8;9,8;,1;28,9;25,22;20,2;66,5;2,666667;
1967-09-12;2,8;2,7;,1;28,3;25,24;21,1;74,5;3,333333;
1967-09-13;1,1;9,5;8,6;27,9;24,12;21;83,75;4,333333;
1967-09-14;1,9;10,3;0;28,9;25,2;21;75,5;3,333333;
1967-09-15;1,6;10,6;0;28,8;24,72;21,8;80;2,333333;
1967-09-16;2,2;7,5;0;28,3;25,26;21,8;73,25;2,333333;
1967-09-17;2,9;2,1;0;28,9;25,78;23,1;75,5;4,666667;
1967-09-18;3,3;2;0;28,2;25,58;23,3;76,25;1,666667;
1967-09-19;2,6;9;0;28,8;26;24;70,75;5,333333;
1967-09-20;3,6;8;0;28,3;25,56;23,7;77,5;2,8;
1967-09-21;2,9;8;,6;28,1;24,8;20,4;75;4;
1967-09-22;2,8;10,5;0;28,7;24,98;23;72,75;4,333333;
1967-09-23;2,4;10,6;,1;28,9;24,6;19,3;71,75;3;
1967-09-24;2,1;8,5;0;27,9;24,68;20,6;72,5;1,333333;
1967-09-25;2,3;8,9;0;27,9;24,9;21,7;70,75;5;
1967-09-26;3;8,6;0;28,5;25,22;21,5;73,5;1,666667;
1967-09-27;2,2;9,1;0;29,1;25,08;20,2;79;5,333333;
1967-09-28;3,3;4,8;0;28,6;26;23,1;75,75;1,333333;
1967-09-29;2,1;null;3;28,8;25,34;20,6;80,5;3,666667;
1967-09-30;2,9;2,2;,9;27,5;24,44;22,5;85,25;2;
1967-10-01;1,1;8,6;7;27,1;24,68;22,8;75,75;3,666667;
1967-10-02;2,6;6,6;2,3;27,8;24,4;22,5;81,5;2,333333;
1967-10-03;2,1;7,3;3,2;27,2;24,8;22,9;76;4,333333;
1967-10-04;2,1;7,1;6,9;26,9;23,42;21,9;86,25;3;
1967-10-05;1,5;6,7;8,4;28,2;24,8;21,3;81;4,666667;
1967-10-06;2,5;5,7;,2;28,8;25,48;22,7;77,5;3,333333;
1967-10-07;1,9;8,5;4,7;27,9;24,98;22,1;76,5;5;
1967-10-08;2,2;4,1;,5;27,6;24,8;21,9;85,5;3,333333;
1967-10-09;1,3;10,1;6,6;27,7;24,7;21,3;78,75;4;
1967-10-10;2,1;9,3;3,9;27,9;25;22,5;82;4,666667;
1967-10-11;2,9;6,4;0;28,8;25,78;22,6;72,25;3,333333;
1967-10-12;2,6;7,2;0;28,2;25,34;23,3;71,5;3;
1967-10-13;2,7;10,6;0;29,3;25,82;22,1;71,75;3,666667;
1967-10-14;3;9,3;0;29,6;25,48;22,4;77;5;
1967-10-15;2,7;5;1,1;28,6;25,58;22,1;78,25;3,666667;
1967-10-16;2;2,2;3,4;27,2;24,66;22,6;77,5;4;
1967-10-17;1,8;10,3;3,9;27,9;25,08;22,3;73;4;
1967-10-18;2,5;7,2;3,4;28,4;25,32;22,8;77;4,666667;
1967-10-19;,5;7,3;2;27,9;24,82;22,3;82,25;5,333333;
1967-10-20;2,5;10,2;0;28,8;25,9;22,7;70,75;5;
1967-10-21;3,1;9,1;2,3;28,8;25,1;22;80,5;4,666667;
1967-10-22;3,7;6,6;0;28,6;25,68;22,3;70,5;3;
1967-10-23;3,9;3,5;0;29,6;25,68;23,6;78,5;2,666667;
1967-10-24;2,8;6,7;3,4;29;25,74;23,5;69,75;2;
1967-10-25;2,8;9,5;1,3;28,8;25,82;22,8;69,75;3,666667;
1967-10-26;3;3,2;0;28;25,18;22,8;76,75;2,666667;
1967-10-27;2,9;10,8;0;28,9;25,28;22,3;75,75;4;
1967-10-28;2,8;9,2;0;29;25,5;22,6;72;3,666667;
1967-10-29;2,9;11,1;0;29,1;25,48;22,5;72;5,666667;
1967-10-30;1,1;9,8;0;29,4;24,82;22,3;76,75;2;
1967-10-31;1,8;9,5;,2;29;25,16;19,9;70,5;3,333333;
1967-11-01;2,7;8,8;,2;29,8;24,72;21,9;76,25;2;
1967-11-02;3;9,7;0;29,1;25,02;22;75,5;3,333333;
1967-11-03;1,5;10,4;3;29,4;25,64;21,8;72,25;4,666667;
1967-11-04;2,5;10,2;0;29,5;25,58;22,3;71,25;4,333333;
1967-11-05;1;7,2;0;31;26,42;22,9;70,25;3;
1967-11-06;1,6;9,2;0;28,9;25,34;20,3;71,75;2;
1967-11-07;2,3;9,5;0;29,8;25,96;23,2;69,75;2;
1967-11-08;2,5;10,9;0;30;24,78;20,6;72;2,333333;
1967-11-09;2,5;4,9;0;31;24,3;19,6;75;3,333333;
1967-11-10;2,2;0;0;30,3;24,16;19,6;73;3,333333;
1967-11-11;3,8;10;0;29,6;25,22;18,6;65,25;3,333333;
1967-11-12;3;10,4;0;29,9;25,36;20,6;70;4,333333;
1967-11-13;3,3;4,2;,1;29,6;26,04;22,7;67;2,333333;
1967-11-14;3,3;10,2;0;29,7;26,1;24,3;72;4,333333;
1967-11-15;3,5;10,9;0;29,6;24,62;19,5;70,5;1,666667;
1967-11-16;2,2;8,6;0;29;24,66;18,5;67,25;2,666667;
1967-11-17;2,5;9,8;0;29,5;25,46;20,2;68;2,333333;
1967-11-18;2,5;7,6;0;29,9;25,74;20,5;68,25;4,333333;
1967-11-19;2,6;10,6;0;30,5;25,68;18,8;67,5;3,333333;
1967-11-20;1,6;6,4;0;27,8;25,02;20,2;69,25;3,666667;
1967-11-21;2,5;8,3;0;29,6;25,1;19;64,25;3;
1967-11-22;3,4;7,9;0;30;24,92;18,9;65,25;3,666667;
1967-11-23;3;7,5;0;29,7;25,18;20,7;70,25;3,333333;
1967-11-24;2,1;9,2;0;29,9;25,4;19,7;66,25;4,666667;
1967-11-25;2,5;8,8;0;29,9;25,32;19,8;70,25;5,333333;
1967-11-26;2,6;6,4;0;30,3;25,72;20,6;70;2,333333;
1967-11-27;2,9;9,1;0;29,5;25,48;22,4;72,25;1,666667;
1967-11-28;1,7;6,9;0;30,5;25,74;20,7;69,5;3,666667;
1967-11-29;2,3;7,9;0;30,4;25,88;21,8;72,25;4,333333;
1967-11-30;2;10,5;0;30,8;25,34;21,2;74,5;3,333333;
1967-12-01;2;10,9;0;30,6;25,28;19,5;68,25;3;
1967-12-02;1,5;9,9;0;30,9;26,04;19,7;67;5,333333;
1967-12-03;1,2;11,5;0;30,4;25,94;19,2;78,25;4,333333;
1967-12-04;1,3;11,7;0;29,8;25,82;21;65,5;5,333333;
1967-12-05;,5;9,5;,5;29,8;25,08;19,9;69,25;2,333333;
1967-12-06;2;10,4;6,7;28,8;25,66;21,9;79;3,333333;
1967-12-07;2,7;11,7;0;29,5;24,68;20,9;73,25;3,333333;
1967-12-08;3;11,5;0;29,7;25,12;19,2;67,75;3,333333;
1967-12-09;3,8;null;0;30,9;26,04;20,3;66,25;4;
1967-12-10;1;9,1;0;30,5;25,72;19,6;65,5;4;
1967-12-11;2,1;9,9;0;30,6;25,84;20,5;73,75;4,333333;
1967-12-12;1,9;10,4;0;31,5;26,48;21,2;68,25;3,666667;
1967-12-13;2,1;7,3;0;30,4;25,78;20,6;71,25;2;
1967-12-14;2,5;9,3;0;30,8;25,9;20,5;71,75;4,333333;
1967-12-15;1,9;1,1;0;30,6;26,22;20,2;76,25;4;
1967-12-16;2,5;11;0;30,8;25,98;19,8;67,75;4;
1967-12-17;3,5;10,3;0;30,6;26,36;22,1;67,75;4;
1967-12-18;3;11,2;0;29,8;25,18;19,4;63,75;2;
1967-12-19;2,6;11,8;0;30,3;25,64;18,5;62;3,666667;
1967-12-20;2,9;9,8;0;30;25,26;20;68,5;3;
1967-12-21;2,1;7,5;0;30,8;26,14;21,6;72,75;2,333333;
1967-12-22;2,5;null;0;31,3;26,48;20,4;67;3,666667;
1967-12-23;2,6;null;0;29,2;25,94;21,3;80,75;3,333333;
1967-12-24;1,8;9,3;0;30,6;26,28;21,8;76,75;4;
1967-12-25;2,6;11,1;0;31,5;26,8;21,5;67,25;3,666667;
1967-12-26;2,4;2,7;0;30;25,7;20,8;71,5;3,333333;
1967-12-27;2,5;1,1;0;29,3;26,22;24,2;76,25;2,333333;
1967-12-28;1,3;,6;2,6;26,9;24,52;22,6;90,25;1,333333;
1967-12-29;1,1;1,9;20,4;28,3;24,32;21,8;81,75;2,666667;
1967-12-30;2,2;10,3;0;28,8;25,36;22,1;72,75;2;
1967-12-31;2,9;8,6;0;30,7;26,6;21,3;65,75;5;
1968-01-01;2,8;11;0;29,4;25,94;22;78;3,333333;
1968-01-02;1,6;11,8;0;29,7;25,68;20;71,5;3,666667;
1968-01-03;2,4;8;0;29;25,98;21,5;68,25;3,333333;
1968-01-04;3;11,5;0;30,8;25,98;20,4;71,25;2;
1968-01-05;2,2;8,6;0;30,4;25,44;19,7;70,25;2,666667;
1968-01-06;2,3;11,5;0;30,8;25,24;21,1;77,75;3,333333;
1968-01-07;2,2;10,6;0;30,5;26,36;20,7;72,75;1,666667;
1968-01-08;2,5;11,7;0;30,8;26,92;22,7;71,5;3,666667;
1968-01-09;2,7;5,7;2,8;30;26,3;22,1;75,5;3;
1968-01-10;1,9;11;0;30,5;26,7;21,5;67,25;3,666667;
1968-01-11;2,6;10,6;0;31,3;27,14;21,9;69,25;5,333333;
1968-01-12;2,8;7,8;0;30,4;26,62;22;65,75;3,666667;
1968-01-13;1,8;11,2;0;31,5;27,26;21,9;65,5;4;
1968-01-14;1,4;8,6;0;30,8;26,48;20,9;70,75;2;
1968-01-15;2,8;7,7;0;29,6;25,94;20,6;70,5;2,333333;
1968-01-16;1,3;10,3;3,5;30,4;26,34;21,3;67,5;2;
1968-01-17;2,3;5,7;,2;28,9;24,92;20,8;83;2,333333;
1968-01-18;1;11,3;5,2;30,4;26,04;20,3;74,5;4;
1968-01-19;2,5;10;0;30,8;26,68;21,9;71;2,333333;
1968-01-20;2,5;,3;0;30,3;26,62;21,5;75,25;2;
1968-01-21;1;6,6;10,9;29,2;25,24;21,8;80,25;1,666667;
1968-01-22;1,2;9,7;10,8;28,8;25,56;21,7;84,25;2,333333;
1968-01-23;1,5;,9;72,5;29,5;25,62;20,1;76,75;2;
1968-01-24;2,2;5,9;2;29,4;26,52;23,8;78;4,666667;
1968-01-25;2;9,9;,4;29,9;26,5;22,9;76,25;2,666667;
1968-01-26;2;1,4;17,2;28,3;23,9;22;92;0;
1968-01-27;,7;0;87,3;28,8;25,44;21,4;76,25;3;
1968-01-28;,8;9;2,8;29,5;26,02;21,1;81,5;3,333333;
1968-01-29;3;10,6;1,8;29,5;26,3;22,5;76;3;
1968-01-30;1,5;7,1;1;29,6;26,2;22,1;74,75;3,333333;
1968-01-31;1,7;11,4;0;29,7;26,36;22;76,25;3;
1968-02-01;null;null;null;null;null;null;null;null;
1968-02-02;null;null;null;null;null;null;null;null;
1968-02-03;null;null;null;null;null;null;null;null;
1968-02-04;null;null;null;null;null;null;null;null;
1968-02-05;null;null;null;null;null;null;null;null;
1968-02-06;null;null;null;null;null;null;null;null;
1968-02-07;null;null;null;null;null;null;null;null;
1968-02-08;null;null;null;null;null;null;null;null;
1968-02-09;null;null;null;null;null;null;null;null;
1968-02-10;null;null;null;null;null;null;null;null;
1968-02-11;null;null;null;null;null;null;null;null;
1968-02-12;null;null;null;null;null;null;null;null;
1968-02-13;null;null;null;null;null;null;null;null;
1968-02-14;null;null;null;null;null;null;null;null;
1968-02-15;null;null;null;null;null;null;null;null;
1968-02-16;null;null;null;null;null;null;null;null;
1968-02-17;null;null;null;null;null;null;null;null;
1968-02-18;null;null;null;null;null;null;null;null;
1968-02-19;null;null;null;null;null;null;null;null;
1968-02-20;null;null;null;null;null;null;null;null;
1968-02-21;null;null;null;null;null;null;null;null;
1968-02-22;null;null;null;null;null;null;null;null;
1968-02-23;null;null;null;null;null;null;null;null;
1968-02-24;null;null;null;null;null;null;null;null;
1968-02-25;null;null;null;null;null;null;null;null;
1968-02-26;null;null;null;null;null;null;null;null;
1968-02-27;null;null;null;null;null;null;null;null;
1968-02-28;null;null;null;null;null;null;null;null;
1968-02-29;null;null;null;null;null;null;null;null;
1968-03-01;1,7;6,5;null;31,9;27,54;24,4;83,75;3;
1968-03-02;1,5;3,4;0;30,1;26,74;21,9;73,75;1,666667;
1968-03-03;1;4;0;29,9;26,9;22;73;1;
1968-03-04;,9;3,3;0;30,5;27,2;22,1;72,25;2,333333;
1968-03-05;1,4;5;,1;29,9;26,94;22;71,75;2,333333;
1968-03-06;1,6;2,9;9,8;30,3;26,4;20;76,75;1,666667;
1968-03-07;1;2,7;20;29,8;26,72;22,4;77,75;2;
1968-03-08;1,5;10,7;6,4;29,8;26,46;23;79,25;3;
1968-03-09;1,4;10,2;12,4;29,3;25,62;22,7;85,75;3;
1968-03-10;,5;0;,3;29,6;26,04;21;78,5;3;
1968-03-11;,5;2,3;14;29;25,26;20,8;89,5;2,333333;
1968-03-12;,6;6;3,5;29,5;25,82;21,9;85;1;
1968-03-13;1,1;1;27,6;27,8;24,78;23,2;90;,666667;
1968-03-14;,3;2,4;24,2;28,5;24,7;22,2;88,25;1;
1968-03-15;,9;8,9;12,5;30,1;25;21,8;89,75;1;
1968-03-16;,4;7,9;0;29,7;25,6;22,1;85,75;2,333333;
1968-03-17;,8;6,9;0;29,5;25,54;21,8;84,5;2;
1968-03-18;2;8,1;6;29,8;25,82;21,8;85,25;1,666667;
1968-03-19;,8;5,8;36,4;29;24,9;21,9;90,5;1;
1968-03-20;1;0;101,3;27,3;23,78;22;96;2;
1968-03-21;,3;1,4;10,2;28,1;24,74;22,2;90,5;2;
1968-03-22;,6;5,3;26,4;28;24,94;22,9;88;1;
1968-03-23;,6;2,4;22,4;29,2;26,22;22,6;80,75;2,333333;
1968-03-24;,6;9,7;6,1;29,3;25,8;22;81,75;3,333333;
1968-03-25;1,7;4,2;30,5;28,8;25,66;22,6;87,25;1;
1968-03-26;1;3,8;32,1;28,7;25,68;22,4;81,75;2,333333;
1968-03-27;1,1;8,7;3;29,9;25,7;20,9;82,25;3,333333;
1968-03-28;1,3;7,9;0;29,8;26,08;22,9;88;1;
1968-03-29;1,5;9,5;1;30;26,04;23,7;85,75;4;
1968-03-30;1,7;9,2;1;29,8;25,4;22,3;83,25;2;
1968-03-31;1,8;2,3;0;30;26,18;22,8;83;3,333333;
1968-04-01;,8;7,8;29,6;29,5;26,18;23,5;86,5;2;
1968-04-02;2,2;9,4;9,1;29,6;26,12;23,9;83,5;2,666667;
1968-04-03;1,6;8,5;6,4;29,8;26,38;23;84,75;2;
1968-04-04;1,8;8,8;11;29,9;26,42;23,1;82,25;1;
1968-04-05;1,6;7,4;1,4;29,3;26,4;22,6;79,75;2;
1968-04-06;1,8;9,9;5,1;30,2;25,78;23,2;81;3,333333;
1968-04-07;,7;10,7;0;30;26,08;23;77,25;3,333333;
1968-04-08;2,3;10,4;0;30;25,48;19,7;76;2;
1968-04-09;2,8;9,2;0;29,7;25,96;22,8;75,5;4;
1968-04-10;2;7,8;,3;29,3;25,34;22,4;82,5;2,666667;
1968-04-11;1,7;8,5;4,1;29,4;25,74;22,9;82,75;1,666667;
1968-04-12;1,4;1;9,4;27,9;25,18;23,3;90,25;2,666667;
1968-04-13;,9;8,5;6,7;29,4;26,1;21,6;82,5;1,333333;
1968-04-14;1,3;5,1;3,1;29,3;24,8;22,2;86,75;3;
1968-04-15;1,6;8,2;0;29,3;24,98;21,3;83;3;
1968-04-16;1,6;,2;1,1;27,3;24,24;22,6;92,25;2,333333;
1968-04-17;,5;2,2;0;28,1;24,94;21,7;90,5;1,333333;
1968-04-18;,9;9,8;28,1;29,5;26,26;23,2;81,5;3;
1968-04-19;1,6;10;8;29,4;25,52;22,9;85,75;2,333333;
1968-04-20;1,4;10,3;8,5;29,7;26,02;22;84;1,666667;
1968-04-21;1,5;7,8;0;29,8;25,36;22,3;90,25;3;
1968-04-22;,7;9,2;0;30,5;26,22;23;83,5;2;
1968-04-23;1,2;3,5;0;27,9;25,28;22,6;94,25;2;
1968-04-24;,5;6,1;26,5;29;24,94;23,2;87,75;1;
1968-04-25;,9;6,9;0;30,3;25,9;22,3;84,75;2,333333;
1968-04-26;1,3;,1;14,1;26,4;23,9;22,7;96,25;,666667;
1968-04-27;,3;7,4;17,7;29,6;25,84;23;85,75;1;
1968-04-28;1;1;50;28,3;24,62;21,6;89,25;,666667;
1968-04-29;,7;9,1;2;29,3;25,66;23;85;4;
1968-04-30;1,3;6,9;7,7;29,1;26,36;23,4;81,5;2,666667;
1968-05-01;1,2;5,9;0;29,2;25,64;21,9;85,75;3,333333;
1968-05-02;,6;8,1;,9;29,5;26,06;23,1;85,5;4;
1968-05-03;1,3;8,3;0;28,6;25,3;23,1;84,25;3;
1968-05-04;1,3;0;54,8;25,3;23,4;22,7;96,5;1,333333;
1968-05-05;,7;,3;3,3;27;24,18;22,6;91;4;
1968-05-06;,2;6,7;,3;27,5;24,74;22,3;91;3;
1968-05-07;1,2;7,1;16,2;28,1;25,3;23;89;3;
1968-05-08;,9;2,3;24,1;28,5;25,28;22,1;87,25;3;
1968-05-09;1,1;7,8;7,8;28,6;26;22,1;80,5;3,333333;
1968-05-10;,9;7,8;,8;28,3;24,62;21,8;87,75;2;
1968-05-11;1,5;6,2;,1;29,3;25,8;21,4;87,5;4;
1968-05-12;1;8,1;0;28,7;25,46;22,4;85,25;4,333333;
1968-05-13;1,3;0;14,9;26;24,08;22,6;92,5;2,666667;
1968-05-14;,9;0;6,4;28,2;24,76;22,7;92;2,333333;
1968-05-15;,7;6,7;,6;28,4;24,72;22,1;91,25;2;
1968-05-16;,7;4,7;2,7;28,4;25,28;22,3;93,75;3;
1968-05-17;,5;0;43,5;26,7;24,44;22,6;94,5;1,666667;
1968-05-18;,5;10,4;9,8;28,6;25,38;23,4;84,25;5,333333;
1968-05-19;1,2;,3;13,5;27,8;24,42;23;91,75;1;
1968-05-20;,8;7,9;0;28,8;25,32;21,7;85,5;3,666667;
1968-05-21;,9;8,2;,3;28,4;24,6;21,7;88,25;3,666667;
1968-05-22;1,6;9,2;2;28,4;25,14;22;84,5;2,333333;
1968-05-23;1,3;6,8;2,1;28,2;25,12;21,6;81;4;
1968-05-24;2,1;7,3;1,4;28,4;24,4;21,6;86,5;3,333333;
1968-05-25;2;9,3;2;28,6;25,04;21,3;83,5;4;
1968-05-26;1,8;7,3;3,4;27,8;25,36;22,8;80,75;5;
1968-05-27;2,2;3,4;1;28,4;25,94;22,9;80,75;5,333333;
1968-05-28;1,7;7,8;5;28,4;25,42;23;89,5;3,333333;
1968-05-29;1,4;6,2;,2;28,8;25,66;22,9;83,5;4,333333;
1968-05-30;1,6;4,1;4,7;28,4;24,26;22;88,75;5,666667;
1968-05-31;1,2;6,1;4,5;27,6;24,18;20,2;79,5;5;
1968-06-01;1,6;1,3;38,2;26,8;23,8;21,1;89,5;6,333333;
1968-06-02;1,2;9,5;6,9;28,6;24,54;21,9;90,25;4,333333;
1968-06-03;1,7;4,7;0;27,8;24,6;22,4;83,5;5;
1968-06-04;1,6;5,8;3,3;27,7;23,86;22;89,5;2,333333;
1968-06-05;1,4;9,6;,1;30,4;24,82;21,6;85,25;5;
1968-06-06;1,5;6,1;,2;27,4;23,76;20,7;89;3,333333;
1968-06-07;,7;7,6;0;27,8;24,56;21,7;88;3,666667;
1968-06-08;1,1;9,8;8,2;27,8;24,5;22;87,25;3,666667;
1968-06-09;1,1;10;0;28,4;24,48;21,9;86,5;4;
1968-06-10;1,7;6;0;27,7;24,38;21,9;90,75;2,666667;
1968-06-11;,8;7,8;,3;27,5;23,84;19,5;85,25;3,666667;
1968-06-12;1,5;3;6,5;25,8;22,56;19,7;91;3,666667;
1968-06-13;1,1;8,2;5,7;27;23,4;20,5;88;6;
1968-06-14;1,5;8,5;4,8;27,5;23,88;21,1;81;5;
1968-06-15;1,9;,9;1,1;26,6;23,48;21,1;83,75;3,333333;
1968-06-16;1,1;,1;2,7;25,6;23,34;21,5;92;3,333333;
1968-06-17;,8;1,6;29,2;28;23,68;21,9;93,25;2,666667;
1968-06-18;,6;8,5;2,2;27,4;24,28;21,8;84,5;5;
1968-06-19;1,5;9,1;1;27,4;22,64;18,9;79,5;3,333333;
1968-06-20;1,4;10;0;27,2;23,16;19,6;86,25;3;
1968-06-21;1,9;5,3;,7;27,4;23,18;19,9;87;2,333333;
1968-06-22;,8;4,8;7,3;29;23,62;20,8;86;2,333333;
1968-06-23;1,5;9,2;3,5;27,6;23,46;19,3;85,5;3,666667;
1968-06-24;2,4;3,6;14,7;27,2;23,22;21,3;92;1,333333;
1968-06-25;1,3;6,9;,6;27,6;23,66;20,3;87,5;2,666667;
1968-06-26;2,5;10;0;27,3;23,48;19,1;80,5;5;
1968-06-27;3,8;6,7;0;27,4;24,22;21,4;83,5;5,666667;
1968-06-28;4,2;null;,2;27,7;23,98;21,6;87,5;5;
1968-06-29;2,2;null;12,4;24,6;22,68;21,6;95,5;1;
1968-06-30;1,6;null;12,8;26,6;23,28;21,4;83,25;5,666667;
1968-07-01;3,6;null;,4;26,4;22,88;20,6;89,25;2,333333;
1968-07-02;2,2;null;5,2;26,8;23,26;21,2;82;3,666667;
1968-07-03;3,5;null;0;26,8;23,24;20,3;84,25;3,666667;
1968-07-04;3,2;null;2,1;27;23,44;19,9;90,25;3,666667;
1968-07-05;2,7;null;26,1;27;24,06;20,4;82,75;4,333333;
1968-07-06;4,1;null;3,6;29;23,3;20,5;81,5;4,333333;
1968-07-07;3,5;null;,4;27,6;23,56;19,4;84,25;4,333333;
1968-07-08;3,6;null;3;28,4;24,28;22;84,25;7,666667;
1968-07-09;3,3;null;7,8;26,8;23,14;21,1;87,75;4,333333;
1968-07-10;2,7;null;8;27,7;23,52;20,4;90,25;3;
1968-07-11;2,1;null;2,3;27,6;23,7;20,6;91,5;2,666667;
1968-07-12;2,8;null;25;25,8;23,72;21,9;91,25;4;
1968-07-13;3,4;null;62,6;27,4;24,56;22,2;80;4,666667;
1968-07-14;4,6;null;,2;27,5;24,62;22,6;80,25;5,666667;
1968-07-15;3,5;null;5,6;27,4;24,46;21;83,5;4,333333;
1968-07-16;3,6;null;2,8;27,4;24,28;20;81,75;3;
1968-07-17;3,5;null;1,2;27,4;23,58;21,3;92,25;3,666667;
1968-07-18;3;null;29;26,8;23,06;20,7;93;3,666667;
1968-07-19;2,3;null;23,6;26,6;23,8;21,7;90,25;6;
1968-07-20;1,8;null;19,3;26,5;23,46;21;90,5;2,333333;
1968-07-21;1,4;null;13,8;27;23,4;21,6;91;2,333333;
1968-07-22;2,3;null;5,8;27,3;23,8;20,5;84,75;3,333333;
1968-07-23;2,5;null;3,2;26,6;22,72;19,9;87;2,333333;
1968-07-24;2,5;null;0;26,8;22,4;18,8;83,5;2,333333;
1968-07-25;2,7;null;,6;28,3;23,4;19,8;84,5;2;
1968-07-26;2,6;null;,3;26,8;23,8;21;84,5;3,666667;
1968-07-27;3,1;null;0;27,4;24,3;21,3;79,5;3;
1968-07-28;3,3;null;,8;26,8;23,08;21,3;91;4,333333;
1968-07-29;2;null;6,8;30,6;25,04;21,4;76,25;5;
1968-07-30;5,5;null;0;32,1;25,66;22,7;77;4,666667;
1968-07-31;4,3;null;1;28,9;23,72;21;90,25;3,666667;
1968-08-01;2,6;5,6;32;26,8;23,36;21,7;87,25;2;
1968-08-02;4,5;8,3;0;27,2;23,4;20,2;83,25;2;
1968-08-03;4,5;9,7;1,2;27,2;23,78;20,7;79,75;3,666667;
1968-08-04;4,6;10,9;,8;27,2;23,46;20,7;80,25;4,333333;
1968-08-05;3,7;5;,4;27,4;23,6;21,6;88,5;4,333333;
1968-08-06;2;9,1;2,1;28,5;24,18;20;85,25;2,666667;
1968-08-07;2,9;8,8;7,5;27,4;24,18;22;83,75;5;
1968-08-08;2,5;8,8;1,7;27,2;24,7;22;82;4,333333;
1968-08-09;2,6;10;0;27,4;24,1;21,1;83,25;3,666667;
1968-08-10;3,4;10,6;,2;27,6;23,22;20,6;82,5;3;
1968-08-11;2,8;8,5;0;27,7;23,3;20,2;85,5;2,333333;
1968-08-12;2,9;9,2;0;27,8;24,52;20,3;80;2,666667;
1968-08-13;2,9;9,4;,2;27,8;24,64;20,7;79;3,333333;
1968-08-14;3,4;9,4;0;27,8;23,54;19,8;84;3;
1968-08-15;2,6;9,8;3,1;27,4;23,6;20,1;80,5;2;
1968-08-16;3,1;9,7;,4;27,7;24,54;21,3;78;4,333333;
1968-08-17;3,5;,5;12,4;25,6;22,82;20,6;94;2,666667;
1968-08-18;1,7;3,2;3,3;29,4;23,94;21,6;85,25;3;
1968-08-19;3,6;4,2;1,4;28,4;23,7;21,1;87;4,333333;
1968-08-20;3,4;6,1;6,2;26,4;23,84;21,6;73,75;7;
1968-08-21;3,7;8,7;3,4;26,5;22,98;20,4;72,25;3,333333;
1968-08-22;2,5;8,6;0;26,4;22,18;18,8;74,25;3,666667;
1968-08-23;3,8;10,9;0;26,8;22,56;17,1;76,5;3;
1968-08-24;4,3;3,2;0;27,3;22,96;19,9;88,25;3;
1968-08-25;2,5;9,2;13,8;26,9;23,18;20,2;88,5;2,333333;
1968-08-26;1,6;1,2;19,6;26,8;23,42;21,1;90,75;2,333333;
1968-08-27;2,3;9,7;2,1;27,4;24,52;22;83;4,333333;
1968-08-28;3,3;10,3;0;27,4;24,18;21,4;82;4,333333;
1968-08-29;2,9;10;,4;27,4;23,68;19,6;82,75;3,666667;
1968-08-30;2,5;7,1;0;27,4;24,06;19,1;80;3,666667;
1968-08-31;3,1;4,8;0;27,4;24,08;20,1;84,5;3;
1968-09-01;3,7;8,8;,3;28;24,98;21,8;79,25;3;
1968-09-02;3;10;0;28;23,34;19,7;84;3;
1968-09-03;4,3;11;0;27,7;24,02;19,8;73,75;4,333333;
1968-09-04;4,4;8,6;,2;27,7;22,4;18,2;84,75;2,666667;
1968-09-05;3,6;9,4;0;27,7;24,06;18;76,25;4,333333;
1968-09-06;3,7;9;,4;27,7;23,86;21,3;78,25;4,666667;
1968-09-07;3,5;5,8;8,3;28,2;23,6;21,6;77;2,333333;
1968-09-08;4,8;8;0;27,8;24,16;20,2;77,25;5;
1968-09-09;3,6;3,9;11;27,7;22,82;20,8;85,5;5,666667;
1968-09-10;2,9;6,4;3,5;28;24;20,5;84,5;5;
1968-09-11;2,7;8,4;6,4;26,6;24;21,1;81,25;4,666667;
1968-09-12;4,8;7,3;0;27,7;24,62;22,3;79,75;6,666667;
1968-09-13;4,6;5,9;0;27,3;23,88;21,4;82,5;4,666667;
1968-09-14;3,7;5,6;2,7;27,7;24,56;21,2;78,25;4,333333;
1968-09-15;3,8;8,7;,6;27,5;23,84;20,2;75,25;4,666667;
1968-09-16;4,1;11,1;0;27,7;23,96;18,4;77,75;3,666667;
1968-09-17;4,3;5,1;0;28,2;24,52;19,6;76,5;3,333333;
1968-09-18;5,8;10,5;0;30,1;25,6;21,8;77;3,333333;
1968-09-19;4,2;8,8;0;32,7;26,34;22,9;76,25;5,333333;
1968-09-20;4,8;10;1,1;32,6;26;21;77,5;4;
1968-09-21;4,6;10,9;0;28,5;25,12;23,1;78,25;4,666667;
1968-09-22;3,8;10,5;0;28,7;25,1;21,4;82;3,666667;
1968-09-23;4;,5;4,3;25,9;22,86;21,2;89,25;3,333333;
1968-09-24;1,9;9,2;5,8;27,7;24,26;20,9;83,25;3;
1968-09-25;3,2;,8;16,2;26,3;22,98;21,8;89,75;3;
1968-09-26;2,5;10,1;5,8;27,3;23,86;20,7;78,5;6,333333;
1968-09-27;4,1;10,2;,2;27,7;23,52;18,5;76,5;4,333333;
1968-09-28;3,7;9,2;,4;27,8;24,32;20,3;80;3,666667;
1968-09-29;3,6;8,3;,4;27,8;25,04;21,3;79,75;3;
1968-09-30;4;8,6;4;28,4;24,38;20,5;81,25;3,666667;
1968-10-01;3,8;9,9;0;29,6;25,32;19,4;72,25;3;
1968-10-02;5,8;10,7;,2;29,3;25,4;22,3;77;4,333333;
1968-10-03;5,9;10,7;0;29,6;25,7;23,4;82,25;4,333333;
1968-10-04;4,9;9;0;28,6;25,76;22,1;76,75;4,333333;
1968-10-05;4,7;9,6;0;29,8;25,88;23,3;74,5;4,333333;
1968-10-06;6,3;9;0;29,4;25,6;22;70,75;5;
1968-10-07;5,6;8,2;0;29,8;24,24;19,6;76;4,333333;
1968-10-08;4,5;10,4;0;30,3;24,52;19;79;2,333333;
1968-10-09;4,1;8,5;0;28,6;25,54;19,6;71,25;4;
1968-10-10;5,2;10,4;0;30,3;25,62;20,4;76,5;2,666667;
1968-10-11;5,4;9,7;0;29,8;25,98;21,3;76,5;4,333333;
1968-10-12;4,5;10,2;0;29,9;25,42;19,8;75;3,666667;
1968-10-13;3,9;9,6;0;30,4;25,78;20,1;75;2,666667;
1968-10-14;3,7;9,7;0;30,6;26,06;21,5;79,75;1,666667;
1968-10-15;5,1;8,5;0;29,7;26,26;22,5;74,75;3,666667;
1968-10-16;6,3;10,1;0;30,6;26,68;24,5;76;3,666667;
1968-10-17;6,2;9;,3;31,6;26,84;23,1;70,75;2,333333;
1968-10-18;7,3;9,9;0;30,2;26,2;22,2;75,5;3,666667;
1968-10-19;6,1;10,7;0;30,3;26,52;23,7;70,25;4,333333;
1968-10-20;6;11;0;30;26,58;21,8;65,75;4,333333;
1968-10-21;7,1;9;0;30,4;26,32;21,8;71,5;4,333333;
1968-10-22;6,7;6,3;0;29,7;26,34;24,1;80;3,333333;
1968-10-23;5,6;10,1;1,8;29,6;25,72;21,1;71,75;3,666667;
1968-10-24;6;11,8;0;29,8;25,7;19,9;70,75;3;
1968-10-25;6,2;10,4;0;29,8;25,66;20,1;77,25;2,666667;
1968-10-26;7,4;10,2;0;30;26,84;24,4;70,5;3,666667;
1968-10-27;7,7;5,3;0;30,2;26,24;22,7;79;3;
1968-10-28;3,7;7,6;16,4;29,4;26;23,1;76,25;5;
1968-10-29;5,2;5,3;1,2;29,6;24,74;22,4;85;2;
1968-10-30;4;3;2;28,4;25,7;22,5;80;3,333333;
1968-10-31;4,5;11,3;,5;30,2;26,58;24,3;71,75;3,333333;
1968-11-01;6,9;10,3;0;29,8;26,22;23;74,5;4,333333;
1968-11-02;6,6;10;0;30,4;26,5;21,9;69,75;3,666667;
1968-11-03;6,8;11,7;0;30;25,86;21,3;71,75;4;
1968-11-04;6,6;8;0;30,4;26,96;24,2;71,75;4,333333;
1968-11-05;7;7,6;0;30,4;26,52;21,5;72;4,333333;
1968-11-06;7,3;9;0;30,4;27,14;24,7;73,25;4;
1968-11-07;5,7;11;0;31,2;27,16;24,6;70,75;5;
1968-11-08;6,9;10,7;0;29,8;25,74;20,7;72,5;4,333333;
1968-11-09;5,5;10,3;0;29,4;25,34;20,9;68,75;3,666667;
1968-11-10;6,4;6,7;0;29,8;25,74;20;71,75;3,666667;
1968-11-11;5,5;4,7;0;30;26,28;22,8;75;3,666667;
1968-11-12;4,1;10,6;0;30,4;26,38;21,3;70,75;3,666667;
1968-11-13;6,6;10,6;0;30,4;26,38;21,4;71,25;3,333333;
1968-11-14;7;11,3;0;30;26,16;22,2;72;2;
1968-11-15;5,2;8,6;0;30,4;25,82;21,2;79,25;3,333333;
1968-11-16;4,6;1,6;1,6;29,8;26,62;22,6;78,75;4,666667;
1968-11-17;6,1;5,5;0;29,8;26,86;24,9;75,5;4,333333;
1968-11-18;6,7;9;0;29,8;26,14;22,1;72,25;3;
1968-11-19;4,7;10,5;0;30,7;26,38;20,8;75;3,333333;
1968-11-20;4,5;9,3;0;32;26,86;22,2;74,75;3;
1968-11-21;4,2;10,6;0;30,4;26,68;22,2;74,5;2,666667;
1968-11-22;5,5;null;0;29,4;null;22,4;null;2;
1968-11-23;5,2;8,5;0;30,4;26,52;20,7;68,25;3;
1968-11-24;5,9;10,8;,2;30,4;26,1;21,3;76;2,333333;
1968-11-25;4,8;2,8;0;29,8;26;20,4;72,75;3;
1968-11-26;5,3;10,8;0;30,6;26,22;20,4;73,75;3;
1968-11-27;6,5;2,6;0;29,8;26;20,8;70,75;3,333333;
1968-11-28;5,1;4,6;5,5;29,4;25,38;21,9;82,5;3,666667;
1968-11-29;3,6;11,3;0;30,4;25,96;20,3;73,25;3;
1968-11-30;5,8;10,9;0;30,4;26,48;20,8;67,25;3,666667;
1968-12-01;7,4;8,5;0;30;26,88;23,8;70,25;3;
1968-12-02;6,5;8,5;0;31,4;27,46;24,4;70,25;3;
1968-12-03;7,4;7,1;0;30;26,6;22,2;75,5;3,333333;
1968-12-04;5,3;11,3;4;30,6;27,12;25;70,75;2,333333;
1968-12-05;5,9;10,2;0;30,7;26,4;20,9;69,5;2,333333;
1968-12-06;4,9;12;0;32;26,66;21,4;69,75;3;
1968-12-07;4,7;11,2;0;31,8;26,52;21,1;71;2,333333;
1968-12-08;4,8;11,1;0;31;26,14;20,6;69,75;3,333333;
1968-12-09;4,6;9,5;0;30,3;26,42;20,4;72;3,333333;
1968-12-10;4,6;8,1;0;30,8;26,9;23,1;73,75;2,333333;
1968-12-11;5,1;10,6;0;30,8;26,94;22;65,25;3;
1968-12-12;6;4,7;21,2;28,8;25,02;22,4;78,75;1,333333;
1968-12-13;3,9;12;,3;30;26,2;20,1;71,25;3;
1968-12-14;5,9;10;,8;30,2;26,5;23,1;78;3;
1968-12-15;5,4;10,7;,9;30,4;27,14;24,1;69,25;4,333333;
1968-12-16;5,6;7,1;7,8;29,3;26,36;22,4;73,75;3,666667;
1968-12-17;5,1;11,2;,3;30;26,36;21,3;71,75;4;
1968-12-18;5,9;10,7;0;31;27,18;23,4;72,25;4;
1968-12-19;6,1;10,7;1,8;30;27,12;24;71,5;3,333333;
1968-12-20;7,1;8,2;0;29,3;26,78;24;69,25;3,333333;
1968-12-21;4,9;9,9;4,9;30,1;26,26;22,7;76;3,333333;
1968-12-22;4,3;3,3;,4;29,8;26,14;22,8;79,5;2,666667;
1968-12-23;4,2;4,8;,2;30,8;26,72;23,9;76,75;3,333333;
1968-12-24;4,2;8,1;,4;30,8;26,28;22,8;79,5;2,666667;
1968-12-25;4,6;6,6;2,1;30,7;26,46;22,6;85,75;1;
1968-12-26;3;7,9;6,3;30,2;27,14;23,1;75,25;3,333333;
1968-12-27;6,1;10,5;0;31;27,8;25,6;72,25;3,333333;
1968-12-28;6,9;8;0;30;26,68;24,6;68,75;2;
1968-12-29;4,9;7,2;0;30;26,52;21,6;71,5;3;
1968-12-30;4,9;10,8;0;30,7;26,78;22,1;70;3,333333;
1968-12-31;6,7;null;0;31;26,54;20,7;73,5;2,333333;
1969-01-01;5,4;11,5;0;31;26,96;24,6;78;3,666667;
1969-01-02;5,4;11;15;30;26,56;23,3;73,75;3;
1969-01-03;4,2;11,3;0;30;27,34;25,2;71,25;3,333333;
1969-01-04;6,7;9,9;,4;30;26,94;22,7;71;5,666667;
1969-01-05;5,9;10,3;0;30;26,34;20,8;72,25;4,333333;
1969-01-06;5,1;9,9;0;30,4;26,4;21,4;74,25;3;
1969-01-07;4,8;10,5;0;31;26,92;20,5;72,5;3;
1969-01-08;7,6;9,5;,7;30,3;27,46;24,8;76,75;3,666667;
1969-01-09;6,9;11,7;0;31;27,78;25,4;69,75;3,333333;
1969-01-10;6,4;8,4;0;31,6;27,38;24,9;74,75;3;
1969-01-11;5,1;11;0;31,5;27,34;22,2;73;2,666667;
1969-01-12;5,8;10,1;5;30;27,02;23,4;76,5;3;
1969-01-13;4,6;11,4;,2;31,1;27,14;21,8;74,25;3,333333;
1969-01-14;5,2;2,7;0;29;25,22;22,5;86,75;1,333333;
1969-01-15;2,4;9,3;5,6;31;26,58;21,3;74,75;2,666667;
1969-01-16;4,9;4;14;29;26,54;24,3;86,5;2;
1969-01-17;2,7;9,6;,3;30,6;27,58;23,6;76,75;4;
1969-01-18;5,8;9,2;0;30,3;27,82;26,2;75,25;3,666667;
1969-01-19;5,6;9,2;0;30,8;27,12;23,2;73,5;3,333333;
1969-01-20;6,2;9,9;0;31,3;27,72;24,3;75,5;2,666667;
1969-01-21;6,8;7,5;0;31,8;27,96;24,6;75,5;4;
1969-01-22;5,2;0;16,8;28,7;25,26;22,6;95,25;1,333333;
1969-01-23;1,1;0;35,9;27,7;24,42;22,2;92,75;1;
1969-01-24;,7;4,1;55,5;29,2;26,08;22,2;86,25;1;
1969-01-25;1,9;7,8;0;29,7;26,7;23,6;80,25;2;
1969-01-26;3,1;2,3;0;29;25,66;23,3;83,25;1,666667;
1969-01-27;3,4;2,6;,8;28,3;25;22,3;85,25;2,2;
1969-01-28;2,6;11,2;4,2;29;26,46;22,5;76,25;4,666667;
1969-01-29;4,3;11,2;,1;30,4;26,22;21,4;78;3;
1969-01-30;3,6;11;0;30,4;27,2;24,3;82,25;4,666667;
1969-01-31;4,8;11;2,2;30,4;27,42;24,8;79;3,666667;
1969-02-01;5;9,4;0;30,9;26,92;22,2;76;3;
1969-02-02;3,9;10,8;0;31,7;27,36;22,3;74;3;
1969-02-03;4,9;10,8;0;31,7;26,86;22;77,75;2,333333;
1969-02-04;4,5;10,7;,3;31,6;26,94;22,9;75,75;2,666667;
1969-02-05;4,7;10,4;0;31,7;27,14;21,2;72,5;3,333333;
1969-02-06;4,9;9,3;0;31,9;27,3;22;75,5;2;
1969-02-07;4,4;10,4;0;31,3;27,56;22,6;75,5;2,666667;
1969-02-08;3,3;6;0;32,4;27,78;23,3;77,75;2,333333;
1969-02-09;3,4;4,9;0;31,6;27,98;24,2;77;3,666667;
1969-02-10;3,9;,4;1,2;32,6;28,12;24,6;79,25;4;
1969-02-11;4,2;7,4;0;30,6;27,62;24,6;74,75;3;
1969-02-12;5,2;10,5;0;31;26,16;23,4;77;2,333333;
1969-02-13;4,6;8,4;0;30,8;26,56;21,4;74;3;
1969-02-14;4,4;11,1;0;30,3;26,7;21,4;69;2,666667;
1969-02-15;4,8;6,6;0;30,9;27,14;21,4;73,75;2;
1969-02-16;3,6;7,6;0;30,5;27,54;22,6;73,25;3;
1969-02-17;5,7;8,8;0;31,3;27,9;24,7;70,75;3,333333;
1969-02-18;6,5;11,4;0;31,5;27,88;26;72,25;3,666667;
1969-02-19;5,7;10,5;,3;31,3;27,12;21,2;71,5;1,333333;
1969-02-20;6,6;10,6;0;31,2;27,18;21,3;71,5;2,333333;
1969-02-21;5,6;8,9;0;31,2;26,98;21,8;81;2,666667;
1969-02-22;5,9;2,2;0;31,3;27,6;24;81,75;1;
1969-02-23;2,6;3,2;4,8;29,8;25,92;23,4;93,25;,666667;
1969-02-24;2,6;1,2;18,6;29,9;27,06;24,2;77;2;
1969-02-25;3,9;11,1;0;29,8;26,96;22,3;74,5;2,333333;
1969-02-26;5,7;11,7;,2;30,4;26,64;22,8;75,75;2;
1969-02-27;4,6;11,3;0;30,9;26,8;21,2;74,75;3;
1969-02-28;5,2;10;0;30,8;25,48;20,6;78,25;2,333333;
1969-03-01;5,4;,8;,8;30,9;25,44;22;91;2;
1969-03-02;,6;,3;22,6;29;25,72;22,6;85,5;2;
1969-03-03;2,3;2,2;23,3;29,8;26,62;23,4;82;1,333333;
1969-03-04;3,1;6,7;1,1;29,3;26,98;23,4;79;2;
1969-03-05;3,3;10,3;,1;29,4;27;22,7;78,25;1,666667;
1969-03-06;3,2;10,7;0;30;27,4;23,5;75,75;2;
1969-03-07;4,6;11;0;30,6;27,56;23,6;74;1,666667;
1969-03-08;3,7;8;0;31,1;27,36;23,2;77,25;2,333333;
1969-03-09;4,7;11,4;0;30,1;27,04;22,4;74;1,666667;
1969-03-10;4,1;8,4;1,6;30,5;27,2;22,5;77,75;3,666667;
1969-03-11;4,3;10,3;1,3;30,6;27,64;22,8;73;2,666667;
1969-03-12;4,7;10,9;0;30,6;27,38;23,7;81,5;,666667;
1969-03-13;3,5;9,4;,1;31;27,94;24;76,5;3;
1969-03-14;3,2;,7;7,4;32,4;26,64;23,4;91,5;,666667;
1969-03-15;1,8;5;,8;30,3;27,36;23,5;82,75;1,333333;
1969-03-16;2,4;2,8;13,4;32,3;27,68;24,1;88;,666667;
1969-03-17;1,4;9,4;0;30,3;26,8;24,2;82,5;1,333333;
1969-03-18;3,4;10,4;,2;30,4;26,68;22,8;84,5;1,333333;
1969-03-19;3;9,2;9,2;31;27,34;24;81,75;1,333333;
1969-03-20;3,2;10,5;0;30,3;27,12;23,3;76;2;
1969-03-21;3,7;10,5;,1;30,6;26,58;21,7;79,25;2;
1969-03-22;3,9;9,6;0;30,8;26,66;22,7;80,5;2,333333;
1969-03-23;4,3;8,8;19;31,5;26,1;22,6;85,5;1,333333;
1969-03-24;2,9;7,3;3,8;30;26,34;23,4;86,5;1;
1969-03-25;2,5;7,9;18,8;29,7;26,86;23,4;81,25;2,333333;
1969-03-26;2,6;10;0;29,8;27,14;23;79,75;2,333333;
1969-03-27;3,1;8,1;0;30,5;26,8;23;79,25;2;
1969-03-28;2,8;6,5;1,8;30,5;26,9;23,4;84,5;1,333333;
1969-03-29;2,5;,6;33,8;30,1;25,76;23,3;87,25;,666667;
1969-03-30;1,9;8,6;18;29,7;26,5;23,2;83;2,666667;
1969-03-31;2,7;2,9;1,3;30;26,3;24;90;1;
1969-04-01;1,9;7,8;1,7;29,5;26,72;23,4;85,5;1;
1969-04-02;2,3;7,8;2;30,4;27;23,6;83,75;3,333333;
1969-04-03;2,9;2,7;12,2;30;27,26;24,3;80,5;2,333333;
1969-04-04;3,5;9,6;,8;29,1;26,5;23,3;80,5;2,333333;
1969-04-05;3,1;10,1;0;29,9;27;22,7;82,75;3;
1969-04-06;3,1;1,8;15,9;30,3;26,16;23,7;90,75;1;
1969-04-07;1,4;4,6;12,6;30,3;26,54;23,2;84,5;1,666667;
1969-04-08;2,3;10,1;3,2;30,1;26,58;23,1;85,25;2;
1969-04-09;2,9;5,4;,2;30;26,5;23,5;86,75;1;
1969-04-10;1,7;10,6;1,4;29,1;26,12;23,5;82,75;2;
1969-04-11;3,1;10,4;0;29,9;25,68;21,6;82;2,333333;
1969-04-12;3,3;10,4;0;30,7;26,86;22,6;74,25;2,666667;
1969-04-13;4,6;1,3;0;30,5;26,08;22,3;81,25;1,333333;
1969-04-14;3,4;2;0;30,3;26,02;23,1;84,25;2;
1969-04-15;2,7;9,1;0;30,2;26,68;23,9;80,5;2;
1969-04-16;3,9;7,6;0;30,6;27,02;24,3;79,25;2,333333;
1969-04-17;4;8,3;0;31;26,66;24;83;2,666667;
1969-04-18;2,9;9,1;4,2;30,7;26,8;24;82,25;1,333333;
1969-04-19;3,1;9,6;0;30;26,58;23,7;82,25;1,666667;
1969-04-20;3,4;0;8,6;28;24,92;23,5;95,5;,333333;
1969-04-21;1,2;10,1;22,2;29,7;27,14;23,4;78;3,666667;
1969-04-22;4,4;1;,4;29,8;26,78;24,5;76,25;2,666667;
1969-04-23;4,1;9,2;,8;29,4;25,98;23;85,25;2,666667;
1969-04-24;3;4,4;3,9;29,8;25,08;23;90,5;1;
1969-04-25;1,7;10,5;2,2;29,2;24,94;21,7;86,25;1,666667;
1969-04-26;2,6;9,2;0;30;26,02;21,2;83;1,666667;
1969-04-27;2,3;4,1;0;29,7;26,66;23,4;83,5;2,333333;
1969-04-28;2,5;9,3;0;29,6;26,42;22,1;84,5;1;
1969-04-29;3,2;11,1;,9;29,9;26,22;22,6;86,25;1;
1969-04-30;2,7;10,9;2,8;29,9;27,04;22,7;78,25;2;
1969-05-01;2,9;6,9;0;29,4;25,52;22,6;89,75;1,666667;
1969-05-02;1,7;9,5;5,3;29,4;27,14;22,7;80;2,666667;
1969-05-03;2,7;1,3;27,1;30,3;25,36;22,7;96;0;
1969-05-04;,9;5,3;13,8;29,2;26,42;23,3;88;2;
1969-05-05;2,4;10,4;0;29,7;26,5;24;85,5;1,666667;
1969-05-06;2,8;7,5;3,4;30;26,54;23,3;90,75;1,333333;
1969-05-07;1,8;9,1;3,5;29,8;26,16;23;88,25;2;
1969-05-08;2,1;8,9;1,2;29,6;25,8;23,4;86,25;2,333333;
1969-05-09;2,5;11,1;,1;29,5;25,48;22,1;81,5;2;
1969-05-10;2,4;3,8;,7;29,3;25,26;22,2;93;1;
1969-05-11;,7;,1;23,8;28,8;25,44;23,2;93,5;,666667;
1969-05-12;1;9,5;23,6;28,5;25,06;22;87;1,333333;
1969-05-13;2;10,4;2,5;29,2;25,3;22;87;2;
1969-05-14;2,2;10,6;1,2;29,3;25,56;22,4;85,5;2;
1969-05-15;3,4;9,3;2,2;29,8;25,26;22,4;85,75;2,333333;
1969-05-16;2,8;7,6;0;29,3;25,98;22,5;83;2,333333;
1969-05-17;3,6;5,3;,2;29,7;25,48;23,7;88,25;1,333333;
1969-05-18;2,2;8,1;8,4;29,6;25,52;23,3;87;1,333333;
1969-05-19;2,4;,8;48,2;26,7;24,9;22,8;95;1,333333;
1969-05-20;,5;6,8;56,9;28,8;25,54;22,8;86,75;2;
1969-05-21;2,3;1,4;45,8;28,6;25,76;23,2;87,5;1,666667;
1969-05-22;2,3;9,4;,8;29;25,94;22,7;83,5;2,333333;
1969-05-23;2,5;0;33,6;27,3;24,26;23;95,5;1,666667;
1969-05-24;,4;1,4;35;27,6;24,52;22,6;93;2,666667;
1969-05-25;1,2;8,4;67,5;29,3;25,54;23;87,75;,666667;
1969-05-26;1,9;7,4;1,6;28,8;25,3;22,4;91,75;2,666667;
1969-05-27;1,6;8,7;14,4;28,5;25,38;23,4;88,5;3;
1969-05-28;2,2;10,9;,2;29;25;20,5;85;3;
1969-05-29;2,4;1,9;7,8;28,1;24,74;23,2;92,25;,666667;
1969-05-30;,9;7,1;7,6;28,7;25,56;22,9;89,5;2;
1969-05-31;1,7;4,3;21,4;29,7;25,86;23,5;90,25;1,666667;
1969-06-01;1,2;4,4;21,2;28,6;25,12;23;92,75;1,333333;
1969-06-02;1,3;2,9;25,4;28,9;25,5;23;92;1;
1969-06-03;1,7;10,6;1,2;29,4;25,52;22,6;88,75;1,333333;
1969-06-04;1,8;10,3;0;30,2;25,74;22,1;87,25;1,333333;
1969-06-05;1,7;10,5;0;30,9;25,94;22,6;89;1,666667;
1969-06-06;1,6;10,2;0;30;26,12;22,2;85,75;2;
1969-06-07;2,3;5,9;0;29,2;25,46;22,2;89,5;,666667;
1969-06-08;1,9;1,7;22,7;28,3;24,2;22,1;89,75;1;
1969-06-09;1,9;9,1;28,1;28,9;25,02;21,9;84,25;2;
1969-06-10;2,1;7,8;4;28,7;24,96;21,5;86;2,333333;
1969-06-11;2,7;4;26,7;27,4;24,76;22,5;94,25;,666667;
1969-06-12;2,7;5,3;22;28,6;25,02;23;83,75;5;
1969-06-13;1,6;0;14,4;28,5;24,06;22;94,5;3,666667;
1969-06-14;2,7;3,4;135,9;28,4;25,6;22,4;77,25;4,333333;
1969-06-15;3,6;8,6;4,7;28,6;25,64;22,4;77,25;3;
1969-06-16;3,6;4;3;28,3;24,56;21,6;76,75;5,666667;
1969-06-17;3,4;8,7;5;28,4;24,94;21,6;83,5;3;
1969-06-18;2,9;5,4;6,4;28,3;24,62;22,3;87,75;3;
1969-06-19;2,5;2,9;7;26,4;24,5;22,6;91,75;2,666667;
1969-06-20;2,3;8;48,9;28;24,42;22,2;84;4;
1969-06-21;3;9,5;6;27,6;23,6;20,4;85,75;2,666667;
1969-06-22;2,8;8,2;0;28,1;24,54;21,3;88,75;2;
1969-06-23;1,6;,2;,3;25,9;24,1;22,7;89,5;2,333333;
1969-06-24;1,3;0;22,9;27,6;24,54;21,9;91,75;,666667;
1969-06-25;1,7;6,2;14,5;27,6;24,14;21,3;91;4,333333;
1969-06-26;1,4;1,2;33,6;27,7;24,3;21,9;91,75;2;
1969-06-27;1,6;,5;10,5;26,4;24,02;22,1;91,5;1,666667;
1969-06-28;,8;4;16,7;28;24,3;21,8;89,5;2;
1969-06-29;1,5;8;15,5;28,3;25,42;21,8;83,75;3,666667;
1969-06-30;3;8,3;1;28,1;25,22;23,3;87,25;3;
1969-07-01;2,5;10;4;28,1;24,94;22,4;87,75;3,333333;
1969-07-02;3,5;5,1;22;26,9;24,1;22,3;92,25;3,333333;
1969-07-03;1,3;2,4;44,9;28;24,6;22;88,5;2;
1969-07-04;2;3,4;10,6;26,8;24,36;22,1;91;3,666667;
1969-07-05;1,3;3,1;17,5;27,6;24,26;21,7;86;2;
1969-07-06;2,1;2,7;7,6;27,2;24,56;22,3;89,25;2,333333;
1969-07-07;1,6;,6;13,9;26,6;23,74;21,9;93;1,666667;
1969-07-08;,8;7,4;25,4;27,9;24,44;21,4;89,75;3;
1969-07-09;2,2;8,5;35,8;27,8;24,48;22,7;86,25;2;
1969-07-10;3,2;8,2;7,8;28;24,5;22;85,75;2,666667;
1969-07-11;2,6;8;10,4;27,9;24,9;22,1;88,25;2,666667;
1969-07-12;1,6;0;63;24,4;22,86;22,2;96,25;1;
1969-07-13;,2;4,1;31,9;27,4;23,68;21,6;92;2,666667;
1969-07-14;1,8;4,8;,1;27,4;23,66;21,2;90,25;2,333333;
1969-07-15;1,1;8,1;20;27,1;23,3;21,6;79,75;3;
1969-07-16;2,8;10,7;,8;28,4;24,32;19,4;83,25;2;
1969-07-17;3;10,3;2;28,8;24,3;21,9;87,5;1,666667;
1969-07-18;2,3;3,9;0;27,5;24,06;21,7;92;1,666667;
1969-07-19;1,4;4,3;46,8;27,4;24,24;22,2;92;3;
1969-07-20;2,7;5,6;21,9;27,7;23,96;21,7;83;3,666667;
1969-07-21;3,4;9,4;0;27,3;23,64;20,6;89,25;4;
1969-07-22;3;6,7;6,7;28,1;24,36;22,1;84,25;2,333333;
1969-07-23;3,4;4;13,4;27,5;23,84;21,1;88,25;4;
1969-07-24;2,1;3,7;1,7;26,3;23,6;21,2;89;2,666667;
1969-07-25;1,9;7,6;13,9;27,3;24,94;22,3;77,75;4;
1969-07-26;3,8;9,3;2,7;27,2;23,72;21,3;78;4,333333;
1969-07-27;3,7;7,3;2,7;27,4;23,74;19,7;87,25;4;
1969-07-28;2,1;3,3;19,2;26,7;23,5;21;82,5;3;
1969-07-29;3,8;10,8;,4;27,3;24,38;20,8;75,5;5,333333;
1969-07-30;5,4;4,6;0;26,9;24,94;23;79,25;5;
1969-07-31;3,2;4,8;8,2;27;24,42;21,3;84;5;
1969-08-01;3,4;11,1;4,2;27,6;23,72;21,4;79,25;2,666667;
1969-08-02;3,7;11,2;0;27,5;23,36;19,4;85,25;2,333333;
1969-08-03;2,1;8,3;5,6;27,5;24,2;20,6;84,5;2;
1969-08-04;1,8;0;47,3;25,9;22,78;21,5;92;2,333333;
1969-08-05;,9;4,5;12,4;27,1;24,12;21,6;86,5;3,666667;
1969-08-06;2;2,9;75,1;27,3;23,12;21;89,25;5,333333;
1969-08-07;1,6;7,7;29,2;27,3;23,36;21;87;1,333333;
1969-08-08;2,2;2,7;,7;25,8;23,06;21;91,5;2;
1969-08-09;,5;9,2;12,2;27,4;23,62;20,7;89,5;2,333333;
1969-08-10;2,9;6,7;1,1;27,2;24,2;21;81,25;4,333333;
1969-08-11;3,3;7,5;6,6;27,6;24,48;20,7;82,5;3,666667;
1969-08-12;3,5;7,9;12,1;27,8;24,62;22;83;5;
1969-08-13;4,6;6,4;0;27,4;24,46;21,1;83,75;5;
1969-08-14;5,9;4;,8;27,3;24,88;22,6;75,75;6,666667;
1969-08-15;5,8;7,5;,9;27,4;23,56;20,6;81;2;
1969-08-16;2,3;10,5;,4;27,5;24,06;21,2;79,25;2,333333;
1969-08-17;3,3;10,1;0;27,6;23,04;19;84,25;2,666667;
1969-08-18;2,8;8,7;,2;27,4;24,02;18,9;80,25;3,333333;
1969-08-19;2,8;10,4;0;27,4;23,3;19,5;77,5;3,666667;
1969-08-20;4,4;10,8;0;27,4;22,5;17,4;83;2,333333;
1969-08-21;2,9;10,7;0;28;23,44;19,5;85,5;1,666667;
1969-08-22;3,2;3,3;0;26,7;22,62;19,5;89;4,666667;
1969-08-23;2,7;8,7;24,8;27,3;24,08;20,7;70,25;6,333333;
1969-08-24;6;9,2;0;27,5;24,84;21;70,5;4,333333;
1969-08-25;5,4;9,9;0;27,9;23,74;21,1;82;2,666667;
1969-08-26;3,5;3,3;,8;27,1;23,06;20;86;1,666667;
1969-08-27;2,9;8,8;0;27,8;25,08;21,8;73,25;5;
1969-08-28;4,5;6,7;,4;27,6;23,42;21,1;78,75;1,666667;
1969-08-29;3,6;9,3;0;28,2;23,74;18,4;80;1,333333;
1969-08-30;3;8,8;,6;28,7;25,1;19,4;78,25;4,666667;
1969-08-31;4,3;10;0;28,5;25,48;21,9;76,75;2,333333;
1969-09-01;4,4;6,7;0;28,5;25,02;20;75;3,666667;
1969-09-02;3,9;7,6;1;27,6;24,16;21,6;83;3;
1969-09-03;3,9;7,1;1,1;28,3;23,84;19,3;76,5;4,333333;
1969-09-04;4,8;8,6;16,2;28,4;23,92;19,2;79,25;2,666667;
1969-09-05;3,4;2,1;2;26,8;23,84;21,5;88;1,666667;
1969-09-06;3,2;0;2,2;27;25,04;22,6;73,5;4;
1969-09-07;5,6;10,5;5,4;28,1;24,18;21,6;80;3;
1969-09-08;4,2;9,3;2,9;27,9;25,1;21,6;78,25;3,333333;
1969-09-09;4,7;10,1;,8;28,3;25,8;23,4;78,75;4,333333;
1969-09-10;5,1;10,1;2,4;28,2;25,46;22,9;74;5,666667;
1969-09-11;6,3;10,9;0;28,4;25,32;23,6;77,25;2,666667;
1969-09-12;5,2;8,5;2,3;28,7;25,48;23,5;80,5;4,666667;
1969-09-13;3,3;9,5;0;28,8;25,34;21;71,75;5;
1969-09-14;4,9;11;0;28,8;25,96;24;73,25;4,333333;
1969-09-15;4,4;6,8;3;27,9;23,94;21,6;84,25;1,666667;
1969-09-16;3,9;10,9;0;28,4;23,8;18,6;73,75;3,333333;
1969-09-17;5,8;10,8;0;28,7;24,98;19,8;69,75;3,666667;
1969-09-18;5,8;10,7;0;28,9;25,38;22,4;74;3;
1969-09-19;5,1;8,4;0;28,7;25,1;19,3;72;3,666667;
1969-09-20;6,1;10,9;0;28,8;25,72;23,4;69;3,666667;
1969-09-21;6,1;6,9;0;28,7;25,46;23,2;73,5;4;
1969-09-22;5,6;9,3;0;29;25,64;21,9;73,75;4,666667;
1969-09-23;5,5;8,9;,4;29,1;25,62;22,4;76,5;3,333333;
1969-09-24;4,5;10;0;29,3;25,4;20;74,5;3,666667;
1969-09-25;6;6,4;0;29,3;26,2;24;74;4,666667;
1969-09-26;4,3;4,5;0;27,9;24,7;20,7;78;3;
1969-09-27;3,8;7,2;12,9;28,3;24,92;22,7;74,5;4;
1969-09-28;4,5;8,6;1;28,4;24,06;18,9;76,5;3;
1969-09-29;4;6,4;11,2;28,4;24,12;19,8;83,25;,333333;
1969-09-30;4,1;10,8;5,8;28,6;25,58;22;76,25;3,666667;
1969-10-01;6,3;10,8;0;29,4;26;24,3;73,25;2,633333;
1969-10-02;5,3;10,5;0;28,9;25,22;19,9;75,25;3,333333;
1969-10-03;5,4;9,5;,1;28,8;25,26;20,6;77,25;3;
1969-10-04;4,8;6,8;1,4;28,5;25,2;21,1;72;3;
1969-10-05;6,1;9,1;,3;28,7;25,88;23,9;74,5;3;
1969-10-06;5,6;8,7;,1;29,2;25,18;20,3;72,75;3,333333;
1969-10-07;6,5;10,9;0;29,7;26,22;23,3;75,25;3,333333;
1969-10-08;5,3;10,8;1;29,3;25,78;23,3;75;5;
1969-10-09;5,1;10,3;4;29,4;25,18;21,2;77,75;4;
1969-10-10;4,8;8,7;2,6;29,3;25,82;22;76,25;2,333333;
1969-10-11;4,8;10,5;1,4;29,5;25,84;22;76;3;
1969-10-12;4,4;8;1,3;28,9;25,62;20,9;75;4,333333;
1969-10-13;5,3;10,7;,2;29,7;25,38;21,8;78;2;
1969-10-14;4,7;5,9;,6;29;25,18;20;80,5;2,666667;
1969-10-15;5,5;9,8;0;29,6;25,88;21,7;75,5;4,333333;
1969-10-16;3,8;10,3;0;30,1;25,66;20,3;72;1,666667;
1969-10-17;5,2;8,7;0;29,9;25;20,3;75;2,666667;
1969-10-18;6,4;9,5;0;30;25,92;21,4;69;4,666667;
1969-10-19;5,7;9,9;0;29,7;25,4;20,9;75;3,666667;
1969-10-20;6,1;8,7;,2;29,3;25,78;23,4;77,5;3;
1969-10-21;4,6;4,3;3,2;29,7;25,5;21,6;80,25;3,666667;
1969-10-22;4,4;9,3;,7;29,9;23,68;20,4;85,25;3;
1969-10-23;4,6;11,2;0;29,4;25,32;19,4;71,75;5;
1969-10-24;6,2;8,6;,3;29,6;25,34;21;73;3;
1969-10-25;4,4;6,6;,4;29;24,98;21,1;73,75;3;
1969-10-26;4,7;4,9;,5;29,8;25,2;21,4;79,5;2,333333;
1969-10-27;4,4;10;0;29,9;26,12;20,8;70,25;4;
1969-10-28;6,6;10;1,8;29,6;26,16;24,2;74,75;3;
1969-10-29;6,9;11,5;0;29,2;26,44;23,7;65,75;2,666667;
1969-10-30;7,7;10;0;29,9;26,56;22,3;71,25;4,666667;
1969-10-31;7,2;10,7;0;30,1;26,64;22,3;67,25;3,333333;
1969-11-01;3,2;7,7;0;30;26,32;24,1;70,75;3,333333;
1969-11-02;6,5;10,3;,2;29,7;24,38;19,4;74,75;3;
1969-11-03;5,9;10,9;0;29,8;25,42;19,5;70,25;3,666667;
1969-11-04;4,4;5,6;2,2;29,5;25,06;19,5;72,75;2;
1969-11-05;6,4;3,9;0;29,5;26,42;24,5;72;2,333333;
1969-11-06;8;10,6;0;30,5;27,08;25;66,5;4,666667;
1969-11-07;5,3;9,2;0;30,4;26,16;22;72;5;
1969-11-08;7,9;10,7;0;30,2;27;24,6;69,75;5,666667;
1969-11-09;8,3;11,7;0;30,3;26;20,9;65,5;3,666667;
1969-11-10;8,3;11;0;30;26,18;20,8;72,75;2,333333;
1969-11-11;7,1;10,6;0;30,3;26,8;24,5;70;4,333333;
1969-11-12;6,9;9,2;4;28,7;25,42;21,3;75,5;3,333333;
1969-11-13;7,7;10;0;30;27;24,6;66,75;3,333333;
1969-11-14;5,4;11,5;0;29,6;26,84;24,5;65,75;4,666667;
1969-11-15;7,2;11,5;3,1;29,5;25,96;21,3;70;4;
1969-11-16;6,1;10,6;6,6;29,4;25,92;21,4;69,5;5;
1969-11-17;6,7;9,3;,1;29,6;26,7;24,5;67;4,333333;
1969-11-18;8,7;6,3;0;29,7;26,9;24,3;71,25;5;
1969-11-19;6,5;7,6;3,4;29,4;26,34;22,8;75,25;4,333333;
1969-11-20;4,8;10;4,5;29,6;26,54;23,6;76,5;7;
1969-11-21;5,6;1;1,6;29,5;25,04;23;90,5;4,666667;
1969-11-22;1,3;10,8;13,9;29,7;25,98;22,2;77,25;2;
1969-11-23;5,8;11;0;30;27,02;24,6;73,75;4,333333;
1969-11-24;5,1;10,6;3,3;29,9;26,26;22,4;74;2,333333;
1969-11-25;4,1;7,7;0;31;25,78;21,4;79,5;3;
1969-11-26;4,1;10,8;0;29,8;26,1;20,6;72,75;3;
1969-11-27;4,9;10,9;,4;30,4;26,32;20,6;72,75;3;
1969-11-28;5,5;10,2;0;30,1;26,64;22,5;74,25;3;
1969-11-29;5,9;9,5;0;30,5;25,46;20,6;75,5;2,666667;
1969-11-30;3,2;10,2;0;30,3;25,82;20,4;76;2;
1969-12-01;4,5;11,4;0;30,8;27,06;22;67,25;3;
1969-12-02;5,4;6;8,5;30;26,3;23,5;80,5;2,333333;
1969-12-03;5;11,7;,2;30,2;26,84;23,6;73,25;2,666667;
1969-12-04;6,7;10,4;0;29,9;26,2;23,6;80;3;
1969-12-05;6,1;10;,2;30,2;26,3;22,1;71;2,333333;
1969-12-06;6,8;9,2;0;29,4;26,52;23;72;3,333333;
1969-12-07;3,8;11,6;5,7;30,4;26,38;21,4;69,25;2,333333;
1969-12-08;5,8;11,1;0;30,2;26,84;23;68,75;3,666667;
1969-12-09;5,8;6,8;1,5;30,2;25,72;21,1;74,5;3,666667;
1969-12-10;5;10,6;0;30,3;26,36;20,6;70,25;3,333333;
1969-12-11;6;11,3;0;30,5;26,28;20,2;69;3,666667;
1969-12-12;5,9;11;,2;30,4;26,26;20,3;69,75;3;
1969-12-13;6,9;11;0;30,2;26,64;21,3;68,5;5;
1969-12-14;6,3;10,2;0;30,7;26,38;21,3;72,25;2,666667;
1969-12-15;5;10,3;0;31,4;26,66;21,6;76,25;2,333333;
1969-12-16;3,8;9,7;0;31,5;26,54;22,5;74;1,333333;
1969-12-17;4,6;10,5;0;31,4;26,54;21,4;75;1,333333;
1969-12-18;4,4;10,3;0;30,7;27,1;22,3;71,5;4,333333;
1969-12-19;8,8;9,3;0;30,2;27,38;25,5;68,75;3,333333;
1969-12-20;6,3;4,8;,8;30,3;25,92;21,3;72,75;2,333333;
1969-12-21;7,3;2,8;,2;28,3;26,18;24,4;75,75;3,666667;
1969-12-22;4,7;11,2;4,8;29,9;26,26;22,1;72,25;3,666667;
1969-12-23;7,5;7,7;0;30,1;26,42;21,9;68,5;2,666667;
1969-12-24;6,3;9,5;0;30,3;26,3;20,7;74,25;2,666667;
1969-12-25;4,9;5,5;3,7;28,2;26,2;23,4;79,5;2,666667;
1969-12-26;2,5;10,1;20,4;30,3;26,32;23;79,25;2,333333;
1969-12-27;3,1;8,1;0;29,5;26,6;22;73;2,333333;
1969-12-28;6,6;8,2;0;30,3;27,1;25,2;70,75;2,666667;
1969-12-29;5,3;8,3;,2;29,4;25,6;22,5;78;4,333333;
1969-12-30;4,7;10,4;,3;30;26,66;21,9;71,25;2,333333;
1969-12-31;7,3;11,5;0;30;26,54;22;72;3;
1970-01-01;6,5;10,6;,2;30,2;26,36;21,8;79,25;3,333333;
1970-01-02;5,2;6,3;4,4;29,4;26,42;24,5;81,75;4,333333;
1970-01-03;5,7;8,2;2,1;30,1;27,18;24,4;71,5;5,333333;
1970-01-04;6,9;8,7;1,6;29,9;27,06;24,4;74,5;2,333333;
1970-01-05;6;10,7;0;30,4;27,58;25,6;76;2;
1970-01-06;6,9;8,6;0;30,6;27,68;25,7;76,75;4,666667;
1970-01-07;6,6;10,3;0;30,3;27,56;25,6;74;3,333333;
1970-01-08;6,5;11,4;0;30,2;27,36;25,4;73,5;2,333333;
1970-01-09;6,2;10,6;0;30,3;26,8;22,2;73,75;2;
1970-01-10;5,1;6,5;0;30,7;26,86;22,8;76;2;
1970-01-11;4;9,8;0;31,5;27,68;23,4;73;3,666667;
1970-01-12;5,2;10;0;31,7;27,46;22,5;73,5;2,666667;
1970-01-13;6,5;8,4;4,3;29,6;26,82;24;76,75;3,333333;
1970-01-14;6,5;9,2;0;30,4;26,92;23,8;75;2;
1970-01-15;5,8;6,7;,1;29,6;26,22;21,8;77,5;2,333333;
1970-01-16;3,7;10,9;3,1;30,3;26,96;22;75,25;3,333333;
1970-01-17;4,7;4,3;0;29,7;26,58;22,6;75,5;2;
1970-01-18;3;5,7;4,7;29,4;26,16;23,4;82,25;2;
1970-01-19;3,4;4,1;30,5;29,2;26;23;75,75;1,666667;
1970-01-20;3,6;6,7;,6;28,9;25,96;23,1;79,5;2;
1970-01-21;3,5;8;3,5;29,5;26,8;22,4;76,5;3,333333;
1970-01-22;3,8;7,1;26,2;29,4;26,34;23,3;81,5;2;
1970-01-23;3,3;3,9;,2;30,7;27,14;23,7;80;,333333;
1970-01-24;2,2;0;5,8;28,5;25,66;23,5;91,25;1,333333;
1970-01-25;2,5;9,9;,9;29,4;26,68;23,8;74,75;3,333333;
1970-01-26;5,1;10,1;0;29,6;26,04;21,3;76,25;2;
1970-01-27;4,9;10,7;8,3;29,3;26,36;22;75,5;3,666667;
1970-01-28;4,5;9;5,6;29,1;26,06;22;79;3,666667;
1970-01-29;4,5;11,5;,1;29,9;26,36;22,1;71,75;3,333333;
1970-01-30;4,9;10,3;0;29,9;25,68;20;77;2,333333;
1970-01-31;3,6;9,9;0;30,4;26,06;20,2;72,5;3,333333;
1970-02-01;4,8;9,2;0;29;26,24;20,8;71,75;5,333333;
1970-02-02;5,4;10,6;1,7;31;26,7;22,6;77;2,333333;
1970-02-03;5;11,4;,2;30,4;27,02;23,2;72,75;3,666667;
1970-02-04;5,1;10,1;0;30,4;27,3;23;70,25;4,333333;
1970-02-05;8,3;11;0;30,4;27,48;25,5;68;5,666667;
1970-02-06;8;10,5;0;30,6;26,94;23,3;73,75;3,333333;
1970-02-07;6;5,6;4;30,1;26,96;23,7;72,25;6,666667;
1970-02-08;5,3;3,3;4,8;28,2;25,28;22,9;91;4,333333;
1970-02-09;2,3;10,3;51,3;29,3;26,68;23,4;81;3,333333;
1970-02-10;4,6;9,4;3,2;29,3;27,04;24,8;77,75;3,666667;
1970-02-11;4;10,1;,6;29,3;26,42;25,5;82,75;4,333333;
1970-02-12;3,3;10,4;0;29,7;26,6;21,8;73,25;3,333333;
1970-02-13;6,3;3,8;,2;30;27,5;25,4;72,5;3;
1970-02-14;5,6;10,1;,1;29,7;26,64;23,8;72,75;3,333333;
1970-02-15;5,8;10,2;0;29,7;25,78;21,5;74,25;2,333333;
1970-02-16;5,6;10,6;0;29,9;25,88;20,3;72,75;2;
1970-02-17;6;9,8;,1;29,9;26,14;21,9;74,25;1,666667;
1970-02-18;6,4;9,7;0;31,3;26,92;22;73;2,333333;
1970-02-19;7,1;8,9;0;30,8;27,28;22,5;73,5;3,666667;
1970-02-20;6,3;10,4;0;30,7;27,9;25,4;72,25;2,333333;
1970-02-21;4,9;10,6;0;30,8;26,84;21,7;72,75;3,333333;
1970-02-22;5,3;2,5;12,2;29,3;26,52;23,7;79,25;5;
1970-02-23;3,8;8,9;,5;30,3;26,78;21,7;73,75;4,333333;
1970-02-24;4,7;4,4;26,2;29,4;26,26;23,1;80,5;3,666667;
1970-02-25;4;10,8;1;29,4;26,18;23,4;78,25;3,666667;
1970-02-26;3,8;10,3;0;29,8;26,42;21,8;76,75;4,666667;
1970-02-27;4,5;8,4;0;29,8;26,54;22,4;82;2,666667;
1970-02-28;4;,5;7,2;28,5;25,62;23,4;89,75;1,333333;
1970-03-01;,9;,6;84,4;28;25;22,8;93;,333333;
1970-03-02;2,2;2,3;7,5;29,2;25,52;23,1;89,75;,666667;
1970-03-03;3,2;6,8;13,6;29,4;26,94;24,5;81,5;2,333333;
1970-03-04;2,9;7,4;,2;29,3;25,98;22,3;84,75;,666667;
1970-03-05;2,6;10,9;0;29,7;26,72;22,4;80,75;1,666667;
1970-03-06;3,9;9,5;6;29,5;26,58;23,9;83,75;3,333333;
1970-03-07;2,5;6,6;,2;29,4;26,36;23,7;81,5;1;
1970-03-08;3,6;10,2;15,6;29,1;25,48;23,5;85;1,333333;
1970-03-09;3;10,1;,1;29,8;26,78;22;79;2;
1970-03-10;4,2;10;,4;29,5;27,14;24,8;77,75;3,666667;
1970-03-11;3,6;4,2;0;29,8;25,44;22,5;86;1,666667;
1970-03-12;2,3;8,7;,4;29,9;26,36;22,2;84,75;6,333333;
1970-03-13;3,3;2,6;25,3;29,2;25,4;22,8;84;3,666667;
1970-03-14;2,1;7,1;3,6;29,9;26,48;23;83,5;2,333333;
1970-03-15;3;5,6;4,8;29,3;26,54;24,5;81,5;3;
1970-03-16;3,1;10,7;0;29;25,3;21,5;82,75;1,333333;
1970-03-17;3,5;7,5;0;29,5;25,84;22,8;83,25;2,666667;
1970-03-18;3;6,9;,5;29,8;26,08;24,3;85,5;,666667;
1970-03-19;2,4;0;22,8;27,4;25,24;23,7;91,25;0;
1970-03-20;2;10,1;13,5;29,4;25,78;22,2;82,25;2,666667;
1970-03-21;3,5;2,4;0;28,7;25,54;21,9;81,25;3;
1970-03-22;3,3;8,7;3,4;29,3;26,22;23,3;80,25;4,666667;
1970-03-23;3,5;10,3;1,1;29,1;25,44;23,3;83,75;2,333333;
1970-03-24;3,5;10,3;0;29,3;26,02;22,2;79,25;2;
1970-03-25;3;8,3;1;29,4;25,76;21,9;82,75;1,333333;
1970-03-26;3,6;7,5;10,2;29,2;26,52;24,3;80,25;4;
1970-03-27;3,9;6,2;0;29,4;25,96;23,5;83,75;5,333333;
1970-03-28;3,4;7,3;9,2;29,2;26,02;23,3;81;4;
1970-03-29;2,8;8,1;0;29,3;25,94;22,2;80,25;3;
1970-03-30;3,8;2,5;,4;29;25,62;23,6;89,75;1,666667;
1970-03-31;2,1;5;45,2;29,3;26,9;23,5;80,25;4;
1970-04-01;3,6;,1;5,3;28,2;25,98;23;82,25;3;
1970-04-02;3,2;8,7;1;29,3;26,54;24,2;83,75;5,333333;
1970-04-03;3,2;10,2;6,2;29,3;25,48;22,8;82,75;3;
1970-04-04;2,7;3;,1;27,2;24,56;22,7;94;3;
1970-04-05;3,7;2,1;75,4;28,5;24,42;22,8;95;1,333333;
1970-04-06;1;10,6;1;28,7;25;21,5;85,75;1,333333;
1970-04-07;2,2;10,2;0;29,8;26,38;21,4;84,5;2;
1970-04-08;2,9;10,2;0;29,9;26,58;22,5;77,25;3,333333;
1970-04-09;3,9;9,7;0;29,8;26,24;21,5;77;3,333333;
1970-04-10;4,6;9,5;0;29,4;25,94;20,5;75,5;3;
1970-04-11;3,4;10,4;0;29,7;25,74;20,4;80;3;
1970-04-12;3,2;7,8;8,4;29,8;26,62;23,2;79,5;2,333333;
1970-04-13;4,1;9,7;0;29,7;25,7;22;84;2;
1970-04-14;2,8;4,3;57,7;29,8;25,52;23,3;91,25;1,666667;
1970-04-15;2,6;10,1;2,4;29,5;26,74;23,9;81,5;2,333333;
1970-04-16;3;10,1;0;29,2;25,74;22,5;80;2,666667;
1970-04-17;3,3;5,9;0;29;25,58;21,4;84,25;3;
1970-04-18;2,3;6,5;27,9;29,2;24,98;22,4;84,75;2;
1970-04-19;2,5;10;0;29,3;25,38;22,1;85;3,333333;
1970-04-20;3,1;7,9;33,7;28,4;25,34;22;86,75;2,333333;
1970-04-21;1,8;0;31,2;24,7;23,4;22,5;95,25;3,333333;
1970-04-22;,8;10,3;46,2;28,8;25,48;21,6;87,25;2;
1970-04-23;1,7;0;45;27,4;24,46;23,2;94;1,666667;
1970-04-24;,5;5,5;64,4;28,6;25,18;23,2;92,5;2,666667;
1970-04-25;2,2;5,4;44,5;28,8;25,02;23,5;88,75;4,333333;
1970-04-26;2,8;0;52,8;26,7;23,64;22,4;91;3,666667;
1970-04-27;2,2;1;13,7;29,3;24,5;21,8;86,25;2,333333;
1970-04-28;1,7;0;38,3;25,2;24,04;22,7;92,75;3;
1970-04-29;,7;1,4;34;27,2;24,18;22,8;90,5;3,666667;
1970-04-30;1,5;10,6;2,1;28,9;25,4;21,7;87,75;2,333333;
1970-05-01;2,3;8,8;2,6;28,8;24,82;22,3;91;4;
1970-05-02;1,9;5,2;26,2;28;24,78;22,6;87,75;4,333333;
1970-05-03;2,1;4,9;2,7;28,7;25,62;22,8;88,25;2,666667;
1970-05-04;1,9;8,5;3,9;28,6;25;22,4;82,25;2,333333;
1970-05-05;3,2;8,5;0;28,8;25,1;21,7;88,75;2,333333;
1970-05-06;1,9;4,7;31,7;29;26,02;21,8;81,75;4;
1970-05-07;3,7;11;0;28,9;24,96;21,9;84,25;1,666667;
1970-05-08;2,7;4,6;0;28,7;24,9;22,1;80,75;3,333333;
1970-05-09;1,9;9,4;5,1;28,6;23,68;20,9;88,25;2;
1970-05-10;2,1;9,7;,5;29,1;25,62;20,8;82,75;4,666667;
1970-05-11;4,2;8,8;,1;28,8;26,28;24,6;77,25;4,666667;
1970-05-12;3,6;10,8;0;29;24,92;21,4;81;4,666667;
1970-05-13;3,7;,4;10,6;27,4;24,48;22,5;93;3;
1970-05-14;1;,5;55,8;27,6;24,52;21,5;86,75;3,333333;
1970-05-15;2,5;1,4;9,5;26,8;24,26;22,7;90,25;,666667;
1970-05-16;1,3;4,7;5,7;28,3;24,3;21,8;88,25;5;
1970-05-17;2,6;5,2;,7;28;23,92;21,9;85,75;2,666667;
1970-05-18;2,5;8,6;0;28,3;23,48;20,3;85,75;2;
1970-05-19;2,7;9,1;0;28,5;25,04;20,6;84,25;2,333333;
1970-05-20;2,5;1,7;5,9;28,6;24,42;22,5;92,25;2;
1970-05-21;1;10,3;0;29,3;24,94;21,7;88,25;2,666667;
1970-05-22;2,2;10,7;0;28,8;24,54;20,6;85,75;1,666667;
1970-05-23;2,6;1,7;0;27,1;23,56;20,6;90,75;3,333333;
1970-05-24;1,2;10,5;2,2;28,3;23,84;18,8;82;3;
1970-05-25;3,9;10,1;2;28,3;23,62;20,4;85;2;
1970-05-26;2,7;10,4;0;28;24,16;20,3;86;1,666667;
1970-05-27;3,3;10,2;,8;28;24,2;21,6;79;3;
1970-05-28;3,6;9,4;,2;27,9;23,7;19,5;75,25;4;
1970-05-29;4,3;4,8;1,6;28,4;24,38;21,5;84,75;3,333333;
1970-05-30;2,7;5,2;10,1;28,3;25,36;22,6;75;5,333333;
1970-05-31;4,6;4,8;8,8;29;24,98;22,8;84,75;2,666667;
1970-06-01;2,8;2,3;9,9;28,1;23,38;21,2;93;1,333333;
1970-06-02;1,5;0;99;27,4;23,58;21,6;95;3;
1970-06-03;1,4;8,9;51,4;27,9;24,9;21,6;81,75;2;
1970-06-04;2,8;5;2;28,2;24,42;20,8;88,5;2,333333;
1970-06-05;2,8;0;8,3;25,6;24,16;22,4;90,5;3,333333;
1970-06-06;,3;8,9;26,5;28,3;25,12;22,8;85,5;3;
1970-06-07;3,4;5,3;4,6;28,5;25,1;22,6;86;3,333333;
1970-06-08;3,6;7,9;10,1;27,9;25,58;23;73,25;6,333333;
1970-06-09;4,5;8,7;,8;27,1;23,3;20;89,75;2,333333;
1970-06-10;2,2;5,8;5,3;27,7;24,32;21,7;88;1,666667;
1970-06-11;1,8;2,5;1;26,8;24,32;21,4;89,5;1;
1970-06-12;1,7;10;4,3;28,5;24,84;22,5;86,75;1,666667;
1970-06-13;2,1;10,7;0;28,6;24,68;20,8;86,75;1,333333;
1970-06-14;3,1;8,7;0;28,8;24,82;21;88,5;1;
1970-06-15;,6;8,4;,1;29;25,48;21,9;86,25;1,666667;
1970-06-16;2,5;9,8;0;28,6;24,96;20,9;85,75;2,333333;
1970-06-17;2,7;10,5;0;28,5;25,8;23;80;4,333333;
1970-06-18;4,1;10,2;,5;27,9;24,76;22,2;81,25;4;
1970-06-19;3,4;9,9;14,5;27,6;24,52;22,3;82,5;3,333333;
1970-06-20;3,5;9,5;0;27,9;24;20,6;79,5;4;
1970-06-21;3,5;0;8;26;23,34;21,7;92,75;4;
1970-06-22;1,1;4,8;64;27,4;23,84;21,7;86,75;2,666667;
1970-06-23;2,6;0;4,2;26,8;23,64;21,7;95,75;1,666667;
1970-06-24;1;9,6;43,2;28,2;25,4;22,1;82,5;3,666667;
1970-06-25;3;5,4;0;27,9;24,02;21,7;88;2;
1970-06-26;2,2;8,3;2,6;27,5;24,02;21,9;83,25;4;
1970-06-27;2,9;7,7;2,6;27,4;23,44;20,8;84,5;3,333333;
1970-06-28;2,7;9,9;,4;27,5;23,92;20,8;81,25;4,333333;
1970-06-29;3,4;8,7;,3;27,4;24,16;19,8;82,5;4;
1970-06-30;2,9;9,8;4,2;27,7;24,14;20,8;89;2,666667;
1970-07-01;2,7;1;6,7;25,8;23,58;21,9;86,75;1,666667;
1970-07-02;1;8,9;16,2;27,5;23,68;20,3;84,5;4;
1970-07-03;2,7;9,1;0;28;23,64;19,4;84,5;2;
1970-07-04;2,7;8,7;3,1;27,5;23,74;20,8;83,75;4,333333;
1970-07-05;3,8;6,1;4,1;27,3;23,68;21,8;81,75;3,666667;
1970-07-06;3,4;2,1;,3;26,4;23,18;20,6;83;2,333333;
1970-07-07;3,6;2,3;0;27;23,46;20,8;84,25;3,666667;
1970-07-08;2,9;,9;5,4;26;23,06;21,5;88;4,666667;
1970-07-09;1,6;8;3,5;27,3;23,64;20,1;80,25;3,666667;
1970-07-10;3,6;11,2;0;27,5;23,28;19,9;78,25;4,666667;
1970-07-11;3,6;6;2,1;26,8;23,26;20,4;87,75;2,666667;
1970-07-12;2,4;10,5;5,8;27,1;23,04;21;81,75;3,666667;
1970-07-13;4,4;11;0;27,3;23,14;18,7;78;3,666667;
1970-07-14;4,2;10,2;,4;27,5;23,02;20;80;4,333333;
1970-07-15;3,7;11,1;0;27,7;23,72;20,4;81,75;3,666667;
1970-07-16;3,6;8,5;4;27,5;24,22;20,8;79,5;4,666667;
1970-07-17;4,1;5,7;6,8;26,8;23,32;21,3;86;4,333333;
1970-07-18;2,3;0;26,8;23,3;21,52;20,6;95,25;5,333333;
1970-07-19;,8;0;75;24,6;22,46;20,5;96,25;5;
1970-07-20;,7;0;133,4;26,2;23,54;21,8;94,5;3,666667;
1970-07-21;null;4,3;107,8;27;null;21,3;null;3,333333;
1970-07-22;null;10,5;1,8;27;23,52;21,2;77,5;4,333333;
1970-07-23;3,7;7,2;1,1;26,7;22,96;19,2;79,75;4,333333;
1970-07-24;3,1;7,2;8,7;27,3;23,48;20,6;87,25;3,666667;
1970-07-25;1,8;8,5;20,6;27,5;24,98;22,2;79,5;6;
1970-07-26;2,9;7,6;8;27,1;24,26;22,3;79,5;6,666667;
1970-07-27;3,2;4,3;3,9;26,7;23,56;20,9;89,25;4,333333;
1970-07-28;1,9;0;27,4;26,4;23,58;21,4;87;3;
1970-07-29;1,3;4,4;13,2;27,3;23,26;20,8;86,75;4;
1970-07-30;2,8;0;1,2;25,2;23,18;21,7;92,25;4;
1970-07-31;1,2;4,9;16,3;26,5;24,28;21,7;86,5;3,666667;
1970-08-01;2,8;5,4;10,8;27;22,94;20,5;86;4;
1970-08-02;2,3;10;22,3;27,5;23,24;20,3;81;3,333333;
1970-08-03;4,5;1;17,2;26,5;23,44;21,2;86,5;4,666667;
1970-08-04;3,3;3,2;10,1;29;24,52;21,8;85;3,333333;
1970-08-05;2,5;7,5;3,2;27,8;23,74;21,2;83,75;4,666667;
1970-08-06;3;0;31,8;25,1;22,9;21,7;96,25;2;
1970-08-07;1,2;4,1;6,6;26,8;24,08;21,8;78,75;4,666667;
1970-08-08;3;9,9;1,5;27,2;23,44;19,9;81;2,733333;
1970-08-09;3,1;9,1;,4;27,4;23,38;20,1;87,75;2,333333;
1970-08-10;2,1;0;6,9;26,3;23,14;21,4;94;3,333333;
1970-08-11;null;1,6;335,8;26,8;23,1;20;null;2,333333;
1970-08-12;1,1;7,3;5,3;26,2;23,1;20,1;79;5,666667;
1970-08-13;3;2,2;18;25,7;22,6;20,6;91,25;4,333333;
1970-08-14;2,4;3,7;20,5;27,5;22,86;20,7;88,75;3,333333;
1970-08-15;2,5;0;55,9;23,7;21,78;20,6;93,75;2,666667;
1970-08-16;,6;8,2;26,7;26,9;24,06;20,8;80;6,333333;
1970-08-17;4;10,9;0;27;24,14;20,8;75,25;7,666667;
1970-08-18;6,4;10,2;0;27;23,66;21,9;79;6,333333;
1970-08-19;5,1;9,8;,8;27,3;24,3;21,2;74,75;7,666667;
1970-08-20;4,5;10,7;,9;27,4;24,12;20,5;72,25;6,666667;
1970-08-21;4,7;10,4;1,1;27,2;23,46;20,1;80;4;
1970-08-22;3,8;10,6;0;27,3;23,58;19,6;75,5;5,333333;
1970-08-23;4,5;9;0;28,2;24,24;21,2;81,25;2,666667;
1970-08-24;3,1;3,7;,6;26,5;23,66;21,4;88,25;3,333333;
1970-08-25;2,6;5,7;10,7;27,2;24,16;21,6;79,5;3,666667;
1970-08-26;3,7;11;0;27,7;23,68;19,2;78;4,333333;
1970-08-27;3,5;3,3;5,7;27,4;23,14;20,7;89,25;3,333333;
1970-08-28;2,3;,2;2,1;24,5;22,64;20,9;93,5;2,666667;
1970-08-29;,6;,5;20,4;26;23,44;20,8;91,25;,666667;
1970-08-30;1;8,7;10,3;27,6;23,94;20,6;83,25;2;
1970-08-31;3,5;4,5;,4;27,6;24,1;21,2;86,25;3;
1970-09-01;2,7;10,6;0;28,4;24,32;19,5;84,25;1,666667;
1970-09-02;3,4;9,2;1,8;28;24,54;22;82;4;
1970-09-03;3,6;10,1;5,2;27,6;24,26;20,6;80;4,333333;
1970-09-04;3,9;8,8;1,4;27,7;24,34;19,9;76,75;5,666667;
1970-09-05;4,2;9,5;0;27,9;24,76;21,4;72,75;7,333333;
1970-09-06;4,8;9,7;2;28;24,28;21,3;77,75;5;
1970-09-07;4,1;9,3;,4;28;24,52;21,7;80;5,333333;
1970-09-08;4,1;8,7;8,4;27,7;24,76;22,1;82,25;2,666667;
1970-09-09;2,7;7,2;10,5;27,8;24,84;22,2;86;4;
1970-09-10;3;5,7;4,1;27,9;24,7;22,8;81,25;5;
1970-09-11;4,1;10,7;1;27,7;24,48;21,8;77;3,333333;
1970-09-12;5,2;8,4;0;27,9;25;22,8;78,25;6,333333;
1970-09-13;3,7;6,4;2;27,7;24,8;22,2;80,25;6;
1970-09-14;3,5;9,4;,6;28,2;25,44;22,5;79;5;
1970-09-15;3,3;8,5;,2;27,8;24,04;21,4;85,25;2,333333;
1970-09-16;3,5;10,5;,2;28;24,94;20,8;74,5;3,666667;
1970-09-17;4,2;9,3;,2;28,4;25,12;20,8;74,75;4,333333;
1970-09-18;4,8;8,8;3,3;28,5;24,68;21;79,25;3,333333;
1970-09-19;4,8;9,1;,6;28,5;24,76;23,1;80,25;2,666667;
1970-09-20;4,6;10,8;21,7;28;24,94;22,2;78,25;4,333333;
1970-09-21;5,3;10,6;1,6;27,8;25,2;22,9;74,25;4;
1970-09-22;5,1;9,2;,4;28;24,3;22,1;80,25;2;
1970-09-23;3,8;8,4;0;28,2;24,84;19,8;75,5;4,333333;
1970-09-24;4,9;6,8;0;28,8;25,22;19,6;77,25;4,666667;
1970-09-25;5,6;10,2;,6;28,8;25,8;23,8;73,75;4;
1970-09-26;4,8;10,5;0;28,8;24,94;20,8;79;2;
1970-09-27;4;7,8;0;28,8;25,26;20,4;75,5;4,333333;
1970-09-28;4,7;10;0;28,4;24,08;20,5;84,25;2,333333;
1970-09-29;3,2;5,5;10;27,5;23,52;21;83,5;,333333;
1970-09-30;2,7;10,7;1;28;24,62;19,8;79,25;2,333333;
1970-10-01;3,8;8,6;,8;28,8;25,36;21,9;78,5;3;
1970-10-02;3,9;9,9;0;29,4;24,76;21;80,25;2;
1970-10-03;3,6;8,5;,1;29;25,16;21;76,5;2,666667;
1970-10-04;4,5;10,2;0;28,8;24,88;20;78,25;2,333333;
1970-10-05;4,1;9,3;,1;29,3;25,12;20,3;75,75;2,666667;
1970-10-06;3,2;9,4;0;29,9;25,96;21,5;76,75;2,666667;
1970-10-07;3,3;2;4,1;28,7;24,6;21,5;84,25;2;
1970-10-08;2,5;10,6;,4;29,5;25,4;21,2;76,5;2;
1970-10-09;3,6;10,7;0;29,5;25,34;19,6;77,75;3;
1970-10-10;5,1;10,3;0;29,3;25,52;20,4;73,5;4,333333;
1970-10-11;5;8,5;0;28,8;24,86;20;78;3;
1970-10-12;5,9;10,2;,2;29;25,76;23,3;73,75;2,333333;
1970-10-13;5,7;10,8;1,8;28,9;24,22;20,9;80;2,333333;
1970-10-14;4,4;9,5;0;29,1;25,26;18,9;73;3;
1970-10-15;5,9;10,4;,4;29;25,5;22,2;72,25;4;
1970-10-16;4,9;9,1;1;29,5;25,44;19,7;74,75;4;
1970-10-17;4,7;7,1;0;29;24,76;19,9;78,25;3,333333;
1970-10-18;4,4;11;0;29,7;25,36;20;73,75;3,666667;
1970-10-19;5;9,8;0;29,5;25,6;20,4;72,75;3,333333;
1970-10-20;4,7;10,6;0;29,4;25,28;19,8;73,25;2,333333;
1970-10-21;9,7;8,9;0;30,1;25,46;21;80,25;1,666667;
1970-10-22;3;10,2;0;30,8;26,26;21,1;73,5;2,333333;
1970-10-23;3,9;8,6;0;30,7;26,34;22,1;72,5;3;
1970-10-24;5,2;10,7;0;29,9;25,56;19,8;69;4,666667;
1970-10-25;5,1;9,5;0;29,8;26,18;20,2;73,75;3,666667;
1970-10-26;5,8;10,9;,2;30,3;26,98;25,1;76,75;3,666667;
1970-10-27;5,6;11,4;0;29,7;24,62;20,6;80,5;2,333333;
1970-10-28;4,7;7,9;0;30;25,72;19,5;71,5;4,666667;
1970-10-29;5,5;11,1;0;29,8;26,08;21,7;71,5;4;
1970-10-30;5,1;10,5;2,8;29,9;25,1;21,2;78,75;1,333333;
1970-10-31;3,9;10,9;0;29,8;25,56;20,3;72;3,666667;
1970-11-01;5;10,4;0;29,8;25,14;20,3;72,75;2,333333;
1970-11-02;4,5;11,1;0;30,3;25,96;20,4;73,5;4;
1970-11-03;6,9;9,7;0;30,2;26,74;22,8;71;4,666667;
1970-11-04;6,9;7;1;29,2;25,66;23,4;77,75;4;
1970-11-05;5;9,3;5,5;29,4;25,94;22,4;72,25;4,333333;
1970-11-06;5;10,1;0;29,9;26,06;20,2;70,25;4;
1970-11-07;4,8;5,5;0;29,2;24,6;19,4;77,75;2,666667;
1970-11-08;3,7;9,2;,5;30,3;25,54;20,5;75,25;3,666667;
1970-11-09;4,7;7;14;29,3;25,66;22,7;78,25;1,666667;
1970-11-10;4,2;8,4;,2;30;25,96;21,4;77,5;2,333333;
1970-11-11;4;8,2;3,1;29,4;26,34;22,4;78,75;1,333333;
1970-11-12;4;10,6;0;30,2;26,52;22,3;76,25;2;
1970-11-13;5;9,1;,1;29,9;26,84;24,5;76,5;2,666667;
1970-11-14;5;10,3;0;30;26,36;21,3;72,25;3,666667;
1970-11-15;5,8;6,3;,3;29,7;26,42;22,3;72;3,333333;
1970-11-16;6,5;6,1;0;29,8;26,74;23;70,5;5,666667;
1970-11-17;6,1;11,2;0;30,3;26,22;21,3;69,5;3,333333;
1970-11-18;6,3;11,6;0;30,3;26,06;20,6;72,25;3;
1970-11-19;5;10,5;,4;30,3;26,4;21,1;68,25;3,333333;
1970-11-20;5;11,6;0;30,3;26,3;20,2;68,75;2,666667;
1970-11-21;5;9,9;3,5;30,4;25,68;22,7;77,75;2;
1970-11-22;4,1;9,3;0;30,6;26,14;19,6;75,75;4,666667;
1970-11-23;5,8;10,7;0;31,2;27,04;22,5;72,5;3;
1970-11-24;5,3;11;,4;30,8;26,54;21;72,25;3;
1970-11-25;6,4;8,4;0;30,6;26,48;21,4;74;3,666667;
1970-11-26;5,1;8,6;0;30,8;26,16;21,1;76,5;4;
1970-11-27;5,7;10,7;0;30,3;26,26;21,2;70,75;2,666667;
1970-11-28;5,8;11,3;0;30,3;24,66;20,8;71,5;3,333333;
1970-11-29;4,5;9;0;30,3;25,18;18,8;76,75;3,333333;
1970-11-30;5;11,4;0;30,3;26,32;20,6;69,75;2,666667;
1970-12-01;5,2;11,6;0;30,4;25,88;18,5;68;3,666667;
1970-12-02;5,9;10,5;0;30,7;26,36;20,5;71,5;4;
1970-12-03;5,2;10,4;0;31,8;26,72;21;72,25;4,333333;
1970-12-04;5,7;10,3;0;31,4;27,48;23,3;68,75;4;
1970-12-05;7,1;10,8;0;31,5;27,74;24,9;68,75;4,333333;
1970-12-06;8,5;7,3;0;30,4;26,8;24,5;71,75;4,333333;
1970-12-07;6,5;9,8;,1;30,3;26,2;20,2;71;5,666667;
1970-12-08;7;11,1;0;30,3;26,14;20,4;70,25;3,666667;
1970-12-09;6,8;10,2;0;30,5;25,88;23,3;81;2,333333;
1970-12-10;4,9;10,6;12;30,5;26,56;21,1;71,5;3,333333;
1970-12-11;6,7;9,4;10;29,8;26,64;22,7;75,75;3;
1970-12-12;5,5;8,3;0;30,2;26,18;21,4;72,75;5;
1970-12-13;6,3;10,9;0;29,7;26,14;20,5;70,25;5,333333;
1970-12-14;6,3;8,6;0;30,3;26,42;21,6;74,5;1,666667;
1970-12-15;4,8;10,2;0;30,3;26,5;21,4;77,25;2,333333;
1970-12-16;4,7;9,7;0;31,9;27,48;22,4;76,25;4,666667;
1970-12-17;5,8;11,1;0;30,5;26,86;22,5;72,5;3,333333;
1970-12-18;4,8;8;0;30,5;26,6;21,7;73,5;2,666667;
1970-12-19;4,9;10,8;0;30,8;26,7;21,9;70,75;4;
1970-12-20;5,6;7,1;3;30,3;26,16;23,4;79,75;3;
1970-12-21;5,2;10;0;30,4;26,98;21,6;67,75;4;
1970-12-22;5,8;8,8;2;30,3;26,58;23,7;82;3;
1970-12-23;4,6;11,7;2,7;30,7;27;24,1;69,75;4,333333;
1970-12-24;6;9,8;0;30,4;26,42;22,1;69,25;4;
1970-12-25;5;7,6;,8;30,5;26,38;22,5;72,75;3;
1970-12-26;6,6;8,7;0;30,4;27,08;24,2;69,75;3,333333;
1970-12-27;6,9;11,6;1,8;30,7;26,68;22,2;70,25;4,333333;
1970-12-28;6,5;11,4;0;30,3;26,56;21,4;67,5;3,666667;
1970-12-29;5,8;9,7;1,2;30,6;26,72;22,3;77;4,333333;
1970-12-30;5,6;9,4;0;30,8;27,64;25,6;73;6;
1970-12-31;6,2;10,3;0;30,8;27,62;25,3;69,75;5,666667;
1971-01-01;null;null;0;30,7;27,12;22,5;70;null;
1971-01-02;null;null;0;30,8;26,88;21,7;68;null;
1971-01-03;null;null;0;30,4;26,22;20,2;67,5;null;
1971-01-04;null;null;0;30,2;25,84;20;67,75;null;
1971-01-05;null;null;0;30,1;26,78;22,2;76,75;null;
1971-01-06;null;null;5,8;29,9;26,54;23,5;74,25;null;
1971-01-07;null;null;1,4;30,2;26,34;20,3;68,25;null;
1971-01-08;null;null;0;30,5;26,42;21;73,75;null;
1971-01-09;null;null;1,2;29,9;26,04;23,1;85,25;null;
1971-01-10;null;null;2,6;29,8;null;21,8;78,75;null;
1971-01-11;null;null;,2;30,5;28,24;25,3;66,5;null;
1971-01-12;null;null;0;30,4;26,64;21,8;72,5;null;
1971-01-13;null;null;,7;30,6;27,34;25,3;79,5;null;
1971-01-14;null;null;0;31,3;27,02;22,4;73,5;null;
1971-01-15;null;null;0;30,8;28;22,6;71,25;null;
1971-01-16;null;null;0;31,3;26,84;22,6;71,25;null;
1971-01-17;null;null;0;30,7;26,44;21,5;70;null;
1971-01-18;null;null;11,4;30,1;26,34;20,8;75,25;null;
1971-01-19;null;null;1,3;29,9;27,38;25,2;74;null;
1971-01-20;null;null;1;30,2;27,58;22,8;70,25;null;
1971-01-21;null;null;0;30,3;26,4;21,3;68,75;null;
1971-01-22;null;null;0;30,6;26,14;20,4;69,5;null;
1971-01-23;null;null;11,8;29,9;26,58;23,5;77;null;
1971-01-24;null;null;17,6;29,3;25,7;22,1;81,75;null;
1971-01-25;null;null;,6;29;24,88;21,3;86,75;null;
1971-01-26;null;null;1,9;29,2;25,22;21,8;79,75;null;
1971-01-27;null;null;,9;29,7;26,64;22,9;78,25;null;
1971-01-28;null;null;,6;30,1;27,02;23,7;77;null;
1971-01-29;null;null;,4;30,4;27,1;24,3;83,25;null;
1971-01-30;null;null;1,8;30,2;27,06;21,4;72,5;null;
1971-01-31;null;null;,3;30,4;27,22;21,2;69;null;
1971-02-01;null;null;,3;30,4;26,4;20,5;70,75;null;
1971-02-02;null;null;0;30,7;26,8;21,4;74,75;null;
1971-02-03;null;null;0;27,3;24,12;22;89,5;null;
1971-02-04;null;null;3,2;30,3;25,5;20,1;77;null;
1971-02-05;null;null;0;30,3;25,72;20,2;72,25;null;
1971-02-06;null;null;0;31,4;26,34;20,8;77;null;
1971-02-07;null;null;0;30,8;27,68;25,3;73;null;
1971-02-08;null;null;0;31,3;26,9;22;71,75;null;
1971-02-09;null;null;0;30,7;26,88;21;70,25;null;
1971-02-10;null;null;0;31,3;26,66;21,4;72;null;
1971-02-11;null;null;0;31,4;26,82;21;72,75;null;
1971-02-12;null;null;0;31,4;27,24;22;71,75;null;
1971-02-13;null;null;4,7;30,4;25,86;22,8;80,25;null;
1971-02-14;null;null;2,2;30,3;25,9;21,4;78,75;null;
1971-02-15;null;null;,6;31,4;27,2;22,5;72,25;null;
1971-02-16;null;null;16,2;30;26,36;22,8;80,5;null;
1971-02-17;null;null;3,3;30,5;27,18;23,2;74,25;null;
1971-02-18;null;null;0;30,5;27,14;23,2;75;null;
1971-02-19;null;null;0;30,8;27,14;23;75,5;null;
1971-02-20;null;null;0;31;27,46;22,8;74,25;null;
1971-02-21;null;null;0;31,4;27,4;22,8;74,75;null;
1971-02-22;null;null;0;31,5;27,34;22,4;70,25;null;
1971-02-23;null;null;0;31,4;27,32;22,3;72;null;
1971-02-24;null;null;0;31,4;27,26;22,2;72;null;
1971-02-25;null;null;0;31,7;28,28;26;72,75;null;
1971-02-26;null;null;7,8;30,4;26,94;22,5;75,5;null;
1971-02-27;null;null;1,5;31;27,38;23,4;73,25;null;
1971-02-28;null;null;1,1;30,7;26,84;22,1;72;null;
1971-03-01;null;null;0;31;27,42;22,4;70,25;null;
1971-03-02;null;null;0;31,4;27,32;22,6;76;null;
1971-03-03;null;null;,3;31,8;27,96;23,5;73,75;null;
1971-03-04;null;null;9;30,6;27,56;23,7;75,75;null;
1971-03-05;null;null;0;31,5;27,46;23,8;75;null;
1971-03-06;null;null;0;31,7;27,32;21,7;74,25;null;
1971-03-07;null;null;0;31,7;27,62;22,3;74,25;null;
1971-03-08;null;null;,6;31,4;27,64;23,1;69;null;
1971-03-09;null;null;,1;31,4;27,42;21,8;72,25;null;
1971-03-10;null;null;0;29,6;26,08;21,9;82,5;null;
1971-03-11;null;null;11,8;30;26,94;23,2;null;null;
1971-03-12;null;null;2,8;31;27,6;23;76;null;
1971-03-13;null;null;0;31,5;27,78;24,7;79,75;null;
1971-03-14;null;null;17,7;30,3;26,9;24,5;80,5;null;
1971-03-15;null;null;2,2;30,5;27,2;23,7;82,25;null;
1971-03-16;null;null;16,8;29,5;26,02;23,6;88;null;
1971-03-17;null;null;2;30,3;28,36;23,1;70,75;null;
1971-03-18;null;null;0;30,3;26,34;22,8;77,25;null;
1971-03-19;null;null;0;30,3;26,64;21,3;77,5;null;
1971-03-20;null;null;0;30,8;27,56;24,3;69,75;null;
1971-03-21;null;null;,5;30,3;26,66;23,7;81;null;
1971-03-22;null;null;0;31;27,66;23,3;75,75;null;
1971-03-23;null;null;,5;30,6;26,94;23,3;77;null;
1971-03-24;null;null;9,3;30,3;26,52;23,1;81,75;null;
1971-03-25;null;null;1,5;30,8;27,52;23,6;79,75;null;
1971-03-26;null;null;20,5;28,2;25,36;23,6;90,75;null;
1971-03-27;null;null;26,8;27,6;24,42;22,8;93,75;null;
1971-03-28;null;null;9,4;29,8;25,9;22;85;null;
1971-03-29;null;null;39,6;29,6;26,64;23,2;84;null;
1971-03-30;null;null;1,7;29,8;26,86;23,5;83;null;
1971-03-31;null;null;0;29,6;26,86;23,7;74,5;null;
1971-04-01;null;null;8;29,6;26,08;22;80,5;null;
1971-04-02;null;null;2,5;29,3;26,42;23,6;83,25;null;
1971-04-03;null;null;4,4;28,3;25,62;23,3;90;null;
1971-04-04;null;null;22,5;29,8;25,98;22,8;88;null;
1971-04-05;null;null;10,5;30;27;24,2;86,25;null;
1971-04-06;null;null;28,6;29,3;25,74;22,5;87,25;null;
1971-04-07;null;null;14,7;29,8;26,22;22,7;86,75;null;
1971-04-08;null;null;11,7;30,6;26,96;23,4;81,75;null;
1971-04-09;null;null;0;29,9;25,78;22,4;88,75;null;
1971-04-10;null;null;0;31,5;26,68;22,4;83;null;
1971-04-11;null;null;3,4;31;26,98;22,8;83,5;null;
1971-04-12;null;null;,9;30;27;23,3;82,5;null;
1971-04-13;null;null;1,3;29,9;26,54;23,4;82,25;null;
1971-04-14;null;null;6;29,9;26,1;23,4;93;null;
1971-04-15;null;null;16,1;29,7;26,06;23,1;89,5;null;
1971-04-16;null;null;8,4;29,5;25,4;23;86,75;null;
1971-04-17;null;null;0;29,9;25,02;21,4;84,5;null;
1971-04-18;null;null;0;30,4;24,76;20,8;88,5;null;
1971-04-19;null;null;0;30;24,68;21,6;85,5;null;
1971-04-20;null;null;0;30,4;26;20,6;86,25;null;
1971-04-21;null;null;0;30,4;26,58;22,8;82;null;
1971-04-22;null;null;0;31,9;27,24;22,9;82,25;null;
1971-04-23;null;null;0;32,1;27,32;23,7;84,75;null;
1971-04-24;null;null;0;31,5;27,04;23,2;81,25;null;
1971-04-25;null;null;0;30,7;26,82;23,3;80;null;
1971-04-26;null;null;16,1;30,3;25,74;22,8;86;null;
1971-04-27;null;null;16,1;29,7;25,1;22;87,25;null;
1971-04-28;null;null;9,8;30,3;26,36;22,4;79,75;null;
1971-04-29;null;null;0;29,9;26,12;22,3;85;null;
1971-04-30;null;null;9,2;29,6;25,8;23,4;87,25;null;
1971-05-01;null;null;2,8;29,3;25,68;23,4;84;null;
1971-05-02;null;null;,5;29,5;26,26;22,4;78,25;null;
1971-05-03;null;null;1,5;28,7;24,98;22,5;81;null;
1971-05-04;null;null;62,5;28,4;24,18;21,3;90,25;null;
1971-05-05;null;null;6,7;26,8;24,32;22,2;88,75;null;
1971-05-06;null;null;8,4;29;25,1;21,9;80,75;null;
1971-05-07;null;null;35,6;25,2;23,28;22,2;95,25;null;
1971-05-08;null;null;104,8;25,9;23,16;21,7;94,5;null;
1971-05-09;null;null;8,3;28,4;25,28;22,2;89,75;null;
1971-05-10;null;null;16,4;29,2;25,96;23,3;84,5;null;
1971-05-11;null;null;21;27,7;24,64;22,3;93,5;null;
1971-05-12;null;null;2,2;29,2;25;21,3;88;null;
1971-05-13;null;null;1,2;29;25,18;21,3;86;null;
1971-05-14;null;null;2,2;29,2;25,2;22,3;88,75;null;
1971-05-15;null;null;0;29,7;26,04;21,4;87,75;null;
1971-05-16;null;null;23,2;27,8;25,14;23,1;87,5;null;
1971-05-17;null;null;33,9;28,5;24,44;21,7;87,75;null;
1971-05-18;null;null;14,8;29,1;25,1;22,4;88;null;
1971-05-19;null;null;0;28,7;24,38;21,4;89,5;null;
1971-05-20;null;null;10,1;29;25,56;21,4;81,5;null;
1971-05-21;null;null;5,8;28,3;24,48;22,4;93,75;null;
1971-05-22;null;null;38,8;28,8;24,82;22,1;83;null;
1971-05-23;null;null;6,2;27,7;24,72;22,3;89,75;null;
1971-05-24;null;null;2;28,7;25,04;22,3;86,75;null;
1971-05-25;null;null;2;29;25,68;21,4;85,5;null;
1971-05-26;null;null;,1;28,6;24,44;22,6;89,75;null;
1971-05-27;null;null;,1;29;25,18;22;88,75;null;
1971-05-28;null;null;36;26,2;23,9;22,3;90;null;
1971-05-29;null;null;15,3;27,9;24,4;21,7;88,75;null;
1971-05-30;null;null;6;27,7;24,4;22,7;92,25;null;
1971-05-31;null;null;24,9;28,4;24,52;22,6;91,75;null;
1971-06-01;null;null;0;28,2;24,86;21,9;90,25;null;
1971-06-02;null;null;23;27;24,9;22,9;91,75;null;
1971-06-03;null;null;14,5;28,8;25,16;23,4;87,75;null;
1971-06-04;null;null;,2;29;25,72;22;81,25;null;
1971-06-05;null;null;1,6;28,8;25,92;23,1;82,25;null;
1971-06-06;null;null;15;28,6;25,34;22,6;83,5;null;
1971-06-07;null;null;1,4;28,4;24,62;21,4;86,25;null;
1971-06-08;null;null;,3;28,2;24,48;21,7;85,75;null;
1971-06-09;null;null;,7;28,8;24,98;21,5;87,25;null;
1971-06-10;null;null;1,6;28;25,14;22,6;90,75;null;
1971-06-11;null;null;1,2;29,3;25,72;23,1;88,25;null;
1971-06-12;null;null;13;29,1;24,94;22,4;88,25;null;
1971-06-13;null;null;0;28,6;24,58;20,9;90,25;null;
1971-06-14;null;null;43,8;28,5;24,86;22,2;86,5;null;
1971-06-15;null;null;0;27,8;24,26;20,2;90,5;null;
1971-06-16;null;null;8,1;28,1;23,94;21,4;89;null;
1971-06-17;null;null;,9;27,7;24,38;19,7;86,75;null;
1971-06-18;null;null;1,4;28;24,84;21,8;87,5;null;
1971-06-19;null;null;15,1;28,4;24,94;21,7;90;null;
1971-06-20;null;null;24,9;27,8;25,94;22,9;77,5;null;
1971-06-21;null;null;1,5;28,4;25,2;23,2;84;null;
1971-06-22;null;null;,3;28,5;24,06;21,4;85,75;null;
1971-06-23;null;null;0;28,3;25;20,4;78,25;null;
1971-06-24;null;null;10,3;28,3;24,54;21,8;88,5;null;
1971-06-25;null;null;33;27,7;24,52;21,9;82,75;null;
1971-06-26;null;null;4;28,4;25,86;22,8;77,25;null;
1971-06-27;null;null;21,7;27,2;23,94;22,4;90,25;null;
1971-06-28;null;null;7,5;27,2;24,44;22,4;89;null;
1971-06-29;null;null;14,7;27,3;24,2;20,7;84;null;
1971-06-30;null;null;17,8;24,8;22,74;21,7;91;null;
1971-07-01;null;null;57,9;26,8;23,44;20,9;89,5;null;
1971-07-02;null;null;47;27,7;24,8;22,1;80,75;null;
1971-07-03;null;null;6,4;27,7;23,9;22;81,75;null;
1971-07-04;null;null;4,8;27,7;24,38;21,2;86,25;null;
1971-07-05;null;null;8,1;27,8;24,4;22,3;86;null;
1971-07-06;null;null;9,6;28,2;24,22;20,9;87,25;null;
1971-07-07;null;null;33,6;27,5;24,5;22,4;84;null;
1971-07-08;null;null;11,1;27,5;24,04;21,8;84,5;null;
1971-07-09;null;null;13,2;27,7;24,3;21,9;80,75;null;
1971-07-10;null;null;4,8;27,2;23,48;20,2;85,75;null;
1971-07-11;null;null;1,9;27,7;24,1;21,4;84,75;null;
1971-07-12;null;null;2,8;27,4;24,68;22,4;75,5;null;
1971-07-13;null;null;3,4;26,3;24,6;21,3;71,75;null;
1971-07-14;null;null;1,9;27,4;24,12;22,2;82,5;null;
1971-07-15;null;null;0;27,9;23,78;19,8;84,5;null;
1971-07-16;null;null;,1;27,9;24,12;21,7;86,5;null;
1971-07-17;null;null;,7;28;24,42;21,4;80;null;
1971-07-18;null;null;2,4;27,2;23,22;20,7;85;null;
1971-07-19;null;null;6,7;23,7;21,78;20,4;91,25;null;
1971-07-20;null;null;42,6;26,2;22,62;20,7;90,75;null;
1971-07-21;null;null;4,9;27,2;23,68;21;83,25;null;
1971-07-22;null;null;0;26,8;23,46;21,6;87,75;null;
1971-07-23;null;null;22,3;24,8;22,78;21,3;95,5;null;
1971-07-24;null;null;93,8;27,3;24,74;22,2;85,5;null;
1971-07-25;null;null;4,6;27,5;23,68;19,8;82,25;null;
1971-07-26;null;null;0;27,4;23,74;19,5;79,75;null;
1971-07-27;null;null;0;28;24,34;20,8;80;null;
1971-07-28;null;null;0;27,8;24,36;20,9;82,75;null;
1971-07-29;null;null;1;24,4;22,6;21,6;97,25;null;
1971-07-30;null;null;20,9;26,8;23,78;21,5;91,25;null;
1971-07-31;null;null;8,7;27,7;24;21,2;90,25;null;
1971-08-01;null;null;,2;25,7;23,76;20,7;91,25;null;
1971-08-02;null;null;21,4;27,3;23,8;21,9;83,5;null;
1971-08-03;null;null;2;28;24,34;19,7;78,75;null;
1971-08-04;null;null;,3;27,7;23,88;19,5;80,75;null;
1971-08-05;null;null;12,8;23,7;22,16;21,3;94,25;null;
1971-08-06;null;null;68,3;27;24,08;21,6;78,5;null;
1971-08-07;null;null;2,7;26,8;23,92;21,1;82,25;null;
1971-08-08;null;null;5,4;27,3;23,84;19,9;81,5;null;
1971-08-09;null;null;0;27,2;23,98;21;78,75;null;
1971-08-10;null;null;0;27,7;22,92;18,3;85;null;
1971-08-11;null;null;4,6;27,6;24,7;20,8;78;null;
1971-08-12;null;null;2,7;27,7;23,96;20,4;76,5;null;
1971-08-13;null;null;0;27,1;23,26;20,6;79,5;null;
1971-08-14;null;null;0;27,4;23,3;17,7;79,25;null;
1971-08-15;null;null;0;28;24,28;19,1;80,25;null;
1971-08-16;null;null;1,6;28;25,12;21,4;77,5;null;
1971-08-17;null;null;0;28;24,36;21,1;79,5;null;
1971-08-18;null;null;0;27,3;23,62;20,4;78;null;
1971-08-19;null;null;8;27,2;23,16;20,8;82,75;null;
1971-08-20;null;null;4;27,2;24,38;21;71;null;
1971-08-21;null;null;,6;27,4;23,98;21;77,5;null;
1971-08-22;null;null;1,5;27,7;24,46;22;68,25;null;
1971-08-23;null;null;2;27,3;23,12;20,1;78;null;
1971-08-24;null;null;4,6;27,3;24,14;21,3;73,75;null;
1971-08-25;null;null;,8;27,3;22,86;20,6;86,5;null;
1971-08-26;null;null;5,5;26;23,78;21,5;81,25;null;
1971-08-27;null;null;,3;27,4;24,02;21,2;81;null;
1971-08-28;null;null;0;27,9;23,26;19;82,75;null;
1971-08-29;null;null;0;27,6;23,38;19,1;86;null;
1971-08-30;null;null;4,9;27,3;24,1;21,3;83;null;
1971-08-31;null;null;,7;27,2;23,32;19,4;88;null;
1971-09-01;null;null;1,6;27,8;24,06;20,4;88,25;null;
1971-09-02;null;null;4,6;27,3;24,98;22,7;81,75;null;
1971-09-03;null;null;9,7;28,2;25,28;23,1;80,25;null;
1971-09-04;null;null;1,2;28;25,18;23,6;78;null;
1971-09-05;null;null;0;28,2;24,64;20,1;74,75;null;
1971-09-06;null;null;1,7;27,8;24,7;21,1;76,25;null;
1971-09-07;null;null;,2;28;24,8;21,8;79,5;null;
1971-09-08;null;null;,1;27,9;23,86;19,5;88,25;null;
1971-09-09;null;null;1,2;28,3;25,18;22,4;71,75;null;
1971-09-10;null;null;1,5;28,4;23,92;20,7;76;null;
1971-09-11;null;null;4,1;29,6;24,18;20,8;85,25;null;
1971-09-12;null;null;1,4;27,8;24,6;21,4;82,25;null;
1971-09-13;null;null;77,2;26,7;22,46;20,6;83,75;null;
1971-09-14;null;null;12,4;27,3;23;20,2;90,5;null;
1971-09-15;null;null;6,7;27,4;24,22;20,7;75,75;null;
1971-09-16;null;null;2;26,4;23,42;21,7;88,25;null;
1971-09-17;null;null;36,9;27;23,96;21;82,75;null;
1971-09-18;null;null;,2;27,9;24,94;21,4;76,5;null;
1971-09-19;null;null;0;27,7;25,26;23,2;74;null;
1971-09-20;null;null;0;27,7;24,82;21,4;74,75;null;
1971-09-21;null;null;1;27,8;25,06;23,2;75,25;null;
1971-09-22;null;null;3,8;28,5;24,76;19,4;76,75;null;
1971-09-23;null;null;0;28,3;25,44;23,6;77,25;null;
1971-09-24;null;null;0;28,8;25,28;20,3;76;null;
1971-09-25;null;null;0;29,1;25,44;21,6;73;null;
1971-09-26;null;null;0;27,5;24,64;19,7;74,5;null;
1971-09-27;null;null;,3;28,9;25,32;20,6;75,25;null;
1971-09-28;null;null;0;30,4;25,96;23,4;75;null;
1971-09-29;null;null;,6;28,5;25,24;21,4;76,5;null;
1971-09-30;null;null;1,7;28,8;25,4;20,8;76,75;null;
1971-10-01;null;null;,5;28,4;25,98;23,4;75;null;
1971-10-02;null;null;,5;29,3;26,5;25;74,25;null;
1971-10-03;null;null;0;29;25,98;23,7;74;null;
1971-10-04;null;null;0;28,3;25;23,1;83;null;
1971-10-05;null;null;49,5;28,4;24,06;21,9;89;null;
1971-10-06;null;null;2,2;30,4;25,74;22;77;null;
1971-10-07;null;null;3,2;28,8;24,74;22;84,75;null;
1971-10-08;null;null;,1;28,6;25,14;20,4;76,5;null;
1971-10-09;null;null;0;28,6;25,38;21;null;null;
1971-10-10;null;null;1,4;28,6;25,9;23;73,75;null;
1971-10-11;null;null;1;28,5;26,02;23,6;73,25;null;
1971-10-12;null;null;,2;29,1;25,96;22,5;75,25;null;
1971-10-13;null;null;11,8;28,1;25,06;22,8;null;null;
1971-10-14;null;null;3,7;28,8;25,8;23,3;79,25;null;
1971-10-15;null;null;4,1;28,4;25,86;23,2;79;null;
1971-10-16;null;null;0;28,3;24,92;23;79,75;null;
1971-10-17;null;null;1;27,9;25,28;22,2;71,5;null;
1971-10-18;null;null;0;28,2;25,42;21,4;74,25;null;
1971-10-19;null;null;2;28,5;25,54;21,4;75,75;null;
1971-10-20;null;null;,2;28,6;25,56;22,6;79,25;null;
1971-10-21;null;null;0;27,4;24,08;21,4;83,5;null;
1971-10-22;null;null;,2;27,7;24,58;20,6;80;null;
1971-10-23;null;null;38,1;28,8;24,04;21,5;null;null;
1971-10-24;null;null;2,9;28,1;24,54;21,3;85,75;null;
1971-10-25;null;null;10,6;28,6;24,42;21,5;82,25;null;
1971-10-26;null;null;9,4;28,3;24,74;20,4;76,75;null;
1971-10-27;null;null;0;28,8;24,22;20,6;81;null;
1971-10-28;null;null;0;28,8;25,32;20;75;null;
1971-10-29;null;null;1,2;28,8;25,9;22,7;74;null;
1971-10-30;null;null;0;29,3;25,02;22,4;79,5;null;
1971-10-31;null;null;2,1;29,3;25,56;21,2;75,75;null;
1971-11-01;null;null;6,1;28,4;25,3;22,3;83,75;null;
1971-11-02;null;null;null;28,8;null;21,7;null;null;
1971-11-03;null;null;0;29,1;26,12;23,9;77,25;null;
1971-11-04;null;null;0;29,3;25,72;21,7;77,25;null;
1971-11-05;null;null;0;29,4;25,78;21,3;79,75;null;
1971-11-06;null;null;0;29,4;26,4;24,2;75;null;
1971-11-07;null;null;2,2;28;24,82;21,9;78,5;null;
1971-11-08;null;null;6,9;27,4;24,08;21;80,5;null;
1971-11-09;null;null;6,9;28,4;24,92;21,8;80;null;
1971-11-10;null;null;0;28,8;25,28;23,3;81,75;null;
1971-11-11;null;null;null;null;null;null;null;null;
1971-11-12;null;null;null;null;null;null;null;null;
1971-11-13;null;null;null;null;null;null;null;null;
1971-11-14;null;null;null;null;null;null;null;null;
1971-11-15;null;null;0;null;null;null;null;null;
1971-11-16;null;null;null;29;null;null;null;null;
1971-11-17;null;null;null;null;null;null;null;null;
1971-11-18;null;null;null;null;null;null;null;null;
1971-11-19;null;null;null;null;null;null;null;null;
1971-11-20;null;null;null;null;null;null;null;null;
1971-11-21;null;null;0;29,7;25,72;20,8;72,75;null;
1971-11-22;null;null;0;29,4;24,56;20,4;80,75;null;
1971-11-23;null;null;,1;29,9;25,02;20,7;81;null;
1971-11-24;null;null;0;30,3;25,46;20,3;75,5;null;
1971-11-25;null;null;,2;30;25,48;20,2;null;null;
1971-11-26;null;null;0;29;25,44;19,4;73,75;null;
1971-11-27;null;null;0;29,9;null;20,6;null;null;
1971-11-28;null;null;0;29;25,74;20,3;69,25;null;
1971-11-29;null;null;0;29,8;26,52;23;72,75;null;
1971-11-30;null;null;1,9;29,5;26,24;23,3;75;null;
1971-12-01;null;null;,6;30;26,2;21,4;77;null;
1971-12-02;null;null;,3;29,9;26,1;21;76,75;null;
1971-12-03;null;null;,4;29,7;25,98;21,1;74;null;
1971-12-04;null;null;,7;29,7;26,04;22,3;72,75;null;
1971-12-05;null;null;0;29,7;25,8;20;69,5;null;
1971-12-06;null;null;0;29,9;26,66;24,4;70;null;
1971-12-07;null;null;0;30,3;26,36;21,1;71,75;null;
1971-12-08;null;null;0;29,9;26,22;21;73;null;
1971-12-09;null;null;0;null;null;null;null;null;
1971-12-10;null;null;0;null;null;null;null;null;
1971-12-11;null;null;0;29,9;25,9;20,2;68,5;null;
1971-12-12;null;null;0;29,7;24,04;19,8;79;null;
1971-12-13;null;null;0;29,9;25,72;19,3;68,5;null;
1971-12-14;null;null;,2;30,1;26;21,7;83,25;null;
1971-12-15;null;null;4,7;29,7;25,3;22;78,25;null;
1971-12-16;null;null;,6;29,9;26,08;20,6;76,5;null;
1971-12-17;null;null;0;30,5;25,94;21,4;71,25;null;
1971-12-18;null;null;0;31;26,4;21;77,5;null;
1971-12-19;null;null;0;30,8;26,58;21,8;78,75;null;
1971-12-20;null;null;0;31,3;26,8;22,1;72,5;null;
1971-12-21;null;null;0;31,2;25,98;20,9;71,25;null;
1971-12-22;null;null;0;31;26,28;20,6;75;null;
1971-12-23;null;null;0;30,8;25,9;22,3;80,25;null;
1971-12-24;null;null;0;30;26,36;21,8;73,25;null;
1971-12-25;null;null;0;30;26,32;21,4;73,25;null;
1971-12-26;null;null;0;29,9;26,28;21,5;69,75;null;
1971-12-27;null;null;0;29,4;26,3;22,7;72,5;null;
1971-12-28;null;null;0;29;26,36;22,4;70,25;null;
1971-12-29;null;null;0;29,9;26,04;20,6;71;null;
1971-12-30;null;null;0;29,3;26,74;23,8;68,75;null;
1971-12-31;null;null;3,9;30;25,96;20,2;67,75;null;
1972-01-01;null;null;0;31;23,66;18,7;67,25;null;
1972-01-02;null;null;0;30,5;22,74;18,8;76,25;null;
1972-01-03;null;null;0;29,7;23,5;19,3;72,5;null;
1972-01-04;null;null;0;31,3;null;null;68;null;
1972-01-05;null;null;0;32,8;25,56;21,3;78,5;null;
1972-01-06;null;null;0;32,6;24,44;19,8;73,25;null;
1972-01-07;null;null;9,2;31;24,16;20;69;null;
1972-01-08;null;null;0;30,6;23,48;19,2;76;null;
1972-01-09;null;null;0;30,6;23,9;19,9;69;null;
1972-01-10;null;null;0;31;23,54;19,2;71;null;
1972-01-11;null;null;0;31,1;24,02;19,2;69,5;null;
1972-01-12;null;null;0;30,8;23,82;18,7;71,5;null;
1972-01-13;null;null;0;31,7;23,96;18,6;72,5;null;
1972-01-14;null;null;0;31,7;23,96;18,6;72,25;null;
1972-01-15;null;null;0;30;23,58;18,6;60,5;null;
1972-01-16;null;null;0;30,7;24,06;19;70,5;null;
1972-01-17;null;null;0;27,4;22,7;19,5;71,25;null;
1972-01-18;null;null;0;29,1;22,58;20;89,25;null;
1972-01-19;null;null;7,5;29,5;23,04;19,9;80,5;null;
1972-01-20;null;null;0;28,8;23,42;19,9;76,75;null;
1972-01-21;null;null;16;29;23,32;20,1;75,25;null;
1972-01-22;null;null;0;31,5;24,12;19,8;75,75;null;
1972-01-23;null;null;0;31,8;24,58;20,5;68,75;null;
1972-01-24;null;null;0;32,3;25,16;19,7;63,25;null;
1972-01-25;null;null;0;32,8;25,46;20,8;73;null;
1972-01-26;null;null;0;31,3;24,54;21;63,5;null;
1972-01-27;null;null;0;32,8;25;20,3;72,25;null;
1972-01-28;null;null;0;32,1;24,82;19,6;63,5;null;
1972-01-29;null;null;0;32,5;24,96;20,7;71,75;null;
1972-01-30;null;null;0;33,1;24,76;19,7;69,75;null;
1972-01-31;null;null;0;32,4;24,4;18,9;68;null;
1972-02-01;null;null;0;30,4;26,84;21,4;72,75;null;
1972-02-02;null;null;0;30,6;27,6;24,6;73;null;
1972-02-03;null;null;0;30,8;27,48;24,4;68;null;
1972-02-04;null;null;0;31;26,92;21;68;null;
1972-02-05;null;null;0;30,4;26,5;21,6;72,5;null;
1972-02-06;null;null;0;30,5;27,1;23,1;71,75;null;
1972-02-07;null;null;3,6;30;26,84;22,4;74,5;null;
1972-02-08;null;null;,2;30,6;27,4;24,6;69,5;null;
1972-02-09;null;null;0;30,7;26,76;21,3;70,5;null;
1972-02-10;null;null;,6;30,1;27;23,1;71;null;
1972-02-11;null;null;18,9;29,4;25,88;21,7;79,25;null;
1972-02-12;null;null;,5;30;26,28;23,3;83,25;null;
1972-02-13;null;null;8,2;30;26,92;23,1;78,25;null;
1972-02-14;null;null;0;29,9;26,98;24,4;75,75;null;
1972-02-15;null;null;0;28,7;26,42;23,1;76,5;null;
1972-02-16;null;null;,3;29,3;26,66;23,5;74,25;null;
1972-02-17;null;null;0;30,4;26,88;22,8;75,5;null;
1972-02-18;null;null;,9;30;26,9;23,3;82,25;null;
1972-02-19;null;null;8,9;30,2;26,58;22,8;77;null;
1972-02-20;null;null;4,5;29,2;26,26;22;73,25;null;
1972-02-21;null;null;0;29,8;26,08;20,2;70,75;null;
1972-02-22;null;null;,4;30;26,02;20,8;72,75;null;
1972-02-23;null;null;0;30,4;26,56;21;null;null;
1972-02-24;null;null;0;30,4;26,56;21,6;77,25;null;
1972-02-25;null;null;,7;30,8;26,92;23,2;78,25;null;
1972-02-26;null;null;0;31;26,98;22;72;null;
1972-02-27;null;null;12,7;29,3;25,96;23,2;82,75;null;
1972-02-28;null;null;1,5;28,5;25;23,1;87,75;null;
1972-02-29;null;null;,2;30,9;26,36;22,3;81,25;null;
1972-03-01;null;null;0;30,9;27,04;22,8;75;null;
1972-03-02;null;null;27,1;28,3;24,14;22,2;94,25;null;
1972-03-03;null;null;12,8;29,4;26,22;22,8;78,5;null;
1972-03-04;null;null;2,1;29,4;25,92;22,8;78,75;null;
1972-03-05;null;null;0;30;26,4;21,8;76,25;null;
1972-03-06;null;null;0;30;26,1;22,9;79,5;null;
1972-03-07;null;null;2,5;30,1;27,2;23,5;75,5;null;
1972-03-08;null;null;4,5;29,8;26,68;23,4;77;null;
1972-03-09;null;null;0;30;26,18;21,2;75,25;null;
1972-03-10;null;null;2,5;29,2;25,14;22,4;87;null;
1972-03-11;null;null;22,3;29,3;26,32;22,6;81,25;null;
1972-03-12;null;null;0;27,7;25,22;22,6;86,5;null;
1972-03-13;null;null;,8;29,9;25,56;21,9;84,75;null;
1972-03-14;null;null;4,6;29,6;26,7;21,7;null;null;
1972-03-15;null;null;2,7;29,6;26,54;22,9;79,75;null;
1972-03-16;null;null;,1;29,9;25,68;21,9;83,5;null;
1972-03-17;null;null;,6;31;26,48;21,9;79,75;null;
1972-03-18;null;null;0;31,3;26,88;22;76,25;null;
1972-03-19;null;null;,3;31,7;27,5;22,9;78;null;
1972-03-20;null;null;1,7;30,8;26,78;22,8;77,25;null;
1972-03-21;null;null;7,8;29,8;26,14;22,2;78,75;null;
1972-03-22;null;null;,3;30,1;26,84;21,7;74,5;null;
1972-03-23;null;null;,2;30,3;27,02;22,2;72,5;null;
1972-03-24;null;null;,1;30,4;26,56;23,4;78;null;
1972-03-25;null;null;1,3;30,8;26,42;22,3;81,5;null;
1972-03-26;null;null;,6;30,4;26,94;22,8;76,75;null;
1972-03-27;null;null;12,4;29,6;26,48;23;83,75;null;
1972-03-28;null;null;5,5;29,2;25,9;23,4;86,5;null;
1972-03-29;null;null;7,1;28,5;24,44;22,2;92,75;null;
1972-03-30;null;null;11,2;28,9;24,52;22,4;89,5;null;
1972-03-31;null;null;25,5;29,3;25,26;22,3;88,75;null;
1972-04-01;null;null;7,6;29,9;25,34;22,8;88,25;null;
1972-04-02;null;null;,5;30,3;26,54;22;80;null;
1972-04-03;null;null;0;30,5;26,86;21,7;78,5;null;
1972-04-04;null;null;7,3;29,7;26,92;23,9;80,5;null;
1972-04-05;null;null;0;30,1;25,92;21,8;83;null;
1972-04-06;null;null;0;30;26,74;21,6;77,25;null;
1972-04-07;null;null;0;30,4;26,32;22,7;81;null;
1972-04-08;null;null;2,2;29,9;null;null;81,75;null;
1972-04-09;null;null;0;30,2;26,46;20,4;76,75;null;
1972-04-10;null;null;0;30,7;27,54;23,4;76,25;null;
1972-04-11;null;null;,5;30,4;26,9;22,9;75,5;null;
1972-04-12;null;null;1,4;30,8;27,12;22,2;78;null;
1972-04-13;null;null;1,6;30,4;27,38;23,7;76,5;null;
1972-04-14;null;null;1;30,3;27,2;23,7;74,75;null;
1972-04-15;null;null;,4;30,6;26,58;21,9;77,75;null;
1972-04-16;null;null;5,1;30,2;26,54;22,5;81;null;
1972-04-17;null;null;0;30,4;27,16;22,3;76,75;null;
1972-04-18;null;null;0;30,7;26,98;22,4;79,5;null;
1972-04-19;null;null;0;30,2;26,26;22;79,75;null;
1972-04-20;null;null;2,2;28,8;25,18;22,9;80,5;null;
1972-04-21;null;null;0;30,3;25,32;22,6;81,75;null;
1972-04-22;null;null;6,1;29,7;25,18;22,6;88,5;null;
1972-04-23;null;null;78;26,7;24;22,1;93,75;null;
1972-04-24;null;null;8,8;27,6;24,28;22,4;92,75;null;
1972-04-25;null;null;19,9;28,2;25,16;22,7;88,75;null;
1972-04-26;null;null;33,1;25,2;23,78;22,7;96;null;
1972-04-27;null;null;55,3;29;24,78;21,9;89;null;
1972-04-28;null;null;6;29,4;25,68;22,9;86,75;null;
1972-04-29;null;null;65,6;26;24;22,8;95,25;null;
1972-04-30;null;null;56,7;25,9;24,36;22,2;91,5;null;
1972-05-01;null;null;17,7;28,8;25;22,7;84,25;null;
1972-05-02;null;null;3,5;28,8;25,08;21,2;84,75;null;
1972-05-03;null;null;,5;29,2;25,64;21,5;85;null;
1972-05-04;null;null;0;29,1;26,1;23,3;82,5;null;
1972-05-05;null;null;0;28,3;24,4;22,3;88,25;null;
1972-05-06;null;null;32,2;28,7;25,22;22,2;90,75;null;
1972-05-07;null;null;9,9;29;25,8;22,3;87,75;null;
1972-05-08;null;null;9,1;28,8;25,32;23,3;91,5;null;
1972-05-09;null;null;2,2;28,9;25,16;22,4;86;null;
1972-05-10;null;null;20,2;29,2;24,98;22,8;89,75;null;
1972-05-11;null;null;0;28,8;24,9;20,8;86,75;null;
1972-05-12;null;null;0;29;25,04;20,8;83,5;null;
1972-05-13;null;null;4,3;29;25,38;23,2;89;null;
1972-05-14;null;null;17,1;28,8;25,76;22,7;82,5;null;
1972-05-15;null;null;2,3;28,3;25,06;22,6;88;null;
1972-05-16;null;null;17,3;28,7;25,3;23,3;87,25;null;
1972-05-17;null;null;30,1;25,4;23,64;22,6;94;null;
1972-05-18;null;null;40;28,9;25,3;22;85,75;null;
1972-05-19;null;null;3;29,3;25,8;23,3;88,5;null;
1972-05-20;null;null;0;29;25,1;22,7;90,5;null;
1972-05-21;null;null;25,7;29,1;26,52;23,7;82,75;null;
1972-05-22;null;null;,2;28,6;25,46;23;87,25;null;
1972-05-23;null;null;26,9;26,2;24,22;23;95;null;
1972-05-24;null;null;2,5;28,6;25,68;22,2;86,75;null;
1972-05-25;null;null;,7;28,7;25,18;21,9;87,75;null;
1972-05-26;null;null;,3;29,4;25,04;21,3;88,25;null;
1972-05-27;null;null;0;29,4;25,08;21;89;null;
1972-05-28;null;null;0;29,3;25,38;20,6;85,5;null;
1972-05-29;null;null;2,3;28,3;24,8;22,3;87,5;null;
1972-05-30;null;null;6,3;25,7;23,12;21,7;91,75;null;
1972-05-31;null;null;12,8;26,8;23,9;21,7;95,25;null;
1972-06-01;null;null;52;25,3;23,64;22,8;97,25;null;
1972-06-02;null;null;21,4;29;25,2;21,6;88;null;
1972-06-03;null;null;4,8;29,1;24,98;21,6;87;null;
1972-06-04;null;null;0;28,2;25,24;22,1;86;null;
1972-06-05;null;null;22,2;28,2;24,62;22,3;89,75;null;
1972-06-06;null;null;13,4;27,9;23,82;22;96,5;null;
1972-06-07;null;null;10,2;28,4;24,6;22;87,75;null;
1972-06-08;null;null;7,9;27,6;24,3;22,3;87,75;null;
1972-06-09;null;null;10,6;28,4;24,44;21,6;87;null;
1972-06-10;null;null;5,9;28,6;24,72;22;88,25;null;
1972-06-11;null;null;29,6;26,1;23,7;22,9;94,25;null;
1972-06-12;null;null;8,5;27,6;24,38;21,8;94,5;null;
1972-06-13;null;null;44,1;27,7;24,26;22,7;87,25;null;
1972-06-14;null;null;4,5;28,2;24,44;21;81,75;null;
1972-06-15;null;null;,2;27,6;23,84;21,5;86,25;null;
1972-06-16;null;null;1,8;27,7;23,98;22,2;81;null;
1972-06-17;null;null;,1;28,3;24,54;21,2;78,75;null;
1972-06-18;null;null;0;27;23,84;22;89,75;null;
1972-06-19;null;null;36,8;28,1;24,14;21,6;88,25;null;
1972-06-20;null;null;0;28,6;24,62;20,6;89,75;null;
1972-06-21;null;null;,9;28,7;25,28;21,7;83,75;null;
1972-06-22;null;null;4,6;28,4;24,72;21,5;90,5;null;
1972-06-23;null;null;13,9;27,6;24,28;22;89;null;
1972-06-24;null;null;12,7;27,6;24,02;21,7;85;null;
1972-06-25;null;null;,3;28,2;24,4;21,5;88,75;null;
1972-06-26;null;null;1,7;28,4;25;23;78,5;null;
1972-06-27;null;null;1;28,2;25,16;21,2;77,75;null;
1972-06-28;null;null;0;28,2;25,7;21,3;78,25;null;
1972-06-29;null;null;28,4;28,1;25,12;21,7;81,25;null;
1972-06-30;null;null;1,2;28,2;24,96;22,6;87,25;null;
1972-07-01;null;null;15,6;27,4;25,32;22,6;80;null;
1972-07-02;null;null;1,7;27,9;25,16;21,8;76,25;null;
1972-07-03;null;null;0;27,7;25,5;22,3;79;null;
1972-07-04;null;null;3,5;27,5;24,78;23,3;86;null;
1972-07-05;null;null;2,2;27,6;24,68;21,6;88,25;null;
1972-07-06;null;null;26;26,8;23,28;21,6;92,25;null;
1972-07-07;null;null;85,6;26,8;23,3;21,6;93,5;null;
1972-07-08;null;null;0;27,9;24,24;21,5;88,25;null;
1972-07-09;null;null;,2;28,3;24,24;21,1;87,5;null;
1972-07-10;null;null;0;28,5;25,28;21;85,25;null;
1972-07-11;null;null;2,3;28,3;25,46;22,8;86,5;null;
1972-07-12;null;null;2;28,2;24,62;22,3;84;null;
1972-07-13;null;null;,4;28,5;24,32;21,8;85,25;null;
1972-07-14;null;null;10,3;27;24,74;21,6;83,75;null;
1972-07-15;null;null;1,2;27,9;25,12;22,4;74,75;null;
1972-07-16;null;null;4,5;27,7;22,68;19;86,5;null;
1972-07-17;null;null;0;27,6;23,6;19;85,75;null;
1972-07-18;null;null;5,7;27,7;24,1;20,9;82,25;null;
1972-07-19;null;null;4,6;27,6;24,54;21,2;80,75;null;
1972-07-20;null;null;7,6;27,7;23,28;21,4;91,5;null;
1972-07-21;null;null;40,6;26,8;22,82;21,1;87,25;null;
1972-07-22;null;null;14,9;27,3;23,94;21,3;77,75;null;
1972-07-23;null;null;0;27,2;23,38;19,2;83,5;null;
1972-07-24;null;null;2,8;27,3;23,08;20,5;86,5;null;
1972-07-25;null;null;0;27,4;22,96;19,4;83,25;null;
1972-07-26;null;null;0;28;23,32;19,2;85,75;null;
1972-07-27;null;null;0;28,4;23,9;19,7;87,25;null;
1972-07-28;null;null;0;28,8;23,88;19,2;83,25;null;
1972-07-29;null;null;0;28,4;24,18;20,1;82,25;null;
1972-07-30;null;null;0;28,3;24,56;19,3;78,25;null;
1972-07-31;null;null;,3;28,3;24,68;21,6;81;null;
1972-08-01;null;null;3,8;27,4;null;18;81,75;null;
1972-08-02;null;null;,2;27,4;null;16,6;80,75;null;
1972-08-03;null;null;,4;27,7;21,66;18;74,5;null;
1972-08-04;null;null;0;29,5;null;16,8;69,25;null;
1972-08-05;null;null;0;29,4;null;19,2;76,25;null;
1972-08-06;null;null;0;27,9;null;19;75,75;null;
1972-08-07;null;null;0;27,7;null;17,6;77;null;
1972-08-08;null;null;0;29,4;23,56;17,8;88;null;
1972-08-09;null;null;0;31;null;19,1;71;null;
1972-08-10;null;null;0;29,1;null;18,7;72;null;
1972-08-11;null;null;,4;23,3;null;19,1;88,75;null;
1972-08-12;null;null;4,4;28,6;null;17,7;75,5;null;
1972-08-13;null;null;0;29;22,42;17,9;74,5;null;
1972-08-14;null;null;0;31,2;23,04;16,1;70,25;null;
1972-08-15;null;null;0;28,4;24,3;21,6;84;null;
1972-08-16;null;null;3,7;28,4;23,7;21,2;77;null;
1972-08-17;null;null;0;28,4;24,52;20,3;76,5;null;
1972-08-18;null;null;0;27,3;22,92;21,1;85,75;null;
1972-08-19;null;null;23,3;28,4;24,08;20,4;85,25;null;
1972-08-20;null;null;31,1;27,4;24,28;22,1;87,75;null;
1972-08-21;null;null;1,7;25,5;23,22;21,3;91,25;null;
1972-08-22;null;null;66,7;27,5;23,98;21,4;80,25;null;
1972-08-23;null;null;0;27,8;24,08;20,9;75,5;null;
1972-08-24;null;null;0;27,6;23,58;20,3;84;null;
1972-08-25;null;null;7,9;28;23,52;20,4;86,5;null;
1972-08-26;null;null;39,3;25,2;22,88;21,4;95,75;null;
1972-08-27;null;null;52,3;24,8;22,7;21,6;94,75;null;
1972-08-28;null;null;23,5;26,7;23,78;21,3;90;null;
1972-08-29;null;null;9,8;28,5;24,2;22;89,75;null;
1972-08-30;null;null;,5;28,4;25,04;21,3;83,25;null;
1972-08-31;null;null;16,3;28,4;24,66;22,3;84,5;null;
1972-09-01;null;null;0;28,8;24,14;20,7;83,5;null;
1972-09-02;null;null;0;28,4;25,2;19,8;73,5;null;
1972-09-03;null;null;0;28,4;25,44;22;74;null;
1972-09-04;null;null;,3;28,4;25,32;22,3;75,75;null;
1972-09-05;null;null;0;28,3;24,62;20,6;71;null;
1972-09-06;null;null;0;28,4;23,7;19,3;78,5;null;
1972-09-07;null;null;12,7;27,9;25,14;21,6;75;null;
1972-09-08;null;null;43,8;26;23,9;21,2;83,25;null;
1972-09-09;null;null;11,2;28,1;24,44;21,1;87;null;
1972-09-10;null;null;5;28,2;25,7;22,7;78,75;null;
1972-09-11;null;null;0;28,3;25,44;19,7;81,5;null;
1972-09-12;null;null;0;29;25,26;22,3;83,25;null;
1972-09-13;null;null;3,8;29,3;26,12;23,3;76,25;null;
1972-09-14;null;null;0;28,4;26,26;23,9;68,75;null;
1972-09-15;null;null;0;28,1;25,86;21,7;74;null;
1972-09-16;null;null;0;28,4;24,96;19,4;74,25;null;
1972-09-17;null;null;,3;28,4;25,16;22,6;84;null;
1972-09-18;null;null;21,7;27,8;24,34;21,1;77,5;null;
1972-09-19;null;null;,4;27,8;24,3;20,1;71,75;null;
1972-09-20;null;null;1,7;28,1;24,66;20,6;73,75;null;
1972-09-21;null;null;1,9;27,9;25,1;21,7;82,25;null;
1972-09-22;null;null;4,6;28,4;25,82;22,1;71,25;null;
1972-09-23;null;null;0;28,8;25,88;23,3;73;null;
1972-09-24;null;null;0;28,4;25,42;23,6;75,5;null;
1972-09-25;null;null;1,9;28,3;25,3;20,8;77,25;null;
1972-09-26;null;null;15,6;27,8;25,36;22,3;80,25;null;
1972-09-27;null;null;2,9;28,4;26,06;23,7;76,25;null;
1972-09-28;null;null;0;28,2;24,78;22,7;80,5;null;
1972-09-29;null;null;0;28,8;24,84;19,9;79,25;null;
1972-09-30;null;null;,2;29,1;25,92;22,3;73,75;null;
1972-10-01;null;null;0;29;26,56;24,6;70,75;null;
1972-10-02;null;null;0;29,3;26,58;24,4;73,75;null;
1972-10-03;null;null;0;29,8;26,88;24,9;73,25;null;
1972-10-04;null;null;,4;29,3;26,62;24,3;73,75;null;
1972-10-05;null;null;3,8;27,7;25,26;23,6;85,5;null;
1972-10-06;null;null;5,7;29;25,82;23,6;80,75;null;
1972-10-07;null;null;,1;29;24,52;21,7;78,25;null;
1972-10-08;null;null;0;29;25,1;19,6;79,25;null;
1972-10-09;null;null;0;29,3;25,4;20,1;71,5;null;
1972-10-10;null;null;,3;29,5;24,74;19,3;75;null;
1972-10-11;null;null;0;29,9;25,48;20,5;76,25;null;
1972-10-12;null;null;0;30,4;25,78;21;72,75;null;
1972-10-13;null;null;0;30;25,76;18,3;71,75;null;
1972-10-14;null;null;,1;30;26,16;22,1;66,75;null;
1972-10-15;null;null;0;30;25,44;19,4;77,25;null;
1972-10-16;null;null;0;29,5;26,16;21,3;73,25;null;
1972-10-17;null;null;0;30,1;26,3;21,8;74,75;null;
1972-10-18;null;null;0;29,7;25,82;23,1;78,75;null;
1972-10-19;null;null;1,6;29,4;26,54;23,3;78;null;
1972-10-20;null;null;2,6;29,5;26,3;23,9;75,5;null;
1972-10-21;null;null;13,7;29,3;25,58;22,7;84,5;null;
1972-10-22;null;null;11,9;29;25,58;23,3;84;null;
1972-10-23;null;null;11,1;29,4;26,62;24,1;78;null;
1972-10-24;null;null;12;28,7;25,64;22,9;76,75;null;
1972-10-25;null;null;0;29,4;25,66;21,4;72,25;null;
1972-10-26;null;null;0;29,5;25,94;20,4;71,75;null;
1972-10-27;null;null;0;29,2;25,9;21,3;71;null;
1972-10-28;null;null;0;30;26,38;21,6;70;null;
1972-10-29;null;null;1,4;29,7;26,28;22,2;72,5;null;
1972-10-30;null;null;5,4;28,9;26,04;22,7;73,75;null;
1972-10-31;null;null;2,2;28,7;26,12;24,1;71,25;null;
1972-11-01;null;null;1,7;28,9;26,46;23,4;70,75;null;
1972-11-02;null;null;4,3;29,2;26,16;23,1;68,5;null;
1972-11-03;null;null;0;29,5;25,88;20,7;71,25;null;
1972-11-04;null;null;1,5;29,4;26,42;22,5;69;null;
1972-11-05;null;null;0;29,4;25,28;22,3;76;null;
1972-11-06;null;null;0;29,7;25,84;20,8;77,5;null;
1972-11-07;null;null;1,2;30,3;26,34;22,4;80,75;null;
1972-11-08;null;null;0;30,4;26,6;22,2;74,75;null;
1972-11-09;null;null;0;30,4;26,52;22,2;78,25;null;
1972-11-10;null;null;0;30,2;25,2;21;76,25;null;
1972-11-11;null;null;0;30,4;25,18;20,3;75,75;null;
1972-11-12;null;null;0;31;25,88;21;75,25;null;
1972-11-13;null;null;0;29,7;25,86;21,1;68,5;null;
1972-11-14;null;null;0;30,3;25,6;19,5;67,5;null;
1972-11-15;null;null;0;30,8;26,04;20,3;69,5;null;
1972-11-16;null;null;0;30,4;26,06;20,5;69,5;null;
1972-11-17;null;null;0;30,2;26,26;21,3;71,5;null;
1972-11-18;null;null;0;30,5;26,74;24,2;69,25;null;
1972-11-19;null;null;0;30,3;25,62;20,8;72,5;null;
1972-11-20;null;null;0;30,4;24,42;20,4;76;null;
1972-11-21;null;null;0;31,5;26,34;20;71,75;null;
1972-11-22;null;null;0;31,5;27,04;21,7;73,75;null;
1972-11-23;null;null;0;30,2;26,42;21,9;75,5;null;
1972-11-24;null;null;0;30,1;26;20,1;72;null;
1972-11-25;null;null;0;30,4;26,92;21,2;70,5;null;
1972-11-26;null;null;0;30,2;26,5;21,7;71;null;
1972-11-27;null;null;0;30,8;26,46;19,9;69,5;null;
1972-11-28;null;null;0;30,8;26,46;21,2;75,5;null;
1972-11-29;null;null;0;30,3;26,64;19,9;69,75;null;
1972-11-30;null;null;,2;30,8;27,12;22,4;67,5;null;
1972-12-01;null;null;1,2;30,3;27,4;24,5;70,5;null;
1972-12-02;null;null;,2;30,4;26,58;24;81,75;null;
1972-12-03;null;null;8,7;30,1;27,04;24,3;72,5;null;
1972-12-04;null;null;0;30,3;26,08;23,8;75,75;null;
1972-12-05;null;null;0;30,3;26,54;22,4;71;null;
1972-12-06;null;null;0;31,6;26,82;22;75;null;
1972-12-07;null;null;0;31,3;27,02;22,9;74,25;null;
1972-12-08;null;null;0;31,3;26,62;22;71;null;
1972-12-09;null;null;0;30,8;26,8;21,6;72;null;
1972-12-10;null;null;0;30,8;26,72;21,8;69,5;null;
1972-12-11;null;null;0;30,5;26,24;20,9;67,5;null;
1972-12-12;null;null;0;31,4;26,84;20,9;70,75;null;
1972-12-13;null;null;0;31,4;27,36;22,1;72,25;null;
1972-12-14;null;null;0;31,7;27,46;22,4;72;null;
1972-12-15;null;null;0;31,3;28;24,4;74,75;null;
1972-12-16;null;null;,4;30,4;27,52;25,6;69,75;null;
1972-12-17;null;null;0;30,3;26,92;22,1;67,5;null;
1972-12-18;null;null;1,6;30,3;27,06;23;79;null;
1972-12-19;null;null;0;30,7;27,58;23,4;75,5;null;
1972-12-20;null;null;1,8;30,4;27,34;24;76,5;null;
1972-12-21;null;null;,3;29,4;27,24;24,7;null;null;
1972-12-22;null;null;0;31;28;25,7;73,25;null;
1972-12-23;null;null;0;30,8;28,4;26,4;72,5;null;
1972-12-24;null;null;0;30,7;27,76;25,7;76,75;null;
1972-12-25;null;null;,3;30,9;27,68;23,7;76;null;
1972-12-26;null;null;0;30,5;27,14;25;78,75;null;
1972-12-27;null;null;2,8;29,2;25,92;23,6;90,5;null;
1972-12-28;null;null;18;29;26,28;23,7;82,25;null;
1972-12-29;null;null;2,9;29,1;26,8;24,1;78,75;null;
1972-12-30;null;null;1,5;30;27,2;23,4;74,5;null;
1972-12-31;null;null;0;30,2;27,04;22,8;70,25;null;
1973-01-01;5,2;9,6;5,1;30,1;27,46;24,4;77,25;4,333333;
1973-01-02;4,7;7,5;0;29,7;26,76;23,9;83;2,333333;
1973-01-03;4,1;10,2;1;30,2;27,62;24,7;80,5;4,333333;
1973-01-04;3,6;3,6;11,4;29,3;27,04;25,1;83,5;3;
1973-01-05;3,7;9,5;4,4;29,7;27,2;25,7;78;2;
1973-01-06;3;,5;8,3;26,4;24,24;23,3;90,75;1,333333;
1973-01-07;1,6;9,6;1,7;30,6;26,88;21,5;79,25;1,666667;
1973-01-08;3,4;9,9;0;30,4;27,66;23,7;79;2,333333;
1973-01-09;4,7;9,8;,3;30,6;27,92;26,4;74,5;3;
1973-01-10;4,2;8,1;13;29,2;26;23,1;75,25;2,666667;
1973-01-11;4,1;11,9;0;30,9;26,78;21,4;66;2;
1973-01-12;4,9;11,5;0;30,3;26,56;21,9;71,5;,333333;
1973-01-13;4,5;10,3;0;30,9;27,06;22,7;70,75;3;
1973-01-14;4,6;10,8;0;30,4;26,9;21,9;70,75;2;
1973-01-15;4,5;7,5;0;30,2;26,6;21,7;71,75;1,666667;
1973-01-16;4,5;10,3;0;31,8;26,88;21;67;1,666667;
1973-01-17;4,9;9,5;0;31,4;27,12;22;71,5;2,333333;
1973-01-18;4,2;10,8;0;31,3;27,52;22,3;73,25;2,333333;
1973-01-19;5,8;8,9;,7;30,8;28,22;25,3;71,5;3;
1973-01-20;6,9;11,4;,6;31,2;27,9;25,1;67,75;3;
1973-01-21;4,9;10,3;5,5;30,8;27,36;22,7;74;3;
1973-01-22;4,6;10;,1;30,7;27,5;23,7;73,25;5;
1973-01-23;6,3;10,9;0;30,8;27,96;24,8;68,75;4,333333;
1973-01-24;4,3;2,4;0;29;26,7;22,9;80;3,666667;
1973-01-25;1,9;0;23,2;28,3;25,94;23,4;81,25;3;
1973-01-26;3;6,8;,8;30;27,14;23,5;76,5;5;
1973-01-27;4,2;5,9;4,1;29,7;27,34;24,3;82,75;3;
1973-01-28;3;7,8;1,5;30;27,22;24;78;4;
1973-01-29;3,2;9,1;1;29,8;27,72;25,6;78,25;3,666667;
1973-01-30;4,5;10,5;,2;30,3;27,72;24,6;76;3,666667;
1973-01-31;4,3;9,9;0;30,3;27,48;23,4;76,25;3;
1973-02-01;4,9;10,4;0;30,3;27,3;23,6;75,5;3,666667;
1973-02-02;4;10,7;0;30,7;27,36;22,7;71,75;3;
1973-02-03;5,1;10;0;31,2;27,24;21,7;65,75;3,333333;
1973-02-04;5,6;9;0;31,2;27,44;21,6;71,25;3,666667;
1973-02-05;5,5;3,8;0;30,4;27,7;24,9;69,75;5;
1973-02-06;5,4;3,1;0;30,8;26,78;23,4;72,5;1,666667;
1973-02-07;4,2;7,4;0;31,2;27,66;23;73;2,333333;
1973-02-08;4,2;,8;1,3;29,9;27,5;24,7;77,25;3;
1973-02-09;3,6;2,6;,1;30,1;27,5;23,7;81,25;3;
1973-02-10;3,3;8,6;3,3;31,3;27,9;24,4;75;3,666667;
1973-02-11;4,1;7,3;0;31;27,96;24,4;75,5;3,666667;
1973-02-12;4;5;,2;30,5;27,68;23,4;74,75;3,666667;
1973-02-13;5,4;9,2;0;31;27,6;23,1;71,75;4,333333;
1973-02-14;4,5;10,3;,5;31;27,74;23,4;76,25;5;
1973-02-15;6,3;10,3;,8;31,2;28,36;26,2;74,25;2,666667;
1973-02-16;5,6;10,5;0;31,5;27,18;22,6;67;3,666667;
1973-02-17;6,7;10,9;0;31,2;27,58;21,7;67,5;3,666667;
1973-02-18;6;10,5;0;31,8;28;22,2;70,5;3;
1973-02-19;5,1;6,9;1,5;30,9;27,94;24,2;82,5;2,333333;
1973-02-20;4,8;10,8;1,5;31,5;28,5;25,3;72,75;4;
1973-02-21;6,7;10,9;0;31,4;28,2;25,2;66,5;3;
1973-02-22;3,9;9,2;0;30,8;27,16;22,7;77;2,333333;
1973-02-23;4,3;3,1;20,9;28,8;25,74;24,4;92,75;2;
1973-02-24;2,1;8;5,1;30,4;27,06;23,6;80,25;3,666667;
1973-02-25;3,1;6,4;54;30,3;26,5;22,6;84,5;3,666667;
1973-02-26;2,7;6,6;18,7;30,3;26,9;22,6;78,5;2,333333;
1973-02-27;4,4;10,7;0;30;27,34;25,8;76,25;3,666667;
1973-02-28;3,6;5,2;,4;29,3;26,5;22,7;81,5;4,333333;
1973-03-01;3;8,8;9,8;30,4;27;23;80,75;3,8;
1973-03-02;3,7;4,3;29;29,7;27,3;24;78,25;3,2;
1973-03-03;4,1;3,6;0;29,9;27,66;25,6;75;3,4;
1973-03-04;3,6;9,7;0;30,6;27,56;24,2;75,5;2,2;
1973-03-05;3,6;8,1;0;31,2;27,58;23;74,5;3,233333;
1973-03-06;4,2;9,8;0;31,4;27,64;23,2;77;2,333333;
1973-03-07;3,8;11;0;32,8;27,96;23,1;76,5;2,733333;
1973-03-08;3,3;10,1;0;31,8;28,14;23,9;75;2,7;
1973-03-09;4,4;6,8;12,9;30,7;26,12;23,5;87,25;1,266667;
1973-03-10;2,2;10;0;32,3;27,88;23,6;79,75;2,266667;
1973-03-11;2,8;10,1;0;31,5;27,88;23,7;76,75;2,366667;
1973-03-12;4,5;8,8;0;31,3;26,66;23,3;80;1,6;
1973-03-13;3,9;11,2;0;null;null;21,5;null;3,166667;
1973-03-14;null;9,7;1;null;null;null;null;2,833333;
1973-03-15;null;8,4;1,2;null;null;null;null;2,233333;
1973-03-16;null;7,1;19,6;30,3;26,94;24,2;81,25;2,533333;
1973-03-17;3,5;9,9;14,7;30,3;27,06;23,1;76,5;3,033333;
1973-03-18;3,9;9,3;,1;31;27,6;23,3;76,25;3,566667;
1973-03-19;4;6,7;9,4;30,6;27,12;23,6;83,75;3,033333;
1973-03-20;3;5,8;1,4;30,9;28,06;24,4;79,25;4,566667;
1973-03-21;3,8;5,1;9;30,2;27,48;25;82,75;4,333333;
1973-03-22;2,9;4,3;41,3;29,7;26,34;24,4;88,75;3,7;
1973-03-23;1,5;,3;43,6;28,3;25,6;23,6;88,5;,7;
1973-03-24;1,4;8,6;8,1;31,3;27,14;23,1;82;2,9;
1973-03-25;2,4;10;0;31,2;27,88;23,6;75,75;3,466667;
1973-03-26;3,5;10,4;0;30,9;27,06;23,6;81,25;2,633333;
1973-03-27;3,7;10;0;31,4;27,08;23,4;81,25;2,6;
1973-03-28;3,1;9,6;0;31,4;27,96;23,4;77,5;2,266667;
1973-03-29;3,5;9,8;0;31,3;28,08;23,7;75,25;3,233333;
1973-03-30;4,3;10,6;0;30,7;27,72;23,3;70;4,133333;
1973-03-31;4,8;10,3;0;31,2;26,68;23;79,75;2,766667;
1973-04-01;3,3;10,7;0;30,8;27,8;22,6;71;3,633333;
1973-04-02;4,5;5,2;2,6;30,4;26,28;23,6;82,75;2,033333;
1973-04-03;3,1;9,2;,1;30,5;27,22;22,8;77,25;3,333333;
1973-04-04;3,9;,2;0;29,5;26,24;24,4;90,25;1,6;
1973-04-05;1,8;10,1;16,5;30,8;27,36;22,6;81;2,033333;
1973-04-06;2,6;9,3;0;30,1;27,44;23,5;75,5;3,233333;
1973-04-07;3,3;8,9;,5;30,2;27,24;23,2;76,75;3,366667;
1973-04-08;3;,8;95,7;27,7;24,54;23,4;96,5;,933333;
1973-04-09;,8;2,5;102,5;28,8;25,54;23,5;90,5;2,1;
1973-04-10;2;8,9;11;29,9;26,9;25,4;79,75;3,033333;
1973-04-11;2,8;8,4;,2;30;26,4;23,4;82,5;1,8;
1973-04-12;2,9;10,6;1,1;29,7;26,68;23,3;80,5;2,7;
1973-04-13;2,9;7,8;2;30,4;26,88;23,9;87,25;1,266667;
1973-04-14;2,1;9,6;0;31,3;27,36;24,8;83,25;2,5;
1973-04-15;2,8;3,1;0;30,3;26,96;24,7;85,5;1,966667;
1973-04-16;1,2;2,9;8,1;29,4;25,38;23,3;91,25;1;
1973-04-17;1,5;7;23,6;29,7;25,88;23,3;86,25;1,766667;
1973-04-18;2,3;8,3;5,1;30,3;27,46;25,8;83,25;2,8;
1973-04-19;2,4;7,4;5,1;30,1;27,52;24,6;80;3,3;
1973-04-20;4,3;9,7;,8;30;27,22;25,6;80,5;3,8;
1973-04-21;3,2;0;80;26,2;23,94;23,2;95,25;1,3;
1973-04-22;,4;,5;165,3;28;25,04;23,5;94,75;1,4;
1973-04-23;1,6;9,3;2,6;29,7;26,42;24,2;83;3,833333;
1973-04-24;3,4;8,7;,3;29,7;25,76;22,3;84,5;2,3;
1973-04-25;2,8;0;0;28;24,76;22,4;94,25;2,966667;
1973-04-26;,8;1,2;144,7;28,8;25,38;23,6;89,25;2,2;
1973-04-27;1,9;0;5,3;27,8;25,78;24,9;93,5;1,2;
1973-04-28;,8;,9;67,2;29,7;25,58;24,1;93,5;2,933333;
1973-04-29;,9;6,3;6,3;29,6;26,4;23,8;84,75;3,1;
1973-04-30;1,8;3,3;23,8;29,1;25,1;23,1;91,5;2,533333;
1973-05-01;1,9;1,7;63,2;28,8;25,92;23,2;81;3,033333;
1973-05-02;2,6;9,7;0;29,6;26,48;23,4;80,75;2,8;
1973-05-03;2,8;10,5;,2;29,8;26,1;22,7;80;2,6;
1973-05-04;2,8;10,4;0;29,7;26;22;82,75;2,4;
1973-05-05;2,3;9;5,5;29,7;26,38;23,6;85,25;2,166667;
1973-05-06;3;7,8;3,6;29,7;25,86;23;85,75;1,6;
1973-05-07;2,2;10,2;0;30,2;26,14;22,7;81,25;2,266667;
1973-05-08;3,1;10,4;0;31,4;26,52;22,5;85,5;2,4;
1973-05-09;3;6,7;0;31,2;26,76;24,4;87,75;2;
1973-05-10;1;9,8;0;30,3;26,84;23,5;81,25;2,966667;
1973-05-11;2,6;5,5;17,9;30,2;25,7;24,1;88,75;1,466667;
1973-05-12;1,9;10,2;,9;30,7;26,38;23,7;85,5;1,433333;
1973-05-13;2;10,9;0;30,8;26,1;22,3;83,5;1,266667;
1973-05-14;2,5;9,1;0;30,1;26,38;22,6;81,25;3;
1973-05-15;2,9;10,3;2,7;30;26,16;22,6;80,5;3,133333;
1973-05-16;3,7;5,9;1,2;29,9;26,24;22,7;81,5;3,566667;
1973-05-17;2,5;4,3;7,6;29,6;25,4;22,4;88,75;,166667;
1973-05-18;2;7,5;9,3;29,6;25,76;22,4;86,5;1,1;
1973-05-19;2,5;9,5;3,8;29,7;25,42;22,5;83,75;2,5;
1973-05-20;3,1;6,1;3,7;28,6;25;20;90,75;1,833333;
1973-05-21;1,8;9,6;4;29,7;25,16;22,3;80,25;1,766667;
1973-05-22;3,2;4,2;0;29,3;24,56;20,4;89,25;2,733333;
1973-05-23;2,4;0;45,6;27,1;24,26;21,9;94;2,5;
1973-05-24;,7;3,1;76,9;28,7;24,86;23,4;88,25;2,2;
1973-05-25;1,7;6,5;2,4;28,7;25,06;20,8;85,5;3,866667;
1973-05-26;1,7;3,6;23,3;28,8;24,96;23,6;89,5;1,533333;
1973-05-27;1,3;,9;4,3;27,9;24,78;23,4;91,5;1,733333;
1973-05-28;1,2;7,3;7,6;28,9;24,58;21,9;87,5;1,966667;
1973-05-29;2,3;8,9;11,1;29,1;25,58;22,2;85,25;2,566667;
1973-05-30;2,2;5,4;2,4;29,2;25,16;23;91,5;1,133333;
1973-05-31;1,7;3,9;15,8;28,5;25,58;23,7;91,75;1,566667;
1973-06-01;1,2;6,9;27;29,4;25,56;22,2;87,75;2,9;
1973-06-02;2,2;9,2;1;29,3;25,56;22,8;86;2,333333;
1973-06-03;2,1;0;66,2;25,4;23,88;23,3;95;1,466667;
1973-06-04;,7;2,1;13,2;28,7;25,24;23,4;90,25;1,566667;
1973-06-05;1,2;0;6,6;26,9;24,72;23,4;89;1,866667;
1973-06-06;1,2;7,9;13,7;28,8;25,7;23,1;84,25;3,366667;
1973-06-07;2,1;7,7;,5;29,2;25,32;22;87,5;2,233333;
1973-06-08;2,2;2,8;14;28,6;25,18;23,6;92;3,333333;
1973-06-09;1,3;6,6;87,7;28,4;25;23,6;88,5;2,533333;
1973-06-10;2;0;18,6;27,4;24,66;22,7;93;,966667;
1973-06-11;,6;6,7;18,2;29,1;26,26;22,3;79,25;3,3;
1973-06-12;3,4;,3;1,2;28,7;25,28;23,1;88,5;2,833333;
1973-06-13;3,3;1,3;7,5;28,5;25,22;23,1;88,25;2,4;
1973-06-14;,7;,8;33,3;28,4;25,56;24,3;90,25;1,633333;
1973-06-15;1,3;0;44,7;25,4;23,72;23,2;95,25;,8;
1973-06-16;,7;5,6;30;28,8;25,16;23,2;91,5;2,633333;
1973-06-17;1,7;2,7;14;28;24,32;22,7;93,75;2,266667;
1973-06-18;,9;10,5;26,3;28,5;24,82;22,7;85,75;2,733333;
1973-06-19;2,5;,4;0;28;25,46;23;82,25;2,533333;
1973-06-20;1,8;8,6;0;29,7;26,04;23,3;84,25;1,5;
1973-06-21;2,4;0;9,4;25,6;23,3;22,3;90,75;1,433333;
1973-06-22;,7;10;9;28,4;24,24;21,9;85,5;3,033333;
1973-06-23;1,7;10;0;28,4;24,78;21,4;86,75;2,5;
1973-06-24;2,2;1,7;0;28,3;24,22;21,3;90;1,866667;
1973-06-25;1,2;7;46,1;28,7;25,18;23;87;2,033333;
1973-06-26;1,4;6,7;5,9;28,3;24,9;23,4;90,75;1,933333;
1973-06-27;1,6;9,3;5,2;28,5;25,4;23,7;84,25;2,633333;
1973-06-28;2,1;9,1;0;28,9;24,68;22,3;83,5;1,466667;
1973-06-29;2,4;9,7;,3;28,4;24,94;22,8;84;1,733333;
1973-06-30;2,8;9,5;1,6;28,7;26,54;23,7;74,25;2,133333;
1973-07-01;5,4;5;1,2;28,4;26,42;24,7;77;3,766667;
1973-07-02;3,7;8,3;,1;28,9;25,54;22,4;80;2,566667;
1973-07-03;3,4;3,5;1;27,2;23,96;21,3;89,75;1,833333;
1973-07-04;1;6,6;38,4;28,4;24,28;21,8;87,25;3,533333;
1973-07-05;2,3;0;31;26,6;23,36;21,4;92,25;1,633333;
1973-07-06;1,1;8,2;40,6;28,2;24,28;22,1;89;2,333333;
1973-07-07;1,6;4,4;18,4;28,1;25,12;22,6;84,5;4,066667;
1973-07-08;2,7;8,3;15,6;28,3;24,68;22,3;91;2,833333;
1973-07-09;3,6;8,7;8,3;28,3;25,88;22,9;78,5;4,6;
1973-07-10;3;9,8;9,7;28,5;25,32;22,4;78,25;3,166667;
1973-07-11;4,1;9,7;,8;28,7;25,42;23,4;83,5;4,133333;
1973-07-12;3;8,3;18,6;28,1;24,72;22,7;81,25;3,7;
1973-07-13;3,5;3,9;0;28,1;24,34;21;83;2,6;
1973-07-14;2,3;5,6;20,3;27,4;24,22;22,8;85,25;1,633333;
1973-07-15;1,5;5,5;11,6;28,2;23,94;21,7;89,5;2,366667;
1973-07-16;3,9;7,6;8,1;28,4;25,38;22,3;78,75;3,933333;
1973-07-17;2,8;7,6;7,1;28,3;24,82;22,3;85;2,266667;
1973-07-18;2,5;5,6;1,5;28,3;24,84;22,3;87,25;3,166667;
1973-07-19;1,9;5,7;14,9;28,1;24,6;22,4;86,5;3,266667;
1973-07-20;2,7;0;9,3;24,8;22,76;21,7;97,5;3,133333;
1973-07-21;1,1;0;162;25,7;23,4;22;95,5;2,766667;
1973-07-22;,8;8,3;2,3;29,1;24,78;22,8;89,25;2,533333;
1973-07-23;1,9;8,2;0;30,2;25,58;22,5;87,25;2,4;
1973-07-24;1,8;10,2;0;29,7;25,52;23,3;88;2,366667;
1973-07-25;1,9;8;0;29,5;25,44;22,6;82,75;2,466667;
1973-07-26;3;2,9;1,8;28,3;24,62;23,1;85,25;3,866667;
1973-07-27;3,8;2,3;0;27,7;23,92;21,7;81,75;1,933333;
1973-07-28;3,9;10,4;0;28,4;23,82;20,1;82,25;2,533333;
1973-07-29;4,1;10,7;0;28,6;23,5;20,3;81,25;1,3;
1973-07-30;3,1;10,9;0;28,5;24;20,3;78;2,2;
1973-07-31;3,9;2,9;0;28,3;24,74;20,7;75,75;4,466667;
1973-08-01;4,3;,4;0;27;23,58;21,1;90,5;3,166667;
1973-08-02;1,1;5,5;35,9;28;23,88;22,2;91,25;2,433333;
1973-08-03;,7;8,3;10,3;28,7;24,8;21,6;83,25;1,833333;
1973-08-04;2,2;9,5;10,8;28,4;25,1;23,1;86,25;1,8;
1973-08-05;2,1;9,8;,7;28,7;25;22,3;86,25;1,966667;
1973-08-06;4,2;9,8;2,6;28,4;24,68;21,2;81,5;2,1;
1973-08-07;3,6;10,8;0;28,7;24;20,4;82;1,233333;
1973-08-08;3,6;10;0;28,7;24,26;20;80;2,2;
1973-08-09;4,6;10,9;,3;28,8;25,12;21,4;78;2,7;
1973-08-10;5,1;10,4;0;28,7;25,24;20,1;73;4,333333;
1973-08-11;6,4;10;0;28,7;24,16;20,3;77;3,366667;
1973-08-12;5,2;9,7;1,5;28,7;25,18;20,4;75,25;3,966667;
1973-08-13;4,7;9,8;0;28,7;25,26;20,6;79,25;3,466667;
1973-08-14;6,3;10,7;0;28,8;25,46;22,3;76;2,866667;
1973-08-15;4,9;10,8;0;28,7;24,98;20,3;78,5;3,033333;
1973-08-16;4,6;10,7;0;29,4;25,32;20,2;76,25;3,033333;
1973-08-17;5,2;9,7;0;29,1;25,24;19,7;76,5;2,433333;
1973-08-18;5,2;1,8;3,7;28,6;24,52;21,4;87;2,133333;
1973-08-19;1,2;7,9;18,6;29;25,04;21,4;81,5;2,733333;
1973-08-20;7,5;10,2;,9;28,9;26,5;24,4;77;3,9;
1973-08-21;8,4;9,5;0;28,7;26,34;24,6;74,75;4,6;
1973-08-22;6,1;11;0;29;25,04;22,4;76,5;3,233333;
1973-08-23;5,2;10,3;,4;29,1;25,54;20,7;72;4,8;
1973-08-24;6,9;10,7;0;28,9;25,32;22,8;70,75;4,933333;
1973-08-25;5,7;9,6;10;28,4;24,68;21,7;75,75;4;
1973-08-26;5,9;10,7;2,2;28,4;24,66;20,2;75;3,7;
1973-08-27;4,3;8,3;0;28,5;25,74;21,4;71,25;4,433333;
1973-08-28;5,6;9,4;,5;28,4;24,48;21,2;81,75;3,2;
1973-08-29;4,5;11;1,4;29,1;24,34;20,8;70,25;4,1;
1973-08-30;5,6;10,7;0;29,2;24,08;18,4;76,25;3,833333;
1973-08-31;4,4;5;,9;27,3;23,84;21,4;87;4,566667;
1973-09-01;2,5;,1;12,4;25,3;22,98;21,4;91;2,666667;
1973-09-02;1,5;8,4;14,4;28;24,56;21,4;82;4,133333;
1973-09-03;4,2;4,9;17,9;27,1;22,76;21,2;88,75;3,3;
1973-09-04;2,4;8,2;3;27,4;23,76;19,6;83,25;1,833333;
1973-09-05;2,6;9,7;3,9;27,5;23,9;21;84,75;2,466667;
1973-09-06;3,6;10,2;12;28,1;23,78;20,3;83;2,266667;
1973-09-07;3,4;6,1;1,3;28,3;24,5;20,2;86,75;2,066667;
1973-09-08;3,4;3,2;4,1;28,4;24,86;22,3;87;3,033333;
1973-09-09;2,6;8,4;35,8;28,1;25,18;22,1;79;3,733333;
1973-09-10;3,6;8;25,3;27,9;25,12;21,7;84,75;3,166667;
1973-09-11;3;10,2;3,3;28,4;24,44;21,2;86,25;2,566667;
1973-09-12;3,8;9,2;0;28,7;24,82;20,3;79;2,6;
1973-09-13;4,6;8;12,9;28,3;25,58;22,6;81,75;4,966667;
1973-09-14;4,5;4,8;3,4;28,1;25,36;22,3;83,25;3,7;
1973-09-15;4,2;7,2;6;27,6;24,52;22;82,25;3,666667;
1973-09-16;3,1;9,9;0;28,3;25,3;20,3;80,5;4,1;
1973-09-17;5,5;2,7;7,2;27,6;24,3;22,2;86,25;4,166667;
1973-09-18;3,4;,5;18,1;26,7;23,38;21,4;90,25;3,066667;
1973-09-19;2,2;6,8;5,7;27,8;24,5;20,6;83,5;2,433333;
1973-09-20;3,1;7,3;12,3;28,6;24,12;21,7;85,25;1,566667;
1973-09-21;3,5;9,8;,3;28,7;25,18;20,3;79,25;3,033333;
1973-09-22;5,1;10,5;0;28,7;25,38;20,4;80;4,1;
1973-09-23;6;11,1;0;28,7;24,98;20,6;75,25;2,733333;
1973-09-24;6,2;9,4;,1;28,8;25,22;21,4;77,75;3,966667;
1973-09-25;4;7,4;,2;28,6;26,14;22,6;78,75;4,5;
1973-09-26;3,8;9,1;,3;29,3;26,4;22,3;77;4,466667;
1973-09-27;5;8,3;,2;28,9;26,14;22,9;76,5;4,366667;
1973-09-28;4,7;9,4;,3;29,1;25,62;21,2;78,25;2,966667;
1973-09-29;4,7;9,3;0;29,4;25,08;21,3;79;1,633333;
1973-09-30;3,7;8,5;0;29,6;25,36;21;78;2,2;
1973-10-01;3,3;5,2;0;29,4;26,26;22,3;79,25;2,2;
1973-10-02;3;6,6;59,6;29,1;25,38;21,1;82,5;2,5;
1973-10-03;2,8;0;24,7;27;22,96;21,3;86,25;4,2;
1973-10-04;1,8;0;11,2;25,3;23,08;21,3;90,75;2,333333;
1973-10-05;1,4;9,2;10,5;28,3;24,74;21,1;83;2,033333;
1973-10-06;3,2;10,8;0;28,9;25,14;21,2;79,5;2,8;
1973-10-07;4,7;10,4;,2;29;25,58;22,1;83;2,566667;
1973-10-08;6;10,3;,2;28,9;26,32;23,8;79,75;3,333333;
1973-10-09;4,3;10,4;0;29,5;25,06;22;82,5;2,433333;
1973-10-10;4,5;10;0;28,8;25,6;21,6;79,25;3,066667;
1973-10-11;3,8;10,1;0;29,2;25,66;21;75,75;3,066667;
1973-10-12;4,8;10,8;0;29,8;26,34;20,8;69,5;3,133333;
1973-10-13;6;10,6;,4;29,6;25,64;20,9;77,75;2,4;
1973-10-14;4,1;10,3;0;30,3;25,82;20,7;80;2,333333;
1973-10-15;3;10,9;0;30,1;26,2;20,9;77,5;3,333333;
1973-10-16;3,8;10,5;0;30;26,32;21,4;73,75;2,966667;
1973-10-17;4,8;10;0;29,7;26,14;21,1;76,5;3,833333;
1973-10-18;6,6;11,3;0;29,5;26,76;24,3;77,5;4,066667;
1973-10-19;6,2;10,8;,2;29,7;26,8;24,6;74,5;3,766667;
1973-10-20;6,1;10,3;0;29,8;26,98;23;71,5;3,8;
1973-10-21;7,9;10,7;,2;29,8;26,98;24,9;71,25;3,466667;
1973-10-22;6,2;10,7;0;29,6;25,94;20,1;70,25;3,133333;
1973-10-23;6,3;9,3;0;29,5;25,96;20,6;74,25;2,633333;
1973-10-24;5,3;10,8;1,9;29,5;26;21,5;73;2,633333;
1973-10-25;5,2;11,2;0;29,6;25,96;20,4;72,25;2,866667;
1973-10-26;6,2;3;,2;29,1;26,6;23,9;72,5;3,3;
1973-10-27;4,9;11,3;0;29,1;26,04;20,6;72;3,733333;
1973-10-28;6,5;10,6;,9;29,4;26,06;22,6;67;3,133333;
1973-10-29;5,7;11,4;0;30;26,16;19,7;67,25;4,066667;
1973-10-30;7,9;10,8;5,2;29,7;26,48;22,3;75,25;3,4;
1973-10-31;7,1;7,5;3,2;29;26,48;23,9;77,5;3,8;
1973-11-01;6,4;9,5;,3;29,6;26,94;24,4;75,5;3,733333;
1973-11-02;6;8;7,4;29,3;26,76;24,4;74;3,866667;
1973-11-03;6,6;11,3;0;29,6;25,9;21,3;72;2,966667;
1973-11-04;5,1;9,6;0;29;24,9;20,9;79;3,7;
1973-11-05;4,3;9,6;0;29,5;25,88;20;72,5;1,9;
1973-11-06;4,5;9,1;0;30,7;26,06;20,8;74,5;4,5;
1973-11-07;4,7;10,2;0;30,3;26,02;20,7;69;5,933333;
1973-11-08;5,2;11,1;0;30,2;24,22;20,5;76,25;6,7;
1973-11-09;5,7;10,6;0;30,3;24,32;19,2;76,5;6,7;
1973-11-10;4,6;11,3;0;30,3;25,86;20,2;69;3,7;
1973-11-11;6,8;9,6;0;30,1;26,48;20,5;70;4,5;
1973-11-12;6,6;11,1;,8;30,6;27,28;23,6;69,5;3,733333;
1973-11-13;9,1;11,3;,2;30,3;27,02;23,3;70,25;4,166667;
1973-11-14;6,3;10,9;0;30,6;26,56;20,8;70,75;3,333333;
1973-11-15;6,4;9,6;0;31,3;27,3;24,4;73;3,233333;
1973-11-16;4,9;11,2;0;30,7;26,94;21,2;71;3,833333;
1973-11-17;6,1;10,6;,2;30,6;27,42;25,1;70;3,633333;
1973-11-18;8,1;10,3;0;30,6;26,98;22,1;69,75;4,233333;
1973-11-19;6,6;11,1;0;31;26,44;22;69,5;3,433333;
1973-11-20;5,3;10,7;0;31,5;26,66;20,7;70;4,033333;
1973-11-21;4,5;8,7;0;31,8;27,14;21,7;70,25;4,266667;
1973-11-22;6,1;10,4;0;30,6;26,86;21,2;68;3,7;
1973-11-23;6,3;9,9;2,2;30,6;27;22,3;69,5;4,3;
1973-11-24;6,5;10,7;12,3;30,6;27;22,6;71,25;4,7;
1973-11-25;5,5;10,6;0;30,4;26,64;21,5;73,5;3,066667;
1973-11-26;5,1;10,9;,2;30,7;27,26;23,3;74,5;4,366667;
1973-11-27;6;9,4;,2;30,6;26,4;21,6;74,5;3,9;
1973-11-28;4,6;9,3;0;31,6;26,56;20,7;70,75;3,4;
1973-11-29;4,7;10,3;0;31,6;27;21,4;70,5;4,066667;
1973-11-30;6,3;11,1;0;30;26,72;22;71,5;4,133333;
1973-12-01;6;9,6;,5;30,3;26,44;20,6;68,75;3,533333;
1973-12-02;5,7;6,5;6,7;29,7;25,98;20,3;75,25;2,3;
1973-12-03;5,4;10,9;0;30,5;27,08;22,5;72,25;3,533333;
1973-12-04;9,2;10,6;0;30,5;27,62;25,5;69,5;3,666667;
1973-12-05;7,5;10,1;0;30,5;26,94;22,2;71,75;3,866667;
1973-12-06;7,3;9,3;0;31;27,76;24,3;72,75;4,2;
1973-12-07;5,5;9,2;0;30,7;26,86;22;72;3,533333;
1973-12-08;7,5;9,3;0;30,6;26,28;21,8;66,25;3,933333;
1973-12-09;6,3;11,3;0;31,2;27,26;21,4;65,5;3,033333;
1973-12-10;6,6;10,1;0;31,2;27,3;22,3;70,25;3,8;
1973-12-11;4,8;4,4;0;30,1;26,94;22,4;73;4,8;
1973-12-12;6,7;11,2;6;30,3;27,3;24,1;70,75;3,7;
1973-12-13;7;9,7;1,3;30;26,14;22,1;75,25;3,8;
1973-12-14;5,1;9,7;0;30,9;26,98;21,4;74;4,633333;
1973-12-15;8,4;11,2;0;31,3;27,54;25,3;70,25;4,5;
1973-12-16;6;8;,4;30,3;26,68;21,6;70;3,233333;
1973-12-17;5,8;7,1;0;30,6;26,9;21,9;68,5;3;
1973-12-18;7,2;11,1;0;30,9;null;null;72;2,866667;
1973-12-19;6,6;0;18,8;28,3;null;null;88,5;2,233333;
1973-12-20;1,5;10,6;1,1;30;null;null;75,25;2,633333;
1973-12-21;4,8;9,6;0;30,2;null;null;82,25;3,733333;
1973-12-22;4,3;6;29,3;29,7;null;null;76,75;3,566667;
1973-12-23;3,9;11,4;0;30,2;null;null;76,25;2,933333;
1973-12-24;4,2;11,2;0;30,4;null;null;73,25;2,733333;
1973-12-25;4,1;11,4;0;29,8;25,7;20,2;68;2,733333;
1973-12-26;5;9,7;0;30,4;26,34;21,7;71,75;3;
1973-12-27;4,3;10,1;0;31;26,82;21,1;76,25;3,933333;
1973-12-28;4,3;7,2;0;30,7;27,06;23,5;72,75;3,533333;
1973-12-29;3,9;8,9;1,5;30,6;26,96;22,7;72;3,033333;
1973-12-30;2,1;7,3;0;30,9;27,22;23,3;72;4,033333;
1973-12-31;6,8;11;0;31,5;27,02;24,1;75,25;3,466667;
1974-01-01;4,6;11,4;0;32,2;26,94;22,5;73;4,233333;
1974-01-02;4,6;10,9;0;32,1;27,26;22,6;71,25;3,2;
1974-01-03;4;11,4;0;31,8;27,04;21,9;72,75;3,6;
1974-01-04;4,1;11;0;30,7;26,62;20,8;70;1,666667;
1974-01-05;5,8;11,7;0;30,9;26,82;22,1;70,25;2,3;
1974-01-06;4,8;11,3;0;30;26,36;21,6;69,25;2,9;
1974-01-07;5,8;10,7;0;30,7;26,84;21;70,25;3,133333;
1974-01-08;8,3;11,9;0;30,7;28,12;25,8;66,5;4,5;
1974-01-09;7,5;9,7;0;31,2;26,52;21,1;68;3,2;
1974-01-10;6,3;9,6;3,4;30,9;26,84;21,7;71,75;3,133333;
1974-01-11;5,7;9,9;0;30,7;26,92;21,3;70,75;3,3;
1974-01-12;7;9,6;0;31,6;27,64;22,4;68,75;3,8;
1974-01-13;6,2;9,5;0;31,8;27,38;22,9;67,5;3,3;
1974-01-14;7;8,8;2,4;30,7;27,32;22,7;71,5;4,533333;
1974-01-15;7,6;9,7;,2;30,7;25,7;23,1;81,25;2,133333;
1974-01-16;5,3;8,8;,5;30,7;26,28;21,8;78;2,6;
1974-01-17;5,8;10,2;3,1;30,2;26,04;23;79,5;3,166667;
1974-01-18;4,9;,5;15,4;28,7;24,52;22,3;87,25;2,866667;
1974-01-19;1,3;,5;43,2;27,7;24,32;22,1;95;1,966667;
1974-01-20;1;0;14,7;26,3;24,68;23;86,75;1,3;
1974-01-21;1,2;,5;33,1;28;25,2;22,9;91,5;1,766667;
1974-01-22;1,6;9,3;1,4;29,7;26,68;22,9;74,75;2,733333;
1974-01-23;4,4;9,7;6;29,7;26,84;22,7;72;3,633333;
1974-01-24;5;10,4;0;29,8;25,86;22;78,5;3,5;
1974-01-25;4,1;10,2;6,5;29,5;26,64;23,8;71,5;3,466667;
1974-01-26;4,9;9,5;0;30,4;26,74;21,5;75,5;2,533333;
1974-01-27;4,5;10,6;0;30,1;27,38;24;70,25;3,066667;
1974-01-28;5,7;8,2;0;30,1;26,86;23,1;75;2,333333;
1974-01-29;4,7;5,3;15,6;29;25,26;22,9;88;2,8;
1974-01-30;2,4;4,9;54;29,2;24,72;22,3;88;1,366667;
1974-01-31;2,2;2;10,6;29,3;26,84;23,7;79,5;3,4;
1974-02-01;4,5;10,9;3,4;29,4;26,62;23,1;69;3,033333;
1974-02-02;7,3;5,5;0;29,4;26,7;21,8;77,5;3,633333;
1974-02-03;2,7;0;1,2;27,7;25;22,9;91,5;1,033333;
1974-02-04;1,4;0;43,7;27;24,2;22,8;94;,533333;
1974-02-05;,4;1,9;46,9;27,6;24,38;22,1;87;1,233333;
1974-02-06;1,3;10;0;29;26,48;21,7;78,5;2,4;
1974-02-07;3,6;1,7;3,6;29,7;26,12;23;89,25;1,133333;
1974-02-08;1,6;8,1;16,3;29,8;26,44;22,4;76;2,466667;
1974-02-09;4,1;9,9;0;29,9;26,96;23,4;73;3,933333;
1974-02-10;4,5;10,2;,2;29,8;26,22;21,1;73,25;2,366667;
1974-02-11;5,3;10,5;0;30,6;27,16;22,3;73,75;3,533333;
1974-02-12;5,6;9,4;1,4;29,7;27,22;23,2;69,5;4,2;
1974-02-13;5;9,6;0;29,9;26,94;23,1;72,5;1,766667;
1974-02-14;4,2;7,6;0;29,7;26,44;22,1;77,75;2,533333;
1974-02-15;3,9;9,8;1,1;30,2;27,12;23,2;70,5;3,766667;
1974-02-16;6,4;10,3;0;30,4;27,46;24,9;69,5;3,433333;
1974-02-17;5,1;10,5;0;30;26,96;21,8;70,5;3,3;
1974-02-18;5,7;8,5;0;30,3;27,16;22,4;74,5;2,766667;
1974-02-19;4,9;1,1;15,9;28,6;25,84;22,9;81;2,966667;
1974-02-20;3,3;9,1;1,1;29,8;25,92;22,3;77;2,766667;
1974-02-21;3,8;7,5;0;30,1;26,8;21,8;77,5;3,066667;
1974-02-22;3,7;10,5;0;30,5;26,74;23,2;76,5;1,7;
1974-02-23;3,9;9,6;0;30,4;27,02;22,9;77,25;1,7;
1974-02-24;3,9;11;,3;30,6;27,2;24,6;80,25;2,6;
1974-02-25;3,9;7,9;5,3;30,5;25,82;23,3;82,75;1,366667;
1974-02-26;3,5;7,3;0;30,5;27,04;22,4;76,25;2;
1974-02-27;3,2;10,9;10,8;30,9;27,32;22,7;76,75;1,7;
1974-02-28;3,9;0;23,3;27,3;24,34;23,1;96;0;
1974-03-01;,5;10,2;18,6;29,6;26,12;23;83,5;2,866667;
1974-03-02;3,9;6,3;1,9;29,9;26,62;24,6;82,25;2,866667;
1974-03-03;2,6;7,8;24,8;29,7;26,36;24,7;80,75;2,766667;
1974-03-04;4,6;3,5;,2;28,8;25,8;23,9;87,25;,933333;
1974-03-05;1,4;5,3;3,8;29,2;26,1;21,7;81,5;3,033333;
1974-03-06;1,7;3,4;21,9;29,4;25,98;21,9;83,25;1,9;
1974-03-07;2,6;8,1;,3;29,6;25,96;22,9;83;1,166667;
1974-03-08;2,7;7,3;18,1;29,3;25,54;22,4;88,25;2,366667;
1974-03-09;3,4;,5;54,4;27,6;25,4;23,2;90,75;1,8;
1974-03-10;1,4;0;48,5;27,3;24,6;23,2;91;,533333;
1974-03-11;,8;1,5;3,1;28,7;24,96;22,5;93,5;2,366667;
1974-03-12;2,1;7,2;13;29,9;27,38;24,8;77,5;2,366667;
1974-03-13;3,6;,7;,4;28,2;25,8;23,8;89,5;1,633333;
1974-03-14;1,2;9;3,1;29,8;26,76;23;75,5;2,8;
1974-03-15;3,6;5,8;0;29,6;26,42;22,2;81,5;1,533333;
1974-03-16;3;,7;2,6;29,3;25,76;22,6;89,75;2,533333;
1974-03-17;1,8;4,6;8,2;30,3;26,16;23,6;84,5;2,3;
1974-03-18;2,2;,1;11,9;28,6;25,98;22,6;86,75;2,2;
1974-03-19;2,8;2,8;3,7;29,7;27,16;24,6;80;4,9;
1974-03-20;3,6;8,5;0;29,7;26,2;23,7;79,75;2,033333;
1974-03-21;3,4;1,2;0;28,4;25,26;22,9;91,75;1,033333;
1974-03-22;,7;8,9;66,2;29,6;25,82;22,2;82;1,9;
1974-03-23;2,5;8,6;0;30,2;26,06;23,2;84,75;1,966667;
1974-03-24;2,3;2,9;1,3;29;24,82;22,8;91;,833333;
1974-03-25;1,3;10;,4;30,5;26,56;22,6;82,5;2,8;
1974-03-26;2,8;10,6;0;32,5;27,24;23,5;77,75;2,3;
1974-03-27;2,7;11;0;31,4;26,88;23;82,5;2,033333;
1974-03-28;2,8;6,6;0;30,1;26,62;22,8;84;1,066667;
1974-03-29;1,5;10,2;8,4;30,7;26,46;23,1;80;1,7;
1974-03-30;2,8;9,8;0;30,6;26,14;21,9;83,25;2,133333;
1974-03-31;3,2;10,6;8,7;30,1;26,54;23,2;82,25;2,666667;
1974-04-01;3;8;0;30,6;26,74;23,6;81;3,366667;
1974-04-02;3,4;6,9;1,7;29,9;26,42;23,2;84;2,2;
1974-04-03;2,1;9,1;4,9;30,7;26,78;23,2;81,5;1,7;
1974-04-04;2,4;1,2;0;28,8;25,42;22,8;92,75;,533333;
1974-04-05;,8;9,7;24,2;29,9;25,72;21,6;86;1,9;
1974-04-06;2,7;3,7;20,6;29,4;25,36;22,4;89,75;,966667;
1974-04-07;1,7;2,4;16,3;27,9;25,14;23;87,5;3,066667;
1974-04-08;1,8;6,5;17,3;29,3;25,22;22,9;84;2,4;
1974-04-09;3,3;10,2;,4;30,2;25,52;21,1;84,25;1,533333;
1974-04-10;3;1,2;14,9;28,4;24,78;22,1;90,75;1;
1974-04-11;1,6;4,2;35,4;29,2;25,5;23,1;87,75;1,633333;
1974-04-12;2,1;4;1,7;29,6;24,96;22,3;87;2,133333;
1974-04-13;2,9;7,2;0;29,8;26,14;22,6;79,25;3,633333;
1974-04-14;2,3;0;38,2;25,1;23,58;22,2;97;,833333;
1974-04-15;,8;0;13,6;26,4;24,84;23,1;92;1,233333;
1974-04-16;,7;5,9;10,7;29,6;25,94;23,4;87;2,9;
1974-04-17;1,8;7,7;4,6;30,7;26,38;22,9;86,5;2,766667;
1974-04-18;2,7;5,8;16,9;30,6;26,02;22;85,25;2,533333;
1974-04-19;3,2;2,7;4,6;29,3;26,22;22,7;87;1,1;
1974-04-20;,5;1,1;30,9;28,4;25,66;23,3;90;1,4;
1974-04-21;,8;9,7;15,8;29,3;25,8;22,6;85,25;2,133333;
1974-04-22;2,4;8,3;1;29,8;26,12;23,4;86;3,133333;
1974-04-23;2,8;4,8;0;29,7;26,02;22,7;84,25;3,166667;
1974-04-24;2,4;6,9;3,7;30,1;26,62;23,2;84,25;2,033333;
1974-04-25;2,1;1,2;3,3;28,9;26,74;23,3;82;2,766667;
1974-04-26;2,8;5,5;0;30,1;26,24;23,6;86;1,366667;
1974-04-27;2,5;,1;0;28,2;25,86;23,4;90,75;1,4;
1974-04-28;,9;5,4;4,6;30,6;26,66;23,8;86,75;1,233333;
1974-04-29;2,3;9,2;0;30,3;26,84;23,6;82,75;2,1;
1974-04-30;2,7;9,8;0;29,7;26,86;23;79,25;3,333333;
1974-05-01;4,2;9,1;,4;30,4;25,62;22,8;82,75;2,3;
1974-05-02;3,1;8,1;0;28,7;24,18;21,2;85,25;1,6;
1974-05-03;2,5;9,6;,8;30;25,3;21,2;82;1,966667;
1974-05-04;3,1;7,9;,4;29,2;25,48;21,6;84,25;2,7;
1974-05-05;2,5;10,8;4,1;29,7;25,6;22,4;87;1,866667;
1974-05-06;3,4;9,1;0;29,3;25,16;21,5;82;2,8;
1974-05-07;2,4;6,6;10,8;29,3;25,74;22,8;87;2,566667;
1974-05-08;2,4;8,4;2,6;29,4;25,2;22,2;88;2,1;
1974-05-09;2,2;8,3;16,4;29,6;26,36;22,3;77,5;2,7;
1974-05-10;3,9;1,8;5,8;28,6;24,38;21,8;92,75;1,6;
1974-05-11;1,3;2,9;53;28,8;24,96;22,2;90,75;1,5;
1974-05-12;1,8;0;51,3;27;24,22;22,6;93,75;,8;
1974-05-13;,7;8,1;2,9;28,9;24,96;22;84,25;2,366667;
1974-05-14;2,5;10,3;,7;29,6;24,62;20,3;83,5;1,366667;
1974-05-15;2,6;10,8;0;30,3;24,76;20,9;83,5;1,5;
1974-05-16;2,8;10,5;0;29,8;25,7;21,4;83;2,6;
1974-05-17;3,1;8,2;34,6;29;26,1;23,1;79,25;3,033333;
1974-05-18;3,9;9,2;0;29,1;25,38;22,5;78,75;2,433333;
1974-05-19;3,1;10,3;,4;29,8;25,54;21,4;78,25;2,2;
1974-05-20;3,5;9,4;4,3;29,3;25,7;23;78,75;3,633333;
1974-05-21;2,8;,2;56,5;26,8;24,4;22,1;93;1,633333;
1974-05-22;1,2;3,4;98;28,3;24,66;22,5;92;1,7;
1974-05-23;1,7;0;51,6;26,3;24,06;22,9;95,75;2,066667;
1974-05-24;1,2;3,7;30,2;28,1;25,42;23;84,75;4,1;
1974-05-25;3,6;,8;4,1;28;24,82;23;88;1,633333;
1974-05-26;2,3;3,7;2,9;28,6;25,28;22,1;89,25;2,933333;
1974-05-27;2,7;3,2;13,1;28,9;26,64;23,9;77,5;4,033333;
1974-05-28;3;6,7;0;28,8;25,62;23,1;86;2,566667;
1974-05-29;1,9;3;0;27,7;25,02;22,9;91,25;2,333333;
1974-05-30;1,4;1;9;26,9;24,22;23;90,75;,633333;
1974-05-31;1,1;10,7;,7;28,8;25,74;22,3;82,25;1,566667;
1974-06-01;2,4;2,6;13;28,4;25,66;23,3;78,5;4,466667;
1974-06-02;3,7;8,8;1,3;28,8;24,84;21,6;85,75;2,366667;
1974-06-03;2,7;5,7;3;28,7;25,12;22,3;88,25;1,666667;
1974-06-04;1,9;6,3;4,9;29,2;25,18;22,6;86,25;1,633333;
1974-06-05;2,6;8,4;17,7;28,4;24,66;22,4;83;1,433333;
1974-06-06;3,1;10,3;4,8;28,5;25,42;20,3;78,25;3,2;
1974-06-07;2,3;6,5;8,8;28,3;25,6;23,3;86,5;3,3;
1974-06-08;2,8;4,6;21,9;28,1;25,34;23,9;80,5;3,733333;
1974-06-09;6,4;7,1;,7;28,1;25,5;23,4;87,75;3,633333;
1974-06-10;4,1;9,2;,7;28,3;26,2;24,1;69;3,9;
1974-06-11;5,7;9,8;0;28,5;23,9;21,1;79,75;2,966667;
1974-06-12;4,3;5,4;1,1;27,6;23,98;20,7;88,25;2,733333;
1974-06-13;2,1;1,8;1,5;27,4;24,02;22,4;90,75;1,933333;
1974-06-14;1,2;3,7;5,1;28,2;24,18;21,6;83,75;3,866667;
1974-06-15;2,7;6,3;,5;27,9;24,3;21,1;88;3,133333;
1974-06-16;2,1;5,1;5,4;27,6;24;20,7;89,5;2,233333;
1974-06-17;1,9;,7;12,1;26,3;23,62;21,4;91;1,9;
1974-06-18;1,4;0;14,7;25,5;23,42;22,1;95;2,3;
1974-06-19;,4;0;26,3;26,7;23,16;21,4;93,25;,866667;
1974-06-20;1,1;1,3;86;27,4;24,66;21,5;87,25;2,466667;
1974-06-21;1,8;0;31,2;25,5;23,12;21,5;95,75;2,466667;
1974-06-22;2,9;8,6;19;28,3;25,12;23,1;81;1,866667;
1974-06-23;3,3;4,6;4,8;27,6;24,2;22;87,5;2,333333;
1974-06-24;2,7;5,1;2,8;27,8;25,04;22,2;80;4,2;
1974-06-25;4,6;9,2;1,3;28;23,92;20,6;80,5;2,3;
1974-06-26;3,2;10;,5;28,1;24,54;21,3;84,25;2,733333;
1974-06-27;2,6;10,7;0;28,1;23,62;20,3;86;1,933333;
1974-06-28;2,4;10,5;0;28,4;24,56;19,9;84;2,133333;
1974-06-29;3,1;5,2;4,4;27,1;23,98;22,4;86,5;3,366667;
1974-06-30;1,9;1,4;6,1;26,9;23,7;21,3;80;4,566667;
1974-07-01;3,8;6,6;3;26,7;22,84;20,8;84;3,766667;
1974-07-02;3,4;9,6;5,1;27;23,92;20,4;70,25;6,966667;
1974-07-03;4,6;4,4;6,1;26,8;23,92;21,3;66,25;5,7;
1974-07-04;5,7;7,4;3,6;26,9;23,04;19,7;79,75;4,533333;
1974-07-05;3,4;2,7;4,2;27,4;23,44;20,5;90;2,866667;
1974-07-06;1,6;0;37,1;27,2;22,82;20,8;94,25;5,333333;
1974-07-07;1,3;,6;20,1;27;24,36;21,4;87,75;3,9;
1974-07-08;2,2;1,6;14,3;27,2;23,98;22,4;87,75;2,733333;
1974-07-09;2,7;,6;4,2;26,7;24,52;21,6;82,5;3,566667;
1974-07-10;3,4;1,2;3,2;27,7;24,12;22,5;78,5;4,133333;
1974-07-11;3,9;4,1;,9;27,6;23,6;21,5;86,5;2,8;
1974-07-12;3,3;8,5;8,2;27,2;23,84;21,3;80,5;3,8;
1974-07-13;2,9;8,9;,3;26,7;23,38;20,2;85,25;2,766667;
1974-07-14;2,5;0;7,4;25,4;23,16;20,9;91,5;5,933333;
1974-07-15;1,2;1,2;58,3;25,2;22,58;21,6;92,5;2,566667;
1974-07-16;1;,1;18,2;26,4;23,56;21;84,75;3,933333;
1974-07-17;2,8;8;2,4;27,4;24,1;21,3;76,5;3,9;
1974-07-18;4,1;1,4;4,4;26,7;23,32;20,6;88;3,933333;
1974-07-19;1,7;3,5;6,4;27,1;24,74;21,4;81,75;2,366667;
1974-07-20;4,4;10,2;2,2;27,3;24,74;23;77,5;5,233333;
1974-07-21;3,5;4,6;17,6;26,8;23,1;21,1;86,25;3,5;
1974-07-22;2,9;3,1;3,5;26,8;22,96;21,2;84,25;3,366667;
1974-07-23;2,7;8,4;1,7;27,1;23,2;20,3;85,25;3,633333;
1974-07-24;3,4;5,2;0;27,8;23,58;20,9;83,5;3,133333;
1974-07-25;2,9;2,9;2,2;26,9;23,12;21;86,5;4,033333;
1974-07-26;2,3;8,7;11,8;27,3;23,58;20,1;82,25;2,866667;
1974-07-27;3,3;9,3;,7;27,3;23,44;20,4;84,5;4;
1974-07-28;3,2;8,9;4;27,2;24,04;21,2;80;4,233333;
1974-07-29;4,1;9,5;,2;27,5;23,54;20,6;73,75;3,133333;
1974-07-30;4,5;9,3;0;27,6;23,48;18;80;4,033333;
1974-07-31;3,2;2,7;1,3;27;23,8;21,7;88;2,966667;
1974-08-01;1,4;0;20,9;26,8;23,6;21;84,5;3,133333;
1974-08-02;4,1;7,8;4,1;27,2;24,72;21,1;76;5,533333;
1974-08-03;5,4;8,3;,3;26,8;23,72;21,3;84;4,066667;
1974-08-04;4,6;9,7;3;27;24;21,5;69,75;4,733333;
1974-08-05;4,9;3,4;8,1;26,3;21,56;19,6;83,5;2,733333;
1974-08-06;2,9;10,3;0;27,2;23,16;18,2;74;4;
1974-08-07;3,8;2,8;3,6;27;24,12;20,4;79,75;3,866667;
1974-08-08;4,3;7;,9;27,2;24,42;21,7;77;4,833333;
1974-08-09;3,7;8,9;,2;27;23,2;19,8;79,5;3,833333;
1974-08-10;3,3;8;,4;27;23,6;20,5;84,25;3,3;
1974-08-11;2,8;4,5;,7;27;23,78;20,8;79;4,033333;
1974-08-12;4,1;5,2;0;27,1;23,44;21,4;81,25;4,033333;
1974-08-13;3,9;9,3;,5;27,2;23,28;20,3;76;4;
1974-08-14;3,9;10,8;0;27,6;22,74;18,2;85,25;2,2;
1974-08-15;2,9;8,6;,2;28,6;23,6;19,4;83,25;1,6;
1974-08-16;1,2;10;0;29,2;23,7;19,2;86,75;1,533333;
1974-08-17;2,7;9,7;0;28,2;23,9;19,9;78,25;2,5;
1974-08-18;3,5;7,9;,1;27,8;23,46;20,6;84,75;2,433333;
1974-08-19;3,2;10,2;0;27,7;23,5;19,3;82;4;
1974-08-20;3,9;6,7;2,6;27,2;23,9;21,5;81,25;4,3;
1974-08-21;4,1;9,6;0;27,8;24,98;21,8;77,5;4,3;
1974-08-22;4,9;10,2;,7;27,8;25,46;23,2;68,5;5,2;
1974-08-23;5,6;9,1;3,5;27,6;24,52;21;76,25;5,133333;
1974-08-24;5,4;10,5;,2;27,5;25,1;22,1;68,75;5,5;
1974-08-25;6,9;9,9;2,6;27,4;24,12;21,9;83,75;3,866667;
1974-08-26;5;7,7;6,1;27,4;24,9;22,3;74,75;4,2;
1974-08-27;4,2;4,2;1,6;27;23,86;21,6;81,75;2,6;
1974-08-28;3,3;10,5;0;27,7;23,96;20;79;3,333333;
1974-08-29;3,4;,7;5,2;26,1;23,4;21,6;93;2,566667;
1974-08-30;1,2;9,5;9,7;27,5;23,94;21,4;84,5;3,333333;
1974-08-31;2,8;9,5;,9;27,8;23,6;20,1;88,5;1,4;
1974-09-01;3,1;,8;3,1;27,2;23,36;21,2;92,75;2,366667;
1974-09-02;1,6;10,6;9,4;27,9;24,66;21,3;83;3,666667;
1974-09-03;4,1;10,1;1,6;27,6;25,08;22,2;73,5;4,166667;
1974-09-04;4,8;10,5;0;27,5;23,88;20,7;77;3,433333;
1974-09-05;3,7;2,1;0;26,7;22,96;19,4;84,75;2,666667;
1974-09-06;2,4;10,4;,2;28,4;23,76;19,3;77,5;3,533333;
1974-09-07;4,1;11;0;28;23,76;20,7;80,25;4,466667;
1974-09-08;4,6;8,5;3,5;27,7;24,98;21,7;70,25;5,233333;
1974-09-09;4,3;8,9;,4;27,9;22,86;20,4;83;1,9;
1974-09-10;3,8;9,2;0;28,1;24,32;18,1;78,25;3,133333;
1974-09-11;3,5;0;10,1;26;23,32;22;94;1,966667;
1974-09-12;1,1;10,1;13,9;28,5;24,22;20,9;86,5;2,133333;
1974-09-13;2,5;7,5;0;28;24,66;20;76;3,533333;
1974-09-14;4,7;10,2;1,8;27,6;23,18;19,2;74,75;1,766667;
1974-09-15;4,1;5,8;1,3;27,4;23,62;19,4;89,5;3,633333;
1974-09-16;2,9;6;5,6;27,7;25,02;22,1;80,5;4,066667;
1974-09-17;3,8;0;8,8;25,8;24;21,3;78,75;3,666667;
1974-09-18;3,7;7,7;9,9;27,8;24,96;22;72,5;3,666667;
1974-09-19;4,5;6,9;0;27,5;24,88;22;69,75;4,1;
1974-09-20;5,5;3,7;,8;27;24,16;21,3;73,5;3,033333;
1974-09-21;3,8;3,9;7,1;27,4;23,62;21,2;83,5;2,3;
1974-09-22;3,4;4,9;2,2;27,6;24,84;19,8;78,25;4,3;
1974-09-23;5,8;9,9;0;27,8;25,02;23,6;72,75;4,033333;
1974-09-24;4,9;9,1;0;28,2;24,88;20,1;72,5;4,633333;
1974-09-25;5,7;9,9;2,3;28;24,46;22,4;83,5;4,333333;
1974-09-26;4,5;9,1;38,8;27,6;25,24;22,4;74,75;4,7;
1974-09-27;5,6;10;0;27,7;25,26;22,9;77;4,266667;
1974-09-28;5,9;3,2;,5;27,7;25,32;22,6;74;4,033333;
1974-09-29;7;9,7;0;28;24,9;22,4;78,75;3,633333;
1974-09-30;4,5;7,7;0;27,8;25,26;21,6;72;3,6;
1974-10-01;7,2;10,7;0;29,2;25,9;23,9;73,75;3,966667;
1974-10-02;5,9;9,5;,9;27,9;24,74;20,9;71;3,666667;
1974-10-03;4,6;10,7;0;27,8;24,52;19,6;72,5;3,3;
1974-10-04;5,8;10,3;,3;28,2;25,34;21,3;71,25;3,433333;
1974-10-05;6,1;11;,2;28,8;25,24;22;72,5;4,033333;
1974-10-06;4,6;6,1;0;29,1;25,82;22,4;73,5;3,933333;
1974-10-07;4,4;10,6;0;29,2;25,4;21;76,25;3,033333;
1974-10-08;4,1;8,9;0;29,2;25,74;21,4;76;3,4;
1974-10-09;4,7;7,6;3,3;29,2;26,02;23,3;78,5;2,533333;
1974-10-10;4,2;7,2;0;28,6;25,1;21,6;77,75;2,333333;
1974-10-11;4,6;10,2;0;28,3;25,08;20,7;72;1,966667;
1974-10-12;4,4;6,9;0;28,8;25,42;19,9;71,75;2,3;
1974-10-13;3,9;9,3;0;29,4;25,96;21,3;71,5;3,766667;
1974-10-14;5,8;5,2;0;28,9;24,56;20,9;84,5;2,366667;
1974-10-15;3,2;9,3;9,4;29,2;25,78;20,3;80,5;3,233333;
1974-10-16;4,6;10,1;0;28,9;25,94;22;77,25;3,733333;
1974-10-17;5,4;9,5;0;29;25,8;21,2;74,5;3,966667;
1974-10-18;6,5;10;0;29,2;26,1;23;72;4;
1974-10-19;6,7;10,1;,2;29,2;25,94;21,4;74,25;3,4;
1974-10-20;5,9;8,7;0;29,3;26,7;24,2;77,5;4,233333;
1974-10-21;5,5;10,6;0;29,3;26,46;24,4;72;2,9;
1974-10-22;6,4;10,5;0;30,2;25,88;21,3;78;2,733333;
1974-10-23;4,1;7,7;0;30,4;26,44;22,3;73,75;3,566667;
1974-10-24;3,8;10;0;30,5;25,22;21,5;77,5;3,4;
1974-10-25;4,1;10,2;0;29,9;26,02;20,4;73,5;3,3;
1974-10-26;5,9;10,5;0;29,2;26,06;22,2;72;4,6;
1974-10-27;5,6;10,8;0;29,6;25,68;20,4;67,75;3,733333;
1974-10-28;5,1;6,7;,5;29,3;25,22;20;72,5;3,766667;
1974-10-29;4,8;10,2;0;30,9;25,8;20,6;74,5;2,166667;
1974-10-30;4,4;9,8;0;31,2;26,54;21,2;70,25;4,5;
1974-10-31;4,3;5,4;0;30;26,18;22,2;76,5;4,4;
1974-11-01;4,3;8,1;0;30;26,04;23,4;72;4,2;
1974-11-02;5,3;7,2;,8;29,3;25,6;21,2;70,75;4,233333;
1974-11-03;5,6;4;0;28,7;24,6;20,1;75,25;3,066667;
1974-11-04;3,4;9,3;3,7;29,4;25,56;19,9;68,5;3,333333;
1974-11-05;6,4;9,4;0;29,1;25,18;20,2;64,25;3,566667;
1974-11-06;5,4;9,5;0;30,5;25,58;19,8;69,25;3,133333;
1974-11-07;5,2;9,6;0;30,7;26,48;20,9;69,25;3,366667;
1974-11-08;3,5;7,4;,2;31,3;25,92;22;74;4,333333;
1974-11-09;3,8;10,5;0;31,3;26,28;20,3;74,75;3,933333;
1974-11-10;4,9;10,6;0;30,3;26,46;21,7;73;3,966667;
1974-11-11;4,2;10,3;0;30,5;26,22;21,7;69,5;2,7;
1974-11-12;5,7;9,3;0;30,7;26,4;20,9;72,5;3,3;
1974-11-13;4,4;6,6;0;30,4;26,12;21,9;76,25;2,433333;
1974-11-14;4,2;10,3;0;31,9;26,86;21,3;72,5;4,233333;
1974-11-15;5,2;10,8;,3;30,9;26,12;21,9;74;3,366667;
1974-11-16;4,8;9,9;0;32,3;25,58;20,4;74;3,533333;
1974-11-17;4,3;11;0;30,9;26,8;20,5;72;4,766667;
1974-11-18;6,3;10,7;0;30,4;26,88;22,2;72;4,866667;
1974-11-19;5,9;9,9;0;30,2;26,34;21,7;72,25;4,7;
1974-11-20;6,6;11;0;30,3;26,34;20,3;70,5;3,9;
1974-11-21;6,9;11,1;0;30,3;26,68;21,3;67,5;4,233333;
1974-11-22;8,7;11,4;0;30,3;26,8;23,4;67;4,233333;
1974-11-23;7,8;10,8;0;30,9;26,18;20,7;75;4,166667;
1974-11-24;4,8;11;0;31,3;26,98;22,1;66,5;4,666667;
1974-11-25;6,4;10,1;0;31,2;26,9;22,1;68,5;3,866667;
1974-11-26;5,3;6,1;,4;29,9;27,12;23,8;70,75;3,833333;
1974-11-27;8,1;7,3;0;30,2;25,62;23;76,5;4,133333;
1974-11-28;5,7;6,5;3,5;29,6;26,04;22,7;79,75;3;
1974-11-29;5,3;10,8;,7;30,1;26,12;22,4;77,25;3,933333;
1974-11-30;5,7;1,2;5,6;27,4;null;null;95,75;3,4;
1974-12-01;1,2;9,8;8,6;28,8;24,3;19,2;83,25;3,033333;
1974-12-02;3,4;10,3;11,8;29,9;26,4;21,3;75,25;3,466667;
1974-12-03;4,9;9,3;7,4;29,7;26,58;22,8;77,25;3,866667;
1974-12-04;4,3;1,7;11;29,7;25,76;22,8;88,75;1,633333;
1974-12-05;1,9;1,5;26,7;27,8;24,52;21;85;2,466667;
1974-12-06;2,2;8,6;0;29,3;25,34;22,2;81,25;3,233333;
1974-12-07;2,9;10,3;0;30;26;21;79;1,8;
1974-12-08;3,9;10,3;0;29,6;25,8;21,9;79;3;
1974-12-09;3,5;9,4;0;30;26,64;21,5;72,75;3,3;
1974-12-10;5,4;8,9;0;29,9;26,42;21,6;76,5;2,566667;
1974-12-11;5,1;10,1;2,3;29,9;26,7;22,2;74,25;3,233333;
1974-12-12;6,8;10,2;0;30,3;27,68;24,7;71;4,2;
1974-12-13;4,2;8,6;0;29,7;26,46;22,8;73;4,5;
1974-12-14;4,9;10,9;,2;29,7;26,44;21,9;74,5;2,9;
1974-12-15;5,1;8,6;0;30,3;26,72;22;75,25;3,433333;
1974-12-16;1,1;3,5;4,8;29,4;26,32;22,5;78,75;4,566667;
1974-12-17;6,3;9,9;1,6;29,9;26,98;24;77,75;3,733333;
1974-12-18;5,6;7,3;,3;30,1;27,08;24,7;75;4,1;
1974-12-19;6,1;10,7;0;30;26,9;23,6;72;4,333333;
1974-12-20;6,1;10,5;0;29,9;26,46;21,4;71;3,733333;
1974-12-21;5,3;10,4;,4;30,3;26,7;22,1;71,75;4;
1974-12-22;5,7;10,7;0;30;26,58;21,2;72,25;3,933333;
1974-12-23;5,4;6,9;1,3;29,8;26,5;22,2;71,25;3,5;
1974-12-24;6,3;10,6;0;30,3;26,66;21,3;69;3,533333;
1974-12-25;6,1;10,3;0;30,7;26,96;21,7;73;3,2;
1974-12-26;4,2;10,3;0;30,7;27,58;24,7;73,5;3,3;
1974-12-27;5,4;4,7;1;30,2;26,64;22,6;79,25;2,066667;
1974-12-28;4,6;9,8;,2;30,3;27,2;24,9;72,5;3,766667;
1974-12-29;5,4;11,2;0;30,2;26,7;21,4;72;3,4;
1974-12-30;5,5;8,9;2,4;30,3;26,46;20,4;74,5;3,433333;
1974-12-31;6,5;4,3;6,3;28,9;25,24;23,5;84,25;2,8;
1975-01-01;4,5;7,3;1,9;30,4;26,44;22,6;72,75;2,733333;
1975-01-02;4,3;10,4;0;30,5;26,94;21,8;71,25;3,4;
1975-01-03;6,4;10,6;0;30,4;27,6;24,2;72,25;3,866667;
1975-01-04;6;10;0;30,8;26,4;22;76,25;4,066667;
1975-01-05;5,6;10,6;0;30,4;26,8;22,2;71,25;3,5;
1975-01-06;5,2;8,7;42,9;29,9;26,66;22,6;77,25;3,466667;
1975-01-07;5,3;2,1;9,4;29,3;26,48;23,1;78;3,533333;
1975-01-08;4,8;10,4;2;29,8;27,48;24,7;75,5;3,333333;
1975-01-09;6,2;9,3;0;29,8;27,18;25;72,75;3,433333;
1975-01-10;5,5;10,7;,3;29,5;26,38;21,3;72,5;3,1;
1975-01-11;5;9,4;1,8;29,8;27;23,5;75;3,9;
1975-01-12;4,8;10,5;0;29,8;26,64;21,4;69,25;3,7;
1975-01-13;6,7;9,5;0;30;27,44;24,8;74,75;3,166667;
1975-01-14;7,6;9;0;29,8;25,84;23,5;80,25;2,8;
1975-01-15;3,7;3,8;6,1;29,8;26,46;22,5;74,75;3,966667;
1975-01-16;7,2;11;,1;29,8;26,34;24,3;76,75;3,433333;
1975-01-17;5,6;10,7;0;30;26,32;21,3;71,75;4,233333;
1975-01-18;6,3;8,8;0;30,4;26,84;22,9;77,5;3,833333;
1975-01-19;6,2;9,3;0;30,3;27,46;24,1;71,75;3,133333;
1975-01-20;6,1;10,3;0;30,8;27,4;23,9;73;4,033333;
1975-01-21;6;7,5;0;30,6;26,9;23,2;68,25;3,966667;
1975-01-22;5,5;8,8;0;30,2;26,58;21,1;69;4,1;
1975-01-23;6,1;8,4;0;31,3;27,14;23;69,5;3,5;
1975-01-24;4,6;7,7;10,4;29,7;26,9;23,1;71,75;2,4;
1975-01-25;6,5;9,6;0;30;26,14;24,1;83;3,066667;
1975-01-26;4,7;9,6;2,6;29,8;25,82;22;79,25;2,7;
1975-01-27;4;8,4;4,4;29,8;26,92;23;74;3,733333;
1975-01-28;4,6;7,6;2,6;30,1;26,24;21,9;78,5;1,233333;
1975-01-29;4,4;7,5;0;30;26,82;22;75;3,866667;
1975-01-30;5,5;8,1;2;29,9;27,2;24,6;73,75;4,066667;
1975-01-31;5,6;10,2;,6;30,7;27,18;22,4;71,5;2,966667;
1975-02-01;5,5;8,4;0;30,7;26,54;21,6;70,75;3,333333;
1975-02-02;4,9;7,7;0;30,3;26,88;21,2;73,5;3,1;
1975-02-03;5;9,7;7,9;30,9;27,38;23,9;75,75;3,466667;
1975-02-04;4,8;7,3;0;30,6;26,94;22,6;75;2,933333;
1975-02-05;3,4;10,6;0;31;26,96;22,1;73,25;2,9;
1975-02-06;5,3;9,8;0;31;27,4;22;66,75;2,266667;
1975-02-07;5,8;7,8;0;31;27,14;23,2;76;3,2;
1975-02-08;4,5;7,4;,2;31,5;26,46;23;76;1,533333;
1975-02-09;4,2;10,5;0;32,7;27,64;21,8;70,75;4,1;
1975-02-10;4,4;9,3;0;32;27,38;23,2;75,5;3,633333;
1975-02-11;4,3;9,2;0;32;27,36;22,2;71;4,166667;
1975-02-12;4,6;10,7;0;31,4;26,9;21,4;67,75;3,733333;
1975-02-13;7,1;11;0;30,6;26,52;22,2;72,25;3,366667;
1975-02-14;5,7;8,3;0;31,4;26,92;22,2;71;3,666667;
1975-02-15;5,9;6,2;0;30,7;26,84;21,7;74,75;3,566667;
1975-02-16;3,9;10,5;1,7;31,4;27,32;23;71,75;3,466667;
1975-02-17;4,8;8,2;0;31,4;27,62;21,6;71,75;4,633333;
1975-02-18;8,2;7,7;4,7;30,6;27,58;24,4;73,5;4,2;
1975-02-19;6,4;8,1;2,1;30,7;27,38;23,1;67,75;4,5;
1975-02-20;6;10,4;0;30,8;27,02;21,9;68;3,366667;
1975-02-21;6,7;6,6;,9;30,7;26,42;22,1;76,25;4,366667;
1975-02-22;6,8;11;1;31,4;27,62;23,8;67,5;3,766667;
1975-02-23;7,3;10,4;0;30,6;26,82;21,4;61,25;3,3;
1975-02-24;6,3;10;0;31,8;25,66;20,4;72,25;2,866667;
1975-02-25;5,9;,8;4,3;29,1;25,78;22,2;79,5;1,966667;
1975-02-26;2,7;6,6;6,6;30,4;26,44;22;79,5;2,9;
1975-02-27;4,5;4,5;0;30,5;26,32;22,7;81,25;2,1;
1975-02-28;3,7;2,6;23,6;29,9;26,42;21,8;82;2,4;
1975-03-01;3,1;7,4;32,1;30;25,18;22,3;87,25;3,233333;
1975-03-02;2,9;6,2;52,9;29,8;25,68;22;87,5;1,366667;
1975-03-03;2,7;9,2;15;29,8;26,34;22,3;79;1,666667;
1975-03-04;4;6,6;,4;29,7;25,02;22,4;89,25;3,9;
1975-03-05;4,6;1,5;59,7;28,9;25,4;21,9;88,75;2,633333;
1975-03-06;3;1,8;31,3;29,1;25,44;22,4;85;,866667;
1975-03-07;2,1;4,2;0;30;26,52;22,8;80,5;2,5;
1975-03-08;3;5,1;3,3;29,8;26,88;23,2;81,5;2,766667;
1975-03-09;3,8;8,6;2,1;30,4;27,16;23,3;73,5;3,2;
1975-03-10;4,4;6,7;15,8;29,3;24,78;22,8;84,5;4,133333;
1975-03-11;3,3;8,1;8,9;29,8;25,62;21,4;81,25;2,033333;
1975-03-12;3,8;10,4;7,5;29,9;26,36;22;73,75;2,433333;
1975-03-13;4,6;7,6;0;29,9;25,96;22,1;84;2,466667;
1975-03-14;3,7;2,9;19,2;29,6;25,46;22,7;88,25;1,666667;
1975-03-15;2,6;10;6,5;30;26,98;22,4;74;3,466667;
1975-03-16;4,1;9,1;0;30,3;27,16;23,3;77,25;3,1;
1975-03-17;4,8;10,1;,2;30,2;27,18;22,8;73,75;3,166667;
1975-03-18;4,9;9,2;2,2;30,1;26,58;22,2;77,25;2,666667;
1975-03-19;4,7;9,9;0;30;26,22;21,6;78,75;2,966667;
1975-03-20;4,2;9,7;0;30,2;26,82;22,3;72;3,2;
1975-03-21;5,2;4,8;0;30,3;26,98;22,2;78,25;2,633333;
1975-03-22;3,6;6,5;0;30,3;26,72;22;78,75;2,133333;
1975-03-23;3,6;9,8;0;30,7;26,84;22,4;77,5;1,966667;
1975-03-24;3,9;9,7;0;31,3;27,06;22,8;80,75;2,333333;
1975-03-25;3,6;10;0;32,5;27,76;23,7;77;2,8;
1975-03-26;3,3;10;0;32,4;27,76;23,6;75,5;2,633333;
1975-03-27;3,3;9,3;0;31,4;27,56;23,1;75;2,566667;
1975-03-28;3,9;9,6;0;33,2;27,64;23,4;78;2,033333;
1975-03-29;3,4;9,4;0;30,4;27,12;22,4;75,5;2,333333;
1975-03-30;4,8;10,3;0;31,3;26,96;22,2;74,75;1,633333;
1975-03-31;3,9;10,1;0;30,7;27,32;22,8;72,5;3,333333;
1975-04-01;4,7;9,4;0;30,1;26,98;21,9;71,25;2,833333;
1975-04-02;5;9,5;0;30,8;26,7;22,6;75,25;2,8;
1975-04-03;4,1;9,5;0;31,7;27,08;21,4;77,75;2,066667;
1975-04-04;3,9;7,2;0;32,1;27,48;23,7;76,5;2,266667;
1975-04-05;3,2;6,2;0;32;26,7;23,2;83,75;3,233333;
1975-04-06;3,1;5,5;0;30,7;27,28;21,7;73,75;2,4;
1975-04-07;4,2;7,6;0;30,7;27,1;23;77;3,266667;
1975-04-08;3,9;10,1;0;31,3;27,2;22,2;73;2,6;
1975-04-09;5,2;9,6;0;31,9;27,32;21,7;71,5;3,8;
1975-04-10;5,2;9,3;0;30,9;27,16;21,8;70,25;3,533333;
1975-04-11;6;9,6;0;31,6;27,3;21,6;71;2,9;
1975-04-12;4,2;6,3;0;31,7;26,52;22;82,5;2,433333;
1975-04-13;3,8;9,8;0;31,3;27,04;21,6;70,5;1,466667;
1975-04-14;4,9;9,6;,2;31,4;26,72;22;77,75;2,366667;
1975-04-15;4,4;10,1;8,9;30,7;27,06;23,5;72,5;2,366667;
1975-04-16;3,9;10,4;0;31,6;27,32;21,9;71,75;3,533333;
1975-04-17;5,1;9,9;0;31,2;27,32;22,3;67,25;3,5;
1975-04-18;5,3;9,3;0;31,2;27,38;21,6;68,25;3,733333;
1975-04-19;5,8;7,2;,5;30,8;26,12;22,9;83,25;2,366667;
1975-04-20;2,5;10,6;5;30,7;26,88;22;74,5;3,333333;
1975-04-21;4,9;9,8;0;30,8;26,74;22;74,25;2,6;
1975-04-22;4,6;7,1;0;32,3;27;21,8;79,75;2,2;
1975-04-23;3,2;5,1;1,1;30,7;26,42;22,4;82,5;2,133333;
1975-04-24;2,7;5,1;41,3;29,7;25,84;22,7;87,5;1,633333;
1975-04-25;2,4;7,2;1,7;30,4;26,56;23,2;81,5;2,066667;
1975-04-26;3,4;9;2,8;30,5;26,42;23,3;83;2,166667;
1975-04-27;3,2;,5;16,4;29,4;25,86;23,5;89,75;1,166667;
1975-04-28;1,6;2;21,3;28,9;24,82;22,8;90,5;3,566667;
1975-04-29;1,6;4,4;7,2;29,3;25,04;23;87,25;2,3;
1975-04-30;2;9,3;4,2;30,4;26,2;21,9;83,5;2,066667;
1975-05-01;2,8;6,8;3;29,4;25,16;22,7;91,5;3,466667;
1975-05-02;2,7;7,7;6,6;28,8;25,22;22,4;83,75;2,9;
1975-05-03;2,2;1,8;,2;28,6;24,66;22,6;90,75;1,5;
1975-05-04;1,7;4,7;14,7;28,5;25,2;22,7;89,25;2,533333;
1975-05-05;1,8;5,5;4,9;29,1;25,34;22,4;82;3,233333;
1975-05-06;3,6;4,8;1,2;29,1;25,08;22,2;87,75;4,5;
1975-05-07;2,4;4,6;23,5;29,3;25,56;21,6;79;3,4;
1975-05-08;3,5;8,2;0;29,4;24,86;22,4;82,75;3,233333;
1975-05-09;3,2;10,7;,5;29,5;25,34;21,4;81,75;3,933333;
1975-05-10;3,7;10,8;0;29,4;24,9;22,1;86,5;2,966667;
1975-05-11;4,2;8,3;0;29,5;24,54;21,2;82,5;1,733333;
1975-05-12;3;7,7;0;29,7;24,72;20,2;85,25;2,433333;
1975-05-13;2,5;8,8;70,9;29,6;25,92;22,8;87;1,9;
1975-05-14;2,5;7,7;0;30,2;26,42;23;78,75;2,833333;
1975-05-15;3;10,3;0;30,1;26,14;22,2;80,75;3,066667;
1975-05-16;2,8;4,8;5,9;29,7;25,2;23,1;87,5;2,3;
1975-05-17;1,9;,3;23,5;27,5;24,02;22,3;92;,766667;
1975-05-18;,6;5,9;8,4;29;24,72;21,1;89;1;
1975-05-19;1,7;10,4;0;29,5;25,58;21,8;86,25;1,6;
1975-05-20;2,9;10;,8;29,4;25,5;22,3;88,25;3,033333;
1975-05-21;2,6;5,3;0;28,6;24,86;21,9;87;4,3;
1975-05-22;2,7;3,7;17,7;29,1;24,86;21,7;89;3,633333;
1975-05-23;2,1;0;54,9;26,8;24,2;22;81,75;4,4;
1975-05-24;1,8;6,5;31,9;27,8;24,26;21,3;88,25;3,833333;
1975-05-25;1,9;0;38,8;25,6;23,12;21,5;92;3,066667;
1975-05-26;1;6,1;16,6;28,3;24,34;21,6;89;2,5;
1975-05-27;1,7;4,2;7,9;27,3;24,44;22,4;88;2,4;
1975-05-28;1,9;7,8;1;29;25,14;21,5;82,5;3,1;
1975-05-29;3,1;9,7;1,4;28,7;25;22,2;79,5;2,833333;
1975-05-30;3,3;6,9;0;28,6;24,8;21,7;83,5;2,9;
1975-05-31;3,6;0;1;25,3;23,4;22,4;94;1,566667;
1975-06-01;,4;0;65,4;26,3;23,64;21,9;96,5;2,233333;
1975-06-02;,6;0;70,1;25,2;23,26;22,2;91;3,566667;
1975-06-03;1,2;,4;15,3;28,2;24,08;22,3;92,75;1,666667;
1975-06-04;1,3;1,5;46,2;27,2;24,06;21,4;88,75;1,8;
1975-06-05;1,4;6,5;1,9;28,2;24,36;21,7;88,25;1,633333;
1975-06-06;2;9,7;0;28,8;24,54;21;84,25;2,8;
1975-06-07;3,2;10,5;0;28,8;24,12;20,4;86,5;2,033333;
1975-06-08;2,5;8,7;0;28,2;23,88;20,9;84,25;1,733333;
1975-06-09;2,9;10,7;0;28,6;23,48;20;83;2,9;
1975-06-10;3,4;7,6;0;29;24,34;20;85,25;4,133333;
1975-06-11;3,4;4,8;6,2;28,4;24,32;20,6;88,75;3,533333;
1975-06-12;1,9;2;1;28,5;23,5;21,5;94;1,633333;
1975-06-13;1,8;6,6;11,3;28,4;23,86;21;86;1,366667;
1975-06-14;3,3;9,5;0;28,7;25,1;21,2;81,5;3,4;
1975-06-15;3,6;6,6;,9;29;24,5;22,2;90;4,866667;
1975-06-16;3,6;,6;6,8;26,9;24,16;22,2;86,75;4,633333;
1975-06-17;2,4;1,4;62,4;27,7;24,48;22;93,5;2,5;
1975-06-18;1;,3;41,5;26,9;23,54;22,1;96,25;,933333;
1975-06-19;1,2;6;32,2;27,6;24,68;22;85,5;2,633333;
1975-06-20;2,2;7,3;3,5;28,2;24,52;20,9;87,25;3,066667;
1975-06-21;2,5;7,3;7;28,4;24,64;21,6;88;2,4;
1975-06-22;2,4;,4;1,5;25,5;23,48;22;91,5;3,233333;
1975-06-23;1,2;,2;17,8;27,3;24,24;22,3;91,5;3,133333;
1975-06-24;1,8;4,9;1,3;28,3;24,38;21,9;87,5;1,633333;
1975-06-25;1,8;8,5;0;28,2;24,86;21,2;86,25;2,866667;
1975-06-26;2,8;9,5;2;28,3;25,02;20,4;83,75;2,8;
1975-06-27;4,2;7,8;1,4;28,2;24,64;21,6;85,25;4,2;
1975-06-28;3,1;6,4;12;28;25,16;22;79;4,2;
1975-06-29;4,2;10,1;0;28,3;24,1;20,1;83,75;3,066667;
1975-06-30;3,5;7,6;,3;27,9;24,56;22,2;82,5;4,7;
1975-07-01;4;2,8;0;27,4;23,8;21,1;93,25;3,733333;
1975-07-02;1;0;50,1;25,5;23,28;22;96,5;1,633333;
1975-07-03;,9;0;42,7;26,6;23,86;21,8;90,75;1,866667;
1975-07-04;1,4;,8;1,8;27;24,06;22,5;94,25;2,466667;
1975-07-05;1,3;0;10,4;26;23,36;21,8;96,5;1,966667;
1975-07-06;null;8,6;2,3;29;24,34;20,8;85,75;1,633333;
1975-07-07;null;9,7;0;28,3;24,8;21;88,25;2,133333;
1975-07-08;2,6;5,5;7,3;27,7;24,88;22,8;85,75;4,533333;
1975-07-09;2,8;0;17,6;24,7;23,04;21,8;95,25;2,2;
1975-07-10;,9;1,1;66,5;27,4;23,8;22;92,5;4,666667;
1975-07-11;2;0;39,4;25,4;23,1;21,6;94,75;1,666667;
1975-07-12;3,1;4,4;6,3;27,4;24,94;22,6;90,25;3,566667;
1975-07-13;3,1;6,2;35,7;27,5;23,34;19,9;84,25;4,166667;
1975-07-14;3,5;1,6;29;26,8;22,84;20;88,25;3,5;
1975-07-15;2,3;5,8;18,2;27,2;23,92;21,4;91,5;4,4;
1975-07-16;2;0;17,2;25,7;23,84;21,8;96,5;1,2;
1975-07-17;,4;0;99;24,4;22,16;21;94,5;,733333;
1975-07-18;0;5,1;11,2;27,4;24,28;20,9;89;3,233333;
1975-07-19;2,1;9,8;3,2;27,5;23,82;21,2;80,75;3,766667;
1975-07-20;4,3;7,7;2,2;27,2;23,12;20,3;85,5;2,566667;
1975-07-21;2,1;5,7;46,8;27;23,16;20,6;82;4,2;
1975-07-22;4,1;9,7;,2;27,4;24,48;20,2;68,75;5,366667;
1975-07-23;6,8;4,3;2,3;26,5;22,32;20;91,25;4,633333;
1975-07-24;2,8;3,1;5,8;26,8;23,8;20;79;4,866667;
1975-07-25;4,2;3,3;5,5;27;23;21;75,25;5,166667;
1975-07-26;4,4;8,3;0;27,3;23,04;19,1;84;5,566667;
1975-07-27;2;2,3;6,2;26,6;22,46;21;89,75;2,366667;
1975-07-28;2,1;5,3;7;27,2;23,02;20,3;88,25;4,3;
1975-07-29;3,8;4,4;19,1;27,4;24,62;20,9;74,5;6;
1975-07-30;5,7;9,9;0;27,2;24,46;22,3;77,5;6,233333;
1975-07-31;5,9;9,2;3,2;27,4;24,16;21,5;77,5;4,5;
1975-08-01;5,4;5,4;1,2;27,5;23,96;21,6;84,25;3,633333;
1975-08-02;5,3;9,6;,5;27,8;24,94;22;75,75;4,433333;
1975-08-03;6,7;6,5;0;28;25,18;21,9;80;3,2;
1975-08-04;5,4;9,4;,9;28;25,12;22,9;76,5;4,666667;
1975-08-05;4,8;9,8;0;27,7;24,08;22;83;2,4;
1975-08-06;4,4;10,4;,8;27,6;23,58;21,3;79;3,833333;
1975-08-07;4,5;9,6;0;27,8;23,84;19,9;79,75;3,866667;
1975-08-08;3;3,9;23,2;27,4;23,2;21;89;2,633333;
1975-08-09;2,2;8;4,8;27,1;23,2;20,3;88,75;4,3;
1975-08-10;2,6;8,4;8,2;27;23,02;19,7;86,75;3,033333;
1975-08-11;2,7;6,5;2;27,3;23,62;20;86,25;3,233333;
1975-08-12;3,9;7,2;2,2;27,3;24,82;21,5;78,5;6,933333;
1975-08-13;4,6;5,8;3,9;27;24,8;21;75,5;4,9;
1975-08-14;6,1;8;0;27,4;24,12;22;78,5;4,7;
1975-08-15;5,5;5,3;,5;27,1;24,14;20,7;83,75;4,6;
1975-08-16;3,2;1,3;26,4;26,2;23,24;20,7;87,75;3,733333;
1975-08-17;3,2;5,5;12,4;26,7;23,86;22,1;80,75;4,166667;
1975-08-18;3,4;,6;3,2;26,2;23,1;20,4;89,75;4;
1975-08-19;2,1;9,1;8,2;27,3;23,68;20,4;86,5;3,766667;
1975-08-20;3,4;2,5;,2;27,7;24,36;21,9;85;4,733333;
1975-08-21;3,9;2,8;20,2;26,5;23,56;21;82;3,866667;
1975-08-22;,5;9,1;6,8;27,2;24,08;20,5;79,25;4,133333;
1975-08-23;6,5;7,3;3,1;27,3;23,66;20,7;88,75;3,2;
1975-08-24;7,6;2,7;16,2;26,8;24,18;22;91,5;3,266667;
1975-08-25;2,8;7,5;15,1;27,6;25,08;22,8;79,75;4,433333;
1975-08-26;3,8;6,2;2,5;27,2;22,66;21;87,5;1,7;
1975-08-27;3,2;6,2;1,7;27,6;24,06;19,8;80,75;3,2;
1975-08-28;4,5;9,3;,4;27,3;23,42;20,1;80,5;3,066667;
1975-08-29;3,9;10,5;0;28,1;24,36;19,7;82;4,766667;
1975-08-30;5;3,9;,2;27,4;24,18;22,2;83,5;5,166667;
1975-08-31;3,9;9,1;6,5;27,3;24,24;20;73,75;3,7;
1975-09-01;3,6;9,4;,8;28;24,4;20,1;81,25;3,433333;
1975-09-02;3,7;8,1;,8;28;24,86;21,4;81;4,133333;
1975-09-03;3,6;6,6;3,5;27,5;24,1;22,1;75;5;
1975-09-04;4,8;7,5;1,1;27,5;23,68;19,7;81,75;4,966667;
1975-09-05;4;3,8;9,8;27,3;23,64;21;90,25;1,166667;
1975-09-06;2,5;6,7;8,7;28,3;25,46;22,3;81,25;4,133333;
1975-09-07;4,1;6;2,2;27,8;25,04;22,9;81;4,3;
1975-09-08;5,6;8,6;1,4;27,6;23,86;21,4;81,75;4,433333;
1975-09-09;5,6;9,9;0;27,4;23,92;21,9;81,25;3,933333;
1975-09-10;3,3;8,4;0;28,5;25,02;19,7;77;3,466667;
1975-09-11;5,4;3,5;,2;27;24,08;22;82,5;3,733333;
1975-09-12;4,5;7,8;5,2;27,7;25,06;22;72,25;5,8;
1975-09-13;7,1;10,3;0;27,7;23,38;20,7;76,25;4,133333;
1975-09-14;4,5;5,7;8,1;26,8;23,48;20,1;83;4,633333;
1975-09-15;3,4;9,8;,4;27,7;23,56;20;83,25;3,5;
1975-09-16;3,6;,6;0;26,8;23,88;20,1;88,75;4,333333;
1975-09-17;4;9,3;2,8;27,7;24,18;22,1;82,5;3,7;
1975-09-18;4,6;9,7;1,7;27,5;24,5;21,4;82,25;4,433333;
1975-09-19;4;3,7;11,4;26,8;22,94;21,1;89;3,033333;
1975-09-20;3,2;7,8;0;28;23,88;20,1;83;4,2;
1975-09-21;3,8;8,8;2,7;27,5;23,92;20,2;78,25;4,7;
1975-09-22;4,3;9,6;3,3;27,4;24,3;19,3;80,25;4,066667;
1975-09-23;4,4;9,1;0;28,3;24,86;20,4;79,25;3,566667;
1975-09-24;3,9;,9;8,4;26,4;24,24;21,4;86,75;2,2;
1975-09-25;3,1;9,5;,4;28,2;24,64;21,9;80,75;2,633333;
1975-09-26;4,1;8;0;28,5;24,66;19,9;78;4,033333;
1975-09-27;5,3;9,4;0;28;24,52;21,3;78,75;4,966667;
1975-09-28;3,8;7,8;,4;28,4;24,66;21,4;82,5;4,666667;
1975-09-29;5,4;9,1;0;28,4;25,58;22,8;75;5,033333;
1975-09-30;7;10,4;0;28,6;25,76;22,9;75,5;4,866667;
1975-10-01;5,3;9,9;0;28,5;24,06;20;77,5;3,633333;
1975-10-02;4,9;8,7;0;28,4;24,74;19,4;72,25;3,7;
1975-10-03;4,4;4,4;1,4;28,2;25,26;20,8;78,25;3,3;
1975-10-04;5,1;10,1;0;29;25,7;21,9;75;3,3;
1975-10-05;5,9;4,7;0;28,4;25,72;22,6;77,5;3,666667;
1975-10-06;4,3;9,6;0;29,1;25,78;21,5;76,25;3,666667;
1975-10-07;6,2;9,1;0;29,2;26,02;23,3;73,25;4,3;
1975-10-08;5,2;8,9;4,6;28,6;25,3;22,2;79,5;3,6;
1975-10-09;4,4;9,2;0;29,4;25,5;20,7;76;3,766667;
1975-10-10;4,7;9,7;2,4;29,2;25,82;21,4;74,75;3,7;
1975-10-11;5,5;10;0;29,1;24,36;20,4;77,75;3,6;
1975-10-12;5;9;1,4;30,1;25,96;21,6;81,5;2,933333;
1975-10-13;3,9;9,5;0;29,8;26,24;22;78;3,566667;
1975-10-14;6,6;9,2;0;29,2;26,4;24,4;74,75;4,633333;
1975-10-15;6;7,1;0;29,8;26,04;21,7;76,25;4,5;
1975-10-16;7,6;10,7;0;29,6;25,72;21;74;3,3;
1975-10-17;6;9;0;30,2;26,08;21;70,5;3,8;
1975-10-18;7,2;7,9;0;29,3;25,82;21,4;74,5;3,866667;
1975-10-19;5,7;9,8;0;29,9;26,08;21,8;76;4,566667;
1975-10-20;5;8,3;0;29,9;25,76;21,7;74,25;4,166667;
1975-10-21;4,6;10,6;0;29,9;25,8;21,3;75,75;3,866667;
1975-10-22;5,1;10,2;0;29,9;25,78;20,9;72,75;3,866667;
1975-10-23;6,2;10,3;0;30,8;26,24;21;69;3,3;
1975-10-24;6,1;10,9;0;30;26,02;20,8;73,25;3,466667;
1975-10-25;6,3;9,8;0;29,7;25,92;21;75;3,166667;
1975-10-26;4,8;9,1;4,4;29,6;25,78;21,4;74,25;3,766667;
1975-10-27;6,3;11,2;0;29,7;26,04;22,1;76;7,133333;
1975-10-28;5,6;6,7;1,4;29,7;26,12;23;74,5;3,8;
1975-10-29;4,4;10,5;0;29,9;25,96;20,6;73;3,133333;
1975-10-30;6,8;5,7;0;29,4;24,78;22,6;84,5;2,466667;
1975-10-31;4,6;10,4;1,4;29,6;25,9;21,4;66,5;3,266667;
1975-11-01;5,5;10,9;0;30,4;25,24;20,2;70;2,9;
1975-11-02;5,1;10,2;0;30,6;26,12;20,6;74,5;3,633333;
1975-11-03;4,7;10,6;0;30,3;26,16;21,2;74,75;4,233333;
1975-11-04;5;10,7;0;30,6;26,16;20,4;71;3,733333;
1975-11-05;6,2;10,4;0;29,7;26;20,2;73,75;4;
1975-11-06;6,6;10,1;,2;29,4;26,38;22,4;75;3,833333;
1975-11-07;6,7;9,6;0;29,8;25,94;20,6;74;3,366667;
1975-11-08;5,1;11,1;0;30,3;26,24;20,4;74,75;3,9;
1975-11-09;8,2;11,1;0;29,9;25,8;20,3;72;3,166667;
1975-11-10;5,9;10,4;0;30,6;26,3;20,6;75;3,433333;
1975-11-11;6;9,2;1,3;29,7;26,48;23;73,75;3,033333;
1975-11-12;5,3;10,6;0;30,4;26,46;21,2;70,75;3,633333;
1975-11-13;5,9;10,8;0;30,6;26,26;21,2;73,25;2,933333;
1975-11-14;5;8;0;29,7;26,4;21,2;69;4,533333;
1975-11-15;7,9;10,8;1,4;29,9;26,68;22,4;74,5;4,433333;
1975-11-16;8,5;10,6;0;29,7;26,78;23,3;69,25;4,933333;
1975-11-17;6,8;9,9;,9;30;26,66;24,2;71,25;5,233333;
1975-11-18;8,6;9,9;,2;30;26,86;23;69,25;4,766667;
1975-11-19;8,6;5;,3;29,4;26,4;23,7;69,5;3,733333;
1975-11-20;7,7;10,5;0;30;26,34;20,8;69,5;3,833333;
1975-11-21;5,5;10;1;30,2;26,18;21,4;71,75;3,8;
1975-11-22;6,9;10,9;0;30,2;26,38;21,3;72;4,2;
1975-11-23;7,5;10,4;1,2;29,7;26,2;21,8;73,5;4,633333;
1975-11-24;5,9;10,8;1,5;29,6;26,44;23,8;73,25;4,233333;
1975-11-25;8,5;1,3;17,3;28,5;25,28;22,2;82,5;2,5;
1975-11-26;4,5;4,3;2;29;26,2;23,1;82,75;3,066667;
1975-11-27;5,1;8,5;6,9;29,3;26,44;22,8;78,75;4,133333;
1975-11-28;6,8;9,6;0;29,6;26,78;24,2;73,75;5,1;
1975-11-29;5,9;2,3;0;29,1;25,9;23,2;74;2,933333;
1975-11-30;4,8;11,3;0;29,9;26,24;20,8;74;2,8;
1975-12-01;4,3;10,3;0;29,4;25,56;21,2;80;3,766667;
1975-12-02;4,7;5,9;8,6;29,2;26,04;22,2;80,25;4,3;
1975-12-03;4,7;4,6;8,8;28,1;24,96;23;86,75;3,133333;
1975-12-04;3;7;40,1;28,5;25,8;21,4;81,5;3,466667;
1975-12-05;4,1;5,2;,7;28,2;25,18;22,4;85,5;3,233333;
1975-12-06;3,6;,2;8;28,4;25,96;22,4;80;3,633333;
1975-12-07;3,3;9,1;3,9;28,9;26,38;23,3;78,5;3,966667;
1975-12-08;6,7;9,7;0;28,8;26,5;24,7;72;5,1;
1975-12-09;5,9;6,6;0;29;25,08;21,7;84,75;3,266667;
1975-12-10;2,9;4,9;1,9;29;25,96;22;77;3,533333;
1975-12-11;5,1;7,2;4,4;29,6;25,98;23;78;3,4;
1975-12-12;4,3;10,3;0;29,3;25,76;20,6;76,75;3,333333;
1975-12-13;2,4;9,5;0;29,6;26,1;21,2;77,5;3,866667;
1975-12-14;5,1;10,4;0;29,7;26;21,3;75,75;3,533333;
1975-12-15;5,1;5,6;0;29,6;25,9;21,7;73,5;4,133333;
1975-12-16;3,9;9,7;0;29,6;26,52;24,4;78,5;3,366667;
1975-12-17;6;10,6;0;29,6;26,06;21,4;76,25;4,5;
1975-12-18;1,9;8,6;1;29,2;25,8;21,6;74,25;5,066667;
1975-12-19;4,3;10,1;0;29,4;25,94;20,6;67;3,533333;
1975-12-20;5,8;7,9;4,6;29,4;26,6;23,2;74,75;3,133333;
1975-12-21;3,1;8,1;24,4;29,7;26,48;24,2;78;2,9;
1975-12-22;5,2;8,9;,2;29,2;26,76;24,4;75,5;3,666667;
1975-12-23;6,3;9,4;1,1;29,6;26,9;23,9;73,75;3,133333;
1975-12-24;5,8;9;,4;29,6;26,3;22;75;4,3;
1975-12-25;5,9;7,6;0;29,4;26,36;22,7;75,25;3,6;
1975-12-26;5,5;8,5;0;29,6;24,88;20,9;82,25;3,433333;
1975-12-27;4,2;,3;19,2;27,6;24,86;22,2;81;2,1;
1975-12-28;4,4;2,8;6,4;28,6;25,52;22;83;3,166667;
1975-12-29;3,1;7,3;0;29,2;25,86;21;74;3,666667;
1975-12-30;6,4;3,5;0;28,8;26,08;22,4;73;3,733333;
1975-12-31;4,6;7,4;,3;29;25,44;20,3;74,25;2,633333;
1976-01-01;5,7;9,9;0;29,3;26,2;22,8;75,75;4;
1976-01-02;6,4;5,7;0;29,3;26,8;23,9;77,75;4,6;
1976-01-03;6,4;11,1;3,3;28,8;26,8;24,1;76,25;5,166667;
1976-01-04;7,8;6;0;29,4;26,6;24,4;70,75;4,5;
1976-01-05;6,8;9,3;0;29,4;25,98;21,4;68,25;4,333333;
1976-01-06;6,5;9,5;3,9;29,3;25,52;20,4;76,75;3,633333;
1976-01-07;5;9,7;0;29,4;25,86;20,9;74;3,366667;
1976-01-08;4,9;6,6;3,1;29,5;26,2;21;77,5;4,066667;
1976-01-09;5,9;10,9;2,2;29,2;26,02;21,7;72,75;4,133333;
1976-01-10;5;11,1;0;29,6;26,26;21;73;3,066667;
1976-01-11;5,6;10,2;0;29,7;26,46;21,2;72,25;3,566667;
1976-01-12;5,6;10,7;0;30,2;27;24,4;69,5;4,1;
1976-01-13;5,4;4,5;,8;29;25,64;21,3;80,5;3,733333;
1976-01-14;3,8;11;1,2;29,8;25,94;20,2;71,75;4,2;
1976-01-15;3,7;9,6;0;29,6;25,96;20,4;72;3,9;
1976-01-16;5,4;9,7;0;30,6;26,34;20,2;68,75;3,966667;
1976-01-17;6,6;11;0;30,5;26,32;20,3;71;3,466667;
1976-01-18;6,2;9,7;0;30;26,34;20,7;70,5;3,966667;
1976-01-19;6,2;7,8;1,8;30,1;26,24;22;75;3,466667;
1976-01-20;6,6;8,3;1,4;29,4;26;20,3;71,75;3,566667;
1976-01-21;7;2,3;10,2;27,9;25,14;22,9;84,25;1,7;
1976-01-22;2,8;9,3;4,5;29,4;25,92;21,9;80,5;3,866667;
1976-01-23;6,3;10,1;,8;29,4;25,76;20,7;74,25;3,466667;
1976-01-24;5,2;8,9;0;29;25,86;20,4;67,25;2,833333;
1976-01-25;5,6;10,8;0;29,8;25,96;20,3;71;3,333333;
1976-01-26;6,1;4,7;0;30,3;27,06;23,7;74,25;3,866667;
1976-01-27;7,5;7,9;0;30,4;27,46;24,7;70;4,233333;
1976-01-28;7,2;5;0;30,2;27,38;25,1;66;4,833333;
1976-01-29;6,4;3,1;0;30,3;25,74;21,4;75,25;4,533333;
1976-01-30;4,6;6,8;3,3;29,7;26,04;22,2;79,25;4;
1976-01-31;4;4,1;10,7;28,8;25,78;21,8;78;2,333333;
1976-02-01;2,9;1,1;12,7;28,6;24,24;20,4;90;1,033333;
1976-02-02;3,6;,8;30,3;27,5;24,26;22,9;92,75;1,533333;
1976-02-03;2,4;3,9;20,1;29,3;25,24;22,4;87,75;1,2;
1976-02-04;2,1;10;,2;29,4;25,78;21,7;79,75;2,133333;
1976-02-05;3,4;4,3;1,3;29,2;25,62;22;83,5;2;
1976-02-06;3,8;9,2;0;30;26,48;21,9;75,5;3,433333;
1976-02-07;4,6;6,7;1,8;29,3;25,98;21,4;74;3,533333;
1976-02-08;4,8;8;,1;29,3;25,86;21,5;76,5;3,8;
1976-02-09;4,5;10,6;,8;29,6;25,86;22,3;75,75;2,133333;
1976-02-10;4,6;10,4;0;30,3;26,28;21;74;2,033333;
1976-02-11;4,6;8,9;0;30,2;25,9;21,2;77,25;2,6;
1976-02-12;3,7;8,2;0;30,9;26,66;22,6;78,5;3,233333;
1976-02-13;2,9;0;7,4;27,2;24,58;22,2;92,5;1,366667;
1976-02-14;,7;9,4;3,8;29,7;26,06;22,2;77,75;2,3;
1976-02-15;2,9;11;0;29,7;26,24;21,6;74,5;4,033333;
1976-02-16;5,9;7,7;1,2;30;26,16;21,9;70,25;2,1;
1976-02-17;4,3;6,9;13;29,1;25,58;22,6;82,5;2,9;
1976-02-18;3,7;10,9;0;29,6;25,82;20,8;75,75;3,4;
1976-02-19;4,4;8,1;0;29,6;25,8;20,2;79,5;3,433333;
1976-02-20;4,4;10,1;6,4;29,4;26,62;23;77,75;4,666667;
1976-02-21;5,1;4,4;1,1;29,3;25,26;21,8;87,75;2,2;
1976-02-22;1,7;1,2;102,8;28,3;23,64;21,2;89,75;1,8;
1976-02-23;1,1;8,4;37,4;29,2;25,96;21,2;77;3,633333;
1976-02-24;6,2;9,9;1,8;29,3;26,58;23,7;71;3,7;
1976-02-25;4,6;9,7;0;29,5;25,96;20,6;69,5;2,766667;
1976-02-26;5,3;8,3;10;29,3;26,16;21,1;77,5;3;
1976-02-27;5,6;9,6;0;29,5;26,6;22,4;80,25;3,4;
1976-02-28;5,7;11;3,2;29,6;26,52;23,2;76;4,7;
1976-02-29;4,7;11,1;0;29,6;25,92;20,3;77,75;3,466667;
1976-03-01;4,4;8,3;0;29,9;26,36;22;77;2,766667;
1976-03-02;5,1;5,6;13;29,6;25,88;22,6;81;3,233333;
1976-03-03;2,9;4,3;1;29,4;25,52;22;86;3,466667;
1976-03-04;2,4;4,2;10,6;28,8;24,98;22,4;88,75;4,166667;
1976-03-05;2,6;4,7;10,8;29,3;24,7;21,3;86,25;2,333333;
1976-03-06;2,2;6,4;23;29,3;25,46;22,3;86,5;1,966667;
1976-03-07;2,9;5,8;11,3;29,4;26,02;22,3;81,75;2,433333;
1976-03-08;2,7;,3;38,6;29;24,86;22,9;88,25;,7;
1976-03-09;1,3;0;106,6;25,6;24,16;22;85,75;1,133333;
1976-03-10;1;1,6;31,3;29,3;25,04;21,9;93,5;3,1;
1976-03-11;2,1;4,1;17,4;29,2;25,66;22,2;81,75;2,866667;
1976-03-12;3,3;8,9;2,6;29,6;25,38;22;83;3,1;
1976-03-13;3,8;2,7;5,4;28,8;25,06;21,4;83;2,4;
1976-03-14;2,3;8,3;,2;29,6;25,96;21,9;78,75;2,8;
1976-03-15;3,8;9,7;0;29,8;26,56;21,4;75;3,433333;
1976-03-16;3,8;4,2;0;28,6;25,4;21;81,75;3,666667;
1976-03-17;3,4;9,1;0;29,8;26,06;20,9;77,25;3;
1976-03-18;3,9;7,2;,2;29,9;26,32;21,7;76;2,8;
1976-03-19;4,2;7,3;0;29,8;26,24;20,6;77,5;2,7;
1976-03-20;2,4;7,6;,4;30,2;26,46;21,2;78,5;2,133333;
1976-03-21;3,2;7,8;3;29,4;26,34;22,8;77,75;3,966667;
1976-03-22;3,9;0;5,1;26,6;22,3;19,8;94,5;1,8;
1976-03-23;,8;8,9;24,7;29,6;25,12;19,3;84,75;2,066667;
1976-03-24;2,6;1,1;0;28,5;25,86;22,5;89,25;2,833333;
1976-03-25;1,5;9,3;29,3;29,4;26,06;21,7;78,5;3,4;
1976-03-26;3,5;6,4;0;30,2;25,92;21,4;81,25;2,133333;
1976-03-27;3,3;1,4;4,7;29,2;25,62;23;94;1,766667;
1976-03-28;1,8;1;26,9;28,7;25,4;23,5;92,25;2,2;
1976-03-29;1,9;3,6;8,5;29,2;25,8;23,3;85,25;3,566667;
1976-03-30;3,4;,7;,2;28,5;24,78;22,1;93,25;2,066667;
1976-03-31;1,1;5,4;29,7;28,9;24,96;22;89,25;4,033333;
1976-04-01;1,7;4,8;15,8;28,7;26,32;22,9;83,75;4,166667;
1976-04-02;3,1;8,2;5,8;29,9;26,3;23,2;84;2,733333;
1976-04-03;2,9;7,7;4,8;29,7;25,68;22,2;84,25;1,633333;
1976-04-04;2,8;8,7;0;29,6;26,28;22;78,75;2,966667;
1976-04-05;3,9;9,2;,5;29,6;26,34;21,6;76,25;3,533333;
1976-04-06;4,4;7,7;1,6;28,7;24,7;21,8;85,5;2,466667;
1976-04-07;2,4;1,4;9;29,1;24,62;22,3;90;1,6;
1976-04-08;1,8;8,6;5,2;29,6;26,08;21,7;80,75;2,133333;
1976-04-09;3,1;4;1,7;29,5;25,42;20,6;84,5;1,8;
1976-04-10;3,8;7,8;,5;29,6;26,48;22,3;76,25;2,733333;
1976-04-11;3,8;6,2;0;29,7;25,84;21,2;84,75;2,633333;
1976-04-12;3;10,3;50,1;29,7;24,44;20,4;85;1,7;
1976-04-13;3,9;5,8;28,7;28,5;24,98;21,8;85,75;1,866667;
1976-04-14;1,4;4,2;1,7;29,8;26,4;22,4;81,25;4,333333;
1976-04-15;3,2;6,8;8,2;29;24,54;21;88;3,066667;
1976-04-16;2,2;5,9;25,9;28,5;24,86;21,6;85,25;2,266667;
1976-04-17;2,9;10,2;,3;29,8;25,08;21,2;85;1,2;
1976-04-18;2,2;4,4;0;28,2;25,44;22,1;85,5;3,866667;
1976-04-19;4,7;2,4;48,6;28,4;24,62;22;84,25;3;
1976-04-20;3;4,6;12,2;28,6;23,88;21,6;87,5;2,3;
1976-04-21;2,3;6,7;0;28,5;24,44;20,4;88,75;1,9;
1976-04-22;3,1;8,9;1,1;29,3;25,54;21,8;85;4,133333;
1976-04-23;3;3,1;6;29,8;25,74;22;90,5;1,2;
1976-04-24;2,4;8,7;6,9;29,7;25,48;21,8;83,5;3,866667;
1976-04-25;4,2;8,9;,5;28,8;24,94;21,8;79,25;3,4;
1976-04-26;3,2;10,4;,4;29,2;23,82;20,2;85,25;2,533333;
1976-04-27;3,5;8,9;1,3;28,6;24,4;20,6;81,25;1,9;
1976-04-28;3,9;10,3;0;28,7;23,76;19,7;78,25;2,8;
1976-04-29;4,1;6,9;0;28,8;24,2;19,2;77,75;3,8;
1976-04-30;4,2;3;,1;28,2;24,62;21,3;85,5;3;
1976-05-01;3,5;10,3;11,9;29,1;25,18;20,3;79,25;2,533333;
1976-05-02;1,9;6,7;,1;28,7;25,3;20,2;81,75;1,8;
1976-05-03;2,9;6,4;,4;28,6;25,6;20,6;74,75;3,066667;
1976-05-04;4,9;9,7;,1;28,5;25,16;21,3;72,5;3,2;
1976-05-05;4,2;8,1;0;28,7;24,4;21,1;79,25;4,1;
1976-05-06;3,4;10,2;,4;29,3;25,04;19,6;82,75;3,7;
1976-05-07;3,6;9,4;,1;28,5;24,4;20,2;88;3,666667;
1976-05-08;3,3;4,8;3;28,6;24,72;21,6;88,75;1,4;
1976-05-09;3,7;6,8;6;28,8;25,84;21,6;76,5;3,3;
1976-05-10;3,6;10,4;0;29,2;25,72;22;77,5;3,2;
1976-05-11;3;10;,1;29;25,14;21,8;82,25;3,866667;
1976-05-12;3,9;8,5;0;28,9;24,2;20,2;85,5;1,866667;
1976-05-13;3,1;8,4;,5;29,2;24,16;20,3;86,25;2,066667;
1976-05-14;2,7;7,5;0;29,1;24,58;20,4;82,75;2,633333;
1976-05-15;3,9;9,9;0;28,7;25;20,2;75,75;3,433333;
1976-05-16;3,8;9,5;,8;29,2;23,8;20,2;83,5;3,1;
1976-05-17;4,1;1,7;,3;27,4;23,7;19,6;95;2,9;
1976-05-18;1,8;6,7;52,2;28,7;24,24;21,3;86;3,1;
1976-05-19;2,6;10,2;0;28,9;25,56;20,3;76,25;3,8;
1976-05-20;4;9,3;,5;28,6;25,1;21;81;3,233333;
1976-05-21;3;2,4;5,2;28,2;25,14;22,4;89,75;3,466667;
1976-05-22;1,8;0;85,9;24,9;23,18;22;96,5;2,533333;
1976-05-23;,7;10,3;41,8;28,7;24,66;20,6;83,25;2,766667;
1976-05-24;2,2;4,3;2,4;27,2;23,52;20,3;93,75;3,2;
1976-05-25;1,6;9;3,3;29;25,14;21,7;77,75;3,466667;
1976-05-26;2,9;7,7;0;29;24,66;21,6;87,5;3,233333;
1976-05-27;2,4;1;7,5;27,4;23,66;21,6;95,75;2,4;
1976-05-28;,6;3,5;68,6;28,2;24,18;21,7;90,25;1,533333;
1976-05-29;2,2;10,2;7,2;28,5;24,44;21,6;84,75;1,533333;
1976-05-30;2,5;8,3;,4;28,8;24,88;20,5;88,5;1,766667;
1976-05-31;2,8;4,1;1;28,6;25,36;21,2;81,25;2,966667;
1976-06-01;3,4;9,3;,3;28,6;24,46;20,3;77,25;3,233333;
1976-06-02;3,9;5,4;0;28,2;24,24;20,4;83;3,933333;
1976-06-03;2,7;7,6;0;27,6;24,14;20,1;87,25;1,866667;
1976-06-04;3,6;10,4;6,1;28,3;25,46;21,3;78;4,666667;
1976-06-05;3,2;10;,4;28,6;24,54;21,2;82,25;3,266667;
1976-06-06;6,3;1;,4;27,8;24,26;21;92;2,766667;
1976-06-07;1,4;1,4;59,2;27,3;24,56;21,3;89,75;1,566667;
1976-06-08;1,7;7;44;28,2;25,16;22,4;79,5;4,366667;
1976-06-09;4,8;9;,3;28,5;25,68;21,3;76,75;5,1;
1976-06-10;5,9;8,9;1,7;28,6;25,42;23;80,75;4,366667;
1976-06-11;3,6;1,1;4,6;27,3;23,78;20,3;87,75;3,166667;
1976-06-12;1,9;7,1;12,2;28,3;23,68;20,2;89,5;3,166667;
1976-06-13;1,9;8,8;25;28,2;24,5;22,4;88,75;1,8;
1976-06-14;2,3;7,6;11,3;28;25,1;22,2;82,25;3,866667;
1976-06-15;3,3;9,8;0;28;22,9;19,8;83,5;2,1;
1976-06-16;3,3;10,3;0;28,3;22,52;18,4;79;2,6;
1976-06-17;3,9;10;0;28,6;22,48;17,7;83,75;2,1;
1976-06-18;3,6;2,7;7,4;27,8;23,62;20,3;82,25;2,8;
1976-06-19;2,7;4,9;19,7;28;25,18;20,9;69,5;4,6;
1976-06-20;3,3;10,1;0;28;24,3;22;77,25;3,7;
1976-06-21;3,2;7,4;25,7;27,6;24,76;19,9;70,75;5,266667;
1976-06-22;4,8;8,7;31,4;27,7;24,64;20,3;69,5;5,433333;
1976-06-23;4,6;3,9;3,8;27,4;23,18;19,4;84,5;2,266667;
1976-06-24;2,9;7;3,7;28,2;24,06;19,6;82,75;4,166667;
1976-06-25;4,2;5,6;3;27,5;22,96;20;84,25;3,5;
1976-06-26;2,9;8,5;1;28;24,46;20,2;87,25;3,466667;
1976-06-27;3;7,9;9,2;28,4;25,64;22,6;86,25;3,2;
1976-06-28;3,3;3;11,2;27,6;24,26;22,6;87,5;2;
1976-06-29;1,7;6,1;10,2;27,5;24,26;21;84,5;3,566667;
1976-06-30;3,1;5,6;2;27,2;23,9;22,1;81,5;3,9;
1976-07-01;3,8;10,2;0;27,6;22,9;20,3;79,5;3,2;
1976-07-02;3,6;10,2;0;27,7;23,6;19;83,75;2,9;
1976-07-03;4,2;8,8;,6;28,2;23,96;21,6;80,25;3,966667;
1976-07-04;3,8;4,1;,9;26,4;21,76;20,1;89,25;1,8;
1976-07-05;1,3;9,6;2;27,8;24,48;19,4;77;2,666667;
1976-07-06;3,9;,6;1,4;27;23,88;22,3;85;2,333333;
1976-07-07;3,1;9,2;0;27,6;24,42;19,8;78,25;3,466667;
1976-07-08;3,7;9,8;0;27,8;23,64;21,3;79,5;3,1;
1976-07-09;3,6;10;0;28;24,02;18,8;75,25;3,2;
1976-07-10;3,5;,5;0;27,3;23,4;21,3;88,75;2,733333;
1976-07-11;3,3;5;3,7;27,8;23,54;21,2;80,5;4,033333;
1976-07-12;3,7;1,2;3,9;26,2;22,68;20,2;85,25;3;
1976-07-13;2,3;7,5;5,9;27,7;24,04;18;78,5;5,233333;
1976-07-14;4,2;4,3;3,4;27,8;21,78;19,1;86,5;3,066667;
1976-07-15;3,1;9,4;1;27,7;22,6;18,2;77;3,366667;
1976-07-16;4,3;3,5;0;27,3;23,14;18,3;86,75;1,8;
1976-07-17;2,1;9,3;23,6;27,8;23,5;21,2;79,25;3,533333;
1976-07-18;4;7,1;0;27,1;23,12;19,9;90,75;3,333333;
1976-07-19;2,6;3,4;27,3;26,4;23,5;21,7;79,25;4,666667;
1976-07-20;3,2;7,6;14,3;27,6;23,96;20;88,75;3,7;
1976-07-21;3,6;9,1;43,7;27,4;24,36;21,2;71;6,066667;
1976-07-22;6,3;10,4;0;27,6;24,38;22,2;78,5;4,3;
1976-07-23;4,6;2,6;16,8;26,8;24,24;20,9;79;5,4;
1976-07-24;3,2;,1;23,5;24,5;23;21;89;4,433333;
1976-07-25;,7;5,1;46,6;27,2;24;21,3;82,5;4,333333;
1976-07-26;4,2;3,9;1,7;26,7;22,8;20,9;83,25;3,266667;
1976-07-27;2,9;10,5;0;27,4;22,74;19;82;3,866667;
1976-07-28;3,4;0;6;25,9;23,36;20,2;83;3,633333;
1976-07-29;2,8;,2;19;25,8;22,58;20,8;93,25;3,666667;
1976-07-30;2,5;8,3;23,2;27,1;22,74;20,2;80;4,1;
1976-07-31;3,8;10,6;0;26,8;23,08;19,6;78,75;3,966667;
1976-08-01;3,6;4,8;,6;26,5;23,9;19,3;75,5;4,2;
1976-08-02;5,2;10,5;0;27,4;23,96;22;76,5;4,566667;
1976-08-03;4,5;5,8;,4;27,4;22,68;18;80,25;3,966667;
1976-08-04;3,9;10,2;,1;28,5;22,8;19,8;76;3,433333;
1976-08-05;3,9;9,4;0;27,8;23,4;18;81,75;3,4;
1976-08-06;3,7;8,2;8,2;27,5;22,76;20;82;2,366667;
1976-08-07;3,7;10,1;0;27,3;23,52;18,3;76,5;3,3;
1976-08-08;3,9;10,3;0;27,3;23,92;18,8;75,75;2,8;
1976-08-09;4,2;9;1,1;27,5;23,68;20,2;79;3,033333;
1976-08-10;3,4;10,3;0;27,7;22,08;18,2;80,75;2,3;
1976-08-11;4,2;8,8;0;27,8;24,12;18,8;80;3,133333;
1976-08-12;4,1;3,7;4,5;27,8;24,24;20,1;83,75;2,8;
1976-08-13;2,5;4,6;5,8;27,6;23,58;20,7;82,25;2,066667;
1976-08-14;3,7;9,5;0;28,2;22,8;19,1;82,25;2,266667;
1976-08-15;3,6;10,2;0;28;22,46;18;82,5;1,966667;
1976-08-16;4;10;0;28,4;23,12;18,4;67,75;3,666667;
1976-08-17;5,6;10,1;0;28;23,68;19,3;72,75;3,833333;
1976-08-18;5,4;9,7;,5;28,2;23,66;19,9;75,5;3,466667;
1976-08-19;4,1;10,8;0;28,3;24,08;20,1;77;3,566667;
1976-08-20;4,1;8,9;5,4;27,5;24,22;21,8;73;5,333333;
1976-08-21;4,7;9,9;,1;27,2;24,02;19,7;71;3,066667;
1976-08-22;4,9;9,4;0;28,5;23,98;19;83,75;3,766667;
1976-08-23;4,8;7,1;16,9;27,7;24,92;22;76,5;3,8;
1976-08-24;5,6;9,9;0;27,6;24,92;22,9;74,75;4,633333;
1976-08-25;4,1;1,4;10;26;22,16;19,4;87,75;2,366667;
1976-08-26;1,3;10,3;4,3;28,8;23,66;20,2;80;3,9;
1976-08-27;3,8;6,7;0;27,8;23,38;21;75,75;4,2;
1976-08-28;4,3;10,4;0;27,5;23,1;18,6;75;4,733333;
1976-08-29;4,2;10,4;,4;27,5;23,62;19;75;4,566667;
1976-08-30;4,3;8,5;1,4;27,4;24,06;20,4;76;4,766667;
1976-08-31;4,4;4,1;1,4;27;24,34;21,6;73;6,4;
1976-09-01;5,9;10,3;0;27,2;24,08;20,4;69,5;4,866667;
1976-09-02;5,4;8,2;1,8;27,6;24,28;20,4;72,25;4,4;
1976-09-03;4,2;8,5;4,4;27,6;24,6;21,3;78,75;4,666667;
1976-09-04;5,1;7,8;0;27,9;25,38;22,5;74,5;4,3;
1976-09-05;6,3;9,6;,2;28;25,74;23,9;79;3,166667;
1976-09-06;3,4;8,2;13,3;27,5;25;21,8;84,5;3,466667;
1976-09-07;2,9;9,1;1,8;28,2;22,82;18,3;86,75;3,1;
1976-09-08;3;9,4;0;28,7;23,3;19,9;83,75;2,133333;
1976-09-09;3,2;9,8;0;28,8;23,96;19,4;82,25;2,633333;
1976-09-10;2,7;8,6;0;28,4;24,38;19,7;73,5;2,733333;
1976-09-11;4;6,7;0;27,8;22,76;18,7;80,5;2,333333;
1976-09-12;3,7;5,1;0;28,4;24,6;21,9;77,25;3,4;
1976-09-13;2,9;8,3;0;28,6;24,34;20,4;75,75;4,1;
1976-09-14;4,6;7,9;0;28,7;24,74;20,6;82;3,933333;
1976-09-15;3,8;7,7;,1;28,4;24,4;22,1;83,25;3,233333;
1976-09-16;3,1;9,4;0;28,7;24,66;21,2;78,5;2,8;
1976-09-17;1,2;5,9;0;28,8;24,88;21,2;80,5;3,7;
1976-09-18;3;6,8;0;28,6;24,58;21,8;81,25;2,533333;
1976-09-19;3,7;7,6;0;28,8;25,46;21,4;78;3,066667;
1976-09-20;4,2;7,8;0;28,4;25,16;21;73,75;5,133333;
1976-09-21;5,4;6,2;0;28,4;24,76;21,4;79;3,9;
1976-09-22;4,1;9;9,8;28,6;25,2;22,2;75,5;4,2;
1976-09-23;4,9;8,8;0;28,6;24,9;20,2;73,75;3,966667;
1976-09-24;4,3;4,7;0;28,6;24,42;19,9;77,5;3,1;
1976-09-25;3,4;9;0;29,3;25,48;20,8;73,75;4,433333;
1976-09-26;3,9;3,6;0;28,4;25,3;21;73,5;3,366667;
1976-09-27;3,3;9,5;0;29,2;24,3;20,6;75;2,7;
1976-09-28;4,6;10,4;0;29,6;24,62;19,7;73;2,566667;
1976-09-29;3,3;8,4;0;29,8;25,08;20,3;74,5;3,633333;
1976-09-30;3,4;6;0;29,8;24,56;20,8;77,25;3,3;
1976-10-01;2,9;8,2;0;30,4;25,72;20,7;75,25;4,2;
1976-10-02;2,4;8,1;0;30,2;25,86;21,6;74,75;2,7;
1976-10-03;4,4;9,2;0;30,4;25,88;21,2;72,25;3,633333;
1976-10-04;3,7;,5;1;27,8;23,94;21,8;89,25;1,633333;
1976-10-05;1,5;1,7;5,3;28,6;25,4;22,6;82,75;1,6;
1976-10-06;1,3;5,2;10,8;28,9;24,96;22,6;83,75;2,1;
1976-10-07;2,8;10,1;5,4;29,2;25,42;22,4;76,75;3,633333;
1976-10-08;2,6;10,3;0;29;24,94;21,1;78,5;2,666667;
1976-10-09;4,3;5,9;2;29,5;25,34;22,7;79;2,933333;
1976-10-10;3,3;9,8;,6;29,8;25,56;21,3;73,25;3,3;
1976-10-11;1,3;2,5;,4;28,6;24,62;20,2;81,25;2,1;
1976-10-12;1,3;5,9;0;29,8;25,28;20;68,5;2,666667;
1976-10-13;2,9;6,5;0;29,7;26,1;22,2;74;3,366667;
1976-10-14;1,6;1,4;86,8;27,6;23,62;21,6;91;2,733333;
1976-10-15;2,2;6,8;12,8;28,4;24,1;21,5;84,25;2,266667;
1976-10-16;2,7;6,1;0;28,7;24,36;21,2;82,25;3,466667;
1976-10-17;4;10,4;,1;28,4;25,3;21,2;75,75;3,066667;
1976-10-18;4,8;2,3;,2;28,2;25,44;23;77,75;3,933333;
1976-10-19;4,2;7,1;3,4;28,6;25,6;22,9;76,75;3,533333;
1976-10-20;4,1;3;1,2;28,5;25,18;21,6;79,25;3,066667;
1976-10-21;4,5;10,2;,1;28,5;25,48;21,8;76,75;3,066667;
1976-10-22;4,7;9,4;9,1;28,8;25,42;22,3;77,25;2,4;
1976-10-23;3,4;3,8;2;28,3;25,64;22,1;78;4,1;
1976-10-24;4,9;3,3;3,2;28,5;24,7;21,7;89;2,7;
1976-10-25;1,9;10,6;2,1;28,8;25,7;22,3;72,75;4,433333;
1976-10-26;6;8,6;0;28,8;25,6;21,3;73,5;3,766667;
1976-10-27;5,2;9,8;0;28,9;25,64;21,4;71,75;4,033333;
1976-10-28;5,2;10,7;0;29;25,44;20,9;73,25;3,9;
1976-10-29;4,7;3,2;2,7;28,8;23,36;21,3;89,5;1,6;
1976-10-30;4,7;10;0;29;25,44;20,9;71,5;3,333333;
1976-10-31;2,8;8,8;0;29;24,58;20,6;76,25;2,933333;
1976-11-01;4,3;10,7;0;29,4;24,76;20,7;74;2,533333;
1976-11-02;4,5;10,6;0;29,7;25,68;20,5;74,25;3,966667;
1976-11-03;4,2;10,4;0;29,6;25,32;20,2;72,75;3,466667;
1976-11-04;4,8;10,5;0;30,1;25,52;20,2;75,25;2,9;
1976-11-05;3,9;8,3;0;29,8;25,52;20,2;73,25;3,066667;
1976-11-06;3,8;10,4;0;29,7;25,46;20,9;73,5;3,466667;
1976-11-07;4,9;9,3;0;30,4;25,68;20,1;75;3,2;
1976-11-08;2,6;9,5;0;29,6;26,08;22,2;69,75;4,166667;
1976-11-09;4,9;8,9;1;29,3;25,86;20,7;69;3,8;
1976-11-10;4,7;8,6;3,2;29;25,18;20,9;76,5;2,733333;
1976-11-11;5,1;10,4;0;29,4;25,66;20,3;68,5;3,7;
1976-11-12;5,4;11;0;29,5;25,9;21,3;70,5;2,866667;
1976-11-13;5,4;10,1;,5;29,7;26,3;22,1;72,25;3,066667;
1976-11-14;4,2;9,6;,4;30,4;26,1;22,2;71,5;3,4;
1976-11-15;4,2;10,5;0;30,3;25,88;21;69;4,266667;
1976-11-16;4,3;9,7;0;30,3;24,64;20,2;76,5;2,766667;
1976-11-17;4,6;8,9;0;30;26,22;20,2;69,5;4;
1976-11-18;6;7,8;0;29,4;26,52;24,6;74,75;4,866667;
1976-11-19;6,1;8,8;0;29,7;26,16;23;77;2,733333;
1976-11-20;4,2;10,5;6,4;30,3;26,24;22,6;75,5;3,333333;
1976-11-21;4,7;9,5;0;30;25,1;21;79,75;2,8;
1976-11-22;3,8;10,6;2,3;29,7;26,4;21,9;74,25;4,6;
1976-11-23;6,4;10,7;0;29,8;27,04;24,9;72,75;4,166667;
1976-11-24;7,1;10,5;,2;29,4;26,8;25,1;72;4,233333;
1976-11-25;5,7;3,8;1,2;27,9;25,66;23,4;82,25;3,066667;
1976-11-26;3;10,2;3,1;29,7;25,66;22,4;82,75;2,8;
1976-11-27;3,5;6,8;1;29;25,66;21,9;78,25;3,6;
1976-11-28;3,3;6,4;6;29;25,9;22,7;78,5;2,633333;
1976-11-29;3,3;5,4;23,2;29;26,14;22,9;80,25;2,633333;
1976-11-30;3,3;4,8;0;29,6;25,86;23,2;88,5;3,3;
1976-12-01;3,2;6,8;15,6;28,9;26,2;23,3;80,25;4,366667;
1976-12-02;2,7;5,3;18,7;28,8;25,98;23,2;85;2,9;
1976-12-03;3,2;4,8;12,1;29;25,38;23,3;83;3,533333;
1976-12-04;2,4;7,9;2,2;29,3;25,46;21,8;81,75;2,333333;
1976-12-05;3,6;10,4;3,6;29,4;26,1;21,6;80;3,4;
1976-12-06;4,2;9,4;4,7;29,4;26,6;24,3;80;3,4;
1976-12-07;4,5;10,3;17,4;29,2;25,24;22,8;82;3,433333;
1976-12-08;3,7;9,4;0;29,3;23,96;21,3;84,5;1,8;
1976-12-09;3,4;11;0;29,8;25,88;20,4;77,25;2,7;
1976-12-10;3,2;7,6;0;30;26,34;21,5;80,25;3,266667;
1976-12-11;5,4;10,9;0;29,7;27,06;25,2;74,25;3,666667;
1976-12-12;5;10,2;,4;29,3;26,16;21,6;67,25;3,966667;
1976-12-13;6,6;9;0;29,6;26;21,3;75;3,333333;
1976-12-14;4,8;5,6;26,4;28,8;25,34;22;82,75;2,6;
1976-12-15;4,9;10,4;0;29,6;26,36;21,8;73,25;3,7;
1976-12-16;6,2;11,5;0;29,6;26,42;21,6;68,25;3,466667;
1976-12-17;5,2;10,7;0;30,1;26,38;21,8;71,75;3,1;
1976-12-18;4,8;9,1;4;29,7;25,62;22;80,25;2,866667;
1976-12-19;3,6;6,5;13;29,3;26,22;23,3;81;3,333333;
1976-12-20;4,2;8,7;6,8;29;25,74;22,8;84,75;2,833333;
1976-12-21;2,9;8,8;0;29,6;26,66;22,3;73,5;4,366667;
1976-12-22;5,2;10;,4;29,6;26,56;22,1;72,5;4,8;
1976-12-23;5,3;11;0;29,5;25,96;21,3;75,5;4,266667;
1976-12-24;7;9,7;0;29,8;26,72;24,8;71,25;3,533333;
1976-12-25;4,2;9,9;0;29,7;26,62;21,5;74;3,633333;
1976-12-26;5,9;10,1;0;30;26,8;22,3;77;3,833333;
1976-12-27;3,6;10,5;0;29,7;27,06;24,6;71,75;4;
1976-12-28;6,4;8,7;,7;29,3;26;20,9;71,75;5,033333;
1976-12-29;5,8;5;0;29,9;26,56;22,8;76,25;3,4;
1976-12-30;4,8;6,4;0;30;26,6;22,6;75,25;4,8;
1976-12-31;5,2;5,5;3,4;29,8;27,1;24,9;75;5,266667;
1977-01-01;6,3;5,2;0;29,7;25,78;23,6;81,5;2,366667;
1977-01-02;4,1;10,8;7,6;29,6;25,64;22,3;78,5;3,9;
1977-01-03;4,6;10,1;0;30,2;26,38;21,7;69,25;2,9;
1977-01-04;5,2;,5;3,2;28,2;25,48;22,9;82,25;1,733333;
1977-01-05;2,5;5,6;3;29,8;25,88;21,8;79,25;2,433333;
1977-01-06;3,1;6;0;30,2;26,62;22,6;74,25;3,833333;
1977-01-07;5,2;6,2;,4;29,9;26,68;23,8;71;4,066667;
1977-01-08;6,5;9,6;,6;30,3;26;23,4;78,5;4,766667;
1977-01-09;6,4;9,9;,4;30,4;27,16;23,7;78,5;5,633333;
1977-01-10;7,6;10,2;,1;30,3;27,28;25,5;69,5;5,333333;
1977-01-11;7,2;11,1;,5;30,4;27,38;24,9;67,5;4,833333;
1977-01-12;8,7;9,9;0;30,4;27,28;24,5;68,25;5,533333;
1977-01-13;6,4;0;10,8;27,4;25,54;23,2;87,25;4,8;
1977-01-14;4,2;3,7;15,3;29,2;26,56;23,9;77,75;5,633333;
1977-01-15;4,8;7,7;,6;29,8;26,14;23,9;79;3,866667;
1977-01-16;4,1;7,8;0;29,5;26,22;23;78,25;2,633333;
1977-01-17;4,2;1,5;4,3;30;26,8;24,6;82;2,966667;
1977-01-18;3,2;7,3;,8;30,3;26,38;23,9;83,5;3,366667;
1977-01-19;3,2;5,6;0;30,3;26,7;23,4;79,25;2,566667;
1977-01-20;2,1;6,5;0;30,8;26,76;23,2;80,25;3,466667;
1977-01-21;2,9;9;0;31,2;26,78;23;81,5;2,7;
1977-01-22;3,1;8,4;0;30,5;27,2;23,6;73,5;2,866667;
1977-01-23;4,3;10,3;0;30,8;26,78;22,1;71,5;3,133333;
1977-01-24;4,3;10,5;0;31,5;26,1;21,2;72;3,133333;
1977-01-25;4,2;8,1;0;30,2;26,32;21,3;77;2,566667;
1977-01-26;4,3;,6;0;30,4;25,6;23,7;80,5;1,5;
1977-01-27;2,2;7,2;,2;30,3;26,56;22,5;72;3,566667;
1977-01-28;5,5;9,4;1,6;30,6;26,88;22,7;75,5;4,466667;
1977-01-29;4,5;2;4,8;29,4;26,38;22,3;79,25;1,266667;
1977-01-30;3,3;8,6;3,2;29,7;25,56;22,3;83,75;2,9;
1977-01-31;2,5;0;16,8;28,4;24,88;23;89;,966667;
1977-02-01;1,3;3,7;3;28,8;24,52;22,7;88,5;2,1;
1977-02-02;1,9;10,3;6;29,8;26,06;21,4;76,75;2,233333;
1977-02-03;3,1;6,3;0;30,4;26,78;21,9;80;3,066667;
1977-02-04;3,7;,5;12,8;28,3;25,84;23,4;81,75;4,4;
1977-02-05;3,3;10,4;26,6;30,2;25,74;23,1;80,75;4,266667;
1977-02-06;4,3;6,1;,4;29,8;25,74;21,7;78,75;2,9;
1977-02-07;3,3;2,6;8;28,8;25,28;23;87;2,033333;
1977-02-08;2;4,8;10,1;28,8;24,64;22,2;84,75;3;
1977-02-09;3,4;11,4;1,8;29,7;26,26;22;71,75;2,633333;
1977-02-10;4,8;8,3;5,6;29,6;26,12;22,5;77,25;3,6;
1977-02-11;4,2;8;11,4;29,3;25,34;22;81,5;4,433333;
1977-02-12;4,3;10,2;,5;29,4;26,32;22,6;69,5;3,633333;
1977-02-13;5,1;9,6;2,3;29,7;26,22;21,6;73,5;2,633333;
1977-02-14;4,3;8,8;0;29,6;26,86;22,3;71,75;3,166667;
1977-02-15;5,3;8,4;0;30;26,72;22;75,5;3,933333;
1977-02-16;5,8;9,4;0;30,2;26,9;23,6;75,25;4,433333;
1977-02-17;5,6;10,6;2,6;29,9;26,8;22,9;72,5;3,333333;
1977-02-18;5,7;10,3;0;30,4;27,6;25,5;72,75;3,666667;
1977-02-19;3,8;8,6;,2;30;26,9;22,6;72,25;4,866667;
1977-02-20;4,5;8,5;,1;30;27,06;23,9;72,5;3,933333;
1977-02-21;4,3;7;6,7;29,7;26,02;22,6;77,75;3,733333;
1977-02-22;3,9;7,8;1,4;29,8;26,5;22,4;77,75;3,033333;
1977-02-23;4,7;7,4;4,7;30;26,42;22,6;76,75;3;
1977-02-24;4,6;4,2;4,4;29,9;25,62;23,1;89;1,866667;
1977-02-25;2,6;6,9;2;30,2;26,04;23,2;85;2,8;
1977-02-26;4,2;9,5;19,3;30,4;27,18;24,8;77,5;3,4;
1977-02-27;4,1;6,1;1;29,7;25,82;22,5;88,25;2,5;
1977-02-28;2,9;7,2;5,6;29,8;26,5;22,5;75,5;3,033333;
1977-03-01;3,8;10,3;0;29,9;26,6;22,3;72,75;3,033333;
1977-03-02;4,7;5,5;,6;30;26,38;22,8;78,75;3,333333;
1977-03-03;4,7;7,4;0;30,7;27,44;23;69,5;3,366667;
1977-03-04;5,2;9,5;2,4;30,3;27,6;25,8;75,25;3,8;
1977-03-05;4,6;8,7;,5;30,4;26,84;22,4;72,25;3,366667;
1977-03-06;5;9,8;0;30,6;27,2;22,9;74;4,133333;
1977-03-07;6,4;10,7;0;30,6;27,2;22,3;71;3,8;
1977-03-08;4,6;7,3;0;30,4;26,98;23;71,25;3,566667;
1977-03-09;4,8;5,5;6,9;30,2;26,5;22,9;80,75;3,466667;
1977-03-10;4,3;9,1;,8;30,5;27,56;23,7;73,75;3,533333;
1977-03-11;5,3;8,5;1;30,7;27,76;25,4;73,75;4,033333;
1977-03-12;5,3;6,8;0;30,5;27,02;22,3;70,75;3,8;
1977-03-13;5,3;6,4;,8;30,3;27,06;22,3;75,5;3,533333;
1977-03-14;4,9;4,4;1,7;30,6;26,92;23,6;74,5;2,3;
1977-03-15;4,3;9,2;,8;31,3;27,5;22,6;72,25;4,2;
1977-03-16;4,7;7,8;11,9;30,2;27;23,8;78,5;2,866667;
1977-03-17;3,6;6,5;7,7;30;26,4;23,4;83,75;2,533333;
1977-03-18;2,9;9,5;0;31,3;27,4;22,8;76,25;3;
1977-03-19;3,6;8,9;2,2;31;27,52;23,2;77,5;2,766667;
1977-03-20;4;8,3;18,6;29,8;26,78;23,1;82,25;2,9;
1977-03-21;4;7,9;17,2;30,3;27,32;23,7;75,5;3,5;
1977-03-22;4,9;9;,4;30,3;27;23,3;72,25;3;
1977-03-23;6,6;10,6;0;30,4;27,14;25,2;74;3,233333;
1977-03-24;4,7;7,9;1,1;30,3;25,82;22,6;81,25;2,6;
1977-03-25;4,3;9,4;,2;30,3;26,74;23,2;79;2,966667;
1977-03-26;4,5;,9;9,7;29,6;26,08;23,3;83,75;2,366667;
1977-03-27;3,8;5,1;2,2;30,2;25,88;23;83,75;3,133333;
1977-03-28;1,7;1;15,2;28,4;26,06;23,5;89,75;1,966667;
1977-03-29;1,3;3,5;4,6;29,4;26;23,1;88;1,933333;
1977-03-30;1,4;1,6;74,5;30,6;25,18;23,2;91,5;2;
1977-03-31;1,6;10;1,2;30;26,36;22,6;80;2,333333;
1977-04-01;3,3;5,2;0;30,2;26,38;23,6;86,5;1,166667;
1977-04-02;2,6;7,9;,4;30,7;26,84;23,3;78,5;2;
1977-04-03;2,7;3,8;13,9;29,7;25,2;23,4;88,25;,933333;
1977-04-04;1,8;7,4;4,1;30,2;25,48;23;88;1,733333;
1977-04-05;2,4;6,4;0;30,7;26,16;22,9;86;,933333;
1977-04-06;1,9;7,8;12,4;30,8;26,92;23,7;83;,933333;
1977-04-07;2,7;4,6;30,2;29,5;25,82;23,9;84,75;,933333;
1977-04-08;2,6;6;0;30,6;26,1;23,7;82,25;3,066667;
1977-04-09;3,3;7,7;0;30,4;26,3;23;84;2,8;
1977-04-10;2,3;4;49,8;30,3;25,56;23,4;88,75;1,966667;
1977-04-11;2,2;3,1;13,9;29,9;25,84;23,6;92;1,1;
1977-04-12;1,2;4,7;3,6;29,5;25,78;23,2;89,25;2,466667;
1977-04-13;1,5;6;21,9;30,2;26,62;22,8;81,25;1,466667;
1977-04-14;3,2;10,1;10,6;30,2;27,38;23,8;77;3,933333;
1977-04-15;2,8;6,5;15;30;25,98;23,3;84;3,066667;
1977-04-16;3,4;8,3;0;30,2;25,9;23,2;83;2,466667;
1977-04-17;4,3;8,7;4;30;26;22,9;79,75;2,7;
1977-04-18;3,2;7,8;0;30,2;25,78;21,6;86,25;2,433333;
1977-04-19;2,3;1;3,2;29,7;25,74;22,6;87,25;,833333;
1977-04-20;2,1;8,1;0;30,4;26,74;22,8;80,25;,933333;
1977-04-21;2,3;9,6;,5;30,4;26,86;23,1;78,75;2,566667;
1977-04-22;4,3;10,2;,8;30,2;26,86;23;78,5;2,5;
1977-04-23;3,9;9,8;0;30,5;26,02;22,2;82,5;2,2;
1977-04-24;3,4;8,2;4,1;30,5;27,52;24,6;79,75;2,166667;
1977-04-25;3,7;8,3;0;30,8;27,52;23,8;77,5;3,433333;
1977-04-26;3,4;7;0;30,5;26,18;23,1;84;1,1;
1977-04-27;2,2;6,8;0;30,8;26,4;22,9;83,25;,866667;
1977-04-28;2;3,1;7,8;30,2;25,6;22,9;89,5;,433333;
1977-04-29;1,6;8;0;30,3;26,42;22,7;83,5;,833333;
1977-04-30;2,8;2,9;26,9;30,6;25,3;23,4;91;1,966667;
1977-05-01;1,6;3,5;19,2;29,2;25,64;22,9;89;1,633333;
1977-05-02;1,8;5,7;1,3;29,6;25,56;22,6;85,25;2,533333;
1977-05-03;1,7;1,2;56,8;27,4;24,16;22,6;91,5;2,033333;
1977-05-04;1,6;5,3;,8;29,3;25,3;23,2;82,75;2,333333;
1977-05-05;2,3;5,8;6;29,3;25,28;22,8;86,25;4,133333;
1977-05-06;1,8;0;3,7;27,2;24,5;22,9;88,25;,766667;
1977-05-07;1,2;4,3;5,5;29,6;25,14;22,3;89,75;,933333;
1977-05-08;1,2;null;37,1;29,4;25,2;22,9;89,5;2,2;
1977-05-09;,9;1,1;25,1;28,3;24,76;22,6;92,75;2,033333;
1977-05-10;1,8;,9;7,4;27,9;25,46;23,7;94,25;3,166667;
1977-05-11;,8;5,2;45,4;29,8;25,76;22,6;86,75;1,466667;
1977-05-12;1,5;9,1;1,1;29,6;25,14;22,6;85,5;,7;
1977-05-13;2,9;8,4;0;29,7;24,88;21,6;87,5;2,033333;
1977-05-14;1,8;6,8;0;30,2;25,94;22,1;85,5;1,466667;
1977-05-15;2,4;2,6;27;29,2;24,9;23,1;92,5;,6;
1977-05-16;1,5;7,7;1,3;29,7;25,36;22,5;86,25;1,533333;
1977-05-17;2,4;9,1;0;30,3;25,46;22,8;85,75;,833333;
1977-05-18;2,5;9,8;0;30,2;25,42;21,7;83,25;1,2;
1977-05-19;2,9;9,7;0;30,4;25,4;21;82,25;1,733333;
1977-05-20;3,2;9,1;2,4;28,9;25,44;23,1;84,75;3,633333;
1977-05-21;3;3;0;28,7;25,28;22,3;86;2,033333;
1977-05-22;2,3;6,2;0;28,7;25,26;22,9;80,25;2,566667;
1977-05-23;3,2;8,9;,8;29,4;26,02;22,1;83,5;4,133333;
1977-05-24;2,3;8,4;7,4;29,7;26,08;22,8;82,5;2,233333;
1977-05-25;2,3;8,4;7,4;29,7;26,08;22,8;82,5;2,233333;
1977-05-26;2,9;4,8;16,3;29,6;24,46;21;88,75;1,533333;
1977-05-27;2,2;4,8;6,8;28,9;24,56;22,1;89,75;2,1;
1977-05-28;2,7;4,5;16,4;29,2;25,78;22,9;77,75;2,8;
1977-05-29;3,2;7,6;1,8;29,2;24,98;22,6;86;1,1;
1977-05-30;2,7;9,7;0;29,7;24,52;20,3;83;1,966667;
1977-05-31;3,4;9,8;0;29,5;26,02;22;80,75;1,6;
1977-06-01;2,9;3,4;,8;28,2;25,18;23;87,5;2,2;
1977-06-02;1,2;4,6;28,6;29;25,36;22,6;86,5;2,033333;
1977-06-03;2,1;,5;24,9;26,8;24,08;23,1;89,25;1,266667;
1977-06-04;1,1;3,3;2,1;27,9;24,68;23;88,75;1,7;
1977-06-05;1,5;1,1;30,6;28,8;24,66;22,2;91;1,7;
1977-06-06;1,3;5,3;0;29,4;25,52;22,1;85;2,3;
1977-06-07;2,3;3,7;0;29,2;24,68;21,9;90,25;1,466667;
1977-06-08;1,4;1,6;5,8;28,7;24,36;22,9;92,5;,7;
1977-06-09;1,8;1;1,6;28,3;24,9;23;93;1,7;
1977-06-10;1,1;1,7;6,8;27,6;24,62;22,9;87,75;1,666667;
1977-06-11;1,2;4,7;18,2;28,6;24,74;22;91,25;,9;
1977-06-12;1,8;9,3;2,4;29;25,7;21,2;76,5;2,8;
1977-06-13;2,8;7,3;0;28,6;25,02;22;80;3,766667;
1977-06-14;2,9;,8;1,9;26,3;23,94;22,2;88,75;0;
1977-06-15;1,1;2,7;1,2;28,9;23,84;21;83,5;2,533333;
1977-06-16;2,1;8;,3;29;24,78;21,6;83,75;1,733333;
1977-06-17;2,4;1,1;15,4;27,9;23,4;21;91;2,366667;
1977-06-18;1,8;,9;29,1;28,1;24,1;22,2;93;1,933333;
1977-06-19;1,2;1,9;25,1;28;24,5;22,3;91,5;2,966667;
1977-06-20;1,3;0;92;25,1;23,14;22,2;93,25;1,433333;
1977-06-21;,6;6,2;18,6;28,7;25;22,4;87,25;1,8;
1977-06-22;2,9;8,4;12,3;28,8;25,4;22,4;83,25;2,933333;
1977-06-23;2,6;0;5,1;27,4;24,68;23,1;93,25;4,166667;
1977-06-24;1,7;8,5;31,4;28,5;25,26;22,4;79,75;4,3;
1977-06-25;2,7;9;,2;28,9;24,6;21,9;83;2,9;
1977-06-26;2,3;6,7;8,2;28,8;25,06;22,2;88;2,633333;
1977-06-27;1,7;7,5;,5;28,4;24,84;22,7;85;4;
1977-06-28;2,5;1,5;12,2;27,3;24,82;22,3;87,25;3,233333;
1977-06-29;2,5;1,8;16,3;28;23,76;22;88,5;4,2;
1977-06-30;2,4;2,1;20,9;26,9;23,54;22;91,5;3,7;
1977-07-01;2,2;,4;1,8;24,9;22,86;21,7;93,75;2,766667;
1977-07-02;,8;4,2;19,4;27,8;24,56;21,3;85;3,533333;
1977-07-03;3,6;8,1;5,2;28;25,46;23;80,5;5,133333;
1977-07-04;2,5;0;49,6;24,9;23,66;22,5;89,25;6,433333;
1977-07-05;2,3;6;65,7;28;23,84;21,6;86,5;4,933333;
1977-07-06;3,7;1,9;9,1;27;24,46;21,7;83;5,1;
1977-07-07;2,7;,6;12,3;25,8;23,56;22,3;94,75;4,366667;
1977-07-08;1,1;3;31,5;28;23,62;22;93;,966667;
1977-07-09;1,2;7;6,4;28,4;24,98;21,4;87,25;3,466667;
1977-07-10;2,7;0;16;25,4;24,36;22,7;89,5;3,733333;
1977-07-11;2,3;8,8;24,9;27,7;24,28;22,3;77;4,266667;
1977-07-12;3,8;7,7;,7;28,2;24,12;20,6;79,5;2,866667;
1977-07-13;3,7;1,3;2,6;28,4;23,76;20;84,75;1,266667;
1977-07-14;2,4;0;3,1;26,6;23,02;21,9;96,25;3,633333;
1977-07-15;,7;,1;83,4;26,6;23,26;21;90;1,766667;
1977-07-16;1,2;2,4;8,7;27,9;24,52;22;83;3,2;
1977-07-17;3,2;1,5;1;27,4;23,9;22,1;84,25;3,366667;
1977-07-18;1,3;5,8;11,3;28,3;24,42;21,3;85,5;1,633333;
1977-07-19;2,4;8,7;,4;27,8;24,04;21,1;83,25;3,766667;
1977-07-20;3,6;5;1,1;27,4;25,08;22,4;70,75;4,833333;
1977-07-21;5,7;8,5;,8;27,8;23,8;21,1;78;4,366667;
1977-07-22;3,4;1,6;3,2;26,7;23,72;20;79,5;3,733333;
1977-07-23;2,7;,8;1,4;26,4;22,94;19,2;91;2,7;
1977-07-24;,8;0;33,2;25,4;24,4;22,3;85;3,733333;
1977-07-25;2,2;,9;10,9;26,7;23,64;22;88,75;3,3;
1977-07-26;1,5;5,6;7,7;27,7;24,36;20,7;82,75;2,033333;
1977-07-27;3,8;7,5;4,4;27,7;23,88;22,2;81,75;1,966667;
1977-07-28;3;8,1;,5;28,8;24,2;20,6;81;1,666667;
1977-07-29;2,6;3;14,4;26,6;23,6;22;92,25;1,6;
1977-07-30;1,7;0;53,6;23,7;22,64;21,7;94,5;1,3;
1977-07-31;,6;,1;39,5;27,7;23,48;21,6;87,5;2,033333;
1977-08-01;1,3;7,8;2,4;27,6;24,22;21,8;84,75;4,133333;
1977-08-02;2,8;4,2;4,2;27,2;24,12;21,9;87,75;4,233333;
1977-08-03;2,7;6,8;,3;27,5;23,04;19,7;81,5;3,6;
1977-08-04;3,1;9,6;0;28,2;24,42;20,2;82,25;2,933333;
1977-08-05;3,1;3,7;1,3;27,3;23,54;20,6;79;2,733333;
1977-08-06;2,7;6,6;1,2;27,4;23,2;20,1;83;4,5;
1977-08-07;2,9;5,8;2,2;27,7;23,72;20,6;81,5;3,4;
1977-08-08;3,5;9,9;0;27,9;23,14;20,5;82,5;1,766667;
1977-08-09;3,5;9;0;28,4;23,64;19,7;83;2,033333;
1977-08-10;3,1;9,9;0;28,7;24,08;20,2;82,75;2,433333;
1977-08-11;3,7;9,6;0;28,2;24,62;20,2;70,5;5,2;
1977-08-12;4,9;6,3;2;27,8;23,96;21,8;80,75;2,466667;
1977-08-13;1,4;6,1;,2;27,4;23,86;20,1;76,5;1,933333;
1977-08-14;4,2;3,3;0;27,4;24,08;18,6;74,75;2,966667;
1977-08-15;3,8;8,2;1,5;28,6;24,14;19;71,75;3,566667;
1977-08-16;4,5;6,3;8,4;28,3;24,04;21,6;81,75;1,6;
1977-08-17;3,4;9,5;0;28,4;24,14;19,7;77,75;2,533333;
1977-08-18;4,1;4,6;7;28,8;24,42;20,9;80,25;3,066667;
1977-08-19;3,9;6,7;,3;28,8;23,46;20,4;82,5;1,766667;
1977-08-20;3,4;9,5;0;28,5;24,76;19,6;79;1,933333;
1977-08-21;3,2;8,5;0;28,7;25,38;20,9;77;3,033333;
1977-08-22;3,2;4,1;28,9;26,6;24,02;22,1;84,5;2,5;
1977-08-23;4;9,4;4,8;28,7;24,98;20,8;72,25;4,133333;
1977-08-24;4,6;10,2;0;28,3;24,64;20,9;76,25;3,166667;
1977-08-25;3,6;3;,2;27,7;24,34;22,5;92;2,7;
1977-08-26;1,1;5,6;22,7;27,4;25,06;22,3;75,25;2,833333;
1977-08-27;3,5;9,4;1,3;28;24,8;20,7;74;2,9;
1977-08-28;3,9;2,8;0;27,8;23,62;20,9;89,75;2,866667;
1977-08-29;3;8,5;6,4;28;25,58;22,6;73;4,4;
1977-08-30;4,2;1;2,2;26,8;23,92;21,9;88;3,366667;
1977-08-31;1,5;,2;36;25,8;24,06;22,5;88,25;2,733333;
1977-09-01;1;9,1;17,2;28,2;25,22;21,9;77,25;3,233333;
1977-09-02;3,6;10;0;28,7;25,08;21,8;77;5,3;
1977-09-03;3,5;9,1;0;28;23,82;20,2;80,25;3,066667;
1977-09-04;3,7;8,8;0;28;24,14;20,3;76,75;3,333333;
1977-09-05;3,9;9,6;0;28,2;24,66;21;77;3,6;
1977-09-06;4,4;9,3;0;28,3;25,32;21,7;73,25;5;
1977-09-07;5,2;8,9;,3;28,4;25,12;22,7;74,5;4,7;
1977-09-08;6,5;10,7;0;28,4;25,78;23,8;75;4,933333;
1977-09-09;4,9;8,7;,4;28,4;24,16;21,2;82,25;3,866667;
1977-09-10;3,4;9,5;3,6;28,3;24,5;21,1;82;3,166667;
1977-09-11;5,1;null;,4;null;null;23,2;null;3,333333;
1977-09-12;5,6;9,7;0;28,6;25,34;22,4;75,75;4,2;
1977-09-13;4,9;6,9;6,4;28;25,2;22,7;75;5,133333;
1977-09-14;4,6;2;7;28;24,46;22,3;89,25;2,866667;
1977-09-15;2,9;5,1;17,1;27,7;24,76;22,9;80,25;4,5;
1977-09-16;2,2;3,2;17,1;27,8;24,06;21,9;86,75;3,2;
1977-09-17;3,6;0;5,9;25,7;24,34;22,1;84;3,466667;
1977-09-18;3,1;6,4;3,9;28;25,18;21,3;76,75;3,333333;
1977-09-19;null;8,6;,3;28,4;25,8;23,6;77,25;2,966667;
1977-09-20;4,8;8,7;2,3;28,5;25,86;23,8;76;3,3;
1977-09-21;4,3;3,6;4,8;27,8;24,58;22,3;83;1,666667;
1977-09-22;4,3;8,4;0;28,3;26,1;24;74,5;3,5;
1977-09-23;6,2;7,1;0;28,3;26;24,8;76;4,166667;
1977-09-24;5,4;9,8;,3;28,6;25,5;23,3;74;3,066667;
1977-09-25;4,1;6,8;0;29;24,5;21,5;79,5;2,866667;
1977-09-26;3;9,2;0;29,6;25,74;20,6;72,75;3,466667;
1977-09-27;3,7;7,8;,2;28,9;25,52;22,7;75,25;3,433333;
1977-09-28;4,8;9;7,7;28,3;23,5;20,5;79,25;2,266667;
1977-09-29;4;7,1;,4;28,5;24,74;20;77;2,433333;
1977-09-30;4,6;8,7;0;28,6;25,38;22,2;71,5;3,366667;
1977-10-01;4,6;1,5;4,8;28,3;25,28;22,7;75,75;3,4;
1977-10-02;3,8;3,9;7,1;28,3;24,38;21,6;84,25;1,766667;
1977-10-03;3,2;,8;5,1;28;25,26;21,5;76,5;3,2;
1977-10-04;3,5;10;0;28,5;25,18;21,3;73,5;3,133333;
1977-10-05;3,8;8,6;1,2;29,2;25,18;20,5;76,75;2,633333;
1977-10-06;4,8;10,9;0;29;24,92;21,9;76,75;2,133333;
1977-10-07;3,4;2,8;0;29,2;24,62;21,2;86;2;
1977-10-08;2,9;10,2;2,6;28,8;25,78;21,5;72;3,233333;
1977-10-09;5,8;10,5;0;29,8;26,14;23,9;79,25;2;
1977-10-10;5,1;8,6;3,7;29;25,96;23,6;76,25;3,6;
1977-10-11;5,8;10,7;1,6;28,8;25,72;23,2;73,5;4,033333;
1977-10-12;4,9;9;,9;28,7;25,34;21;76,5;3,6;
1977-10-13;5,4;10,4;9;28,5;25,68;22,5;74,5;3,733333;
1977-10-14;4,3;5,1;2,6;28,3;24,62;21,7;81,5;2,633333;
1977-10-15;3,3;6,1;,8;28,7;24,8;20,6;82,25;2,366667;
1977-10-16;2;2,4;7,8;27,8;24,56;21,9;85,25;1,366667;
1977-10-17;,5;0;47;27,4;25,08;22,6;81,5;1,866667;
1977-10-18;3,6;6,4;0;28,8;25,88;22;78;3,1;
1977-10-19;5,3;9,9;,8;29;26,16;24,3;73;3,566667;
1977-10-20;5,6;8,9;0;28,8;26,08;23,6;71,75;2,666667;
1977-10-21;4,7;8,2;1,2;28,6;25,7;22,7;75,5;3;
1977-10-22;4,6;6,8;,4;28,7;25,7;23,3;70,5;3,2;
1977-10-23;4,6;10,5;,7;28,8;25,5;20,4;69,5;3,166667;
1977-10-24;5,3;1,6;0;27,9;25,32;22,5;81;3,3;
1977-10-25;3,8;3,3;9,4;28,7;25,66;23;78,25;3,2;
1977-10-26;4,6;10,8;0;29,2;26,18;23,9;70;3,133333;
1977-10-27;4,8;10,3;0;28,8;25,74;21;71,5;2,966667;
1977-10-28;6,6;8,6;0;29;25,8;22,8;72,25;3,033333;
1977-10-29;4,8;9,5;0;29,2;25,78;21;72,5;3,033333;
1977-10-30;4,5;6,7;0;29,7;26;21,7;73;3,666667;
1977-10-31;5,5;9,4;2,7;28,5;26,1;23,2;76,25;3,966667;
1977-11-01;2,7;7,8;0;29,2;26,52;23,9;73,5;3,533333;
1977-11-02;4,9;9,7;,2;29,2;26,26;22,9;77;3,5;
1977-11-03;3,8;10,2;,2;29,6;26,36;23,2;79,5;3,533333;
1977-11-04;3,3;9,8;,8;29,8;26,3;22,7;75,75;3,166667;
1977-11-05;1,9;9,6;0;30;26,32;22,3;72,5;3,9;
1977-11-06;1,8;10,2;0;29,6;24,58;20,4;80,25;2,533333;
1977-11-07;1,8;6,2;4,5;29,1;26,02;21,7;75,5;3,833333;
1977-11-08;1,6;11;,6;29,7;26,74;24,6;74;3,4;
1977-11-09;1,4;10,8;,4;29,7;26,28;23,2;73,75;3,166667;
1977-11-10;5,3;10,7;0;29,9;26,6;22,1;71;4,3;
1977-11-11;7,2;9,5;0;29,6;26,94;24,8;69,25;4,266667;
1977-11-12;4,4;10,4;0;30;27,04;24,6;67,25;4,6;
1977-11-13;2,2;4,1;0;28,3;24,18;21,1;86,25;1,966667;
1977-11-14;,8;9;7,9;29,4;26,5;23,6;80;4,033333;
1977-11-15;4,7;9,2;3,2;29,4;26,6;23,9;76,5;4,466667;
1977-11-16;7;10,7;0;29,8;26,56;24,3;75,75;3,066667;
1977-11-17;5,6;9,5;,8;29,6;26,12;21,1;73,25;3,3;
1977-11-18;4,8;10,2;0;30,8;26,62;21,4;75,25;3,133333;
1977-11-19;4,9;9,8;0;30,1;25,06;22,6;82,25;2,866667;
1977-11-20;3,6;8,5;1,8;30,2;26,28;22,2;79;3,366667;
1977-11-21;3,7;10;0;30,8;26,5;21,4;68,25;3,133333;
1977-11-22;5,4;10,3;0;30,2;26,26;20,8;73,75;4,233333;
1977-11-23;6,1;10,3;0;30,5;27,14;24,2;69,5;3,966667;
1977-11-24;5,5;10,9;0;30,5;26,42;21,1;69,5;4,166667;
1977-11-25;6;10,7;0;30,6;26,36;21,6;67,75;4;
1977-11-26;5,5;9,4;0;30,6;26,24;21,4;69,25;4,133333;
1977-11-27;5;7,2;0;30,2;26,76;22,3;68,75;3,7;
1977-11-28;6,3;6,4;0;30,2;26,12;24,8;73,25;2,966667;
1977-11-29;4,4;5,5;0;30,1;25,82;21,3;72,25;3,333333;
1977-11-30;5,2;10,7;0;31,3;26,72;21,6;69,75;2,8;
1977-12-01;7,1;9,8;1,2;30,7;27,18;24,3;67,75;3,8;
1977-12-02;5,3;7,3;7,3;29,8;26,02;21,8;72;2,866667;
1977-12-03;4,6;9,1;0;30,2;24,54;21;80,5;2,2;
1977-12-04;4,7;9,4;0;30,2;26,3;20,9;76;3,233333;
1977-12-05;5,1;7,9;0;31,2;26,64;21,6;73,75;3,566667;
1977-12-06;6,9;9,9;0;30,2;26,66;23,2;69,5;3,7;
1977-12-07;6,1;9,8;0;30,2;26,42;21,7;67,25;3,566667;
1977-12-08;6,2;5,6;,2;30,4;25,98;21,4;73;3,833333;
1977-12-09;4,5;8,4;0;30,6;26,62;21;72,5;3,333333;
1977-12-10;6,1;8,6;0;31;27,74;24,8;70,5;4,366667;
1977-12-11;4,9;6,2;,2;31;27,1;23,9;75;3,4;
1977-12-12;4;9,4;0;31,4;27,3;22,2;70;5,266667;
1977-12-13;4,8;9,2;0;31,2;27,16;22,5;72,25;3,8;
1977-12-14;5,9;7,3;0;31;27,92;25,7;75;4,4;
1977-12-15;6,5;9,4;0;30,7;27,68;25,4;68,5;3,8;
1977-12-16;7,3;8,5;0;30,7;27,66;25,3;68;5,033333;
1977-12-17;8,2;8,2;0;30,2;27,74;25,8;66,5;4,3;
1977-12-18;8;8,6;0;30,4;27,76;25,8;71,25;4,7;
1977-12-19;6,2;9,7;2;31,2;27,54;23,2;67;4,066667;
1977-12-20;6,4;0;4,3;27,5;25,3;24;91,5;1,1;
1977-12-21;1,3;1;36;29,8;26,74;23,8;79;2,9;
1977-12-22;4,5;3,9;1,2;30,4;26,62;24,3;79,25;2,866667;
1977-12-23;4,5;9,6;0;31,2;26,96;22,6;74,5;2,533333;
1977-12-24;4,6;10,5;0;31,3;27,18;23;74,75;2,966667;
1977-12-25;2,9;8,1;0;31;26,88;23,2;77,25;3,066667;
1977-12-26;3,8;9,8;0;30,8;27,18;23,1;72;3,533333;
1977-12-27;4,1;9,2;0;30,2;27;22,6;69,5;3,066667;
1977-12-28;5,5;8,8;0;30,2;27,12;22,9;67,75;3,766667;
1977-12-29;6,2;7,7;0;30,2;26,72;22,9;67,5;3,366667;
1977-12-30;6,4;4,8;0;29,8;26,64;23,3;70,25;3,333333;
1977-12-31;4,8;2,7;,1;30,5;27,24;24,3;71,5;3,766667;
1978-01-01;6,7;8,4;0;30;27,3;24,3;74,5;3,366667;
1978-01-02;3,9;9,8;,8;30;27,3;25,1;73,75;4,333333;
1978-01-03;5,8;9,2;0;30,4;26,88;22,7;70;3,466667;
1978-01-04;4,9;8,3;0;29,3;26,5;23,6;71,75;2,966667;
1978-01-05;4,6;9,2;0;29,9;26,36;21,9;70,5;3,266667;
1978-01-06;5,5;8,2;0;30,3;26,8;22,1;73,75;3,566667;
1978-01-07;5,7;5,9;2,8;30;27,26;25,2;77,25;3,733333;
1978-01-08;4;10,3;0;30,3;26,88;22;72,5;2,966667;
1978-01-09;5,5;9,6;0;30,8;27,32;23,1;71,75;3,6;
1978-01-10;5,8;10,8;0;30,7;27,3;23,6;71,25;4,1;
1978-01-11;5,3;9,4;0;30,8;27,02;22,2;71;4,133333;
1978-01-12;2,5;2,4;9,7;29,2;26,66;23,2;76,5;3,266667;
1978-01-13;7,4;9,3;0;30,5;27,16;23,2;73,25;3,666667;
1978-01-14;5,8;8,6;0;30;26,2;22,8;72,5;4,1;
1978-01-15;4,8;10,5;1;31,2;26,62;20,8;69;3,3;
1978-01-16;4,9;8;11,2;30,3;26,44;22,6;72,5;2,166667;
1978-01-17;6,8;10,9;0;31;27,28;23,6;73,25;3,333333;
1978-01-18;6,9;10,2;,4;30,4;27,18;24;74,75;4,133333;
1978-01-19;6;8,6;1,5;29,7;26,32;24,3;79,75;2,9;
1978-01-20;5,1;10,3;3,4;30;26,02;22,2;74,75;2,5;
1978-01-21;5,2;9,8;0;31,2;26,96;21,7;71,25;3,633333;
1978-01-22;7,1;9,3;0;30,3;27,5;25,3;73,25;3,033333;
1978-01-23;6,9;10,4;0;30,8;27,66;25,1;69,5;4,166667;
1978-01-24;7,3;6,3;2;30;26,64;23,6;71,75;3,166667;
1978-01-25;5,3;10,2;0;30,2;26,42;21,6;69,75;3,666667;
1978-01-26;6,3;5,7;0;30,2;26,04;21;74;3,366667;
1978-01-27;6,8;10,2;0;31,3;26,52;20,3;68;3,2;
1978-01-28;7,9;9,9;3,2;30,3;27,42;24,1;70,25;3,733333;
1978-01-29;7,6;10,2;0;30,7;27,22;22,7;69;4,033333;
1978-01-30;4,8;9,7;0;30,5;27,86;25,6;68,25;3,966667;
1978-01-31;7,2;10,8;0;30,3;26,82;21,8;66,75;3,766667;
1978-02-01;7,4;9,5;0;30,4;26,32;21,8;71,25;4,066667;
1978-02-02;7,2;10,1;0;30,7;27,72;25;70,75;3,566667;
1978-02-03;9,4;10;0;30,6;27,52;25,1;70;4,2;
1978-02-04;8,8;8,3;0;30,8;26,78;23,1;71,75;2,733333;
1978-02-05;4,6;2,1;0;30,2;26,64;22;71,25;2,266667;
1978-02-06;5,5;8,5;0;31,3;27,74;23,8;72,5;3;
1978-02-07;5,5;4,3;,2;30,4;27,14;24,8;76,5;2,8;
1978-02-08;4,1;,7;5,7;29,7;25,66;23,7;88,5;1,1;
1978-02-09;2,7;0;1;31,3;25,04;21,9;83;3,133333;
1978-02-10;2,2;0;30,5;26,4;23,76;22,1;94,5;1,8;
1978-02-11;,5;,1;97;27,2;24,54;21,9;88;1,2;
1978-02-12;1,3;0;8,6;28,8;25,16;23,2;88,5;,866667;
1978-02-13;2,6;,2;3,3;28,7;26,2;21,9;77,75;2;
1978-02-14;3,9;6,2;0;29,4;26,96;23,1;71;2,766667;
1978-02-15;5,9;9;0;29,5;26,92;24,6;75,25;2,633333;
1978-02-16;5,4;9,5;,2;30,3;27,26;25,3;80;3,633333;
1978-02-17;4,2;3,5;4,5;30,3;25,78;23,3;92;1,133333;
1978-02-18;2,9;2,4;3,7;29,7;26,38;23,8;83,5;,866667;
1978-02-19;2,2;9,7;1,8;30,3;26,88;23,2;76,5;2,233333;
1978-02-20;4,5;6,2;0;30,7;27,06;23,9;79;3,166667;
1978-02-21;4,3;8,2;6,7;29,8;27,06;23,6;77,5;3,633333;
1978-02-22;3,4;8;6,9;30,4;26,8;23,8;80,25;3,566667;
1978-02-23;5,9;7,8;0;30,2;26,96;24;80;2,766667;
1978-02-24;3,9;9,2;2,8;30,4;27,52;24,1;75,75;3,2;
1978-02-25;5,6;8,7;,2;30,6;27,3;23,8;77,5;3,3;
1978-02-26;3,3;2,9;2,7;29,6;25,56;23,7;87;1,1;
1978-02-27;2,5;0;55,8;29,6;25,74;23;85,25;1,866667;
1978-02-28;2,7;,7;1,1;28,3;24,64;22,7;91,5;2,066667;
1978-03-01;1,7;3,8;7,5;28,7;25,28;22,9;85;2,666667;
1978-03-02;3,3;7;21,2;29,4;26,2;23,4;79;2,266667;
1978-03-03;2,8;,5;27,9;28,2;25;23,3;88,25;1,966667;
1978-03-04;1,8;0;2,8;29,7;26;23,8;89;2,1;
1978-03-05;2,4;,1;1,9;28,6;25,36;23,8;83,75;1,166667;
1978-03-06;1,8;4,2;0;30;26,92;23,6;81,75;2,3;
1978-03-07;3;0;33,5;27,7;24,62;23,3;88,75;1,8;
1978-03-08;2,3;0;1,1;27,7;24,5;22,7;92,5;1,533333;
1978-03-09;1,3;9,8;2,9;30,7;25,26;21,9;82,25;2,266667;
1978-03-10;3,8;10,3;0;29,7;25,9;22,7;78,75;2,466667;
1978-03-11;3,8;9,3;0;30;26,74;22,9;75,5;2,233333;
1978-03-12;3,8;4,8;0;28,6;25,5;22,5;84,25;1,233333;
1978-03-13;3,6;5,3;16,4;29,6;25,8;23;87,25;2,566667;
1978-03-14;2,9;0;97;26,8;24,28;23;93,75;1,233333;
1978-03-15;1,2;0;27,9;28,2;25,1;23,6;92;1,6;
1978-03-16;,6;0;11,4;27,5;25,98;23,6;84,5;2,866667;
1978-03-17;2,8;9;17,8;29,6;25,98;22,9;82,5;3,466667;
1978-03-18;3,2;4,4;,2;29,6;25,14;22,1;83;2,3;
1978-03-19;3,3;7;0;29,7;25,46;20,9;78,75;3,4;
1978-03-20;3,6;,1;0;28,4;24,58;22,7;91,75;1,666667;
1978-03-21;2,4;8,9;1,7;30,3;26,56;22,8;79,5;3,766667;
1978-03-22;4,4;7,7;5,7;29,6;25,56;23,4;79;3,133333;
1978-03-23;3,2;7,5;2,8;29,8;25,4;22,9;82,5;2,8;
1978-03-24;3,9;7,7;0;30;26,52;21,9;68,75;2,366667;
1978-03-25;5,1;5,3;0;29,9;26,92;22,5;73,75;3,6;
1978-03-26;4,1;8;2,9;30,3;26,96;23,2;77,5;1,833333;
1978-03-27;4,8;6,3;,5;30,1;27,18;23,2;74,75;3,866667;
1978-03-28;5,9;9,1;0;30,3;27,08;25,2;73,75;2,9;
1978-03-29;3,9;8;0;30,3;26,66;21,9;77,5;2,1;
1978-03-30;4,2;6,1;,6;30,2;26,78;23,6;79,75;1,933333;
1978-03-31;3,7;7,1;0;30,7;27,12;23;76,5;1,533333;
1978-04-01;3,7;8;0;30,6;27,18;23,1;75,5;2,6;
1978-04-02;4,1;8,8;0;31;25,74;21,9;83,5;1,2;
1978-04-03;3,5;7,2;0;30,2;25,76;21,9;80,25;2;
1978-04-04;3,6;9,4;0;30,7;26,82;21,9;76,25;1,766667;
1978-04-05;3,7;1,6;2,4;30,7;25,88;23,8;92,75;1,633333;
1978-04-06;1,2;2,1;78,3;29,6;26,52;23,6;82,75;2,733333;
1978-04-07;3,2;9;1,9;30,2;26,52;24,1;79;2,466667;
1978-04-08;3,5;9,2;0;30,2;26,96;23,6;76;4,133333;
1978-04-09;3,6;0;58,1;27,7;25,2;23,5;91,25;3,066667;
1978-04-10;1,3;3,6;43,4;29;25,64;23,7;86,75;2,8;
1978-04-11;2,2;7;9,7;29,8;26,08;23,7;84,75;1,3;
1978-04-12;3,4;9,9;0;29,9;25,98;23,4;80;2,133333;
1978-04-13;3;10;,5;30,1;26,42;22,6;78,25;3,733333;
1978-04-14;3,5;5,4;,2;29,5;25,44;23,7;90,25;3,1;
1978-04-15;2,9;4,9;3,6;29,3;26,04;23,2;79,5;3,733333;
1978-04-16;3,3;8,3;,3;29,9;25,64;21,9;75,25;3;
1978-04-17;3,2;9,6;0;30;25,74;21,7;79,5;3,333333;
1978-04-18;4,8;7,1;4,7;29,1;25,56;23;83,5;3,3;
1978-04-19;3,3;7,4;0;30;25,32;22,7;76;2,533333;
1978-04-20;3,5;,2;0;27,4;24,32;21,9;91,5;1,766667;
1978-04-21;1,2;7,1;17,2;29,3;25,9;22;82,75;2,3;
1978-04-22;1,9;4,2;9,8;29,5;25,42;22,8;90,75;1,566667;
1978-04-23;1,4;6,8;47,6;29,4;25,78;23,3;86,25;1,466667;
1978-04-24;2,3;,2;32,9;27,7;25,26;23,7;90;1,733333;
1978-04-25;1,3;10,3;1,4;29,9;25,12;22,5;84,25;1,366667;
1978-04-26;2,8;10,1;0;30,4;26,86;22,5;78,25;1,866667;
1978-04-27;2,7;5;3,3;29,2;25,96;24,1;91,75;1,666667;
1978-04-28;1,7;7,7;54,9;29,4;25,86;23,6;85,5;1,7;
1978-04-29;2,3;7,9;7,1;29;25,44;23,2;85,5;2,5;
1978-04-30;1,9;1,3;69,2;28,3;25,68;23,4;86;2,566667;
1978-05-01;2;8;1,2;29,9;26,44;23,6;83,5;1,866667;
1978-05-02;2,1;5,9;3,1;29,2;26,04;23,9;86;,866667;
1978-05-03;2,3;2,5;33,8;29,4;25,24;23,4;90,25;,666667;
1978-05-04;2,1;7,2;13,7;29,9;26,1;22,9;84,75;,766667;
1978-05-05;2;10,1;,2;29,9;26,38;22,6;80,75;1,366667;
1978-05-06;3,4;10,1;0;29,2;25,38;21,6;83,75;2,466667;
1978-05-07;3,1;3,8;9;28,8;25,6;22,9;84;1,7;
1978-05-08;2,4;7,8;,5;29,7;26,78;23,3;79;2,533333;
1978-05-09;2,3;2,3;9,5;28,8;26,28;23,1;82,25;1,7;
1978-05-10;2,1;5,9;1,2;29,2;25,88;24,3;85,25;2,333333;
1978-05-11;2,6;0;47,8;25,6;23,94;23,1;93,5;2,233333;
1978-05-12;1,1;0;15,4;28,9;25,2;23,1;87,75;1,533333;
1978-05-13;1,8;7,1;29,7;29,2;25,58;23,6;82,75;2,6;
1978-05-14;3;5,3;4;28,8;26,08;22,1;80,75;3,966667;
1978-05-15;3,4;,8;6,8;27,6;25,48;23,5;88;3,633333;
1978-05-16;2,4;9,1;11,9;29,4;26,5;23,4;78,75;3,1;
1978-05-17;3,7;7;2,2;29,2;24,78;22,6;85,75;1,2;
1978-05-18;2,9;9,9;0;29,2;24,78;21,1;85,25;2,3;
1978-05-19;2,9;8,8;0;29,2;25,84;22,9;82,25;2,233333;
1978-05-20;2,3;2,2;54,3;28,9;25,14;23,2;86,25;2,1;
1978-05-21;2;4;,9;28,8;24,88;21,9;90;1,2;
1978-05-22;2,5;10,5;,9;29,3;25,24;22,8;81,75;2,766667;
1978-05-23;3,2;7,6;0;29,2;25,24;22,1;84;,833333;
1978-05-24;2,7;9,2;0;29,9;25,66;21,9;83,25;,866667;
1978-05-25;3,2;9,4;1,5;29;25,18;22,5;83;3,5;
1978-05-26;3,1;9,4;,3;29,5;25,8;22,6;85,75;3,366667;
1978-05-27;2,6;3,1;0;28,2;24,5;22,1;89,25;1,633333;
1978-05-28;1,2;9,2;0;29,5;25,22;22;83;1,6;
1978-05-29;3,5;8,8;2;29,4;25,8;22,9;80,25;2,266667;
1978-05-30;2,9;9,5;10,9;29;24,7;22,2;87,5;1,466667;
1978-05-31;2,4;,1;,1;26,3;23,4;21,5;95,75;1,5;
1978-06-01;,9;1,4;31,8;29,4;24,68;22,5;86,5;1,233333;
1978-06-02;1,6;9,3;0;29,3;25,74;22,1;84;1,733333;
1978-06-03;3,2;10,2;0;29,4;24,58;21,6;82,25;1,866667;
1978-06-04;2,7;8,5;0;29,4;25,14;20,8;82,25;2,833333;
1978-06-05;3,5;9,6;,2;29;26,16;22,6;77;4,233333;
1978-06-06;3,3;9,4;0;29;26,44;21,8;73,75;3,7;
1978-06-07;3,3;8,7;5,6;29,1;25,86;23;82,75;4,666667;
1978-06-08;4,7;8,6;5,5;29;24,96;22,7;84,25;3,3;
1978-06-09;3,5;8,2;1,5;29,1;24,96;22,1;85,75;3,333333;
1978-06-10;3,3;6,8;20,4;28,6;25;22;87,75;2,3;
1978-06-11;2,8;1,7;0;28,4;26,22;23,6;74,25;5,066667;
1978-06-12;5,6;,4;,4;27,3;24,8;22,9;82,75;4,3;
1978-06-13;2,6;,4;9;27,4;24,14;22,2;93,25;4,5;
1978-06-14;1;,3;83,6;25,4;22,96;21,8;93,5;2,533333;
1978-06-15;1,3;,2;31,2;26,7;23,54;21,4;93;3,2;
1978-06-16;,7;6;14,9;27,9;24,38;21,8;87,75;3,1;
1978-06-17;3,3;9;4,6;28,6;24,92;22,4;77,5;3,733333;
1978-06-18;3,6;9,3;0;28,4;25,22;21;72,25;4,6;
1978-06-19;5;7,9;,6;28,2;24,08;19,4;76,75;3,466667;
1978-06-20;3,6;8,4;1,4;28;24,18;20,3;79,25;3,5;
1978-06-21;3,5;0;8,8;24,6;22,96;21,6;85,75;3,5;
1978-06-22;2,2;0;7;24,7;22,06;18;92,5;3,966667;
1978-06-23;1,5;7,2;14,6;28,2;24,46;22;83;4,466667;
1978-06-24;1,9;10,3;3,6;28;24,34;22,4;82;4,466667;
1978-06-25;4,8;2,8;1,1;27,6;24,3;21,6;88;3,7;
1978-06-26;1,6;0;32;24,8;22,88;21,8;94,25;1,433333;
1978-06-27;,6;0;13,1;25;22,32;21;93,25;1,933333;
1978-06-28;1,2;8,7;9,2;27,9;24,46;20,8;83,25;4,466667;
1978-06-29;2,5;8,1;,3;27,8;23,76;21;83,25;3,6;
1978-06-30;3,1;10,1;,3;28,1;23,94;21;80,25;2,8;
1978-07-01;3,2;9,9;0;28,2;24,18;20,7;85;3,333333;
1978-07-02;2,9;10,2;,2;28,6;24,22;21,3;84,25;3,7;
1978-07-03;2,3;2,3;16,2;27;23,42;21;89,25;1,4;
1978-07-04;3,3;7,8;3,1;28,4;24,14;19,7;85,5;2,666667;
1978-07-05;2,8;0;7,4;25,9;22,44;21;92,5;4,066667;
1978-07-06;1,6;0;87;24,8;22,94;21,7;93,25;2,2;
1978-07-07;,5;,7;8,9;27,2;23,56;21,8;91,5;1,333333;
1978-07-08;1,3;2,2;4,3;27,9;23,9;21,7;91,5;2,166667;
1978-07-09;1,9;,8;0;25,7;23,9;21,9;92;1,433333;
1978-07-10;1,1;0;27,1;26,4;24,28;22,6;89,75;1,866667;
1978-07-11;1,5;3,2;13,4;27,7;24,24;22,1;92,75;2,6;
1978-07-12;1;0;47,8;26,6;23,72;21,4;93,75;1,133333;
1978-07-13;,8;0;62,8;26,7;24,46;23,1;89;2,133333;
1978-07-14;1,1;4,6;11,9;27,9;24,62;22,6;91,75;1,266667;
1978-07-15;2,7;6,2;39,9;27,9;24,94;23;82,5;4,033333;
1978-07-16;2,4;7,6;0;27,9;23,88;21;87,25;1,766667;
1978-07-17;2,4;8,9;,9;28,6;24,74;21,6;88,25;2,6;
1978-07-18;2,4;3,2;9,1;28;24,64;22,5;89;1,533333;
1978-07-19;1,7;9,3;4,9;28,7;24,34;21,3;86;1;
1978-07-20;1,9;7,8;8,4;28,2;24,32;22;87,25;3,266667;
1978-07-21;3,2;10,2;0;29;24,1;20,5;82,25;1,966667;
1978-07-22;2,7;7,6;0;28,4;24,54;21;85;2,1;
1978-07-23;2,3;5,6;,5;28,4;23,84;20,3;88,25;2,1;
1978-07-24;2,5;,3;15,4;26,8;24,26;21,7;90;2,966667;
1978-07-25;2,5;7;47,5;28;24,54;22,5;80,25;3,566667;
1978-07-26;4,2;7,8;2;28,4;24,46;20,8;81,5;3,5;
1978-07-27;4,1;2,4;6,4;28,6;25,22;23,1;84,75;4,1;
1978-07-28;3,2;0;21,6;25,8;23,04;21,9;93,25;2,266667;
1978-07-29;,9;4,9;37,4;26,8;23,88;21,3;88;3,466667;
1978-07-30;3,1;5,8;15,5;27,6;24,22;21,9;80,25;5,533333;
1978-07-31;4,3;3,9;6;26,8;24,14;20,9;76,75;3,633333;
1978-08-01;4,3;4,4;1;27,4;23,82;21,6;87,5;3,833333;
1978-08-02;2,9;5;26,8;26,2;23,32;21,8;85,25;3,566667;
1978-08-03;3,8;2,9;1;27,4;24,4;22,4;82,75;4,033333;
1978-08-04;3;8;2,3;27,8;23,76;21,3;86,75;2,333333;
1978-08-05;3,3;5,2;12,8;27,8;24,28;21,8;82;2,466667;
1978-08-06;3,6;0;51,5;27,8;24,02;21,6;86,75;3,666667;
1978-08-07;2,6;4;7,3;26,6;23,58;21,4;85,75;3,633333;
1978-08-08;2,5;5,4;1,1;26,7;23,68;20,7;83,25;1,766667;
1978-08-09;2,4;5;1,4;27,4;23,68;20,6;91,25;,933333;
1978-08-10;3,6;8;29,9;27,7;24,58;22,7;83;3,666667;
1978-08-11;2,8;8,2;7,2;27,3;24,06;21,6;81,75;4,066667;
1978-08-12;2,6;8,9;,8;27,6;23,26;20,9;81,25;2,533333;
1978-08-13;3,1;8,1;0;28;24,44;20,2;79,25;4,133333;
1978-08-14;3,8;2;8,6;27,3;24,44;22,7;80,75;4,6;
1978-08-15;3,1;10,6;,2;27,9;23,56;19,4;78,75;3,433333;
1978-08-16;6,4;9,7;0;28;24,46;19,7;75,5;2,8;
1978-08-17;4,2;9,3;0;28,4;24,52;22,3;83;4,166667;
1978-08-18;3,6;2;8,3;27,2;24,94;22,5;81,25;5,1;
1978-08-19;3,1;6,2;4,9;27,8;24,84;21,7;74,75;4,533333;
1978-08-20;5,6;3,7;1,2;27,3;23,86;21,5;79,5;4,466667;
1978-08-21;2,8;7,6;3,2;27,6;23,88;20,7;85;2,9;
1978-08-22;2,5;2,8;,4;26;23,7;21,6;90,25;3,766667;
1978-08-23;1,7;1,9;23,8;27,4;22,92;21;87,25;3,366667;
1978-08-24;2,3;9,9;2,5;26,9;22,42;19,9;79,5;2,566667;
1978-08-25;4,1;10,1;0;27,5;23,58;17,9;76,5;2,833333;
1978-08-26;3,4;10,5;0;28,3;24,68;20,4;79,25;3,2;
1978-08-27;3,2;,1;11,8;26,5;22,62;21,1;91,75;,966667;
1978-08-28;1,6;4,1;1,4;27,8;25;21,6;78,5;3,1;
1978-08-29;2,9;3,8;,2;27,5;23,7;21;83,25;2,433333;
1978-08-30;2;7,4;1;28,5;25,12;20,4;76,5;2,933333;
1978-08-31;3,9;9,6;0;28,8;25,42;20,6;75,75;3;
1978-09-01;4,7;5,5;2,3;27,8;25,62;23,9;74,75;4,7;
1978-09-02;6,1;4,9;,2;27,6;23,4;21,3;89;4,1;
1978-09-03;3;7,5;8,6;27,6;24,3;21;79;3,6;
1978-09-04;3,6;0;37,5;25,7;23,26;22;92;2,766667;
1978-09-05;1,2;4,7;26,5;27;23,88;21,9;82,75;2,466667;
1978-09-06;3,7;10,2;0;27,6;23,46;21;82;1,933333;
1978-09-07;3,7;8,5;1,4;27,9;25,02;21,3;73,25;3,4;
1978-09-08;3,7;7,7;2;28,6;24,28;21;83,25;2,6;
1978-09-09;3,1;8,5;,4;28,7;25,1;21,4;77,75;3,066667;
1978-09-10;3,8;9,4;0;28,5;25,28;20;70,75;3,233333;
1978-09-11;5,4;8,2;0;28,3;25,22;20,8;74,75;3,633333;
1978-09-12;6,3;5,4;0;28,2;23,72;21,1;83;2,533333;
1978-09-13;5,1;,5;0;28,2;24,82;21,3;75,75;4,8;
1978-09-14;4,4;1,7;2,4;26,7;23,74;21,9;77,75;3,766667;
1978-09-15;2,9;,5;14,6;27,5;23,08;19;81,5;2,866667;
1978-09-16;3,4;0;7;26,9;23,68;21,9;89,5;4,166667;
1978-09-17;2;3,3;44,8;27,7;24,22;20,3;82;2,833333;
1978-09-18;4,9;8,9;,8;27,8;25,62;23,6;71,25;4,566667;
1978-09-19;6,4;8,3;3;27,5;23,56;21,5;80,25;2,6;
1978-09-20;3,6;,6;3;25,7;23,22;21,7;93,5;2,2;
1978-09-21;1,8;8,4;8,3;28,2;25,18;21,8;74;3,233333;
1978-09-22;4,4;2;7,8;27;23,86;21,4;89,5;2,733333;
1978-09-23;4,2;4,6;19,7;27,7;24,38;22,4;87,75;3;
1978-09-24;3,1;6,9;6;27,2;23,98;21,4;87,75;3,233333;
1978-09-25;4,2;3,6;6,2;27,5;24,44;22,1;80,5;4,066667;
1978-09-26;2,5;3,8;10,6;27,6;23,58;21,7;84,75;3,933333;
1978-09-27;4,1;6,3;10,2;27,7;23,98;21,3;83;3,533333;
1978-09-28;2,5;4,3;,8;27,7;24;21,3;84;3,8;
1978-09-29;1,8;4,1;49,1;27,6;24,1;21,9;84,5;3,9;
1978-09-30;4,1;7,8;18,1;27,8;25,3;22,7;76;4,1;
1978-10-01;4;4,1;0;28;25,22;21,6;76;5,4;
1978-10-02;4,4;7,6;1;28,2;25,44;23,8;79,5;4,3;
1978-10-03;5,4;8,1;,2;28,5;25,44;22,8;75,75;4,966667;
1978-10-04;5,2;6,9;2;28,3;25,44;22;74;4,366667;
1978-10-05;5,4;3,2;2,1;27,7;24,42;22,1;82,25;3,766667;
1978-10-06;2,7;4,4;9,8;28;25,16;22,8;78,25;4,133333;
1978-10-07;3,9;8,4;,2;28,3;25,14;22,8;80,75;2,533333;
1978-10-08;4,3;7,9;0;28,7;25,3;20,5;75,75;2,9;
1978-10-09;3,8;7,6;0;28,8;25,44;21,9;76,5;3,933333;
1978-10-10;3,8;,7;1;27,9;23,72;20,9;84,75;2,166667;
1978-10-11;2,9;9,7;,4;28,5;23,68;20,7;81,75;2,6;
1978-10-12;3,6;5,9;,4;29,4;25,54;20,7;80;2,733333;
1978-10-13;3,3;9,1;,4;28,7;26,2;24,2;75,25;3,533333;
1978-10-14;6,3;8,5;2,3;28,5;25,94;23,2;74,25;3,5;
1978-10-15;4,2;9;,4;28,6;25,82;22,1;72,75;3,933333;
1978-10-16;4,5;8,4;,3;29;25,32;20,1;71,25;3,166667;
1978-10-17;5,5;10,8;,2;29,3;25,72;21,6;76,5;3,3;
1978-10-18;3,8;4,6;9,1;28,2;25,18;21,8;79;2,5;
1978-10-19;5,2;9,5;0;28,6;25,8;23,9;72,75;3,266667;
1978-10-20;4,5;8,6;1,3;29,6;24,64;21,3;79,75;2,866667;
1978-10-21;3,5;8,2;0;29,4;25,46;20,9;71,5;3,2;
1978-10-22;4,1;9,3;0;29,3;25,58;20;69,75;2,266667;
1978-10-23;4,8;9,4;1;28,8;25,46;21;73;4,7;
1978-10-24;5,3;8,7;0;28,9;25,38;20,7;73,25;3,3;
1978-10-25;5,6;4,8;0;29;25,46;21,6;77,5;3,366667;
1978-10-26;4,3;6,4;4,1;28,7;25,58;22,6;76,75;4,966667;
1978-10-27;4,3;9,1;,4;29,2;25,44;20,8;75,5;3,8;
1978-10-28;5,5;8,7;,3;28,8;25,98;22,5;73,5;4,1;
1978-10-29;6,1;9,6;0;28,9;25,96;23,5;69,75;3,966667;
1978-10-30;3,4;8,6;0;29,3;24,82;18,8;77,75;2,3;
1978-10-31;5,8;6,3;9,7;28,8;26,1;23,6;74,5;3,866667;
1978-11-01;7,4;9;0;28,6;26,18;24,7;74,25;3,8;
1978-11-02;6,6;10,1;,2;28,7;26,28;24,2;72,5;3,7;
1978-11-03;6,3;10,1;,4;28,8;26,32;24,3;71,25;3,7;
1978-11-04;6,3;6,7;,6;28,5;26,44;24,6;72,5;3,766667;
1978-11-05;2,2;11,3;1,6;28,7;25,92;24,2;76,5;3,233333;
1978-11-06;8,1;10;0;29,4;25,1;20,1;72,5;2,866667;
1978-11-07;4,6;10,9;0;29,5;25,84;20,5;65,5;3,7;
1978-11-08;7,4;10,3;0;29,3;25,48;21,1;71,75;3,5;
1978-11-09;4,5;5,4;1,4;29,2;25,28;21,7;73,25;2,966667;
1978-11-10;4,7;9,7;12,9;28,7;25,3;22,4;80,5;3,4;
1978-11-11;4,4;8,8;3,2;29;25,9;22,9;73,5;3,533333;
1978-11-12;5,4;10;0;29,6;25,42;21;77,75;2,933333;
1978-11-13;4,2;9,3;0;29,7;26,38;22,1;71,25;3,433333;
1978-11-14;5,2;9,4;,2;29,8;26,12;22;72,5;2,7;
1978-11-15;4,5;4,2;4,4;28;23,32;21,4;84,25;2,366667;
1978-11-16;3,1;7,3;0;28,9;25,06;20,8;72,75;1,666667;
1978-11-17;4,6;10,3;0;29,5;26,04;20,7;68,5;3,633333;
1978-11-18;6,3;9,3;0;29,4;26,6;24,2;74,5;4,4;
1978-11-19;5,3;5;4,2;28,3;24,46;20,9;80,25;2,566667;
1978-11-20;2,7;8,2;20,5;28,6;25,36;19,9;72,75;3,9;
1978-11-21;5,5;9,7;,9;29,2;26,28;23,4;71,5;4,2;
1978-11-22;6,4;11,2;,5;28,9;26,04;22,9;71;3,966667;
1978-11-23;6,6;11,3;0;29,2;24,56;20,6;75,5;2,9;
1978-11-24;5,4;10,5;0;29,2;25,54;20,4;69,75;2,633333;
1978-11-25;5,2;6,1;0;29,5;26,24;21,3;77,75;3,366667;
1978-11-26;5,8;9,3;0;29,6;26,96;25,4;75;4,2;
1978-11-27;4,8;4,1;3,9;29;26,46;23,9;78,25;4,233333;
1978-11-28;4,6;7,6;,4;29,9;25,66;23,4;80;1,8;
1978-11-29;3,9;8,5;4,9;29;26,4;23,3;74,75;4,633333;
1978-11-30;6,1;2,7;0;28,8;25,14;22,5;88,5;2,033333;
1978-12-01;3,2;,2;9,9;28,6;26,36;23,3;80;3,966667;
1978-12-02;4,1;8,7;8,3;29,3;26,44;24,6;75,25;4,3;
1978-12-03;4,5;4,5;3,1;28,8;26,02;23,5;78,75;2,733333;
1978-12-04;3,5;2;10,2;28,7;26,2;23,6;82,5;2,933333;
1978-12-05;3,4;3,2;8,9;28,3;26,34;23,6;82,5;3,3;
1978-12-06;4,2;7,8;1;29,6;26,38;23,7;81,25;4,066667;
1978-12-07;3,1;6,9;2,6;28,7;25,52;23,2;85;2,866667;
1978-12-08;2,6;6,4;11,3;29;26,2;22,7;77;2,466667;
1978-12-09;3,7;8,1;2,5;29,8;26,44;22,6;74,75;2,933333;
1978-12-10;3,9;4,1;0;29,6;26,1;22,2;81;3,633333;
1978-12-11;3,4;8,1;0;29,5;26,36;22,5;76,5;3,133333;
1978-12-12;4;10,5;0;29,7;26,7;22,6;68,5;3,066667;
1978-12-13;4,9;8,9;0;29,8;26,16;22,3;75;2,8;
1978-12-14;3,8;10;0;29,6;25,98;21,3;70,75;2,966667;
1978-12-15;4,5;8,3;,2;29,5;25;21;74,5;2,033333;
1978-12-16;4,2;10,1;0;29,6;24,5;20,4;77,25;2,133333;
1978-12-17;4,5;9;0;30,4;24,86;19,9;77,5;2,466667;
1978-12-18;3,5;6,9;0;29,5;25,36;20,7;70,75;2,966667;
1978-12-19;3,7;4,9;0;29,8;26,08;20,5;70;3,7;
1978-12-20;4,6;9,5;0;29,8;25,88;21,5;68,75;3,1;
1978-12-21;6,1;10,6;0;29,7;25,76;20;75,25;3,866667;
1978-12-22;5,4;7;,5;30,2;25,62;20;78,25;3,633333;
1978-12-23;4,4;1,6;9,1;27,5;25,42;22,5;79,75;2,6;
1978-12-24;2,6;9,4;1,4;29,5;26,06;22,3;72,25;4,166667;
1978-12-25;5,2;7;0;29,8;25,08;21;76,25;2,1;
1978-12-26;3,5;9,9;0;29,2;25,46;20;72,5;2,866667;
1978-12-27;5,7;7,4;0;30,1;26,6;22,3;71,5;2,966667;
1978-12-28;5,8;5,7;,2;30,2;26,44;22,1;74,5;3,1;
1978-12-29;6,2;10,2;0;30,1;26,74;21,1;68;3,233333;
1978-12-30;4,9;10,1;0;30,4;27,06;24,9;71,25;3,1;
1978-12-31;4,5;8,6;0;30,3;26,54;21,1;69;4,133333;
1979-01-01;4,7;10,4;0;30,4;27,4;25,1;68,25;3,866667;
1979-01-02;null;null;0;28,9;25,52;22,3;79,75;null;
1979-01-03;null;null;1;29,8;27,24;24,5;71,25;null;
1979-01-04;6,4;8,1;0;30,3;27,02;24,9;71,25;3,733333;
1979-01-05;5,5;9,8;0;30,3;26,34;21,7;71,25;2,333333;
1979-01-06;5;7,3;0;30,4;25,26;21,2;79,75;2,633333;
1979-01-07;2,8;9,7;,3;31,2;26,64;21,2;74;3,066667;
1979-01-08;4,2;8,4;0;31,3;26,7;22,3;72,75;2,9;
1979-01-09;3,9;9,1;0;31,8;26,84;22,2;73;3,166667;
1979-01-10;3,8;9,6;0;30,7;26,9;21,6;71,5;3,4;
1979-01-11;6;10,3;,3;30,8;27,36;25,5;72;4,533333;
1979-01-12;5,2;9,2;3,2;29,6;26,66;22,9;72,75;3,066667;
1979-01-13;4,7;9,7;5,9;29,7;26,76;23,7;76,5;4,333333;
1979-01-14;5,7;10,3;,6;30,7;27,4;24,5;73,25;2,466667;
1979-01-15;4,8;3,5;0;30,3;27,1;24,1;74,5;3,233333;
1979-01-16;4,4;8,7;0;31,6;27,58;22,6;70,25;3,766667;
1979-01-17;4,3;9,1;0;30,7;27,76;25,8;68,75;3,8;
1979-01-18;6,9;9,1;0;30,4;26,82;21,9;62,75;3,466667;
1979-01-19;7,7;6,9;,2;31;27,9;25,8;70,5;3,5;
1979-01-20;6,7;10,6;0;30,2;27,02;24,9;68,25;3,966667;
1979-01-21;5,4;9,1;0;30,4;26,32;22,4;73;3,633333;
1979-01-22;4,3;10,2;,5;30,8;26,9;21,8;73,75;3,2;
1979-01-23;3,9;9,5;4,1;30,4;27,54;24,8;75,5;null;
1979-01-24;null;null;8,9;28;25,52;24,2;92,25;null;
1979-01-25;null;null;24,5;26,2;24,24;23,2;96,5;null;
1979-01-26;null;null;24,6;29,6;26,52;23,8;78,5;null;
1979-01-27;4,5;7,3;1,2;30;26,92;23;75,25;3,433333;
1979-01-28;null;null;1,3;29,8;27;24,9;82,5;null;
1979-01-29;null;null;2,3;30,2;27,22;24,9;73,25;null;
1979-01-30;null;null;0;30,3;26,34;22,1;74,25;null;
1979-01-31;4,6;10,4;0;30,3;26,78;21,6;72,5;3,7;
1979-02-01;4,7;7,3;0;30,2;27,08;22,7;75;null;
1979-02-02;5,5;8,6;0;30,9;28,2;26,8;72,75;null;
1979-02-03;null;null;,2;30;27,12;24,1;75;null;
1979-02-04;null;null;0;30,6;26,92;22,8;75,5;3,866667;
1979-02-05;5,1;2;15,9;29,4;26,56;23,9;83,5;3,3;
1979-02-06;1,9;9,7;4;29,4;26,56;23;76,75;3,066667;
1979-02-07;4;7,1;,8;30,2;25,7;23;84,75;2,3;
1979-02-08;,8;7,7;0;30,6;26,38;21,8;73,75;2,2;
1979-02-09;4,9;8,1;0;29,5;26,28;21,8;69,5;3,2;
1979-02-10;4,6;7,8;0;30,3;26,54;21,7;71,5;3;
1979-02-11;5;8,1;0;30,5;26,32;21,6;75,25;2,8;
1979-02-12;2,4;7,8;5,2;30;26,54;22,6;80,75;3,133333;
1979-02-13;3,9;7,7;2,1;30,2;27;23,9;78,5;2,133333;
1979-02-14;3,5;6,2;8;30,6;27,02;23,8;77,5;2,9;
1979-02-15;3,2;8,8;0;31,5;26,24;22,5;78,25;2,533333;
1979-02-16;2,9;9;0;30,6;26,98;22;72;2,733333;
1979-02-17;4,2;4,6;0;30,8;26,9;21,9;74,5;2,733333;
1979-02-18;null;null;0;30,6;25,82;22;78;null;
1979-02-19;4,1;5,2;1,6;30,7;26,62;21,3;75,75;2,733333;
1979-02-20;3,1;,1;1,9;29,4;26,48;23,6;79;2,3;
1979-02-21;3,6;10,4;0;31,3;26,48;21;75,75;2;
1979-02-22;4,4;10,4;0;30,7;26,84;21,2;71;3,3;
1979-02-23;5,3;6,6;0;31,4;27,26;22,3;73,75;3,4;
1979-02-24;5,1;10,6;56,1;27,2;24,46;23,4;96,25;,766667;
1979-02-25;,9;7,4;8,2;30;26;22,6;80,25;2,8;
1979-02-26;3,2;9,2;20;29,8;26,08;22,3;81;2,166667;
1979-02-27;2,7;,4;9,3;28;25,6;23,9;87,5;null;
1979-02-28;null;null;3,4;29;25,88;23,8;77;null;
1979-03-01;3,7;8,4;,5;29,8;26,54;21,8;78;3,266667;
1979-03-02;3,4;2,2;0;30,2;26,56;21,5;76,5;null;
1979-03-03;4,2;8,7;1,4;29,3;26,7;22,9;74,5;null;
1979-03-04;4,1;7,9;0;29,8;26;22,7;83,25;3,4;
1979-03-05;null;null;30,5;26,6;23,2;22,1;92,25;null;
1979-03-06;null;null;19,9;29,6;25,94;22,1;84,25;null;
1979-03-07;3;6,8;,3;29,2;26,56;23,2;78,5;3;
1979-03-08;null;null;1,1;30;26,4;22,8;81,5;null;
1979-03-09;3,6;4,9;1,8;29,5;25,74;23,4;86,5;2,666667;
1979-03-10;2,8;1,3;10,6;28,8;26,18;22,9;82;2,666667;
1979-03-11;1,9;6,4;9,9;29,8;26,48;22,8;80,75;3,066667;
1979-03-12;4,4;7,3;,2;29,8;26,54;22,5;77,75;2,3;
1979-03-13;null;null;12,1;29,8;26,88;23,7;78;null;
1979-03-14;3,5;9,5;0;30,3;27,36;23;73;null;
1979-03-15;3,6;9;0;30,4;26,94;22,9;77,75;null;
1979-03-16;2,5;8,4;0;30,9;26,98;22,7;77,25;null;
1979-03-17;3,7;8,6;0;30,3;26,8;22,3;75;3,266667;
1979-03-18;4,5;5,9;0;30,2;26,08;22;86;3,633333;
1979-03-19;4,3;8,6;2,7;29,8;25,88;22,1;81,5;3,366667;
1979-03-20;2,4;,1;9,1;29;26,24;23,5;89,5;2,8;
1979-03-21;1,8;9,5;35,5;29,8;26,76;24,3;78,25;3,3;
1979-03-22;5;6,5;0;29,7;26,26;21,5;73,25;4,433333;
1979-03-23;4,2;9,4;,2;29,9;25,32;23,6;82;3,2;
1979-03-24;2,9;7,7;0;30,2;26,36;21,1;74;null;
1979-03-25;3,2;7,8;0;30,4;26,72;22,1;77,75;null;
1979-03-26;3,3;7,7;0;30,9;27,28;22,8;75,5;null;
1979-03-27;null;null;0;31,4;27,08;23,2;79,5;null;
1979-03-28;2;6,9;0;30,8;26,96;23,4;77;2,533333;
1979-03-29;2,2;9,7;0;31,8;27,5;22,6;71,75;null;
1979-03-30;3,4;8;9,5;30,7;26,6;23;79,75;1,733333;
1979-03-31;3;9,9;0;30,7;26,82;21,9;76,75;null;
1979-04-01;4,5;9,7;1,9;30,4;26,66;22,9;76,25;2,533333;
1979-04-02;null;null;3,3;30,3;26,66;21,8;78,5;null;
1979-04-03;3,5;7,6;6,6;30,3;26,58;23,2;87,5;3,2;
1979-04-04;null;null;28,1;30,2;26,72;23,3;73,25;null;
1979-04-05;3,5;9,5;,1;30;26,54;21,7;75;null;
1979-04-06;3,7;9,4;0;30,2;26,28;21,4;78,75;null;
1979-04-07;3,4;7;0;31;27,08;22,5;76,25;null;
1979-04-08;3,7;9,4;0;30;26,74;22,4;72,75;null;
1979-04-09;3,6;9,3;0;30,6;26,56;22,2;70;2,633333;
1979-04-10;4,3;7,5;0;29,9;24,92;21,7;78,5;2,266667;
1979-04-11;4,6;9,6;0;30,1;26,54;20,7;68,5;null;
1979-04-12;4,5;9;0;30,3;26,96;21,6;75,5;null;
1979-04-13;5,8;4,4;4,9;29,7;27,1;24,8;77,5;4,166667;
1979-04-14;4,6;,5;,9;28,6;25,94;23,4;86,25;4,2;
1979-04-15;2,8;2,1;25;29,4;25,78;23,6;85,25;4,033333;
1979-04-16;2,8;8,3;5,6;29,7;25,74;23,1;85,25;1,733333;
1979-04-17;2,7;5,2;0;29,7;25,68;22,6;83,75;2,266667;
1979-04-18;2,1;3,6;2,6;29,3;25,58;23;90,75;1,466667;
1979-04-19;1,5;8,7;15,8;29,3;26,44;23,6;78,5;2,966667;
1979-04-20;2,7;9,3;0;30,3;25,7;22,1;85,75;1,7;
1979-04-21;2,5;1,2;0;29,6;26,08;22,9;86;,833333;
1979-04-22;1,2;8,7;0;31,4;27,5;23,2;74;null;
1979-04-23;4,5;9;0;31;26,86;22,6;80;2,5;
1979-04-24;2,6;6,2;0;30,5;27,26;23;77,25;null;
1979-04-25;3,6;6,5;0;30,4;26,62;23,9;82;3,033333;
1979-04-26;3,2;null;0;28,8;25,56;23,6;79;3,6;
1979-04-27;2,9;8,2;0;30,6;26,44;23,4;81,25;2,366667;
1979-04-28;null;null;15;29,4;25,94;23,5;85;null;
1979-04-29;2,3;6,9;,2;29,3;25,76;23,4;87,75;3,466667;
1979-04-30;2,2;2;5;28,8;25,68;23,4;87,75;3,3;
1979-05-01;1,7;0;27,7;28,6;25,56;22,8;86,5;1,5;
1979-05-02;1,1;6,8;5;29,7;26,2;23,7;85;null;
1979-05-03;1,7;4;18;29,4;25,8;23,2;85,75;2,866667;
1979-05-04;1,8;4,9;8,6;29,3;26,08;23,6;82,5;null;
1979-05-05;3;7,5;9;29,7;25,56;23;84;1,5;
1979-05-06;2,2;9,5;4,9;30;26,06;22,5;78,75;2,766667;
1979-05-07;3,5;2,3;3,4;28,6;24,82;23;93,25;1,533333;
1979-05-08;1,5;9,6;7,3;29,5;25,16;21,9;79,5;2,8;
1979-05-09;3,1;0;0;29,3;25,12;21,8;87,25;1,933333;
1979-05-10;2,3;,2;2,9;27,8;25,02;23,2;87,75;2,266667;
1979-05-11;1,7;0;28,3;26,6;24,38;23,3;92;1,633333;
1979-05-12;1,4;2,4;16,4;29,3;26,2;23,4;80,5;null;
1979-05-13;2,8;6,1;0;28,3;24,9;22,9;86;2,733333;
1979-05-14;2,3;0;1,7;27,3;24,34;22,8;94,5;1,533333;
1979-05-15;1,1;,9;13,8;28,6;25,24;22,6;89,75;2,766667;
1979-05-16;1,2;0;27,6;26,3;23,72;22,4;92,25;1,8;
1979-05-17;,6;0;14,2;26,8;24,72;22,8;91,75;3,566667;
1979-05-18;1,4;6;22,2;28,9;25,68;22,9;80;4,033333;
1979-05-19;null;null;1,5;28,8;25,98;23,8;84,5;null;
1979-05-20;2,8;3,2;20,5;28,2;25,62;23,2;82;null;
1979-05-21;2,9;8,1;4,7;29,1;25,72;22,3;83,75;2,733333;
1979-05-22;2,9;8,4;3,5;29,4;25,44;23,1;85,5;2,866667;
1979-05-23;1,7;8,8;5,5;29,3;25,8;22,8;80,5;2,9;
1979-05-24;2,9;9,2;0;29,4;24,86;22,1;85,5;,933333;
1979-05-25;2,5;9;0;30;25,74;22,2;82,75;1,8;
1979-05-26;2,8;9;0;29;25,1;21,9;79,75;3,466667;
1979-05-27;2,7;6,2;1,7;28,8;24,6;21,3;81;3,3;
1979-05-28;2,7;6,8;5,9;29;25,1;21,4;86,75;2,633333;
1979-05-29;null;null;8,7;28,8;26,36;24,3;76,5;null;
1979-05-30;4,2;8,1;0;30,4;25,92;22,6;80,5;1,9;
1979-05-31;3,9;2,6;0;29,4;25,04;22,9;86,25;2,2;
1979-06-01;2;5,8;9,4;28,8;25,48;23;83,75;4,533333;
1979-06-02;4,8;9,8;8,3;28,3;25,38;23,7;75,25;3,733333;
1979-06-03;4,2;4;3;29;25,1;22,5;81,75;4,433333;
1979-06-04;3,5;0;35,2;24,8;22,8;21,6;95,25;3,733333;
1979-06-05;1,3;1,8;97,2;28,1;24,12;21,6;86;3,033333;
1979-06-06;2,4;1;7,5;27,8;24,24;22,1;84,75;3,766667;
1979-06-07;2,4;5,6;6,7;28,2;24,04;21,9;90,25;1,6;
1979-06-08;null;null;3,1;28,6;24,46;21,9;87,25;null;
1979-06-09;2,8;6,3;2,1;29,1;25,34;22,9;85,75;2,433333;
1979-06-10;2;0;9,1;24,7;23,04;22,1;95,75;2,166667;
1979-06-11;null;null;52,7;null;null;22,1;82,25;null;
1979-06-12;3,7;6,9;4,2;28,4;25,08;22,1;79,25;3,4;
1979-06-13;3,2;2,8;16;28,5;25,44;22,9;81,75;3,133333;
1979-06-14;4,1;9,4;6,8;27,9;24,2;21,9;84;2,7;
1979-06-15;2,4;4,2;4,1;27,6;23,54;21,8;84;3,866667;
1979-06-16;2,9;3,5;3,7;27,2;23,48;21,8;82,5;3,733333;
1979-06-17;null;null;20,1;27,4;23,76;21,3;79,25;null;
1979-06-18;3,4;0;8,2;26,8;23,3;21,6;95,25;2,466667;
1979-06-19;1,4;5,5;54,2;27,6;24,6;22,1;70,5;5,5;
1979-06-20;5,6;9,3;1;28,2;24,84;21;68,75;4,166667;
1979-06-21;5,6;5,5;0;28;23,86;20;83;3,133333;
1979-06-22;3,4;4,1;8,8;27,7;23,98;21;80,5;2,7;
1979-06-23;3,8;1,9;1;27,2;25,04;22,2;76,75;5,2;
1979-06-24;4,2;8,3;5,4;28,1;25,32;21,6;72,25;4,566667;
1979-06-25;4,6;1,6;2,8;27,7;25,1;22,8;80,25;4,2;
1979-06-26;2,8;,4;22,3;26,6;24,98;22,9;82,25;3,733333;
1979-06-27;3,2;8,8;5,8;28;24,06;21,7;80,75;3,666667;
1979-06-28;3,5;9;,6;27,7;23,62;20,9;79,25;2,8;
1979-06-29;3,7;2,3;4,5;26,1;23,16;21,2;89,75;2,533333;
1979-06-30;null;null;14,6;27,3;23,98;22,4;88,75;null;
1979-07-01;null;null;17,3;26,1;22,7;21;93,5;null;
1979-07-02;,6;0;40,2;25;22,78;21,1;91,75;null;
1979-07-03;1,1;4,5;42;27,4;24,18;21,2;76,25;4,566667;
1979-07-04;3,7;7,9;3,2;27,8;25,3;21,8;74;null;
1979-07-05;5,9;8,3;0;28;24,94;23,6;74;4,133333;
1979-07-06;4,3;8,7;0;27,6;24,9;20,9;69,25;4,133333;
1979-07-07;4,6;2,3;0;26,6;22,82;19;90,25;3,6;
1979-07-08;1,2;7,9;18,3;28;24,34;21,8;81,25;4,1;
1979-07-09;3,7;9,1;0;28,2;23,62;19,2;84,5;1,8;
1979-07-10;3,5;2,5;1;26,9;23,44;20;76,5;3,433333;
1979-07-11;null;null;0;28,2;23,42;20;75,75;null;
1979-07-12;5,2;9,7;0;28;23,8;21,6;76,25;3,933333;
1979-07-13;4,4;9;0;27,6;23,62;20,6;83,75;4,633333;
1979-07-14;3,1;4,7;6,6;26,3;22,78;21;91,75;3,3;
1979-07-15;1,6;7,3;3,3;27,7;23,84;20,8;86,25;2,366667;
1979-07-16;2,4;1,5;3,6;27;24,14;21,6;90,25;2,2;
1979-07-17;null;null;22,5;26;22,9;21,6;95,5;null;
1979-07-18;1,1;3,2;3,1;26,7;23,42;22,3;83;2,866667;
1979-07-19;2,1;8,9;1,8;27,4;23,68;20,8;77,25;4,166667;
1979-07-20;null;null;6,2;27,4;23,2;21;87;null;
1979-07-21;2,3;10,2;0;28,5;24,18;20,5;80,25;1,533333;
1979-07-22;2,1;7,9;,8;27,7;22,68;19,6;81,5;null;
1979-07-23;5,9;6,4;0;28,2;23,92;18,7;79,25;3,866667;
1979-07-24;3,7;7,8;4,3;27,6;24,32;21,8;84;4,733333;
1979-07-25;3,4;1,3;1,8;27,7;23,26;21,2;91,25;4,4;
1979-07-26;3,3;3,4;4,1;27;22,8;20,4;87,25;null;
1979-07-27;1,9;7,3;1,4;27,5;23,6;20,7;78,75;3,6;
1979-07-28;3;3,6;3,3;26,7;22,96;20,7;87,25;2,866667;
1979-07-29;2,2;6,2;1;27,4;23,6;20,1;89,25;3,9;
1979-07-30;3,1;3,2;24,8;27,3;24,44;21,9;79,5;4,366667;
1979-07-31;2,5;5;19,5;27,2;23,64;20,7;77,5;5,333333;
1979-08-01;5;,6;1,5;26,6;23,68;22,1;80,75;3,566667;
1979-08-02;2,2;7,4;2,8;27,8;22,92;19,6;84;4,533333;
1979-08-03;4,3;8,4;1,1;27,4;24,54;21,4;70,75;3,3;
1979-08-04;4,6;6,5;,5;28;23,58;21,6;77,25;3,533333;
1979-08-05;4,9;4;8,2;27;23,62;21;85,75;2,6;
1979-08-06;null;null;16,3;27,2;24,94;21,4;70,75;null;
1979-08-07;5,9;1,5;,6;27;24,54;22,6;72,5;5,033333;
1979-08-08;5,9;8,9;0;27,8;24,52;21,6;77,5;4,433333;
1979-08-09;4,6;4,9;1,3;27,7;24,92;21,7;66,75;6,033333;
1979-08-10;null;null;,2;27,6;23,24;20,6;86,75;null;
1979-08-11;4,2;3,6;0;27,3;23,28;19,8;91;,866667;
1979-08-12;null;null;20,4;27,5;23,68;21,1;84,5;null;
1979-08-13;2,7;4,8;3,3;27,5;23,9;21,4;85,25;1,566667;
1979-08-14;2,6;9;,8;27,6;24,5;20;76,25;3,466667;
1979-08-15;4,8;10,4;0;27,6;24,18;21,6;71,25;4,566667;
1979-08-16;4,4;10,3;0;27,7;24;18,9;77,75;4,833333;
1979-08-17;4,2;0;4,1;24,3;23,4;21,4;90,75;2,966667;
1979-08-18;1;9,2;9,1;27,5;24,24;20,5;77;3,8;
1979-08-19;3,3;2,5;21,3;26,7;23,68;21;82,5;2,933333;
1979-08-20;3,3;9,2;,2;27,5;24,52;18,8;77,5;3,3;
1979-08-21;3,7;8;0;28,4;24,7;20,9;81,75;2,733333;
1979-08-22;4,4;7,5;2,7;27,3;23,92;22;82;3,033333;
1979-08-23;3,3;5,9;2,1;27,5;23,78;20,7;78;2,466667;
1979-08-24;3,5;8,4;0;27,8;24,18;20,7;78,25;3,033333;
1979-08-25;4,2;9,6;0;27,8;23,76;19,9;77,5;4,433333;
1979-08-26;3,6;2,6;0;27,3;23,46;19,4;91,25;2,4;
1979-08-27;2,7;,2;5,4;26,7;23,7;22,3;91,5;2,633333;
1979-08-28;1,9;0;20;27,1;24,28;22,3;85,75;2,666667;
1979-08-29;null;null;2,2;27,5;24,74;22,7;74,5;null;
1979-08-30;3,2;6,6;1,6;27,6;23,52;21,7;79,25;3,566667;
1979-08-31;5,3;7,2;2,8;27,6;22,34;19,2;76,5;3,6;
1979-09-01;null;null;3,3;27;24,1;21;88,5;null;
1979-09-02;null;null;33,9;24,6;23,48;22,4;94,75;null;
1979-09-03;1,4;2,8;9,4;27,6;24,94;23,2;91,5;3,3;
1979-09-04;2,2;0;26,2;27,3;24,26;22,3;87,25;5,133333;
1979-09-05;2,8;4,6;36,9;26,3;24,48;23,4;83,75;2,4;
1979-09-06;2,2;9,6;1,7;28;24,36;20,6;85;2,7;
1979-09-07;null;null;12,5;27;24,22;21,5;85,75;null;
1979-09-08;null;null;42,2;25,6;22,82;21,5;96;null;
1979-09-09;1,3;2,7;32,6;26,9;23,24;20,9;79,75;null;
1979-09-10;4,2;1,4;1,9;26,1;23,78;21,1;70,25;5,133333;
1979-09-11;4,7;9;,1;27,4;23,88;20,9;72,25;5,233333;
1979-09-12;4,1;9,4;0;27,5;23,68;20,6;84;4,7;
1979-09-13;3,5;3,9;2,9;28,3;25,36;21,6;78,25;null;
1979-09-14;4,1;3,7;,2;27,7;25,38;22,8;77,75;4,6;
1979-09-15;4,1;4,1;1,7;28,3;24,34;21,1;85,25;2,433333;
1979-09-16;2,7;5,8;20,4;28,8;24,9;21,2;88;2,3;
1979-09-17;2,7;8,1;0;28,6;25,98;23,1;77,25;null;
1979-09-18;4,6;8,4;1,3;28,4;25,08;22,9;80;3,466667;
1979-09-19;null;null;0;28,3;25,18;20,9;null;null;
1979-09-20;3,8;7,9;0;28,7;25,44;20,4;78,5;null;
1979-09-21;5,1;10;0;28,5;26,16;23,9;73,5;null;
1979-09-22;5,5;9,7;0;28,1;25,68;22,9;72;4,433333;
1979-09-23;5,6;8,9;0;28,8;25,54;21,9;76,5;null;
1979-09-24;5,5;9,1;,9;28,5;26,1;23,5;71,25;null;
1979-09-25;null;null;0;29,2;25,94;23,6;76;null;
1979-09-26;5,4;9,3;2,5;28,4;25,88;23,1;74,25;null;
1979-09-27;5,7;3,9;0;28,4;25,84;22,1;79,5;5,633333;
1979-09-28;4,7;3,8;4,7;28,3;25,48;22,8;81;4,766667;
1979-09-29;9;5,8;11,6;28,3;25,8;22,9;79;4,733333;
1979-09-30;6,2;8,8;4,5;28,4;25,8;22,7;72;4,566667;
1979-10-01;5,6;10,3;0;28,6;25,08;21,5;76,25;2,366667;
1979-10-02;4,2;4,8;8,1;28,1;25,58;22,2;79,25;null;
1979-10-03;5,6;8,9;0;28,6;26,36;24,9;75,75;null;
1979-10-04;5,6;9,9;0;28,4;26,22;24,8;76,5;4,966667;
1979-10-05;7;3;0;28,6;25,98;24,1;72,25;4,866667;
1979-10-06;7,1;4,3;1,2;26,8;24,18;22,3;81,75;5,1;
1979-10-07;4,3;8,2;10,8;28,7;24,96;22,6;80,75;3,333333;
1979-10-08;6;10,4;,4;28,6;24,36;21,5;81,75;2,433333;
1979-10-09;null;null;,5;30,1;25,28;22,2;83;null;
1979-10-10;3;8,4;,5;29,2;25,44;20,2;77,25;3;
1979-10-11;5,8;10,3;0;29;26,36;24,4;70;4,033333;
1979-10-12;6,6;9,4;0;28,6;25,72;22,9;68,75;3,633333;
1979-10-13;5,8;9,7;0;28,8;23,58;18,8;79,5;2,166667;
1979-10-14;4,5;10,4;0;29,7;25,8;20,2;75,5;null;
1979-10-15;5,6;8,3;1,2;29,8;25,84;20,1;73;null;
1979-10-16;5,7;10;0;28,9;26,18;24,3;71;2,533333;
1979-10-17;5,8;10,4;0;29,6;24,94;21,9;74,5;2,766667;
1979-10-18;3,7;5,7;,2;29,8;25,24;20;76,5;2,2;
1979-10-19;null;null;3,2;28,6;24,74;21;82,25;null;
1979-10-20;4;9,6;3;29;26,28;23,6;75,75;null;
1979-10-21;5,9;5,1;0;28,6;25,26;23,4;76;4,033333;
1979-10-22;3,8;6,1;3,7;29;25,38;21,8;76,5;3,266667;
1979-10-23;5,8;8;1;28,6;25,42;21,8;73,5;3,333333;
1979-10-24;5,2;10,6;1,5;28,9;25,74;22,3;73,5;4,333333;
1979-10-25;5,6;9;0;29,1;25,82;21,8;77,75;3,7;
1979-10-26;6;9,9;1,7;29,2;26,02;23,3;73;4;
1979-10-27;6,2;9,5;2,1;29,1;25,96;22,9;73,75;3,166667;
1979-10-28;5,8;10,3;0;29,4;25,42;20;71,5;2,766667;
1979-10-29;5,2;7,3;0;29,7;26,1;21,8;74,5;null;
1979-10-30;5,1;9,8;,8;30;26,52;21,9;68,5;null;
1979-10-31;6,5;9,5;0;29,7;26,44;22,2;72,75;null;
1979-11-01;null;null;6,6;29;26,56;23,9;75,5;null;
1979-11-02;7,2;9,6;0;29,8;26,8;24,6;71,25;null;
1979-11-03;7,6;9,5;0;29,5;26,56;24,2;74,75;4,033333;
1979-11-04;6,6;9,3;0;30;25,94;21,6;70,75;3,033333;
1979-11-05;6,2;8,7;0;30,2;25,96;20,2;71,5;3,3;
1979-11-06;3,9;8,8;0;29,9;26,34;20,2;70,5;null;
1979-11-07;6,9;8,2;,1;30,5;26,76;23,6;76,5;3,433333;
1979-11-08;4,1;7,1;12,6;29,2;25,78;23;82;3,6;
1979-11-09;4,4;9,8;,4;29,8;25,92;22,4;72,5;3,166667;
1979-11-10;5;10,1;1,9;29,9;26,42;22,3;70,75;3,966667;
1979-11-11;5,4;8,3;0;30,2;26,3;20,8;69;null;
1979-11-12;6,2;1,1;,4;28,7;26,8;24,9;73;null;
1979-11-13;6,1;1,2;1,6;29,2;26,1;24;77,75;4,2;
1979-11-14;3,9;2,7;25,7;27,6;24,96;22,9;85,75;null;
1979-11-15;null;null;7,2;28,2;24,74;22,1;81,75;null;
1979-11-16;3,6;8,3;5,8;28,4;25,58;21,8;75,5;2,2;
1979-11-17;5,9;8,8;,5;29;26,22;22,4;79;null;
1979-11-18;4,8;7,2;0;29,3;26,98;24,9;74,75;null;
1979-11-19;5,4;3;1;29,4;26,52;23,9;74,5;3,133333;
1979-11-20;4,2;10,2;,6;30,3;26,6;22,3;76;null;
1979-11-21;5,4;9,1;0;30;26,28;22,1;74,5;2,833333;
1979-11-22;4,8;10;,5;29,6;26,36;21,2;72,75;null;
1979-11-23;5,3;10,1;0;29,8;26,06;21,6;76;3,433333;
1979-11-24;6,7;8,8;0;29,5;26,54;24;77,75;3,433333;
1979-11-25;5,8;8,2;,3;29,2;26,12;21,3;72,75;null;
1979-11-26;4,6;10,1;0;32,2;26,22;20,7;81,25;1,8;
1979-11-27;4,3;10,8;0;31,5;27,14;22,4;70;null;
1979-11-28;4,5;9,9;0;30,2;26,78;22,5;71,75;null;
1979-11-29;5,2;9,9;0;30,7;26,68;21,7;69,25;2,733333;
1979-11-30;5;10,1;0;30,3;24,36;20,2;74,25;2,2;
1979-12-01;5,7;10,9;0;29,6;null;null;70;null;
1979-12-02;5,8;9,4;0;30,1;25,38;17,7;73;null;
1979-12-03;6,9;10,6;0;30,3;26,24;19,6;65;4,066667;
1979-12-04;7,7;6,9;0;29,8;26,32;20,7;72,25;3,066667;
1979-12-05;5,4;11,1;1;30,5;26,8;21,9;71,75;null;
1979-12-06;5,4;9;2,9;30,2;26,96;23,4;72,75;null;
1979-12-07;5,5;9,5;,1;30,4;26,74;21,5;71,25;null;
1979-12-08;5,6;8,4;0;30,8;26,66;21,6;69,5;3,033333;
1979-12-09;null;null;0;31,9;26,68;21,9;null;null;
1979-12-10;6,8;8;0;31;27,84;25,8;70,25;null;
1979-12-11;7,5;8,3;0;30,8;25,38;21,2;79;2,9;
1979-12-12;5,4;9,5;,8;30,3;26,78;21,4;74,25;null;
1979-12-13;6,6;8;0;30,4;27,56;25,7;77;null;
1979-12-14;null;null;2,9;30,5;27,12;23,9;74,75;null;
1979-12-15;null;null;1,6;29,6;25,82;23,8;77,75;null;
1979-12-16;3,7;9,4;,8;30,6;26,54;21;71,75;2,733333;
1979-12-17;4,9;4,1;1,9;30,4;26,5;23;80;null;
1979-12-18;3,6;9,4;0;31,4;26,78;21,4;72,75;null;
1979-12-19;6,2;10,1;0;31,3;27,14;22,1;71,5;null;
1979-12-20;5,4;9,9;0;31,2;26,8;22;73,5;4,066667;
1979-12-21;6,7;9,8;0;30,6;27,34;24,9;72;null;
1979-12-22;6,4;10,5;0;30,5;26,44;21,3;72,5;3,366667;
1979-12-23;5,5;10,4;9,3;30,9;26,4;21,8;74,25;3,5;
1979-12-24;4,1;10,4;0;30,9;26,84;21;73,75;null;
1979-12-25;6;6;0;30,4;26,3;22,8;81,75;2,466667;
1979-12-26;4,2;9,6;4,3;31;27,6;23,8;73,5;null;
1979-12-27;4,4;9,8;0;32,2;27,58;22,9;75,5;null;
1979-12-28;4,5;10,2;0;31,6;27,66;22,7;73,75;null;
1979-12-29;5,4;8,8;0;31,8;27,66;23,9;73,25;null;
1979-12-30;6,6;11,1;0;31,6;28,16;25,3;69;null;
1979-12-31;6,9;1,8;0;30,3;26,92;22,8;72,75;null;
1980-01-01;null;null;0;31,8;27,22;21,6;66,5;null;
1980-01-02;null;null;0;31,9;27,3;22,3;69,75;null;
1980-01-03;3,9;4,5;,1;31,9;27,82;24,1;75;null;
1980-01-04;5,7;6,8;2;31,7;27,24;22,2;70;4,2;
1980-01-05;5,7;4,7;,4;30,8;27,22;22,7;71,75;1,7;
1980-01-06;5,2;5;4,4;30;26,64;24,4;79,75;2,466667;
1980-01-07;6,1;9,5;,3;30,7;27,62;24,5;69,25;1,3;
1980-01-08;7,3;3,7;0;29,8;26,36;22,9;74,75;4,533333;
1980-01-09;3,5;9,4;4,4;29,9;26,14;20,7;74,5;2,9;
1980-01-10;5,2;7,2;3,6;30;26,76;22,8;77,25;3,133333;
1980-01-11;5,3;10,1;0;30,6;27,22;23,1;73;2,633333;
1980-01-12;4,8;6,6;,1;30,5;27,4;23,8;75,75;3,3;
1980-01-13;5,2;6,8;5,4;30,3;27,52;24,8;75,25;3,7;
1980-01-14;4,9;12,4;8,5;30,3;26,92;22,8;75,25;2,233333;
1980-01-15;null;null;,1;30,3;27,32;22,8;75;null;
1980-01-16;4,4;5,9;6,3;30;26,48;23,9;84,25;2,8;
1980-01-17;5,1;10,6;2,2;30,5;27,52;25,5;72;3,8;
1980-01-18;5,1;0;2,2;28;26,28;24,1;85,25;3,4;
1980-01-19;5,5;4,5;10,2;29,5;26,54;21,9;75,25;3,433333;
1980-01-20;,7;5,6;0;28,7;26,94;25;74,75;3,033333;
1980-01-21;null;null;0;29,8;26,92;21,9;74,5;null;
1980-01-22;8,4;8,3;0;29,8;27,1;22;76;null;
1980-01-23;5,2;9,5;3,6;29,8;27,44;25,2;77,75;3,4;
1980-01-24;5,8;10,3;9,4;30,9;27,18;22,3;74,25;null;
1980-01-25;6,5;9,4;,2;30,6;26,96;22,7;75,5;null;
1980-01-26;null;null;0;30,4;27,24;22,9;70,75;null;
1980-01-27;3,1;9,7;0;31,3;27,04;22,9;70;3,033333;
1980-01-28;5,4;9,2;0;31,6;27,28;22,1;69,75;4,5;
1980-01-29;5,1;7,9;0;31,3;27,26;22,3;69;3,733333;
1980-01-30;4,4;8,6;0;31,7;27,94;24,1;71;null;
1980-01-31;9,5;6,6;0;32,3;27,16;20,2;70,5;null;
1980-02-01;4,6;6,8;0;31,4;27,72;23,7;70;null;
1980-02-02;5,8;8,2;,5;31,3;28,06;24,9;70,25;null;
1980-02-03;6;7,4;0;31,9;27,08;20,6;69;4,233333;
1980-02-04;6,4;9,2;0;31,7;27,44;22,2;69,25;5,233333;
1980-02-05;4,1;6,1;0;31,3;27,56;22;68,5;null;
1980-02-06;4,7;0;,1;31,4;27,4;23,5;76,75;2,733333;
1980-02-07;null;null;8,3;28,2;24,42;21,6;92,25;null;
1980-02-08;3,7;,1;7,4;27,5;23,64;20;89,25;null;
1980-02-09;null;null;8,5;29,8;25,58;20;81;null;
1980-02-10;3,3;0;7,7;26,4;24,2;23,1;94,75;1,833333;
1980-02-11;,7;7,4;74,1;29,7;26,66;23;80;3,133333;
1980-02-12;4,2;,8;1,9;29,2;26,78;24;79;3,633333;
1980-02-13;3,9;1,3;,4;29,3;26,8;23;76,25;3,866667;
1980-02-14;4,3;6,5;,4;30,3;25,22;22,9;86,75;1,433333;
1980-02-15;6,1;1,9;35,2;29,7;25,26;22,1;89,75;1,933333;
1980-02-16;null;null;85,9;29,7;26,26;22,1;81,25;null;
1980-02-17;null;null;32,5;29,7;27,14;24,1;78,75;null;
1980-02-18;4,6;8,3;0;29,5;26,98;23,2;74,5;2,933333;
1980-02-19;4,2;5,5;0;30,3;27,04;23,6;79,75;1,866667;
1980-02-20;null;null;9,1;29,5;25,38;21,1;88;null;
1980-02-21;3,3;7,2;3,2;30,2;26,96;23,5;79;2,633333;
1980-02-22;3,6;7,3;4,2;29,8;27,08;24,1;77,5;3,766667;
1980-02-23;5,7;0;20;27,7;25,02;22;85,75;2,4;
1980-02-24;1,2;5,5;1;29,4;26,36;23,3;82,75;1,966667;
1980-02-25;3,8;1,2;29,2;27,7;24,1;22,1;91,75;2,366667;
1980-02-26;,1;5,4;32,6;29,7;25,14;19,9;88,25;2,333333;
1980-02-27;2,9;10;7,6;30;26,12;22,9;81;3,233333;
1980-02-28;2,7;7,5;0;29,8;26,88;22,9;78,75;null;
1980-02-29;6,3;7,1;0;29,8;26,84;22,9;69;4;
1980-03-01;5,1;2,9;0;29,7;25,76;23,1;83,25;2,833333;
1980-03-02;4,2;1,1;16,8;28;24,92;23,1;89,75;3,4;
1980-03-03;1,2;3,6;15,2;29,3;24,86;23;92,75;2,633333;
1980-03-04;1,6;0;6,1;26,2;23,94;22,6;94;1,966667;
1980-03-05;null;null;42,5;27,7;24,26;22,3;95,25;null;
1980-03-06;1,8;7,6;12,4;29,3;26,68;23,4;75;null;
1980-03-07;4,8;9;1;29,5;25,92;22;75,75;2,733333;
1980-03-08;4;8,3;,4;29,5;24,84;21,3;82;2,433333;
1980-03-09;3,5;4;,8;29,3;25,3;21,5;82;2,233333;
1980-03-10;2,5;10,2;1,2;29,7;26,28;21;72;2,966667;
1980-03-11;4,5;10,5;0;30,2;26,24;21,5;72,5;4,033333;
1980-03-12;4,5;0;23,3;26;23,58;22,6;97,75;,666667;
1980-03-13;,5;9,8;66;29,4;25,16;21,9;84,75;1,6;
1980-03-14;null;null;0;30,3;26,62;21;70,25;null;
1980-03-15;5,2;9,3;0;29,9;25,38;21,7;80,5;1,866667;
1980-03-16;4,5;9,3;0;29,9;26,7;21,7;75;null;
1980-03-17;5,1;10,5;0;30,2;25,84;22,3;74,25;3,166667;
1980-03-18;4,9;8,6;14,7;29,4;25,64;22,5;84,75;3,2;
1980-03-19;2,3;8,2;,5;29,7;25,94;23,1;87,5;2,366667;
1980-03-20;2,2;9,9;3,4;29,8;26,88;24,1;76,5;null;
1980-03-21;2,9;5;,2;30;26,96;24;76,25;null;
1980-03-22;5;9,7;0;30,2;26,32;22,3;73,75;3,766667;
1980-03-23;4,5;7;123;29,3;26,54;23,1;81,5;null;
1980-03-24;5,7;9,4;,3;29,4;26,5;22,2;74,25;null;
1980-03-25;6,1;9,5;0;29,2;25,92;23,9;80,25;3,9;
1980-03-26;4,8;5,9;2,9;29,4;26,9;23,9;77,5;null;
1980-03-27;4,2;3,9;,8;29,5;25,98;23,3;85,5;3,966667;
1980-03-28;3,8;0;14,2;28,8;26,5;24,6;81,75;3,933333;
1980-03-29;3,2;8,9;8,9;29,5;26,34;23,9;78,25;3,066667;
1980-03-30;5;4;0;29,4;26,6;23,5;73,25;2,866667;
1980-03-31;3,5;4,7;0;29,5;24,98;21,3;81,75;2,566667;
1980-04-01;null;null;0;29,9;25,64;20,9;82,75;null;
1980-04-02;null;null;7,4;28,8;26,1;23;null;null;
1980-04-03;3,4;2,3;3,7;28,8;24,94;21,7;89;3,633333;
1980-04-04;3,9;2,4;2,8;28,8;25,1;22,9;82,25;2,6;
1980-04-05;3,8;9,7;0;29,8;25,7;21;81,75;3,366667;
1980-04-06;3,2;3,8;5,7;28,4;26,24;23,3;81,25;2,433333;
1980-04-07;2,4;9;12,7;30,1;26,66;22,3;78,5;null;
1980-04-08;3,3;6,7;4,2;30,1;27,08;23,2;77;3,2;
1980-04-09;3,8;9,7;0;30,3;26,42;21,9;76;2,033333;
1980-04-10;4,1;8;0;30;27;21,9;81,25;null;
1980-04-11;3,8;6;1,4;30,2;27,24;23,9;83,25;null;
1980-04-12;5,1;7,5;,6;29,4;26,66;22,8;75,25;null;
1980-04-13;4,2;9,3;,6;29,8;25,8;22,1;81;2,3;
1980-04-14;4;8,9;0;30,5;26,8;22,4;79,25;null;
1980-04-15;2,9;8,9;0;30,2;27,08;23,1;77;null;
1980-04-16;4,1;8,3;0;29,3;26,24;23,2;75,75;3,833333;
1980-04-17;null;null;,2;29,4;25,6;22,7;85;null;
1980-04-18;2,9;2,4;17,8;27,7;25,5;23,5;88,25;3,866667;
1980-04-19;3,2;7,8;12,4;29,2;25,74;21;79,75;3,366667;
1980-04-20;5,3;3,3;,4;28,3;25,48;22,7;77,5;3,633333;
1980-04-21;1,4;5,1;1,3;29,5;25,36;22,2;85;2,9;
1980-04-22;3,5;3;41;29,4;25,04;23,1;93;3,3;
1980-04-23;2,3;,6;3,2;28,4;24,88;22,2;88;1,833333;
1980-04-24;null;null;23,1;27,9;24,04;21,6;89;null;
1980-04-25;null;null;,4;28,7;24,9;22,5;83,25;null;
1980-04-26;2,5;1,3;0;28;24,76;22,5;87,75;2,533333;
1980-04-27;null;null;9,4;28,3;25,04;22,9;87;null;
1980-04-28;null;null;4,1;29;25,2;23,1;83,25;null;
1980-04-29;2,8;9,1;0;28,7;24,82;21,5;79,25;3,466667;
1980-04-30;6,5;9,1;0;29;24,52;21,7;81;2,766667;
1980-05-01;3,6;8;0;29,2;25,92;20,1;82,75;null;
1980-05-02;3,9;2,7;,6;29,4;26,06;22,9;83,25;null;
1980-05-03;2,2;5,8;2,8;29,4;25,6;22,9;87,25;1,2;
1980-05-04;3;4;3,6;29,2;26,3;22,8;80,75;null;
1980-05-05;2,2;8,4;4,5;28,9;25,88;22,8;82,25;2,233333;
1980-05-06;null;null;2,2;29,2;25,32;21,9;89;null;
1980-05-07;2,3;9,9;8,2;28,8;26,52;22,1;74,25;3,566667;
1980-05-08;3,8;8,1;,6;29,2;25,3;22,2;86;2,9;
1980-05-09;3;1,8;1,5;29;25,36;22,1;76,25;2,166667;
1980-05-10;3,8;7,4;0;28,7;25,32;22;78,5;3,266667;
1980-05-11;3,2;3,9;1,2;28,8;24,84;22,1;84;3,2;
1980-05-12;3,2;6,5;6,7;28,9;25,28;21,1;77,25;3,133333;
1980-05-13;4;9,1;0;29;25,4;23,1;82,25;4,466667;
1980-05-14;2,7;6,6;24,8;28,5;25,7;22,7;82;null;
1980-05-15;null;null;20,5;28;24,94;21,2;84,5;null;
1980-05-16;null;null;19,7;28,2;24,8;22,7;93,75;null;
1980-05-17;1,2;7,3;18,4;28,7;23,82;21,7;93;1,7;
1980-05-18;2,6;9,1;,4;28,9;25,1;21;81;1,9;
1980-05-19;2,5;8,3;0;28,5;24,94;21,9;81,75;2,2;
1980-05-20;3,6;5,9;0;28,7;24,46;21,3;85;2,366667;
1980-05-21;4,1;7,2;3,2;28,7;25,64;21,5;77,5;null;
1980-05-22;4,6;8;,6;28,4;25,36;21,7;76;3,133333;
1980-05-23;null;null;1,5;28,6;24,74;21;83,75;null;
1980-05-24;2,7;3,9;9,8;27,6;24,5;22,8;92,5;2,7;
1980-05-25;1,6;,5;41,4;24,7;23,24;22,3;95;2,3;
1980-05-26;,8;2,3;5,8;27,5;24,5;22,5;84,5;1,966667;
1980-05-27;2;2,4;14,2;27,5;24,18;22,1;85,25;3,166667;
1980-05-28;2,5;10,4;2,5;28;24,28;21,5;83,25;3,033333;
1980-05-29;3,7;,4;,3;26,5;23,74;22,1;88,25;2,433333;
1980-05-30;1,9;1,6;29,8;28,4;24,56;21,9;89;2,133333;
1980-05-31;3;6,2;2,2;28,4;26,14;23,1;73,5;4,066667;
1980-06-01;5;10;1,5;28,2;24,98;22,9;78,5;3,466667;
1980-06-02;3,1;10,2;0;28,9;25,82;21,9;78,25;null;
1980-06-03;3,3;6,4;0;28,9;25,26;22,9;86,5;3;
1980-06-04;2,7;6,7;3,3;29;25,5;20,6;85;null;
1980-06-05;2,1;,7;28,7;26,4;24,78;22,4;85,25;2,466667;
1980-06-06;1,8;6,6;5,7;28,2;24,64;22,9;80,25;2,666667;
1980-06-07;3,2;6,6;,9;27,8;24,28;21,9;84,75;2,533333;
1980-06-08;null;null;9,9;25,6;23,78;21,9;90,75;null;
1980-06-09;null;null;26,4;27,8;24,2;22,1;93;null;
1980-06-10;1,9;,6;159,7;26,4;23,5;21,7;96,75;3,233333;
1980-06-11;null;null;31;28,2;25,8;22,9;85,5;null;
1980-06-12;2,9;,9;6,1;27,4;23,8;20,3;94,5;,766667;
1980-06-13;12,9;0;46,4;27;24,24;22,1;90,25;1,2;
1980-06-14;1,3;3,6;,7;28;24,2;21,9;89,25;1,966667;
1980-06-15;1,3;10;0;28,2;24,26;20,2;85;2,466667;
1980-06-16;null;null;,2;28,4;24,5;21;null;null;
1980-06-17;3;6,9;3,4;27,5;23,86;21,3;84,25;2,033333;
1980-06-18;null;null;3;27,9;24,94;23,3;84,25;null;
1980-06-19;2;4,5;0;27,5;23,14;20,9;90,75;2,033333;
1980-06-20;2;0;6,4;24,1;22,8;20,3;97,25;1,8;
1980-06-21;,3;0;106,7;27;23,58;21,5;87,25;2,966667;
1980-06-22;1,9;8,2;9,6;28,3;24,6;21,7;84,25;2,666667;
1980-06-23;null;null;0;27,7;25,22;21;82,5;null;
1980-06-24;2,9;8,4;,5;28,4;23,84;21,4;86,75;1,533333;
1980-06-25;2,6;9;0;28,4;24,54;19,8;82,75;2,333333;
1980-06-26;2,1;1,6;,7;27,2;25,36;23,5;85,5;2,5;
1980-06-27;1,9;7,1;2,7;28;23,98;21;83,5;1,833333;
1980-06-28;3,1;5,8;,4;27,6;25,26;22,4;77,25;null;
1980-06-29;3,4;6,8;0;28,2;24,12;19,9;81,75;4,2;
1980-06-30;7;8,3;2,4;28,2;25,08;22,3;79;3,8;
1980-07-01;,2;5,6;4,8;27,4;24,32;21,8;88,5;2,3;
1980-07-02;1,9;2,3;30,8;27,7;23,7;22,3;92,5;1;
1980-07-03;1,5;10,1;10,8;27,7;24,42;21,9;80,75;2,4;
1980-07-04;2,4;9,3;,2;28;24,84;21,3;75,75;4,133333;
1980-07-05;null;null;0;27,6;23,88;20,8;75,5;null;
1980-07-06;4;10;1,4;27,8;24,42;19,6;70,25;3,933333;
1980-07-07;4,7;10,2;0;27,5;23,4;20;73,75;3,266667;
1980-07-08;3,8;7;1,2;27,3;23,98;21,3;82,25;3,4;
1980-07-09;3;5,7;1,3;27,9;25,36;21,8;76;null;
1980-07-10;null;null;0;28;24,36;22,3;82,25;null;
1980-07-11;null;null;3,4;28,4;24,36;21,7;76,75;null;
1980-07-12;4,9;9,2;,8;28,2;24,58;21,2;81;3,433333;
1980-07-13;3,3;6,9;1,1;28,6;24,2;19,8;84,25;1,533333;
1980-07-14;null;null;11,6;28;24,08;21,7;81;null;
1980-07-15;2,8;9,3;0;28;23,54;19,8;82;2,966667;
1980-07-16;3,9;10,3;0;28,2;24,08;20,8;76,25;4,133333;
1980-07-17;6,9;9,7;0;28,2;24,44;20,9;72,5;3,833333;
1980-07-18;4,2;9,6;0;27,9;23,34;18;76,75;3,266667;
1980-07-19;3,1;7,8;1;29,6;24,62;21,2;79,5;3,15;
1980-07-20;null;null;5;27,5;23,46;21,1;82,5;null;
1980-07-21;3,5;6,1;18,3;27,8;23,88;21,3;87,25;2,666667;
1980-07-22;3,7;5,5;14,1;27,9;24,86;21,9;76,25;3,8;
1980-07-23;4,7;7,8;,5;27,7;24,16;20;76;2,166667;
1980-07-24;2;10,3;0;28;23,38;19;75,25;2,533333;
1980-07-25;5,1;9;0;27,7;23,78;21;75,25;3,55;
1980-07-26;,2;2,1;,1;27;23,18;20,4;87,75;3,966667;
1980-07-27;6,5;5;27,3;27,4;24,2;20,9;79,5;4,3;
1980-07-28;8,8;9,8;1,9;27,7;23,6;19,6;77,25;3,3;
1980-07-29;8,1;4,9;0;27,7;23,94;20,8;83;2,1;
1980-07-30;2;5,6;3,9;28,9;24,16;19,6;78,5;1,7;
1980-07-31;3;7,4;1,2;27,7;24,36;21,8;81,25;3,2;
1980-08-01;5,8;8,4;0;32,2;24,34;20,4;78,75;null;
1980-08-02;3,5;6;0;27,3;23,08;19,8;80;3,866667;
1980-08-03;2,9;4,9;2,8;27,2;23,64;21,1;86,25;3,333333;
1980-08-04;6,1;1,6;23,9;26,5;22,7;21,3;84;2,366667;
1980-08-05;null;null;8;27,6;23,06;19;81;null;
1980-08-06;2,6;3,3;,7;27,4;23,94;19,2;81,5;4,233333;
1980-08-07;2,6;2,9;5,7;27,7;24,02;21,7;91;2,733333;
1980-08-08;5;5,5;1,7;27;23,64;21,3;78;3,4;
1980-08-09;2,9;9;4;27,7;23,76;20,6;81,5;2,533333;
1980-08-10;2,7;5,4;7,7;27,7;24,46;21,3;77,75;2,966667;
1980-08-11;5,6;4,7;0;27,6;24,88;23,2;75,5;3,9;
1980-08-12;,3;8,7;0;27,5;23,2;20,2;81,25;3,266667;
1980-08-13;6,6;9,1;0;27,8;23,56;21,1;77;2,966667;
1980-08-14;4;9,5;0;27,7;23,84;19,6;77;3,4;
1980-08-15;3,2;6,9;2,2;27,6;22,06;19,8;87,75;2,266667;
1980-08-16;2,8;10;,4;28,2;24,58;19,2;76,5;3,266667;
1980-08-17;3,9;5,6;0;28,6;25,06;20;75;4,366667;
1980-08-18;4,3;9,8;0;28,3;24,46;21,1;78;3,233333;
1980-08-19;3,8;9,8;0;28,5;24,44;20,6;81,5;3,066667;
1980-08-20;3,9;9,8;,4;28,4;24,58;20,4;75,75;3,466667;
1980-08-21;null;null;1;28,2;25;20,1;76,5;null;
1980-08-22;6,7;8,7;0;28,2;25,34;21;73,5;null;
1980-08-23;7;7,7;,2;28,7;25,64;21,4;77;null;
1980-08-24;7,5;8,5;,9;28,3;24,26;21,4;81,25;3,366667;
1980-08-25;5,4;3,5;,9;27,2;23,74;22;89,25;2,7;
1980-08-26;null;null;11,4;27,4;24,32;19,5;87,75;null;
1980-08-27;4,2;9,8;,3;28,4;25,78;23,2;76;2,966667;
1980-08-28;3,9;6,4;3,4;28,4;23,8;21,1;87,25;3,3;
1980-08-29;7;5,6;10;27,4;23,78;21,3;85,25;4,566667;
1980-08-30;4,8;3,1;7,1;27,6;23,34;20;93;1,666667;
1980-08-31;1,8;8,3;7;28;23,72;21,3;84,5;2,3;
1980-09-01;5,8;6,2;0;27,5;24,2;20,6;92,5;3;
1980-09-02;3;1,2;1,2;27,2;24,94;22,1;85,5;3,5;
1980-09-03;3,2;7,1;11,8;27,7;24,48;20,4;85,5;4,033333;
1980-09-04;4;9,1;0;28,7;24,5;19,2;83,25;3,4;
1980-09-05;2,7;6,4;0;28,7;25,08;20,2;84,75;3,133333;
1980-09-06;3,2;7,6;0;28,6;25,62;21;79,25;null;
1980-09-07;4,2;7,1;0;28,3;25,44;21,2;75;null;
1980-09-08;7,1;9,6;0;28,4;25,7;23,3;66;4,933333;
1980-09-09;7,3;9;0;28,3;24,86;22,9;81,75;4,966667;
1980-09-10;null;null;24,2;27,6;25,02;21,5;80,5;null;
1980-09-11;5,8;8,3;,7;29,5;24,9;22,5;79,5;5;
1980-09-12;7,1;10,1;1,3;28,2;24,88;22,6;62,5;5,1;
1980-09-13;6;8,6;2,2;28;24,14;22,1;78,75;3,733333;
1980-09-14;null;null;,8;28,7;24,24;20;81,25;null;
1980-09-15;11,5;3,9;10,2;27,4;24,64;21,5;89;1,533333;
1980-09-16;4,9;7,9;8,6;28,6;25,68;22,9;76,25;3;
1980-09-17;4,3;7,8;0;28,8;25,54;20,2;73,25;null;
1980-09-18;5;8,7;0;28,6;25,58;22,6;79,5;4,866667;
1980-09-19;3,9;2,5;7,7;28;24,6;22,9;80,5;2,833333;
1980-09-20;4,2;2,1;8,4;27,7;24,72;22;87,5;3,133333;
1980-09-21;2,9;6,8;17;28,6;25,74;23,2;76;3,8;
1980-09-22;4,1;9,5;0;29,2;25,4;20,2;73,75;3,133333;
1980-09-23;3,4;9,5;0;29,2;25,5;20,2;75,5;null;
1980-09-24;4,9;9,6;0;28,5;25,22;19,8;73;3,333333;
1980-09-25;2,8;9;0;28,5;25,44;21;65,25;null;
1980-09-26;5,3;9;0;28,5;24,42;19,8;71,75;2,7;
1980-09-27;3,4;7,8;0;28,8;24,22;20;77,25;2,066667;
1980-09-28;4,1;9,1;0;29;25,14;19,8;72;2,866667;
1980-09-29;9;7,2;0;29,2;24,9;19,4;null;3,466667;
1980-09-30;1,5;7,4;1,1;28,7;24,82;21,7;82,5;3,066667;
1980-10-01;3,2;5,6;34,4;28,6;24,58;21,6;80,75;2,566667;
1980-10-02;3,6;8,1;3,4;28,7;24,04;21,4;80,5;2,033333;
1980-10-03;3,8;3,1;0;27,5;24,16;20,4;82;4,066667;
1980-10-04;null;null;14,8;26,8;24,14;20,8;84,25;null;
1980-10-05;2,5;5,8;3,7;28,4;25,64;21,7;71;3,866667;
1980-10-06;4,9;2,3;,2;27,3;24,38;21;87,5;3,833333;
1980-10-07;1,8;4,6;30;27,7;25,1;20,2;77,25;5;
1980-10-08;5,3;9,4;2,1;28,5;25,32;20,6;74,75;5,4;
1980-10-09;6,9;8,6;1,6;28,4;25,26;20,2;74,5;3,7;
1980-10-10;4;8,6;0;28,8;24,68;21,7;81;3,1;
1980-10-11;3,9;9,8;0;28,6;25,48;19,9;69;null;
1980-10-12;5,1;9,4;0;28,4;25,38;20,4;66,75;3,266667;
1980-10-13;5,2;7,9;0;29,3;25,2;19,8;72,25;2,933333;
1980-10-14;4,4;8;0;29,3;25,5;20,1;70,75;3,733333;
1980-10-15;5,6;9,2;0;29,6;25,9;21,2;75,25;null;
1980-10-16;6,4;8,9;,7;29,2;26,16;21,5;71,5;null;
1980-10-17;5,4;9,1;12,3;28,5;26,02;22;74,75;null;
1980-10-18;8;7,9;0;28,9;26,02;21,8;73,25;null;
1980-10-19;7,1;10,2;1;28,9;25,44;22,9;78,5;4,8;
1980-10-20;4,9;8;4,3;28,5;24,26;21,4;73,25;4,433333;
1980-10-21;3,9;6,6;4,6;27,6;23,9;20,5;79,25;3,5;
1980-10-22;3,3;10,6;,5;28,7;25,34;20,7;74,5;3,666667;
1980-10-23;3,9;5,3;5,9;28,4;24,98;22,7;82,25;2,966667;
1980-10-24;3,9;3,3;4,5;28,2;25,92;23,3;74,5;null;
1980-10-25;4,8;9,2;,6;28,8;25,3;21,2;79,75;3,733333;
1980-10-26;15;6,9;1,8;28,1;25,08;21,2;78,25;4,333333;
1980-10-27;4,4;6,1;3,7;28,2;25,22;22,3;70,5;2,7;
1980-10-28;4,1;9,1;0;28,7;25,72;22,2;71,25;3,1;
1980-10-29;4,7;9,4;0;28,8;25,64;20,6;73,25;null;
1980-10-30;5,1;6,1;,3;29,4;26,16;23,1;73,25;3,8;
1980-10-31;4,4;9,9;0;30;25,58;20,8;75,5;2,933333;
1980-11-01;3,4;7,5;0;29,7;25,76;21,1;74;3,733333;
1980-11-02;3,3;10;,2;29,7;26,16;21,3;75,5;2,8;
1980-11-03;5,8;9,9;1,7;29,1;25,6;21,1;73,75;3,133333;
1980-11-04;5,3;10,3;0;29;25,86;20,1;71,75;3,866667;
1980-11-05;null;null;0;29,8;26,4;22,1;71,75;null;
1980-11-06;6,2;10,3;,1;29,7;27,08;24,7;73;null;
1980-11-07;6,5;6,1;0;29,4;27,04;24,9;71,5;null;
1980-11-08;4,5;8,2;4,9;29,3;26,42;22,7;73,5;null;
1980-11-09;null;null;0;29;26,84;24,9;73,5;null;
1980-11-10;5;7,9;8,2;29,2;25,78;21,1;75;3,566667;
1980-11-11;4,7;9,8;,3;30;26,6;22,5;72,5;null;
1980-11-12;null;null;0;29,5;26,8;23,5;73,5;null;
1980-11-13;5,1;2,1;0;27,9;25,9;22,6;77,5;3,366667;
1980-11-14;2,3;5,1;11,1;28,8;25,52;22,9;78,5;2,8;
1980-11-15;3,5;7,8;5,1;29,5;25,58;21,9;78,25;2,8;
1980-11-16;3,2;,5;,2;28,5;24,88;22,6;80,5;1,933333;
1980-11-17;2,5;9,5;0;29,8;26,44;22,7;69,25;3,166667;
1980-11-18;4,9;9,5;0;29,9;25,48;21,8;74,75;2,633333;
1980-11-19;4;10;,3;30;25,9;21;67;4,133333;
1980-11-20;3,8;11,1;0;30,4;26,92;24,1;71;3,166667;
1980-11-21;6,6;3,5;,3;28,7;25,2;23,7;81,75;2,033333;
1980-11-22;2,5;7,1;8,3;28,9;24,62;20,2;80;null;
1980-11-23;4,5;7,9;,2;29,7;25,88;20,9;72,25;1,633333;
1980-11-24;4,3;7;48,2;29,2;24,36;21,9;84,25;null;
1980-11-25;2,6;10;,6;29,5;25,18;21;77,75;2,566667;
1980-11-26;3,7;10,2;0;30,4;25,46;20,6;74,75;2,933333;
1980-11-27;3,6;3,5;2,1;28,4;25,56;21,9;87,75;null;
1980-11-28;2,8;10,6;7,9;29,1;25,82;21,2;71;3,366667;
1980-11-29;4,4;10,1;2,5;28,9;25,56;21;72,25;3,3;
1980-11-30;6,3;7,1;,6;28,8;25,4;21,1;72,5;2,966667;
1980-12-01;4,2;10,8;0;29,7;25,54;19,7;70,75;2,566667;
1980-12-02;4;4,8;2,9;29,6;25,28;22,1;80;1,733333;
1980-12-03;2,6;9,9;2;30,1;24,88;22,2;81,25;2,466667;
1980-12-04;2,9;10,3;0;29,8;25,38;21;77,5;3,133333;
1980-12-05;3,5;8,8;0;31,2;26,3;21,1;78,5;2,933333;
1980-12-06;7,6;10,1;10,5;29;26,48;23,9;76,25;3,133333;
1980-12-07;4,4;9,5;1,7;29,5;26,18;22,1;78,25;2,933333;
1980-12-08;null;null;0;29,6;26,08;22,2;73,5;null;
1980-12-09;null;null;0;29,7;25,86;20,4;84,25;null;
1980-12-10;2,9;9;1;29,7;25,62;21,5;74,25;2,066667;
1980-12-11;5,3;10,3;,1;29,9;26,34;22,4;69,75;3,666667;
1980-12-12;4,9;9,9;2;29,7;26,38;21,3;71,75;2,266667;
1980-12-13;5,2;10,7;0;29,8;25,9;20,8;69,25;2,466667;
1980-12-14;null;null;0;30,6;25,5;20,4;77;null;
1980-12-15;4;8,9;0;31;25,26;21;75,75;2,733333;
1980-12-16;3,5;10,3;0;32;26,4;20,6;70;2,3;
1980-12-17;4,2;7,5;18,8;29,9;25,86;22,9;81,75;null;
1980-12-18;7,1;9,6;6,6;29,4;26,4;21,9;76;3,566667;
1980-12-19;6;8,9;,6;29,7;27,38;25,7;74,5;4,7;
1980-12-20;5,1;4,2;,4;28,6;26,44;23,5;76,5;3,3;
1980-12-21;3,2;0;2,5;26,8;23,84;22,3;87,5;null;
1980-12-22;1,4;3;,7;29;24,76;22;86,5;2,7;
1980-12-23;2,4;1,1;,1;27,9;24,7;21,7;83,75;null;
1980-12-24;null;null;13,7;29,6;26,28;23,5;74;null;
1980-12-25;6,2;7,3;0;29,6;26,72;23,5;73;2,633333;
1980-12-26;9,8;1,3;2,6;28,5;24,74;21,9;89;null;
1980-12-27;4;9,8;,8;29,5;26,58;23,3;72,25;2,833333;
1980-12-28;5,2;10,7;0;29,6;26,06;20,8;69,5;3,7;
1980-12-29;5;11,4;,2;29,7;26,16;21,7;68,75;3,166667;
1980-12-30;5,9;6,1;0;30,3;26,12;20;70;2,866667;
1980-12-31;4,2;9,2;0;31;25,7;21;71;2,966667;
1981-01-01;null;null;0;29,6;26,18;20,8;76,75;null;
1981-01-02;4,7;6,9;0;30;26,72;23,2;75,25;4,066667;
1981-01-03;null;null;,2;30,3;27,22;24;72,25;null;
1981-01-04;7,2;6,7;0;29,8;27;24,3;67,5;3,3;
1981-01-05;6;9;0;29,9;26,18;21,1;72,75;3;
1981-01-06;5,1;6;5,7;28,8;25,68;23,1;81,25;3,033333;
1981-01-07;null;null;3,3;30,1;26,76;23,9;82,25;null;
1981-01-08;4,2;4,9;22,5;29;26,48;23;76;4,2;
1981-01-09;5,1;9;0;29,7;26,94;24,7;71,75;3,966667;
1981-01-10;5,5;10;,6;29,9;26,54;21,6;74,25;3,533333;
1981-01-11;5,3;7;,1;29,7;26,46;22,2;71;4,1;
1981-01-12;2;8,4;5,2;29,9;26,38;22,1;null;3,433333;
1981-01-13;4,4;9,4;4,9;29,2;26,46;23;79,75;4,233333;
1981-01-14;4,2;6,6;9,4;29,4;26,16;22,7;81,5;2,8;
1981-01-15;5;7;0;30,3;26,9;24,1;73,75;3,633333;
1981-01-16;null;null;,2;29,8;27,08;24,9;70;null;
1981-01-17;6,4;3,8;0;29,5;26,1;20,8;79,5;2,8;
1981-01-18;3,1;5,6;4,1;29,7;25,76;23,1;81,25;4,133333;
1981-01-19;null;null;0;28,4;25,56;20,8;null;null;
1981-01-20;null;null;12,9;29,3;25,42;21,9;80,5;null;
1981-01-21;5,5;4,6;0;30,2;26,18;22,4;74;2,8;
1981-01-22;null;null;,9;29,7;25,22;20,8;79,75;null;
1981-01-23;null;null;,8;29,7;26,74;22,2;72,5;null;
1981-01-24;6,4;6,4;0;29,5;26,9;24,9;74,5;4,8;
1981-01-25;4,8;3,2;9,2;29,1;24,22;22,9;89;1,266667;
1981-01-26;2,2;9,8;16,5;29,7;26,28;21,9;76,75;3,033333;
1981-01-27;,8;3,3;37,6;29,3;25,24;21,9;85,5;2,266667;
1981-01-28;3,1;9,1;0;29,8;26,54;22,2;73,25;3,466667;
1981-01-29;5,4;4;0;28,9;24,74;21,3;null;2,633333;
1981-01-30;null;null;60,4;29,3;25,68;21,1;79,75;null;
1981-01-31;6,6;6,9;1;29,8;26,4;22,9;74,5;2,933333;
1981-02-01;null;null;,2;29,7;27,14;24,5;71;null;
1981-02-02;5,9;,5;,5;28;26,02;23,2;78;4,2;
1981-02-03;null;null;5,8;28,4;26,2;24,1;75,25;null;
1981-02-04;3,7;1,4;1,2;28,5;25,34;22,1;86,25;3,066667;
1981-02-05;2,5;8,6;14,1;29,4;26,2;22,5;79,5;1,6;
1981-02-06;null;null;29,7;27,8;24,28;23;90,75;null;
1981-02-07;1,6;9,5;,2;29,6;26,6;21,9;78,25;3,7;
1981-02-08;5,7;9,5;,2;29,4;27,04;24,1;75,75;4,566667;
1981-02-09;5,8;9,9;0;29,6;26,92;24,5;71;4,566667;
1981-02-10;5,1;10,3;,5;30,4;26,84;22,1;71;4,133333;
1981-02-11;null;null;,9;29,7;25,44;22,8;81,75;null;
1981-02-12;3,4;8,7;5,3;29,6;26,48;22,1;77,5;3,233333;
1981-02-13;4,8;7,4;1,8;29,5;26,44;22,4;76,25;3,933333;
1981-02-14;6,6;6,9;3,6;29,2;27,02;25,2;68,5;3,866667;
1981-02-15;7,9;10,8;,8;29,4;27,2;24,9;69,25;3,733333;
1981-02-16;7,2;8,8;,5;29,2;26,44;21,7;75,5;5,166667;
1981-02-17;null;null;29,8;28,4;25,36;23,1;82,5;null;
1981-02-18;null;null;5,5;29,5;26,12;24,3;80;null;
1981-02-19;null;null;1,2;29,6;25,92;22,1;77,75;null;
1981-02-20;null;null;0;29,5;26,58;21,5;72,25;null;
1981-02-21;null;null;0;29,5;26,82;25,4;76,25;null;
1981-02-22;6,5;10,6;1,5;29,6;27,04;24,7;69,5;4,7;
1981-02-23;5,7;10,2;25,1;29,3;26,48;22,3;73;4,8;
1981-02-24;null;null;,4;29,4;26,8;24,1;70,5;null;
1981-02-25;null;null;,3;29,5;26,98;23,9;73;null;
1981-02-26;3,5;8,7;0;29,2;26,84;23,1;73,25;4,366667;
1981-02-27;null;null;,6;28,3;null;24,9;72,75;null;
1981-02-28;7,9;10,5;4,5;29,3;26,56;24,2;73,75;3,7;
1981-03-01;7,9;10,7;0;29,6;26,48;23,1;70;3,5;
1981-03-02;7,3;9;0;29,7;27,12;24,8;71,25;3,4;
1981-03-03;6,9;9,6;0;29,8;26,62;22,8;69,25;3,4;
1981-03-04;6,2;8,4;0;29,9;26,18;20,6;71,25;3,7;
1981-03-05;5;8,7;0;30,6;27,04;22,5;76,25;3,966667;
1981-03-06;6,1;8,8;0;30,6;27,26;24;74,75;3,733333;
1981-03-07;5,1;9,2;0;30,6;27,48;24,6;73,5;3,066667;
1981-03-08;5;9,9;0;31,3;27,06;22,6;77;3,133333;
1981-03-09;4,3;8,6;0;31,3;26,78;21,3;74,25;3,166667;
1981-03-10;4,5;9,6;0;31,3;27,08;22,7;76,5;3,466667;
1981-03-11;4,2;8,9;0;31,7;27,12;24,1;80;3,6;
1981-03-12;3,8;1,3;,6;30,3;26,44;24,1;90,5;,866667;
1981-03-13;1,5;0;13,4;27,5;25,24;23,7;94,25;,966667;
1981-03-14;,8;,7;18,7;28,2;25,48;22,7;83,75;1,666667;
1981-03-15;1,9;3;3,1;29,3;26,08;23,6;88,5;2,566667;
1981-03-16;1,9;,7;4,6;29,6;25,4;23;88,25;2,466667;
1981-03-17;1,4;2;14,8;29,6;25,38;22,9;87,5;3,333333;
1981-03-18;null;null;43,9;27,1;24,18;21,8;89,25;null;
1981-03-19;1,2;2,6;0;28,2;24,98;22,5;86;1,533333;
1981-03-20;null;null;1,2;26,2;null;22,9;92,25;null;
1981-03-21;1;0;17,9;28,4;25,2;21,7;82,5;1,566667;
1981-03-22;2,3;2,7;4,6;29,8;24,92;22,1;89,25;1,133333;
1981-03-23;2;5,1;2,9;29,7;25,34;22,3;86,25;1,466667;
1981-03-24;2,3;,7;,4;28,5;25,38;23,6;87,25;1,466667;
1981-03-25;,8;4;14,7;30;26,42;25,4;82,75;3,366667;
1981-03-26;4,4;6,2;5,1;28,9;25,66;23,6;87,25;2,6;
1981-03-27;2,3;3,1;6,6;28,8;24,4;22,6;88,5;1,766667;
1981-03-28;2,6;9,3;0;29,4;25,96;20,6;78;2,9;
1981-03-29;3,9;,9;1,4;27;24,34;23,3;89,5;1,9;
1981-03-30;1,6;8,1;0;30,3;26,34;21,8;78,5;2,133333;
1981-03-31;3,2;5,7;0;30,5;26,42;22,8;84,25;1,566667;
1981-04-01;2,3;,2;23,7;26,6;24,74;23,7;94,25;1,3;
1981-04-02;,1;6,9;23,5;29,8;26,44;22,8;81,25;2,066667;
1981-04-03;3,7;9,5;7,9;29,2;26,4;23;76,5;2,866667;
1981-04-04;3,7;9,4;0;29,2;26,14;21,4;79;3,3;
1981-04-05;4,7;6,3;6,9;29,2;26,78;23,2;73,75;4,6;
1981-04-06;null;null;1,8;29;25,8;23;78,5;null;
1981-04-07;null;null;,7;28,5;25,42;22,4;85,75;null;
1981-04-08;5,2;9,9;6,6;29,2;25,24;23,9;80,25;3,566667;
1981-04-09;3,6;7;0;29;24,5;21,1;83;3,033333;
1981-04-10;3,7;9,8;0;29,2;25;20,1;77;2,866667;
1981-04-11;4,2;9,1;0;29,4;25,34;20,8;79,5;3,233333;
1981-04-12;4,3;9,2;0;29,2;26,26;22,8;74,75;3,566667;
1981-04-13;4,7;6,2;0;29,9;26,04;23,2;78;2,2;
1981-04-14;null;null;0;29,4;26,3;21;74,5;null;
1981-04-15;3,8;8,2;2,2;29,5;25,82;21,6;79,5;2,9;
1981-04-16;3,5;6;0;30;26,32;21,8;78,5;3,466667;
1981-04-17;3,6;8,5;2,6;29,7;25,56;22,7;83,25;2,166667;
1981-04-18;3,6;9,3;0;30,4;26,46;21,1;76,25;2,3;
1981-04-19;3,2;7,5;,1;30,1;26,3;22;77;1,833333;
1981-04-20;3,6;9,9;0;29,7;26,36;21,7;70;3,3;
1981-04-21;5,5;9,9;,4;29,7;26,08;22,3;72;3,4;
1981-04-22;6,9;10,5;0;29,8;25,9;21,8;72,25;2,966667;
1981-04-23;4,9;9,8;,1;29,7;25,14;20,4;74,75;2,433333;
1981-04-24;9;6,6;4,2;29,4;25,18;20,8;81;2,366667;
1981-04-25;3,2;5,4;1;29,4;26,28;22;73,75;3,166667;
1981-04-26;4,2;5;5,9;28,9;25,36;21,5;83,5;2,733333;
1981-04-27;3,2;7,7;9,6;29,2;26;23;79,5;4,966667;
1981-04-28;5,6;9,4;1,9;29,7;26,98;23,9;71,5;3,933333;
1981-04-29;5;7,4;8,3;29,3;25;22,9;87;2,633333;
1981-04-30;null;null;,9;29,3;null;null;76,75;null;
1981-05-01;4,1;8,9;,2;28,5;26,4;22,6;74,75;3,1;
1981-05-02;4,1;6,3;0;29,6;26,22;20,8;78,75;2,533333;
1981-05-03;3,9;5,1;4,6;28,9;25,74;23;76,25;3,766667;
1981-05-04;3,9;7;0;29,1;25;20,9;83;3,733333;
1981-05-05;3,3;9,5;5;29,3;25,28;22,6;78,5;3,8;
1981-05-06;4,3;8,6;0;29,4;25,5;21,9;79,25;3,666667;
1981-05-07;3,9;10,2;1,5;29,6;25,56;22;76;4,166667;
1981-05-08;4,3;,4;15,4;25,6;24,12;22,4;83,5;4,166667;
1981-05-09;2,1;9,6;11;28,8;25,56;22;75,5;3,066667;
1981-05-10;2,1;9,6;7,9;28,5;25,74;22;73,25;4,466667;
1981-05-11;4,5;,7;,2;28,3;24,34;22,6;84;3,066667;
1981-05-12;3,2;2;3,8;28,8;25;21,6;80;4,233333;
1981-05-13;3,5;3,2;,6;28,4;24,34;21,7;88;2,4;
1981-05-14;2,6;4,1;3;28,2;23,46;21,7;89,5;1,9;
1981-05-15;2,6;7,5;,3;29;25,12;20,6;81,25;2,4;
1981-05-16;2,8;4,6;2,6;28,7;25,92;23,1;85,5;2,666667;
1981-05-17;3,6;9,5;,4;28,8;26,06;24;80,5;3,433333;
1981-05-18;5,5;3,3;,5;28,6;25,16;23,8;77,25;4,133333;
1981-05-19;3,8;3,6;6,4;28,1;24,94;21,1;88,5;3,7;
1981-05-20;4,8;8,3;13,6;28,9;25,74;24,1;82;5,033333;
1981-05-21;3,6;,3;31,7;25,8;24,06;22,9;93;4,3;
1981-05-22;1,4;1,3;18,4;27,9;25,32;21,9;76,25;3,866667;
1981-05-23;3,8;3,5;10,1;27,6;23,74;21,7;93;2;
1981-05-24;null;null;22,1;28,2;24,84;22,1;83,5;3,466667;
1981-05-25;3;,2;20;26,4;23,24;21,6;92;1,633333;
1981-05-26;1,1;7,9;9,9;28,2;24,88;22;82;3,633333;
1981-05-27;4;9,8;0;28,3;24,56;21,8;85,75;4,466667;
1981-05-28;3,6;,7;7,1;27,5;24,38;21,6;87,5;3;
1981-05-29;2,9;3,4;,2;30,5;25,32;22;84;3,2;
1981-05-30;null;null;9,4;27,4;24,74;22,7;92,75;null;
1981-05-31;1,6;5,7;14;28,7;24,88;21,8;83,25;2,7;
1981-06-01;3,3;9,3;,4;28,4;25,76;22;73,75;4,7;
1981-06-02;5,4;9,3;2,3;28,3;25,46;23,2;77,25;3,9;
1981-06-03;4,6;8,1;1,5;28,7;25,84;23,1;82,75;2,5;
1981-06-04;3;4;35,8;28,6;25,1;22,8;87,5;2,1;
1981-06-05;2,5;8,6;5,3;28,7;26,08;22,6;79,25;2,8;
1981-06-06;3,8;9,3;0;28,8;24,88;21,9;83,75;3,133333;
1981-06-07;3,2;,3;6,9;27,8;24,94;22,5;86,5;2,866667;
1981-06-08;2,5;7;,3;28,6;24,66;21;84,25;1,8;
1981-06-09;2,9;8,4;,2;28,7;25,5;21,6;75,5;4,333333;
1981-06-10;3,6;5,2;23,3;27,7;23,98;22,4;87,75;3,866667;
1981-06-11;2,7;4,7;7,6;27,6;23,68;20;86,5;2,466667;
1981-06-12;1,9;0;64,9;24,9;22,94;22,2;95,5;2,7;
1981-06-13;2,6;3,3;32,4;27,6;24,6;21,6;88,75;1,966667;
1981-06-14;1,9;9,2;4,7;28,1;24,5;21,4;82,5;2,9;
1981-06-15;2,9;8,3;,2;28,3;25,68;21,3;73;4,3;
1981-06-16;6,2;8,9;,6;28,3;26;24,9;76,25;4,333333;
1981-06-17;5,9;10,4;,9;28,3;25,44;23,1;75,25;2,8;
1981-06-18;4,1;9,1;,5;28,3;24,24;19,3;74,75;3,233333;
1981-06-19;3,5;10,3;0;28,3;23,62;18,3;78,25;3,3;
1981-06-20;4;10,5;0;28,4;23,98;20,4;74,5;4,466667;
1981-06-21;4,3;2;,6;26,6;23,14;20,6;82,25;3,466667;
1981-06-22;2,9;8,7;0;27,7;23,42;18,9;82,25;4,033333;
1981-06-23;3,9;7;10,2;27,6;23,5;20,1;88,25;3,233333;
1981-06-24;3,4;8,1;8,8;26,7;23,86;21;74,5;4,966667;
1981-06-25;4,5;9,1;0;27,4;24,24;20;76,5;4,4;
1981-06-26;5,4;6,1;7;27,4;24,5;21,9;74,25;4,566667;
1981-06-27;4,9;3;,5;27,2;24,16;20,8;74,75;4,666667;
1981-06-28;4,5;5,5;5;27,3;23,18;21;77,25;3,9;
1981-06-29;3,9;9;1,1;27,5;23,68;19;82,5;3;
1981-06-30;3,2;7;10;27,7;24,26;21,6;81,75;2,9;
1981-07-01;2,9;8,9;1,6;27,5;24,4;22;79,5;3,833333;
1981-07-02;3,9;7,2;,6;27,3;23,88;21;74,25;4,5;
1981-07-03;3,7;3,4;,5;27;22,88;20,4;85,5;2,5;
1981-07-04;1,9;8,9;2,7;27,6;23,58;19,3;79,75;3,433333;
1981-07-05;null;null;1,1;27,6;23,66;19,5;78,5;null;
1981-07-06;3,7;5,7;2,9;26,9;24,38;21,3;78,25;5,533333;
1981-07-07;null;null;4;27,4;24,18;22,1;84;null;
1981-07-08;null;null;40,9;25,4;23,02;21,8;91,75;null;
1981-07-09;2,7;null;17,7;26,4;22,84;20,6;88,25;3,633333;
1981-07-10;2,4;7,9;16,6;26,8;23,64;21,3;88,25;3,166667;
1981-07-11;3,4;10;,2;27,2;24,98;22,4;74;5,466667;
1981-07-12;4,9;5,9;,3;27,2;24,58;20,7;74;3,9;
1981-07-13;4,8;7,7;,4;27,6;25,32;22,2;75,25;5,55;
1981-07-14;null;null;3,8;25,9;23,9;22,3;81;null;
1981-07-15;3,5;10,1;5,6;27,2;23,78;20,2;76;4,066667;
1981-07-16;5,1;7,5;0;26,8;23,34;18,5;74,75;3,5;
1981-07-17;4,1;8,4;0;27,3;23,32;18,2;78,75;3;
1981-07-18;3,4;7,3;2,8;27,6;24,3;21,3;83,75;3,9;
1981-07-19;3,6;5,8;2;27,4;23,88;21;80,5;3,966667;
1981-07-20;4,1;3,9;,7;27,2;24;20;72,5;4,3;
1981-07-21;3,8;9,2;1,1;27,3;23,08;21,4;80;2,866667;
1981-07-22;3,9;3,8;,1;25,9;22,32;18,6;88;2,733333;
1981-07-23;2,5;10,1;1,1;27,2;22,22;19,2;75,5;3,733333;
1981-07-24;5,4;9,9;0;27,4;22,78;19,2;86;4,033333;
1981-07-25;3,8;5,1;12;26,9;22,84;20,8;79,75;4,4;
1981-07-26;null;null;,6;26,9;23,92;20,4;67,75;null;
1981-07-27;7;2,4;0;27;23,22;21;75,25;4,866667;
1981-07-28;4,9;5,5;3,6;26,8;22,78;20,8;87,5;3,433333;
1981-07-29;2,5;8,5;9,7;26,6;23,5;21,2;76;5,066667;
1981-07-30;3,5;5,5;1,7;26,4;23,24;21;67;5,7;
1981-07-31;3,8;9,4;,7;26,7;23,34;18,8;65,5;4,033333;
1981-08-01;6,4;6,5;0;26,4;23,86;22,2;74,75;4,3;
1981-08-02;4,8;4,8;,8;27,3;24,28;21,1;76,25;4,666667;
1981-08-03;4,9;9,7;,1;27,5;25,18;22,5;64,75;5,766667;
1981-08-04;8;9,3;0;27,9;23,7;21,1;73,5;4,466667;
1981-08-05;6;2;2,3;25,8;23,56;18,8;79,75;4,833333;
1981-08-06;2,7;7,5;24,6;26,3;24,02;21;73,25;5,6;
1981-08-07;5,2;5;1;25,7;23,08;21,5;85,5;4,033333;
1981-08-08;2,8;7,8;4,4;26,9;24,08;21;76;5,3;
1981-08-09;3,9;6,4;0;27,7;23,58;20,2;84,75;3,566667;
1981-08-10;4,6;2,2;7,2;26,4;24,28;21,8;74;4,866667;
1981-08-11;3,6;8,8;3,2;26,7;22,76;20,3;75,5;3;
1981-08-12;4,4;7,4;,6;26,4;23;20,2;82;4,2;
1981-08-13;3,4;9,5;3,3;27,1;22,12;19,9;82;3,366667;
1981-08-14;3,8;10;0;29,6;22,56;16,8;83,25;1,65;
1981-08-15;2,1;8,1;0;28,7;24,28;18,3;80,5;2,566667;
1981-08-16;3,8;6,8;0;27,9;24,46;19,6;76,75;2,9;
1981-08-17;4,5;6,1;0;27,8;25,06;21,7;75,5;4,5;
1981-08-18;4,7;9,5;0;27,6;25,02;22,4;72;5,166667;
1981-08-19;5,3;8,9;0;27,7;24,48;19,6;73;3,833333;
1981-08-20;4,5;9,9;0;27,7;23,36;19,5;74,75;3,7;
1981-08-21;4,6;5,1;,1;26,8;23,9;20,3;73;4,833333;
1981-08-22;4,5;6,7;3,5;27,3;23,68;20,4;79;4,266667;
1981-08-23;4,2;1,2;2,8;27,1;24,18;21,4;78,75;4,766667;
1981-08-24;null;null;3,1;27,7;24,44;21,4;77;null;
1981-08-25;4,5;2,7;,6;27,4;23,94;21,9;87,5;2,766667;
1981-08-26;3;4,5;12,8;27,4;24,24;21;80,25;3,266667;
1981-08-27;3,4;8,3;2,1;26,9;23,14;20,8;80,25;4,1;
1981-08-28;3,6;9;,4;27,4;23,04;18,6;81;3,233333;
1981-08-29;3,1;,3;2,9;24,7;22,36;19,3;93,5;2,533333;
1981-08-30;null;null;24,6;27,1;23,62;22;83,5;null;
1981-08-31;3,8;4,9;7,4;27;23,56;20,7;84,75;3,4;
1981-09-01;3,8;9;7;27,4;23,62;21,7;79,25;5,7;
1981-09-02;4,8;7,6;2,3;27,4;22,8;20,2;82,25;2,966667;
1981-09-03;3,6;3,1;1,8;26,3;23,3;20,5;76;4,566667;
1981-09-04;3,5;10,3;,4;27,5;22,76;18,1;78,75;2,733333;
1981-09-05;3,8;8,6;0;27,4;24,2;19,8;75;2,9;
1981-09-06;4,9;8,4;1,5;27,8;24,52;22;70,75;3,866667;
1981-09-07;5,6;10,1;0;27,9;24,44;19,5;69;5,633333;
1981-09-08;6,7;9,8;0;27,7;24,86;21,9;67;4,6;
1981-09-09;5,3;3,5;1,5;27;23,22;20,1;80,75;4,133333;
1981-09-10;3,6;4,4;21,2;26,4;23,28;21;89,25;4,566667;
1981-09-11;null;null;29,9;25,3;22,6;21;90,25;null;
1981-09-12;null;null;16;27;24,38;22,1;74,75;null;
1981-09-13;4,2;9,6;0;27,8;24,16;21;76,25;4,066667;
1981-09-14;4,4;null;1,5;27,5;23,52;18,3;80,25;2,9;
1981-09-15;3,9;7,3;4,6;27,6;24,82;20,7;77,75;3,566667;
1981-09-16;4,8;9,3;,2;28,3;25,2;21,1;75,5;3,633333;
1981-09-17;5,7;9,3;0;28;25,52;23,6;72,25;4,7;
1981-09-18;null;null;0;28,2;24,9;23,5;82,5;null;
1981-09-19;null;null;0;28,2;25,48;23,1;76,25;null;
1981-09-20;6,1;8,1;4,7;28,4;25,02;21,8;66,75;6,033333;
1981-09-21;6,4;8,6;2,1;28,4;24,88;20,8;71,5;4,4;
1981-09-22;5,6;8,3;2;28,1;25,3;22;74,5;4,033333;
1981-09-23;6,6;5,5;,4;27,7;25,66;23,8;73,25;5,533333;
1981-09-24;6;3,6;,1;28,8;24,74;23,1;79,25;5,7;
1981-09-25;4,4;6;7,2;27,7;24,36;22;80,75;5,633333;
1981-09-26;3,7;8,9;,9;28,4;24,5;21;77,75;3,966667;
1981-09-27;4,5;6,6;8,3;27,8;25,26;22,1;72,5;5,1;
1981-09-28;5,3;4,5;0;27,6;25,6;22,6;71;4,433333;
1981-09-29;5,6;7,3;0;28;25,76;24;70,5;3,633333;
1981-09-30;4,5;8,2;0;29;23,16;19,6;81,5;2,866667;
1981-10-01;4;8,5;0;28,3;25,16;19,1;71,75;3,133333;
1981-10-02;5,4;7,9;0;28,5;26,02;24,4;72,5;4,533333;
1981-10-03;5,9;8,8;,1;28,7;25,52;20,9;71,25;4,633333;
1981-10-04;6,1;6;1,4;28,5;25,64;21,7;72,5;4,433333;
1981-10-05;6,4;3,8;,2;28,5;25,96;23,9;76;4,466667;
1981-10-06;6;6,1;0;28,4;26,16;24,2;71,5;4,2;
1981-10-07;null;null;9,2;28,7;25,56;22,7;82,5;null;
1981-10-08;3,8;9,7;,1;28,9;25,86;21,8;74,75;3,533333;
1981-10-09;4,5;9,4;0;28,6;25,44;21,7;72,75;3,066667;
1981-10-10;4,7;9,3;0;28,8;23,84;19,6;78,75;1,4;
1981-10-11;5,1;8,4;0;28,7;25,36;20,7;72,75;3,566667;
1981-10-12;,6;8,3;0;28,4;25,5;20,5;70,75;3,866667;
1981-10-13;5;8;1,4;28,8;23,5;21,2;null;1,966667;
1981-10-14;4,3;10;0;29,7;25,68;19,1;70;2,633333;
1981-10-15;6;7,6;,1;29,5;26;22,9;81;5,033333;
1981-10-16;5,8;5,8;,4;29,9;26,74;24,4;74,75;4,433333;
1981-10-17;4,4;9;0;29,8;25,92;21;71;2,866667;
1981-10-18;4,5;10,3;0;29,6;25,9;19,9;68,25;3,166667;
1981-10-19;7,8;11;0;29,6;26,74;24,3;65,75;5,266667;
1981-10-20;8,8;9,7;0;29;26,32;24,2;71;4;
1981-10-21;6,4;9,9;0;29,8;25,22;21,5;76,25;3,133333;
1981-10-22;4,6;10,1;0;29,8;25,62;19,7;72;3,366667;
1981-10-23;5,2;9,6;12,1;29;25,62;20,1;71,25;3,466667;
1981-10-24;7,2;8,2;,1;28,9;26,46;24,5;70,75;4,8;
1981-10-25;null;null;1,4;28,8;25,54;24,1;76,25;null;
1981-10-26;5,7;9,2;,7;29,3;26,26;23,6;71,5;4,766667;
1981-10-27;6,9;11;0;29,3;25,98;22;69,5;3,9;
1981-10-28;6;9,5;0;29,7;25,74;20,4;73;3,7;
1981-10-29;6,1;9,6;0;29,4;26,92;24,6;73,25;4,466667;
1981-10-30;7,4;10,1;,3;29,4;26,38;25;70;3,6;
1981-10-31;null;null;0;29,5;26,22;22,6;69,5;null;
1981-11-01;8;7,4;,1;29,8;26,1;20,7;69,5;2,833333;
1981-11-02;5,1;10,6;0;30,1;26,36;21,4;68,25;3,033333;
1981-11-03;6,6;10,4;,1;30,1;26,5;21,4;74,75;4,966667;
1981-11-04;7,9;10;0;30,3;26,8;24,3;73,75;3,7;
1981-11-05;null;null;1,2;28,2;24,42;21,4;87,75;null;
1981-11-06;2,4;9,2;,2;30,6;26,56;21,5;69,75;4,166667;
1981-11-07;4;,1;,3;28,9;26,34;23,5;77,25;3,466667;
1981-11-08;null;null;,2;30;26,88;23,2;71,75;null;
1981-11-09;null;null;16;28,8;26,2;22,9;80;null;
1981-11-10;6,2;10,4;,1;29,3;26,62;25,2;76,5;3,466667;
1981-11-11;4,8;8,5;1,1;29,5;26,32;21,9;76,5;3,833333;
1981-11-12;6,7;7,8;1;29,3;26,6;23;72,5;4,7;
1981-11-13;6,3;9,6;,2;29,6;26,74;24,4;80;3,8;
1981-11-14;5,5;8,9;7,4;29,3;26,1;23,1;78;3,2;
1981-11-15;3,6;9,9;1,2;29,3;25,82;21;72,25;3,366667;
1981-11-16;5,4;8,7;0;29,5;26;20,5;70;4,033333;
1981-11-17;6,9;10,6;0;30,1;27,26;24,9;68;3,466667;
1981-11-18;7,3;11;0;29,7;26,96;25,2;74,5;4,4;
1981-11-19;5,7;5,3;15,4;28,7;25,9;23;74;4;
1981-11-20;6,8;10,7;0;29,3;26,6;24,5;70,5;3,966667;
1981-11-21;6,9;8,7;0;29,9;26,26;21,8;72,5;3,933333;
1981-11-22;5,7;9;0;29,6;26,94;24,4;72,75;3,633333;
1981-11-23;5;9,5;0;31;27,1;23,9;70,75;4,233333;
1981-11-24;7,3;10,7;0;29,8;27,04;25;68,5;4,233333;
1981-11-25;null;null;,2;29,7;26,34;24,5;68,75;null;
1981-11-26;null;null;0;30,1;26;19,6;71,25;null;
1981-11-27;6,7;10,3;0;30,2;26,24;21;69;3,266667;
1981-11-28;7,2;11;0;30,6;27,18;25;68,5;3,3;
1981-11-29;7,3;7,9;,7;30,5;27,2;23,7;70,75;3,9;
1981-11-30;7,6;9,7;,2;30;27,26;24,7;71;4,233333;
1981-12-01;7,3;10,7;0;30,3;27,26;25;68,75;3,833333;
1981-12-02;8,1;9,7;0;30;27,3;25;69,25;4,033333;
1981-12-03;6,7;7;,6;30,3;26,74;22,1;76;3,7;
1981-12-04;7;4,2;,3;30,3;27,48;25,7;74,25;4,333333;
1981-12-05;6,6;0;,2;27,7;26,52;25;76,25;4,666667;
1981-12-06;5,9;3,6;0;29,7;26,88;25,2;73,75;4,766667;
1981-12-07;5,1;7,3;2,7;29,8;26,4;22,1;70,75;4,466667;
1981-12-08;4,7;7,6;8,6;29,6;26,26;22,8;76,75;3,8;
1981-12-09;4,1;5;6,2;28,6;26,4;23,8;79,75;3,766667;
1981-12-10;5,3;7,7;1,2;29,8;26,82;25;77;4,866667;
1981-12-11;6,5;9,2;2,7;29,6;26,72;24;69,75;4,966667;
1981-12-12;7,6;8,1;0;29,8;26,8;25;68,75;4,333333;
1981-12-13;5,6;9,9;0;30,1;26,46;21,2;67,25;3,333333;
1981-12-14;6,4;8,4;3,4;29,8;26,4;22,6;81,75;3,933333;
1981-12-15;null;null;1;29,8;27,26;25,7;76,75;null;
1981-12-16;7,8;10,9;,3;29,8;27,38;25,1;68,25;4,8;
1981-12-17;6,8;6,9;0;29,8;26,9;24,9;76,75;5,433333;
1981-12-18;5,6;1,9;1,3;28,5;25,6;23,3;87,25;4,3;
1981-12-19;null;null;9,7;29,7;26,26;23,6;82;null;
1981-12-20;4,3;1,4;27,5;28,4;25,8;23,7;85,75;3,3;
1981-12-21;4,3;2,8;5,7;28,6;25,56;23,8;88,5;3,966667;
1981-12-22;2,1;0;34,3;27,4;25,08;23,5;null;2,3;
1981-12-23;1,2;8,3;71;29,2;26,6;22,6;76;4,3;
1981-12-24;null;null;,1;29,3;26,76;25,1;71,25;null;
1981-12-25;5,1;8,5;,5;29,4;26,28;23,8;79,75;4,2;
1981-12-26;null;null;4,3;28,9;25,48;23,3;85,25;null;
1981-12-27;3;8,1;,2;29,5;26,36;22,1;75,25;3,633333;
1981-12-28;4,5;6,4;0;29,8;26,36;22,4;79,25;2,466667;
1981-12-29;null;null;0;30,4;27,06;22,7;79,5;null;
1981-12-30;3,7;7,4;,1;30,3;27,06;23,2;76,75;3,233333;
1981-12-31;5,4;8,1;0;29,8;26,88;25,8;76,25;4,233333;
1982-01-01;null;null;,3;29,5;27,02;23,7;72,25;null;
1982-01-02;null;null;,3;29,7;27,02;24,9;77,25;null;
1982-01-03;4,6;9,2;0;29,5;26,76;23,8;73,5;4;
1982-01-04;null;9,5;0;29,8;26,02;21,5;73,75;2,666667;
1982-01-05;null;null;0;29,2;26,22;20,7;76,25;null;
1982-01-06;6;6,8;,4;29,4;26,84;24;73,75;4,8;
1982-01-07;5,7;10,3;,5;29,8;26,74;23,2;71,5;3,1;
1982-01-08;5,5;7,1;0;30,1;26,22;21,5;76,75;3,066667;
1982-01-09;5,1;7,9;,3;30,2;26,94;23,9;77,75;3,3;
1982-01-10;4,6;1,8;3,3;28,9;25,48;23;92,5;2,733333;
1982-01-11;2;6,7;19,9;29,3;26,58;23,1;78;3,1;
1982-01-12;4,9;5,4;0;29,4;26;22,1;78,5;3,033333;
1982-01-13;3;7;0;30;26,48;22;76,75;3,566667;
1982-01-14;3,3;9,3;0;30,4;26,76;21,4;72,25;3,933333;
1982-01-15;4,7;7,8;0;30,3;25,16;20,2;82,75;2,5;
1982-01-16;4,2;10,7;,2;30,3;26,74;23,1;74,75;3;
1982-01-17;4,9;10,2;0;30;26,66;23,5;70,25;2,366667;
1982-01-18;4,9;9,8;0;29,9;26,08;20,6;73,75;3,4;
1982-01-19;4,9;10;0;29,9;25,4;20,9;77,25;2,633333;
1982-01-20;4,6;9,9;0;30,3;26,78;21,5;71,5;4,333333;
1982-01-21;null;null;28,7;28,3;25,58;22,7;89,25;null;
1982-01-22;3,8;7,4;5,8;29,1;26,96;24,7;77;5,066667;
1982-01-23;4,6;5,1;3,5;29,2;26,46;23,7;75,75;3,6;
1982-01-24;5;9,8;0;29,6;26,6;23,1;72,75;3,966667;
1982-01-25;5,3;7,6;0;29,6;25,56;21;78,5;3,3;
1982-01-26;null;null;104,7;25,8;null;19,9;96,25;null;
1982-01-27;null;null;29,8;28,7;26,06;23;73,5;null;
1982-01-28;5,1;11,1;0;29,2;25,16;21,5;75,25;3,333333;
1982-01-29;4,8;10,2;,4;29,3;25,38;20,6;76;3,4;
1982-01-30;4,9;10,5;11,5;29,4;26,56;22,7;73,5;4,2;
1982-01-31;5,7;5,5;,5;29,3;26,44;22,7;73,25;4,166667;
1982-02-01;6,7;9,2;0;29,3;25,94;21,5;75,25;4,133333;
1982-02-02;6,2;10,4;,6;29,7;26,98;24;72,5;5,366667;
1982-02-03;4,7;8,2;3,2;29,3;26,3;23,6;77,75;4,766667;
1982-02-04;null;null;0;28,6;26,22;22,5;75,75;null;
1982-02-05;4;9,9;,5;29,6;25,92;22,3;75,5;3,666667;
1982-02-06;4,1;10,3;0;30;26,42;21,5;71,25;4;
1982-02-07;5,5;4,8;,1;29,4;25,68;21,9;84;4,233333;
1982-02-08;3,9;6,3;10,8;29,2;26,36;22,3;77,25;4,933333;
1982-02-09;5,6;9,7;0;29,7;26,14;24,1;73;4,166667;
1982-02-10;5;4,6;0;29,4;25,52;20;78;3,866667;
1982-02-11;5,6;10,5;0;30,1;26,12;20,8;71,25;4,366667;
1982-02-12;null;null;,2;29,8;25,92;21,9;76,75;null;
1982-02-13;null;null;0;29,8;26,8;23,3;77,75;null;
1982-02-14;null;null;,4;28,3;25,52;24,3;92;null;
1982-02-15;2,2;10;28,2;29,4;25,8;22,1;78,25;3,366667;
1982-02-16;4,1;9,2;0;29,7;26,58;21,7;73;3,033333;
1982-02-17;4,1;0;19;26,5;23,78;22,8;96,5;2,133333;
1982-02-18;null;null;41;29,4;25,12;22;91;null;
1982-02-19;2;10,5;25;29,7;25,08;22,7;81,75;2,566667;
1982-02-20;3,5;8,3;0;29,4;25,84;21;78,25;3,033333;
1982-02-21;4,1;4,9;3,5;29,3;26,5;22,5;80;3,466667;
1982-02-22;3,9;9,7;,9;30,3;26,78;22,9;77,25;4,066667;
1982-02-23;4,3;8,9;0;30,1;26,74;22,5;77,5;3,8;
1982-02-24;3,9;6,4;4,4;30,1;26,1;23,7;85,75;3,033333;
1982-02-25;3,9;2;0;29,3;25,72;22,7;86,75;2,166667;
1982-02-26;2;2,5;6,8;28,8;25,28;22,2;88,75;1,166667;
1982-02-27;1,3;6,7;5;29,9;25,88;21,3;79;2,766667;
1982-02-28;1,5;9,8;1,5;29,1;25,94;21,3;76,75;3,566667;
1982-03-01;null;null;,4;29,7;26;21,4;73,5;null;
1982-03-02;4,7;8,9;0;29,9;26,3;20,5;78;3,1;
1982-03-03;null;null;0;29,3;26,78;23,3;null;null;
1982-03-04;4;9,5;0;30,2;26,5;21,2;74,5;3,2;
1982-03-05;5;9,7;0;29,7;26,72;21,9;67,75;3,4;
1982-03-06;5,1;10,2;0;29,8;25,88;20,1;75,75;2,166667;
1982-03-07;4,6;8,6;8;30,3;25,82;21,2;82,75;2,8;
1982-03-08;null;null;6,2;29,8;27,22;23,8;79,5;null;
1982-03-09;4,3;5,4;11;29,6;26,72;23,3;79;3,466667;
1982-03-10;4;4;0;29,5;25,54;22,6;89,25;1,2;
1982-03-11;null;null;7;29,7;26,74;22,2;74;null;
1982-03-12;5,1;5,1;3,1;28,8;25,62;23,6;70,75;2,466667;
1982-03-13;4,4;10;0;29,6;25,44;19;73,75;3,2;
1982-03-14;4,6;5,5;0;30,6;25,74;20,2;82,25;2,766667;
1982-03-15;3,3;0;8,8;26,2;22,9;22,2;95;1,633333;
1982-03-16;,7;9,4;3,3;29,3;25,92;19,9;81,75;3,333333;
1982-03-17;3,5;9,7;,8;30,1;26,82;23,7;80,25;2,9;
1982-03-18;3,4;8,9;0;31,2;26,14;22;83,75;1,8;
1982-03-19;3,4;9,8;0;30;25,88;21,3;81,5;3,3;
1982-03-20;null;null;0;30,1;27,08;23,5;86;null;
1982-03-21;null;null;11,3;29,9;26,98;25,3;79,25;null;
1982-03-22;3,6;7,7;2,1;29,4;26,4;22,1;79,25;2,466667;
1982-03-23;3,8;8,9;0;30,2;26,98;22,2;73;3,3;
1982-03-24;4,3;9,1;0;30,4;27,06;21,6;77;3,1;
1982-03-25;null;null;0;31;27,68;23,9;75;null;
1982-03-26;3,9;9,2;0;30,9;27,38;22,4;73,25;3,7;
1982-03-27;4,6;9,2;0;30,6;27,36;22,5;73,25;4,566667;
1982-03-28;6;,5;0;29,7;26,96;23,1;77;3,5;
1982-03-29;4,6;8,1;1,5;30,1;26,94;23,9;77;3,866667;
1982-03-30;4,4;4,5;1,3;29,8;25,36;21,1;87,5;2,3;
1982-03-31;null;null;25;29,2;26,52;23,8;82,75;null;
1982-04-01;null;null;7,7;29,3;26,58;24;86,25;null;
1982-04-02;2,4;7,5;4,3;29,7;26,28;24,4;82;3,466667;
1982-04-03;3,2;6,3;0;29,7;26,1;21,8;79,25;3,3;
1982-04-04;3,6;9,5;0;null;null;23,1;78,5;3,733333;
1982-04-05;4,1;1,2;0;null;null;23;81,25;1,866667;
1982-04-06;null;null;0;null;null;21,9;77;null;
1982-04-07;3,4;9,7;0;null;null;21,7;80,5;2,2;
1982-04-08;null;null;0;null;null;21,9;79,75;2,5;
1982-04-09;3,9;7,8;12;null;null;23;75;2,633333;
1982-04-10;4,4;1,5;7,6;null;null;21,2;88;1,466667;
1982-04-11;2,6;8,8;,4;null;null;20,3;78,75;3,366667;
1982-04-12;3,5;7,6;0;null;null;20,1;82,5;2,3;
1982-04-13;3;8,3;6,8;29,9;26,68;23,4;80,75;2,466667;
1982-04-14;3,1;4;,7;26,3;24,62;23;86,25;2,366667;
1982-04-15;2,9;0;2,8;25,6;24,22;23,3;96,5;1;
1982-04-16;,1;3,4;16;29,9;25,98;21,3;84,75;1,866667;
1982-04-17;2,7;2,4;,8;30,2;26,14;23,4;82;2,366667;
1982-04-18;3,2;0;8,1;28,6;25,12;22,7;91;1,6;
1982-04-19;1,1;10,2;3,9;29,7;25,64;21,4;83,25;1,966667;
1982-04-20;null;10;0;30,3;26,26;21,5;80,5;3,1;
1982-04-21;null;null;,3;28,1;25,4;23,7;90,5;null;
1982-04-22;1,5;4,8;4,6;30,3;26,14;23;89;1,633333;
1982-04-23;2;8,5;5,9;30,3;26,06;23,3;87,5;2,133333;
1982-04-24;2;8,7;0;30,7;26,58;22,3;83;1,5;
1982-04-25;null;null;0;30,3;26,2;23;null;null;
1982-04-26;2,5;8,1;3,6;30,2;26,08;23,1;86,5;2,6;
1982-04-27;2,9;8,6;1,3;30,5;26,46;23,3;84,25;2,7;
1982-04-28;3,3;8,4;,3;30,4;26,36;23,3;81,75;3,033333;
1982-04-29;2,9;6;9,2;29,4;25,02;22,4;88,25;3,3;
1982-04-30;2,1;9,2;5,3;28,8;25,26;21,7;87,5;4,066667;
1982-05-01;null;null;7;29,8;26,14;22,8;83,75;null;
1982-05-02;2,7;9,5;0;30;26,08;21,7;82,75;3,1;
1982-05-03;null;null;28,1;30;25,4;22,6;87,5;null;
1982-05-04;2,8;8,1;0;29,5;25,62;21,5;88,5;2,8;
1982-05-05;2,3;4,3;1;29,5;25,7;21,3;86;4,4;
1982-05-06;2,9;5;6,9;29,4;25,4;22;84,5;4,066667;
1982-05-07;3,9;8,8;9,3;28,7;26,2;23,7;85,25;3,966667;
1982-05-08;2,4;0;20;26,5;24,5;23,1;95,75;3,3;
1982-05-09;null;null;33,5;25,4;24,02;23,2;94,75;null;
1982-05-10;null;null;35,2;28,4;25,28;23,1;89,5;null;
1982-05-11;1,7;,1;8,7;27,2;24,82;22,9;87,75;3,033333;
1982-05-12;2,5;1,7;26,4;28,4;24,88;22,1;90,25;2,9;
1982-05-13;2,1;7,5;20;29,1;25,18;21,9;84,25;2,65;
1982-05-14;null;8,7;,7;29;25,34;21,7;81,75;4,55;
1982-05-15;null;2,9;39,7;28,7;25,28;21,9;84,75;1,533333;
1982-05-16;2;3,2;1,4;28,6;25,5;22;85,5;4,366667;
1982-05-17;3,6;4,7;4,4;28,9;25,12;19,9;80,75;5,033333;
1982-05-18;3;,2;3,1;27,1;25,04;23,1;84,75;2,7;
1982-05-19;1,5;3,6;18,4;28;24,44;22,3;88,5;2,233333;
1982-05-20;null;null;2,3;29,5;25,44;20,8;86,5;null;
1982-05-21;2,1;3,3;24,4;28,6;24,1;22,8;91,25;2;
1982-05-22;null;null;15,4;29;25,94;21,9;81,75;null;
1982-05-23;null;null;,4;28,7;25,72;22,6;80;null;
1982-05-24;null;null;12,4;28;24,48;22,1;80,75;null;
1982-05-25;3,7;9,9;0;29,3;25,08;20,4;83;3;
1982-05-26;2,9;9;1,1;29;24,78;21,4;85,5;2,066667;
1982-05-27;null;null;,3;28,9;25,22;22,1;88,5;null;
1982-05-28;null;9,5;6;29,2;25,24;22,3;83,25;3,05;
1982-05-29;3,5;9,4;,3;29,1;25,16;20,3;81;3,966667;
1982-05-30;null;null;,9;29,1;25,46;20,5;82;null;
1982-05-31;null;null;26,4;28,8;24,96;22,9;82,75;null;
1982-06-01;null;null;2,4;28,3;24,18;19,2;88,25;null;
1982-06-02;2,5;5,7;7,7;27,9;24,66;21,8;86,75;3,933333;
1982-06-03;2,4;6,4;10,8;28,4;25,24;23,5;87,75;2,433333;
1982-06-04;1,9;7,5;8,5;28,5;24,32;20,3;90,25;,866667;
1982-06-05;1,8;5,4;78,2;28,8;25,64;22,8;87,75;4,566667;
1982-06-06;3,5;7,9;15,3;28,6;25;20,3;82,75;3,3;
1982-06-07;2,5;3,9;9,3;28,4;25,42;22,5;90,75;2,3;
1982-06-08;3,4;3,6;1,7;28,1;24,62;22;86,5;2,7;
1982-06-09;2,5;7,2;,5;28,9;25,58;21,8;74,25;4,566667;
1982-06-10;null;null;2,1;27,9;25,64;22,7;74,75;null;
1982-06-11;4,1;7,3;6,2;28,5;25,52;23,3;85,25;2,866667;
1982-06-12;null;null;0;29,8;24,06;18,3;84,25;null;
1982-06-13;3,4;6,9;1,8;28,3;24,24;20,9;89,5;2,366667;
1982-06-14;2,1;3,8;12,9;28,2;25,4;22,3;81,75;3,866667;
1982-06-15;3,2;0;8;25,2;23,4;23,1;95,25;2,2;
1982-06-16;,6;4,8;49,2;28,2;24,64;21,6;82,25;3,2;
1982-06-17;2,7;4;2;28,3;25,26;21,4;78,5;3,433333;
1982-06-18;16,8;1,4;5,6;28;24,7;21,6;86,75;1,9;
1982-06-19;1,7;7,5;7,8;28,2;24,38;21,3;83,5;3;
1982-06-20;2,8;7,4;14,2;28,5;24,34;22;87,5;1,466667;
1982-06-21;2,3;5,8;2,7;27,9;24,22;21,5;91;2,066667;
1982-06-22;1,2;0;88,8;23,8;22,14;21,2;96,5;2,733333;
1982-06-23;,5;2,9;33,8;27,4;24,12;20,8;87;2,833333;
1982-06-24;1,3;4,3;7,6;27,3;23,46;21,9;90,25;2,5;
1982-06-25;3,5;1,6;,7;27;23,38;19,1;89,25;1,933333;
1982-06-26;1,2;5,9;13,7;29;24,48;21,9;88,25;1,566667;
1982-06-27;null;null;2,9;28,2;24,6;21,3;83;null;
1982-06-28;15,2;8,7;6,5;28;24,78;20,5;74,75;3,966667;
1982-06-29;4;5,5;0;28,1;23,56;19;85;2,5;
1982-06-30;2,5;9,2;12;28,4;25,32;21,2;77,5;3,8;
1982-07-01;4,8;8,8;8;28,6;24,98;22,4;80,75;3,533333;
1982-07-02;3,6;9,4;1,8;28,3;24,44;20,1;81,75;3,1;
1982-07-03;3,7;6,9;17,5;27,7;24,5;21,9;82,5;3,4;
1982-07-04;4,6;9,1;1,6;28,1;24,72;22,8;74,25;4,4;
1982-07-05;3,9;2;9,4;27,4;23,72;21,1;86,75;4,2;
1982-07-06;3,6;7,3;7,7;27,9;25,3;22;73;4,166667;
1982-07-07;3,1;9,7;2,6;28;23,1;20;85,5;2,033333;
1982-07-08;4;9,1;1,2;27,8;22,74;20,5;null;3,166667;
1982-07-09;3,4;5,6;0;28;23,32;18,3;83;1,966667;
1982-07-10;2,3;5,5;4,4;28,3;23,76;20,3;91;1,333333;
1982-07-11;2,3;4,6;5,7;27,4;24,78;21,5;77,5;3,466667;
1982-07-12;3,3;9,8;1,8;28;24,74;19,8;75,25;3,8;
1982-07-13;4;7,7;0;28,2;23,84;19,8;84,75;1,533333;
1982-07-14;1,7;7,2;0;28;23,3;20;87;1,633333;
1982-07-15;2,5;8;,2;28,8;25,12;19,8;75;2,8;
1982-07-16;3,9;9,7;2,4;28;24,12;21,1;83,25;3,566667;
1982-07-17;2,9;5,9;42,6;27,7;23,46;21,5;87;2,633333;
1982-07-18;2,2;5,4;,8;27,4;23,9;20,9;90,5;3,533333;
1982-07-19;null;null;38;23,9;22,56;21,5;null;null;
1982-07-20;2,2;5,4;16,5;27;23,38;21,3;80;3,966667;
1982-07-21;2,2;10;,4;27,9;23,58;20,7;79;3,3;
1982-07-22;3,2;3,6;0;27,2;23,46;19,2;88,75;2,066667;
1982-07-23;2;9;,3;28,2;24,8;21,7;75,5;5,233333;
1982-07-24;3,8;4,8;0;27,8;24,68;21,9;82,5;4,8;
1982-07-25;3,4;7,6;11,1;27,6;24,18;21,9;81,75;5,766667;
1982-07-26;3,7;,2;24,7;26,5;23,82;21,3;84,5;3,966667;
1982-07-27;4,2;4,4;0;27,1;24,12;21,5;86,5;5,066667;
1982-07-28;2,1;,1;25,6;26,2;23,86;21,5;79,75;4,3;
1982-07-29;null;null;3,4;25,4;23,28;21,8;95;null;
1982-07-30;,9;3;4,1;27,7;24,38;21,5;87;1,8;
1982-07-31;null;null;74,6;27,5;23,62;21,4;92,5;null;
1982-08-01;1;7,8;2,7;28,5;24,74;21,3;83,75;2,9;
1982-08-02;null;null;,1;28,2;23,84;22,4;81,75;null;
1982-08-03;4,1;8,7;,5;28,2;23,48;19,7;84;3,166667;
1982-08-04;null;null;0;28,2;24,42;20,1;81,5;null;
1982-08-05;null;null;10,9;27,8;24,3;20,8;80,25;null;
1982-08-06;3,9;2;9,2;27,3;23,88;21,7;81,25;4,033333;
1982-08-07;null;null;15,1;27,7;22,8;20;87;null;
1982-08-08;2,9;3,8;3,4;27,1;23,72;19,6;83,25;2,166667;
1982-08-09;null;null;3,7;28,1;24,16;21;86;null;
1982-08-10;null;null;15,8;27;23,58;21,5;91,75;null;
1982-08-11;1,2;7,2;29,3;27,4;23,94;21,6;81,5;4,5;
1982-08-12;null;null;,7;27,1;null;20,6;null;null;
1982-08-13;2,8;5,6;2,7;27,2;23,66;22,2;82,75;3,333333;
1982-08-14;2,5;2,3;4,6;27;23,78;19;84,25;3,4;
1982-08-15;3,5;4,4;13,8;26,7;23,66;19,7;85;3,466667;
1982-08-16;2,9;6,4;15,4;27,7;24,58;22,1;81;4,05;
1982-08-17;4,1;4,1;1,9;27,8;24,5;21,4;86,25;2,566667;
1982-08-18;7,8;7,8;17,2;27,7;25,4;23,2;75,5;3,866667;
1982-08-19;7,5;7,5;,4;27,9;22,84;20,6;87,25;1,366667;
1982-08-20;null;null;0;28,3;null;null;78,25;null;
1982-08-21;4,1;7,3;0;28,2;25,58;23,5;79;3,966667;
1982-08-22;3,7;4,1;1;27,5;24,56;21,4;77,75;3,566667;
1982-08-23;4;8,7;1,3;28,5;24,74;20,5;76;4,933333;
1982-08-24;4,7;8,3;2,7;27,8;24,42;20,9;80,5;3,7;
1982-08-25;3,2;3,5;13,6;27;23,84;21,9;79;4,6;
1982-08-26;3,2;5,2;1,9;27,7;22,74;17,7;81;2,233333;
1982-08-27;2,8;6,6;2,8;27,2;23,56;19,7;87,75;3,066667;
1982-08-28;2;7;,7;27,8;23,88;19,2;82,5;2,733333;
1982-08-29;3,1;8,8;3,8;27,8;24,9;21,4;74,5;3,4;
1982-08-30;3,6;10,1;1,3;28,2;24,82;21,3;77,5;3,133333;
1982-08-31;4;8,4;0;28,5;25,16;20,4;74,75;4,366667;
1982-09-01;null;null;5,1;27,8;24,82;18,6;75,5;null;
1982-09-02;5,2;9,6;,5;28,3;25,06;22,9;77,25;3,333333;
1982-09-03;3,9;1,3;,2;27,2;24,12;21,7;84,75;3,733333;
1982-09-04;2,5;8,8;,8;28,4;24,62;21;76,5;3,866667;
1982-09-05;3,9;7,1;4,1;27,8;23,36;20,9;79,5;3,633333;
1982-09-06;3,6;8,2;,6;28,5;24,38;19,7;80,25;2,533333;
1982-09-07;3,5;0;3,5;25,4;23,56;22,2;93;2,933333;
1982-09-08;1,1;1,7;54,6;27,3;22,8;20,9;88,5;2,733333;
1982-09-09;1,7;,9;11,5;26;22,22;20,2;90;1,333333;
1982-09-10;1,6;5,4;3,6;27,9;24,7;20,4;78,5;4,033333;
1982-09-11;2,8;,6;6,6;26,7;23,68;21,6;92;2,766667;
1982-09-12;1,7;7,1;12,3;28,1;25,22;22,2;80;3,366667;
1982-09-13;null;null;1;28,5;25,3;22,2;76,5;null;
1982-09-14;4,3;4,9;,2;28;24,44;21,3;84,5;4,633333;
1982-09-15;2,7;3,5;9,3;27,4;23,96;21,3;85,5;3,833333;
1982-09-16;2,5;0;12,2;25,5;23,18;21,6;92,75;2,033333;
1982-09-17;null;null;76,7;27,7;25,24;22,4;81,5;null;
1982-09-18;2,7;5,9;,9;28,3;25,34;21,3;76;3,066667;
1982-09-19;3,6;9,5;0;29;24,4;21,9;82,25;2,233333;
1982-09-20;3;8,7;0;29,4;24,56;18,8;76,5;2,466667;
1982-09-21;null;null;0;28,9;25,06;20,7;81;null;
1982-09-22;null;null;3,2;28,6;25,14;20,8;76,5;null;
1982-09-23;4,1;8,5;0;28,6;25,48;21;73,5;5,133333;
1982-09-24;5,5;8,6;0;28,5;25,62;22,9;73,5;4,333333;
1982-09-25;5,8;8,4;0;28,8;26,14;24,6;73,5;3,9;
1982-09-26;4,4;8,7;0;29,2;25,14;20,4;72,25;3,866667;
1982-09-27;null;null;0;28,6;24,76;19,6;73,5;null;
1982-09-28;3,3;7,7;0;29,3;24,5;19;79;2,066667;
1982-09-29;2,6;6,8;0;29,1;24,58;20,1;78,75;3,2;
1982-09-30;2,6;7,5;0;29;25,18;19,7;76,75;3,866667;
1982-10-01;4;9,5;0;28,9;25,66;21,5;68,5;5,3;
1982-10-02;5,9;10,2;0;28,8;25,2;23;72,25;4,166667;
1982-10-03;4,3;9,3;0;28,7;24,98;19,5;67,75;3,1;
1982-10-04;4,8;9,9;0;28,8;23,28;19,9;78;2,3;
1982-10-05;4,5;9,7;0;29,5;24,64;17,9;71,25;2,666667;
1982-10-06;3,9;8,6;0;29,4;25,4;20,1;70,75;3,2;
1982-10-07;4,8;8,8;0;28,8;25,6;21,4;71,75;3,833333;
1982-10-08;6,3;4,8;0;28,4;25,8;22,9;69,5;4,433333;
1982-10-09;null;null;,2;29,6;26,16;23,7;67,5;null;
1982-10-10;5,9;4,1;1,3;28,4;24,98;22,7;77,5;3,066667;
1982-10-11;null;null;0;28,8;25,72;24;70,5;null;
1982-10-12;4,8;9,6;0;28,8;24,5;18,7;64;3,166667;
1982-10-13;6,2;8,2;0;28,8;24,88;18,3;66;3,4;
1982-10-14;4,8;8,1;0;30,4;25,76;21,1;70,25;2,633333;
1982-10-15;4,2;3,4;,3;29,1;25,98;21,9;71;3,4;
1982-10-16;5,3;6,1;8,5;29,1;25,34;22,1;76,5;3,766667;
1982-10-17;null;null;,4;28,9;24,34;21,9;77,25;null;
1982-10-18;null;null;2,3;28,9;23,36;19,3;77,25;null;
1982-10-19;9;9,3;0;29;24,9;18,2;72,5;3,066667;
1982-10-20;7,3;9,6;0;29;26,4;24,5;67,75;4,233333;
1982-10-21;7,9;6,1;,4;33,1;26,02;20,7;67,25;3,933333;
1982-10-22;5,9;9,2;2,2;28,7;25,46;22,3;66,75;4,533333;
1982-10-23;6,3;10;0;29,3;26,2;23,3;65,25;4,3;
1982-10-24;6,6;10,6;0;29,4;25,18;18,7;66,75;3,6;
1982-10-25;5,4;8,4;,3;30,3;27,5;20,1;61,5;3,833333;
1982-10-26;6,1;10,5;0;30,1;26,18;21,7;72,25;3,566667;
1982-10-27;6;10,2;0;29,2;26,8;25,2;70,25;3,3;
1982-10-28;6,5;3;0;28,2;25,34;23,6;78;3,066667;
1982-10-29;4;6,3;3;30;25,96;22,1;71,5;3,5;
1982-10-30;4,2;9;0;29,8;25,76;20,7;68,5;3,166667;
1982-10-31;5;9;0;29,8;25,62;19,9;64,5;3,133333;
1982-11-01;5,6;8,7;1,1;29,8;24,46;19,9;80,75;3,733333;
1982-11-02;5,2;9,3;2,3;30;25,92;23,3;77,75;5,466667;
1982-11-03;7,2;10,1;2,8;29,1;25,88;23,4;66,75;3,966667;
1982-11-04;6,9;8,5;0;29,5;25,34;19,1;73,25;4,3;
1982-11-05;5;10,2;2,4;29,7;26,08;21;74;4,3;
1982-11-06;7,2;9,7;0;29,6;26,32;23,5;72,25;4,5;
1982-11-07;6,5;10,7;0;29,6;25,8;20;69,5;3,466667;
1982-11-08;null;null;,5;29,3;26;21,3;66,75;3,9;
1982-11-09;7,4;4,6;0;29,3;26,3;24,7;73;3,133333;
1982-11-10;4,6;9,1;0;30;25,9;19,8;74;3,3;
1982-11-11;5,4;9,4;,4;29,4;26;22,3;75,5;3,666667;
1982-11-12;5,1;8,6;0;30;25,96;20,7;72,75;3,633333;
1982-11-13;6;10,1;0;30;26,2;22;70,25;4;
1982-11-14;null;null;2;29,8;26,22;21,2;72;null;
1982-11-15;null;null;0;29,8;26,78;24,1;67,75;null;
1982-11-16;8;8,8;0;30,3;26,86;24;72,25;4,3;
1982-11-17;null;null;,5;29,5;26,44;24;73,75;null;
1982-11-18;5,6;6,4;,6;28,9;26,3;22,6;76,5;4,133333;
1982-11-19;4,9;10;0;29,8;26,72;24,6;70,75;5,3;
1982-11-20;6,8;7,3;,3;29,7;25,66;20,6;72,5;4,266667;
1982-11-21;6,2;9,6;0;30,1;25,86;19,5;71,5;3,7;
1982-11-22;6,4;10;0;30;25,98;20;68,75;4,033333;
1982-11-23;7,8;8,2;0;30,3;26,74;23;68,75;4,633333;
1982-11-24;7,4;10,8;0;29,8;25,62;20,3;71,5;3,933333;
1982-11-25;6;9,8;0;29,8;26,2;21,3;70;3,666667;
1982-11-26;5,6;5,8;0;29,5;26,22;22,3;71,5;3,033333;
1982-11-27;6,1;8,5;,4;30;26,96;24,5;75,25;3,4;
1982-11-28;6,4;10,6;0;30;27,02;24,9;72,5;3,4;
1982-11-29;5,9;7,6;1,7;29,3;26,4;24,8;73,75;4,7;
1982-11-30;5,8;7,8;1,2;29,8;25,4;20,1;75,25;3,3;
1982-12-01;5,5;7,9;3,6;29,5;25,78;20,6;77;3,9;
1982-12-02;null;null;,1;29,4;26,36;23,2;79,75;null;
1982-12-03;3,2;8,9;2,7;29,6;25,88;21,9;67,5;4,3;
1982-12-04;5,7;10,3;0;30;25,82;20;65;3,8;
1982-12-05;7,8;8,5;0;30,2;26,92;24,2;73,25;5,466667;
1982-12-06;6;9,2;4,9;29,5;25,66;20,7;70,25;4,366667;
1982-12-07;8,4;10,5;0;29,5;26,48;24,3;67,5;3,333333;
1982-12-08;null;null;0;30;26,02;20,8;66,25;null;
1982-12-09;null;null;2;29,6;26,24;20,8;67,5;null;
1982-12-10;7,5;9,7;0;30;26,6;22,4;77,5;4,1;
1982-12-11;7,9;9,8;0;30;27,2;25,7;69,25;4,8;
1982-12-12;7,1;9,4;1,6;29,4;26,14;21,3;68,5;4,233333;
1982-12-13;6,6;5;3;29,6;25,66;20,8;71,25;4,233333;
1982-12-14;null;null;1,8;29,7;27,02;25,4;75,25;null;
1982-12-15;6,6;10,1;0;29,9;26,84;24,5;71,25;4,8;
1982-12-16;null;null;0;30,4;27,42;25;70;null;
1982-12-17;null;null;0;28,2;25,78;24,4;86,75;null;
1982-12-18;3;3,1;12,6;29,8;26,46;24,6;78,5;4,633333;
1982-12-19;5;8,8;0;29,9;25,98;19,9;75,5;3,266667;
1982-12-20;7,8;10,5;0;30,2;27,12;24,3;77,25;4,166667;
1982-12-21;5,5;6,4;0;30,3;27,38;25,6;70;3,3;
1982-12-22;5,4;9,6;0;30,7;26,62;21,3;70,75;3,9;
1982-12-23;5,2;7,6;0;30,8;26,62;21,9;75,5;3,1;
1982-12-24;3,8;7,1;0;30,6;26,46;21,8;77;2,966667;
1982-12-25;4,4;9,4;0;30,7;27,06;21,7;68,75;3,2;
1982-12-26;5,7;8,2;0;30,5;27,04;21,9;72,5;3,733333;
1982-12-27;6;3;3,9;30,3;27,38;25,4;75,75;4,166667;
1982-12-28;5;9;0;30,3;27,7;null;78,5;4,733333;
1982-12-29;6,2;7,8;,8;30,7;27,64;25,3;75;3,633333;
1982-12-30;7,3;5,8;0;30,6;27,82;25,8;70;5,1;
1982-12-31;6;5,4;4,3;29,3;26,32;23,8;79,75;3,466667;
1983-01-01;4,4;4,2;4,2;30,5;27,04;23,1;71,75;3,7;
1983-01-02;4,7;10,5;0;30,7;26,36;22,9;74,5;3,766667;
1983-01-03;4,5;10,3;0;31,4;27,02;21,5;75,25;2,633333;
1983-01-04;5,1;9,3;0;30,9;27,16;22,3;73;3,633333;
1983-01-05;4,9;10,5;0;30,9;27,12;22;72;2,8;
1983-01-06;5,3;9,4;0;31,3;27,06;21,5;72,25;3,933333;
1983-01-07;6,1;9,9;0;30,9;27,32;24,2;69,75;3,3;
1983-01-08;6,6;10;0;30,9;26,02;21,8;73,5;3;
1983-01-09;4,7;10,4;0;30,6;26,44;21,5;67;2,933333;
1983-01-10;5,3;10,8;0;31,6;26,36;21;67,25;2,9;
1983-01-11;4,5;8;0;31,6;26,94;21,2;70,5;3,466667;
1983-01-12;4,9;9,9;0;31,3;27,1;21,9;66,5;3,2;
1983-01-13;5,7;7,9;0;31,5;27,24;20,8;69;3,766667;
1983-01-14;7;6,2;7,3;30,6;26,7;24,4;82,5;3,666667;
1983-01-15;4,1;7,9;,7;30,5;27,34;23,2;77,25;5,033333;
1983-01-16;5,4;4;,5;30,4;27,12;23,1;75,25;3,266667;
1983-01-17;4,4;9,8;2,4;30,9;27,24;23,4;77,75;2,7;
1983-01-18;4,4;3,7;,8;31,6;27,5;23,3;78,75;3,3;
1983-01-19;4,5;7,3;,4;31,6;27,84;23,9;77;2,766667;
1983-01-20;4,3;8;0;31,9;27,64;23,4;79,25;3,466667;
1983-01-21;4,9;9,6;0;32,2;28,3;24,9;77;3,966667;
1983-01-22;4,9;8,7;0;32,3;28,24;24,8;74,25;2,833333;
1983-01-23;4,3;7,4;2,2;31,2;27,84;24;75,5;3,733333;
1983-01-24;5,1;7,2;8,7;30,5;27,6;25,1;79,25;4,3;
1983-01-25;4,2;6,4;0;30,5;27,46;24,1;76,5;3,8;
1983-01-26;4,2;5,6;0;30,5;27,46;24,1;75;3,8;
1983-01-27;5,2;6,2;,2;31,2;27,74;23,9;74;3,666667;
1983-01-28;6;0;18,3;28,4;24,8;22,6;90,5;1,966667;
1983-01-29;1,2;0;48,4;26,8;23,08;19,1;90,5;2,2;
1983-01-30;1,8;7,4;14,3;29,8;26,28;21,9;77,25;3,233333;
1983-01-31;4,8;5,7;3,8;29,4;26,2;24,1;85;3,9;
1983-02-01;2,7;3,6;17,2;29,5;26,34;21,3;76;3,566667;
1983-02-02;5,8;8,2;0;30,9;27,48;25;78,25;3,2;
1983-02-03;4;3,5;0;30,5;26,66;23,5;84,75;3,4;
1983-02-04;4,5;5,6;41,5;29,6;26,1;23;77,75;2,533333;
1983-02-05;3;1,9;11,2;30;26,24;23,3;86,5;2,533333;
1983-02-06;1,9;0;26,6;27,1;24,3;23,1;91,75;1,966667;
1983-02-07;1,3;3,2;1,4;29;25,58;22;90,25;2,7;
1983-02-08;1,9;4,2;62;29,4;26,64;23,5;83;2,533333;
1983-02-09;2,9;8,3;0;30,4;27,18;23,9;82;2,9;
1983-02-10;3,4;7,5;0;30,4;26,98;23,2;77,25;2,633333;
1983-02-11;3,8;9,4;0;30;26,88;22,4;75,25;3,3;
1983-02-12;4,4;3,4;2,9;29,4;26,8;23,8;81,5;2,833333;
1983-02-13;2,3;9,4;4,5;30;26,92;23,1;75;3,3;
1983-02-14;6,6;10,6;0;30,3;27,36;24,4;76,75;3,8;
1983-02-15;4,2;10;0;30,5;26,58;23,1;85;3,8;
1983-02-16;3;0;123,1;27,8;24,36;21,1;89,75;2,266667;
1983-02-17;1;8;10,2;29,3;26,84;23,2;77,5;3,233333;
1983-02-18;3,3;9,1;3;30;26,2;23,4;83,5;2,866667;
1983-02-19;3,3;4,9;10;29,7;25,52;22,9;88,5;1,266667;
1983-02-20;2,3;8;16,8;29,8;26,88;23,5;81;3,466667;
1983-02-21;4,1;9,8;6,3;30,1;27,24;23,5;79,25;3,666667;
1983-02-22;5,4;9,8;0;30,3;28,08;26,5;75,75;4,666667;
1983-02-23;6,7;10,4;0;29,9;27,88;26,1;75,75;4,233333;
1983-02-24;5,3;8,8;1,8;29,9;27,14;24,6;80,25;3,633333;
1983-02-25;4,9;10,1;0;30;27,2;23,6;79;3,7;
1983-02-26;5,6;10;0;30,2;27,8;25,2;74,75;4,133333;
1983-02-27;6,4;10,3;0;31;27,8;25,3;75,25;3,366667;
1983-02-28;5,9;10;0;30,5;26,76;24;78,5;3;
1983-03-01;4,1;9,4;0;30,5;27,12;22,4;76,5;3;
1983-03-02;4,5;9,5;0;30,9;27,24;22,2;74;3,2;
1983-03-03;4,8;9,3;0;30,7;27,42;22,5;75;3,266667;
1983-03-04;6;9,5;,4;30,5;28;26,1;75,75;4,533333;
1983-03-05;6,4;5,5;0;30,3;26,04;23,1;84;3,433333;
1983-03-06;2,4;8,1;31,1;29,8;26,56;22,1;82,5;3,633333;
1983-03-07;4,6;7,4;2,8;30,5;26,8;24,7;82,75;4,733333;
1983-03-08;2,9;2;119,6;29,5;25,86;24,4;90,75;1,833333;
1983-03-09;2,1;1,4;19,2;29,6;25,52;22,5;89,25;1,666667;
1983-03-10;2;6,5;19,3;30,4;27,64;24,3;79,5;3,866667;
1983-03-11;3,3;7,5;1,2;30,5;27,84;24,7;80,75;3,7;
1983-03-12;6,9;8,8;8,1;30,3;27,76;25,3;78,75;3,166667;
1983-03-13;3,7;8,8;0;30,8;27,66;23,9;79,25;2,166667;
1983-03-14;3,4;8,3;0;30,6;27,62;23,8;76,5;2,2;
1983-03-15;4,7;10,4;0;30,6;28,12;26,3;74,25;1,833333;
1983-03-16;4,7;9,2;0;30,5;27,4;23,2;76,75;2;
1983-03-17;2,1;4;7,5;29,7;25,86;24,7;87,25;2,533333;
1983-03-18;,1;,4;17,2;28,3;25,66;24,3;93;1,066667;
1983-03-19;1,4;2,1;66,9;27,7;23,7;21,4;90,25;1,1;
1983-03-20;1,1;9,8;3,7;30,2;26,66;22;83,5;2,166667;
1983-03-21;3,1;9,3;9,7;30,3;27,3;24,5;77;3,433333;
1983-03-22;3,6;1,1;1;28,3;25,22;22,7;92,5;1,933333;
1983-03-23;,4;9,5;45,8;30,1;26,28;22,3;85,5;1,7;
1983-03-24;,9;2,5;6,4;30,1;26,2;23,4;89,25;1,6;
1983-03-25;2,8;4,9;6,5;30,2;27,82;24,1;82,25;3,233333;
1983-03-26;3,5;9,3;1,3;30,4;27,48;23,8;77,75;4,166667;
1983-03-27;3;6,5;0;30,2;27,44;23,7;80;3,133333;
1983-03-28;3,3;,1;31,2;29;25,52;23,9;94,75;1,866667;
1983-03-29;,4;7,7;13,9;30,8;27,4;23,7;81,5;2,533333;
1983-03-30;2,8;8,4;,4;30,8;27,32;23,7;78,75;3,233333;
1983-03-31;3,4;10,2;0;30,9;27,64;24,8;81;2,633333;
1983-04-01;3,4;9;0;30,4;26,7;22,3;80;3,233333;
1983-04-02;3,6;9,7;,4;30,3;26,52;22,9;84,5;3,733333;
1983-04-03;3;8,2;,2;30,8;26,54;22,5;83,75;null;
1983-04-04;3,9;10,3;0;30,8;27,08;22,1;81,25;3,3;
1983-04-05;,1;7,4;0;30,6;27,2;23,2;79,75;2,733333;
1983-04-06;5;7,5;12,2;30,4;26,14;23,4;88,5;null;
1983-04-07;3;0;8;30,2;26,28;22,8;90,5;2,333333;
1983-04-08;2,5;9,5;8,2;30,4;27,42;25;77,75;null;
1983-04-09;3;9,8;0;30;27,3;24,1;72,25;null;
1983-04-10;4,2;6,6;4,8;29,7;26,62;23,2;76;null;
1983-04-11;3,9;8,8;1,5;29,8;25,46;22;78,5;null;
1983-04-12;4,1;9,1;0;30,2;25,9;22,1;80,75;2,333333;
1983-04-13;3,4;6,5;0;29,9;26,68;21,3;72,75;null;
1983-04-14;4,1;3,8;0;29,8;25,96;23,3;80,5;3,066667;
1983-04-15;2,9;5,9;0;30,6;25,5;21,3;90,75;3,566667;
1983-04-16;3;7,5;15,7;29,9;26,5;23,1;79;null;
1983-04-17;2,9;8,1;0;30,4;25,86;21,5;85;2,7;
1983-04-18;2,9;8,1;14,8;30;26,62;22,6;85,75;null;
1983-04-19;4,3;9,9;0;29,7;25,52;22,8;83,5;3,2;
1983-04-20;3,1;9,8;0;30;25,76;22,6;83,5;2,2;
1983-04-21;3,2;7;0;30,7;27,16;22,4;81,75;null;
1983-04-22;3,6;8,7;,2;30,8;27,16;21,5;77;null;
1983-04-23;3,4;9,6;0;30,4;28,08;26,3;77,75;null;
1983-04-24;5,3;9;,2;30,3;27,62;25,8;80,25;null;
1983-04-25;6,4;8,6;8,4;32;27,78;25;75,5;null;
1983-04-26;6,3;9,8;4,6;29,9;25,02;21,9;81,25;2,533333;
1983-04-27;4;9,9;,5;30,2;24,96;20,7;78,75;2,066667;
1983-04-28;4;4,9;3,5;29,6;26,14;21,6;81;null;
1983-04-29;3,5;6,1;2,1;30,1;26,72;23,1;83,25;null;
1983-04-30;5,2;5,7;2,9;29,2;24,54;20,8;84,5;null;
1983-05-01;2,9;5,6;5,5;29,8;25,68;21,4;88,75;2,4;
1983-05-02;3,9;8,5;5,2;29,9;25;22,3;80;3,8;
1983-05-03;3,2;9,6;0;29,7;25,06;20,1;85,25;2,966667;
1983-05-04;2,5;10,2;0;30,1;25,94;20,5;77,5;3,733333;
1983-05-05;3;1,6;0;28,7;25,98;22,3;86,75;3,533333;
1983-05-06;3,6;9,1;15,1;29,2;24,82;22,3;82,75;2,766667;
1983-05-07;3;10,2;,8;29,8;24,66;20,5;85,25;1,7;
1983-05-08;3;5,3;0;29,4;24,78;20,3;91,25;,933333;
1983-05-09;2,2;3,7;2,8;30,1;25,24;21,3;89,5;3,266667;
1983-05-10;1,9;3,7;21,8;29;26,7;22,9;83,25;2,666667;
1983-05-11;2,4;1,5;3,7;29;26,16;24,5;89;3,4;
1983-05-12;3;8,3;1,4;29,6;26,64;22,9;82;2,833333;
1983-05-13;2,7;5,4;2,8;29,5;26,5;23,4;78,75;3,533333;
1983-05-14;2,1;6,6;3,7;29,6;25,86;22,5;85;2,9;
1983-05-15;2,7;4,3;9,5;29,2;25,36;22,7;84,75;3,233333;
1983-05-16;2,6;9,5;2,8;29,6;25,38;22,5;82,25;3,133333;
1983-05-17;3;10;0;29,7;24,82;20,7;85,25;1,466667;
1983-05-18;2,3;9,3;0;30;26,44;21,5;78,75;2,7;
1983-05-19;2,9;8,2;1,6;30;26,7;22,2;79,25;3,066667;
1983-05-20;3;7,3;0;30,1;26,62;23,1;79;2,666667;
1983-05-21;3,3;8,3;,6;30,6;25,16;22,5;86;1,9;
1983-05-22;2,3;9,4;0;30,1;25,14;20,9;84,5;1,866667;
1983-05-23;3,4;9,4;8,3;29,2;24,6;22,9;82,5;2,333333;
1983-05-24;2,9;2,6;6,5;28,6;24,46;20,5;92,25;2,033333;
1983-05-25;1,3;8,1;6,6;29,7;25,28;22,5;87;1,566667;
1983-05-26;2,6;5,4;24;29,5;26,6;23;82;3,466667;
1983-05-27;2,3;3,9;20,1;28,5;23,7;22,9;88,5;1,533333;
1983-05-28;2,9;4,4;,4;29,4;23,96;19,6;92,5;2,6;
1983-05-29;2,1;3,1;17;28,4;24,84;22,3;92;1,566667;
1983-05-30;1,8;1,5;12,8;29,1;26,3;24;87,5;2,4;
1983-05-31;1,7;8,8;10,2;29,2;24,42;22,7;82;2,8;
1983-06-01;3,3;7,7;,2;29;24,88;20,3;87,5;2,533333;
1983-06-02;1,9;2,1;20,3;27,9;25,26;22,9;89,5;1,4;
1983-06-03;2,1;5,4;9,6;28,9;25,38;21,7;80,75;2,6;
1983-06-04;2,3;3,5;0;28,9;24,44;21,1;85,5;,6;
1983-06-05;1,6;9,8;0;30;23,8;20,1;83,5;1,866667;
1983-06-06;3,4;0;5,7;30,1;24,14;20,5;89,25;,833333;
1983-06-07;3,3;4,9;4,9;28,7;24,12;20,6;83,75;2,2;
1983-06-08;2,2;8,5;0;29,1;24,7;20,6;85;1,466667;
1983-06-09;2,7;8,5;1;29,1;24,98;22,2;79,75;2,433333;
1983-06-10;3,6;9,6;0;29,2;24,36;21,1;83,25;3,2;
1983-06-11;2,9;8,7;,6;29,1;24,58;20,7;80,25;2,9;
1983-06-12;3,3;0;6,3;25,1;23,06;20,1;96;2,466667;
1983-06-13;3,3;0;22,4;29;25,02;21,8;84;3,633333;
1983-06-14;2,6;1,3;12,9;26,7;23,24;21,3;92;2,766667;
1983-06-15;1,2;8,3;5,1;29,3;24,36;20,2;89,5;1,733333;
1983-06-16;4,1;7,3;7,2;28,8;25,14;22,9;85,5;3,5;
1983-06-17;3,2;6,9;5;28,4;24,2;22,7;80,25;2,466667;
1983-06-18;3,3;7;3,5;28,7;24,4;20,4;79;3,733333;
1983-06-19;4,3;9,9;2,3;28,8;23,86;20,8;81,75;2,8;
1983-06-20;3,7;8,1;0;28,8;23,78;18,6;84;2,366667;
1983-06-21;3,5;4,5;3,4;28,5;24,28;20,6;83,5;2,85;
1983-06-22;4,2;6,2;3,3;29;25,92;24,3;81,75;3,7;
1983-06-23;4;5,5;17,4;29;25,18;23,4;82,75;3,233333;
1983-06-24;3,2;5,7;7,6;28,4;24,78;21,8;81,25;3,533333;
1983-06-25;3,6;9,5;2,1;28,6;23,42;20,2;84,75;1,4;
1983-06-26;2,2;5,6;,5;28,5;24,08;19,6;83;2,066667;
1983-06-27;3;7,9;0;29;25,46;19,6;76,5;3,766667;
1983-06-28;4,5;9,2;0;28,6;24,88;22,3;75,75;4,366667;
1983-06-29;3,7;2,9;0;28,8;24,1;19,8;82;2,233333;
1983-06-30;3,4;7,8;0;28,8;24,28;19,7;82,5;2,2;
1983-07-01;4,9;9,9;0;28,8;24,06;20,8;85,5;2,266667;
1983-07-02;3;9,9;0;29,1;23,38;19,7;84,25;2,1;
1983-07-03;2,9;8,9;0;28,7;22,94;18,8;87;2,433333;
1983-07-04;2,7;6,3;0;29,2;23,98;19,3;80,5;2,733333;
1983-07-05;3,4;2,5;8;26,5;23,72;19,9;89;1,733333;
1983-07-06;3;7,3;12,6;28,4;23,62;20,2;84,75;2,9;
1983-07-07;2,3;4,4;2,8;28,6;23,9;20,1;88;1,666667;
1983-07-08;1,8;,8;1;26;23,16;21,1;95,75;1,3;
1983-07-09;,8;,1;56,5;27;24,72;21,6;82,25;2,433333;
1983-07-10;2,7;7,8;7,2;28,5;24,74;22,3;83,5;2,033333;
1983-07-11;2,9;1,8;2,4;28,7;23,46;20,6;87,25;1,1;
1983-07-12;1,4;6,3;31,6;28,5;23,84;21;91;2,033333;
1983-07-13;2;7,2;7,6;28,7;25,38;22,1;80;3,766667;
1983-07-14;3,1;8,3;21,7;28,4;24,78;21,7;80,75;2,733333;
1983-07-15;3,2;5,3;12;27,8;24,52;22;80,5;3,033333;
1983-07-16;2,2;9,4;2,8;28;24,86;20,7;71,5;3,466667;
1983-07-17;20,2;10;0;28,1;22,3;18,2;76,5;2,366667;
1983-07-18;4,4;6,9;0;28,1;22,48;17,5;81,5;1,5;
1983-07-19;2,6;3;3,6;28,2;23,62;17,4;87;1,3;
1983-07-20;2,6;7,2;5;28,8;24,18;21,6;86;3,266667;
1983-07-21;3,1;8,4;0;28,6;25,94;24,9;80,25;1,633333;
1983-07-22;3;9,7;,6;28,8;24,68;22,1;82,75;3,233333;
1983-07-23;3,5;6,4;6,4;28,1;24,98;21,1;78,25;3,7;
1983-07-24;4,2;4,7;0;27,9;24,96;22,3;73,5;4,533333;
1983-07-25;3,8;2;2,1;28;23,78;19,7;79,75;2,233333;
1983-07-26;3;10;0;28,7;22,96;18;81,5;2,933333;
1983-07-27;3,7;9,7;0;28,9;24,1;19,2;78,25;3,8;
1983-07-28;4;3,3;1,6;28,5;23,92;20,6;71;3,3;
1983-07-29;0;3,6;,7;28;23,58;22,4;92,5;1;
1983-07-30;,8;1,8;6,1;28,1;22,74;18,7;92,5;1,433333;
1983-07-31;1,6;0;34,4;26,1;23,2;21,2;91,75;,7;
1983-08-01;3,1;,6;29,5;26;23,74;22,1;93,5;2,266667;
1983-08-02;,8;4;29,2;27,2;24,04;21,9;86;1,8;
1983-08-03;2,1;9,9;,2;29,6;23,82;19,4;84,5;1,9;
1983-08-04;2,1;9,3;0;29,2;23,58;19,4;88;1,633333;
1983-08-05;2,5;9,4;,7;28,9;25,08;20,3;77,5;3,8;
1983-08-06;4,1;9,4;7;28,3;25,34;21,5;78;4,133333;
1983-08-07;5;5,5;2;28,4;24,4;23,7;89,25;3,866667;
1983-08-08;3;0;21,1;28,2;22,86;21,1;93,75;1,533333;
1983-08-09;1,7;7,6;18,5;28;24,62;21;77,5;3,033333;
1983-08-10;3,6;9,6;0;28,2;24,14;20,1;70;4,666667;
1983-08-11;5,3;7,9;1,5;28,8;25,12;21,4;66,75;4,566667;
1983-08-12;4,9;6,3;0;28,7;24,8;22,3;74;3,533333;
1983-08-13;2,6;2,9;5,3;28,3;24,02;21;88,75;3,6;
1983-08-14;4,3;5;5,1;28,5;25,5;22,8;71;4,166667;
1983-08-15;4,2;8,2;1,2;27,6;23,54;21,3;82,5;2,7;
1983-08-16;4,2;7,8;0;28;25,46;21,1;74,25;4,866667;
1983-08-17;3,3;9,2;4,4;28,2;25,42;23,3;81,5;4,133333;
1983-08-18;4,4;8,7;0;28,2;24,94;21,3;78,75;4;
1983-08-19;4;5,3;3;28,5;25,6;21,9;74,25;3,566667;
1983-08-20;5;7,7;2,1;27,8;24,74;22,3;77,25;3,233333;
1983-08-21;4;9,1;0;28,2;22,74;18,2;79,25;1,433333;
1983-08-22;4,1;6,2;0;27,7;24,12;19,1;84,5;2,366667;
1983-08-23;3,7;8,9;1,5;28,3;24,34;21,2;83,5;3,6;
1983-08-24;3,7;7,7;2,3;28,3;25,06;21,7;73;3,766667;
1983-08-25;5,2;9,4;,6;28,6;25,12;21,7;75,75;4,333333;
1983-08-26;4,6;10;,2;28,7;25,36;21,5;73;4,9;
1983-08-27;5,2;3,7;14,7;27,5;23,88;21,8;83,5;3,9;
1983-08-28;2,9;1;3;27,3;24,78;22,9;82;5,5;
1983-08-29;4,6;9,7;12,3;28;25,12;21,8;75,5;4,3;
1983-08-30;4,5;9,6;,2;28,2;23,98;21,7;74,25;4,1;
1983-08-31;4,2;9,9;0;27,6;24,08;18,6;80,75;3,966667;
1983-09-01;3,3;8;,7;28,8;25,48;22,1;82;2,533333;
1983-09-02;2,5;8,4;0;29,4;24,76;22;83,25;2,8;
1983-09-03;2,7;7,5;0;29,4;25,28;19,9;81;2,766667;
1983-09-04;5,7;7,1;0;28,3;25,82;23,6;72;4,866667;
1983-09-05;5,1;6,2;0;28,3;24,9;20;76,25;3,4;
1983-09-06;3,1;7,4;,6;28,6;25,24;21,5;78,75;3,733333;
1983-09-07;5,1;8,5;,8;28;24,5;21,5;76,5;3,366667;
1983-09-08;4,2;9,2;0;28,6;24,44;18,4;70,5;3,066667;
1983-09-09;5;9;0;28,7;24,08;19,7;78,5;3,5;
1983-09-10;4,1;8,5;0;28,8;23,84;19,1;82,5;4,366667;
1983-09-11;4,1;8,1;,5;28,8;null;20,7;null;null;
1983-09-12;5,1;10,1;,5;28,4;25,1;21,7;70,5;5,5;
1983-09-13;6,9;9;1,5;28,7;24,86;19,5;69,25;3,9;
1983-09-14;5,5;9,3;0;28,6;25,28;20,3;73,5;3,033333;
1983-09-15;4,8;6;1,3;28,2;25,7;22,3;79;4,466667;
1983-09-16;4,2;6,3;9,7;28,6;25,2;21,9;80,75;2,333333;
1983-09-17;4,4;8,1;0;28,4;25,48;20,8;null;3,833333;
1983-09-18;5,1;9,5;0;28,8;25,4;20,7;74;4,933333;
1983-09-19;5,7;8,9;2,4;28,9;26,2;24,3;71;3,9;
1983-09-20;5,8;6,9;0;28,8;25,54;20,6;73,25;4,6;
1983-09-21;6;3,6;,5;28,9;26,3;22,9;74,25;5,266667;
1983-09-22;6,5;7,3;0;29,4;26,68;24,9;72,75;5,733333;
1983-09-23;6,9;8,6;0;28,7;26,12;24,6;73;5,666667;
1983-09-24;6,9;6,8;,2;28,7;25,8;23,7;74,25;4,1;
1983-09-25;5,3;8,5;0;29,1;23,3;19,4;83,5;3,133333;
1983-09-26;4,7;8,9;0;29,9;25,4;18,7;73,25;2,666667;
1983-09-27;4,7;5,5;0;29,9;25,9;20,8;76,25;4,8;
1983-09-28;5,2;3,9;10;29,8;25,58;20,8;76;3,533333;
1983-09-29;4,1;4,9;3,7;28,8;24,3;20,8;81,25;3;
1983-09-30;4,5;4,9;9,7;28,8;25,46;21,9;79,5;4,8;
1983-10-01;3;7;5,9;28,8;25,82;22,7;79,25;3,533333;
1983-10-02;3,8;4,6;5,1;28;24,68;22,5;86,5;2,333333;
1983-10-03;3,8;8,1;1,2;28,5;26,1;23,3;73,25;4,2;
1983-10-04;5;8,8;,4;28,7;26,12;23,6;77,75;4,033333;
1983-10-05;5,3;10,2;0;28,7;26,4;24,5;72,5;3,966667;
1983-10-06;5,7;7,9;,9;29;26,2;23,3;73,25;5,4;
1983-10-07;5,2;9,8;1,5;29,5;26,1;23;78,75;4,866667;
1983-10-08;4,3;5;4,5;29,4;25,78;22,7;75,75;3,033333;
1983-10-09;7,1;9,5;0;29,6;26;22,7;71;3,7;
1983-10-10;6,7;7,2;0;29;25,6;20,6;74,5;2,2;
1983-10-11;3,9;9,5;0;30;25,76;20,1;69,5;3,133333;
1983-10-12;4,9;9,8;0;30,1;25,96;20,9;73;3,366667;
1983-10-13;6,3;8,7;0;30,1;26,4;22,9;72,5;4,6;
1983-10-14;6,1;8,6;0;30;25,78;24,2;81,25;5,033333;
1983-10-15;4,6;8,4;9,7;29,1;26,12;21,9;73,75;3,9;
1983-10-16;4,8;9,7;0;29;25,9;23,1;73;2,633333;
1983-10-17;4,8;9,7;0;30;25,68;20,8;70,5;3,533333;
1983-10-18;4;8,1;0;29,5;25,16;19,2;75,75;3,866667;
1983-10-19;3,8;9,4;0;30,1;25,78;19,5;70,25;3,566667;
1983-10-20;4,2;10;0;29,7;25,82;20,4;72;3,633333;
1983-10-21;6,4;7,5;0;29,7;25,82;24,7;78,5;5,1;
1983-10-22;6,4;3;,1;29,2;25,66;22,5;80;3,1;
1983-10-23;2,9;6,7;5,2;29,2;25,38;21;75,5;3,5;
1983-10-24;5,2;,7;0;29,5;25,82;20,8;70,75;3,566667;
1983-10-25;6,4;10;0;29,6;26,72;24,4;67;4,2;
1983-10-26;8,5;1,4;1,6;27,5;23,92;20;88;2,6;
1983-10-27;2,1;3,8;22,9;28,9;24,44;20,4;88;3,033333;
1983-10-28;3;8,6;25,6;29,1;24,46;21,2;81;,633333;
1983-10-29;4;3,7;17,4;29;24,14;21,3;87,75;2,633333;
1983-10-30;3;4,6;8,6;28,5;25,12;20,5;74,25;3,366667;
1983-10-31;2,7;3,8;1,6;28,6;25,5;21,6;83,75;3,1;
1983-11-01;4,5;9,9;,4;29,1;26,26;24,1;78;3,833333;
1983-11-02;6,2;9,1;,2;29,2;26,06;21,1;74,25;3,9;
1983-11-03;4,9;8,3;9,9;29,1;26,14;23,1;81,25;3,9;
1983-11-04;4,4;8,4;0;28,8;25,54;20,7;79;3;
1983-11-05;4;8,1;0;29,9;25,5;20,8;74;3,033333;
1983-11-06;4,3;9,1;0;29,8;25,58;20,4;79;3,733333;
1983-11-07;2,7;10,3;0;29,9;25,68;20,7;76,25;3,4;
1983-11-08;4,1;9,9;0;29,9;25,64;19,7;69,75;3,866667;
1983-11-09;5,3;9,3;0;29,7;25,96;20,4;70,25;2,133333;
1983-11-10;5,3;9,2;0;29,9;25,88;20,1;71,5;2,566667;
1983-11-11;5,2;10,4;0;29,6;24,74;21;79,5;2,533333;
1983-11-12;4,3;10,3;,1;29,2;25,62;20,4;73,5;2,966667;
1983-11-13;5,2;10,5;0;29,8;25,86;20,1;72;2,5;
1983-11-14;5,5;10,4;0;30;25,24;19,6;73,75;3,466667;
1983-11-15;4,3;9,6;,5;30,1;26,06;20,4;75;3,533333;
1983-11-16;5,7;10,4;0;29,9;26,24;22,3;73,5;3,366667;
1983-11-17;5,8;10,8;0;30,5;26,04;20,1;71,25;3,433333;
1983-11-18;7,2;10,6;,2;30,5;26,12;21,3;70;3,466667;
1983-11-19;7,4;10,7;0;30,5;25,7;19,6;69;3,833333;
1983-11-20;7,4;10,4;0;29,8;26,12;21,6;73,5;3,233333;
1983-11-21;5,7;8,3;0;30,3;26,2;20,6;72,75;3,166667;
1983-11-22;5,3;10,5;0;30,1;26,22;22,3;71,75;3,333333;
1983-11-23;5,2;10,9;0;30,3;25,08;19,6;73;1,933333;
1983-11-24;4,6;10,3;0;30,4;26,4;20,2;66,5;3,5;
1983-11-25;6,2;8;0;30,1;25,84;20;74,75;2,866667;
1983-11-26;4,7;5,3;1,8;30,1;25;20,1;76,75;2,266667;
1983-11-27;4,8;10,5;0;30,3;26,26;20,5;68;3,3;
1983-11-28;5,6;9,1;0;30,2;26,36;21,5;73,25;2,933333;
1983-11-29;4,6;8,3;0;31,2;26,66;21,2;71,5;4,15;
1983-11-30;5;9;0;30,4;26,7;22,4;70,75;3,166667;
1983-12-01;5,2;9,3;0;30,1;26,58;21,9;68,5;3,5;
1983-12-02;5,5;6,6;0;30;26,36;21,5;74,5;3,366667;
1983-12-03;4,4;6,5;0;30,8;26,22;21,5;70,25;3,8;
1983-12-04;6,5;6,3;0;30,7;26,1;21;69,5;4,133333;
1983-12-05;4,5;7,4;0;30,3;26,02;19,4;72,25;3,333333;
1983-12-06;6,6;10,8;0;30,7;26,66;21;73,5;4,533333;
1983-12-07;6,6;7,8;0;30,7;27,02;22,2;71,75;4,333333;
1983-12-08;6,2;5,1;4;30,5;26,46;22,8;75,5;4,066667;
1983-12-09;5,8;11,2;,7;29,2;26;20,8;69,75;3,4;
1983-12-10;5,2;10,4;0;30,9;26,24;20,9;76,25;3,166667;
1983-12-11;6,3;10;0;31;26,52;21,5;77,25;3,733333;
1983-12-12;6,7;10,2;,4;31;27,24;22,8;75;3,633333;
1983-12-13;6,8;9,9;1,5;30,8;27,24;24;72;3,833333;
1983-12-14;7,6;9,7;0;30,4;27,24;24,4;68;3,066667;
1983-12-15;6,8;7,4;0;31,1;26,72;20,6;72;3,433333;
1983-12-16;6,2;9,2;0;31;27,32;22,2;73,25;3,633333;
1983-12-17;8,7;5,3;0;30,5;27,58;25,4;71,25;4,533333;
1983-12-18;6,9;5,9;9,2;30,4;27;24,2;74,75;3,566667;
1983-12-19;7,9;8,9;1,2;30,8;27,68;24,8;70;5,4;
1983-12-20;7,8;9,9;0;30,8;27,44;25;72;4,033333;
1983-12-21;8,5;10,2;0;30,8;26,7;20,9;74;3,7;
1983-12-22;8,1;8,6;0;30,4;27,4;24,9;68,75;4,133333;
1983-12-23;5,8;7,4;0;30,9;26,8;21;67,5;3,9;
1983-12-24;7,5;10,9;0;31,3;26,78;20,9;68;3,5;
1983-12-25;5,7;9,8;0;31,1;27,06;21,9;68,75;3,433333;
1983-12-26;6,8;9,6;0;31,1;27,28;22,9;69,75;4,7;
1983-12-27;11,3;10,7;0;30,6;27,18;25;64,5;3,666667;
1983-12-28;7,1;2;0;28;24,42;21,1;81;1,1;
1983-12-29;2;5,1;6,2;30,1;25,58;20,6;81,75;1,7;
1983-12-30;6,1;7,8;1,3;30,4;26,78;22,3;68,5;3,533333;
1983-12-31;6,7;9,4;0;30,8;26,94;21,6;68,5;4,266667;
1984-01-01;8,2;10,5;0;30,9;27,74;24,7;65,25;4,3;
1984-01-02;11,9;8,7;,5;30,5;27,12;23,9;68;4,066667;
1984-01-03;7,1;9,1;,8;30,6;26,92;21,6;null;3,9;
1984-01-04;6,5;,3;10,6;31,6;26,32;21,8;78,75;2,366667;
1984-01-05;6,6;6;6,5;30,1;26,02;22;78;2,866667;
1984-01-06;4,8;8,9;0;31,2;27,12;21,9;72,5;3,333333;
1984-01-07;4;8,9;0;31;26,82;21,9;71;3,166667;
1984-01-08;4,2;8,6;0;30,8;27,04;21,9;76,5;3,533333;
1984-01-09;5,3;5;16;30,6;26,8;23,1;74;3,233333;
1984-01-10;4,9;9,8;0;30,1;26,64;22,5;74,25;3,8;
1984-01-11;5,6;9,7;0;30,7;26,26;21,1;70,5;3,166667;
1984-01-12;5,3;11,2;0;31;27,52;24,2;68,25;3,133333;
1984-01-13;9,1;5,5;6,2;29,5;26,08;24,2;87,75;3,033333;
1984-01-14;2,6;8;44,4;29,8;26,44;22,3;74,25;5,15;
1984-01-15;5,8;10;,3;30;26,04;22,4;72,75;2,7;
1984-01-16;4,7;10,2;0;30,1;26,74;21,8;71,25;3,733333;
1984-01-17;6,7;10,8;0;30,3;25,28;21,4;null;2,7;
1984-01-18;4,7;9,9;0;30,6;26,42;20,6;73,5;2,733333;
1984-01-19;4,6;10,4;0;30,7;26,92;21,3;70,25;3;
1984-01-20;5;10,6;0;30,6;26,62;21,1;null;3,3;
1984-01-21;5,6;10,9;0;30,6;26,46;20,7;70;2,733333;
1984-01-22;5,6;10,7;,1;30,8;27,12;21,7;null;2,9;
1984-01-23;4,3;9,1;,5;30,7;26,84;21,7;75,25;2,9;
1984-01-24;5;11,2;0;30,6;26,74;22,7;66,25;2,766667;
1984-01-25;7,9;10,5;0;30,7;26,56;20,1;68,75;3,466667;
1984-01-26;7,3;9;0;31,2;27,46;22,3;72,25;4,333333;
1984-01-27;7;9,1;4,2;30,6;27,38;24,9;null;3,3;
1984-01-28;7,4;9,8;,2;31,4;27,74;23,7;null;4,633333;
1984-01-29;6,5;7,2;,2;30,5;27,32;24,3;null;3,233333;
1984-01-30;4,2;9,9;5,6;31;27,56;23,4;null;3,566667;
1984-01-31;4,2;11,3;0;31,3;27,66;25,2;66,5;4,733333;
1984-02-01;3,8;10;0;31,3;26,58;20,6;69,25;3,3;
1984-02-02;6,6;10,4;0;31,9;27,4;21,3;null;3,233333;
1984-02-03;6;9,5;3,4;31,3;27,54;22,7;null;4;
1984-02-04;7,5;4,5;0;30,5;27,8;25,3;74,75;3,766667;
1984-02-05;6;11,1;14,5;30,9;27,3;23,6;null;4,2;
1984-02-06;7,6;10,4;0;31,3;27,1;21,6;69,75;3,033333;
1984-02-07;6,1;5;22;30,6;26,76;23;null;3,2;
1984-02-08;4,7;11;0;30,7;27,86;25,6;null;4,5;
1984-02-09;10,2;10,8;0;30,9;27,02;21,2;70,25;3,866667;
1984-02-10;5,5;10,4;0;31,2;26,72;21,9;71;2,966667;
1984-02-11;6,2;9,6;0;30,9;26,78;20,8;68;2,733333;
1984-02-12;7,6;8,4;0;31,5;27,34;21,5;null;3,266667;
1984-02-13;5,3;9,3;2,4;31,3;27,62;23,1;null;3,633333;
1984-02-14;5,6;9,1;,4;31;27,28;23,2;71;3,133333;
1984-02-15;6,1;5,8;,1;31,2;27,64;22,3;66;4,233333;
1984-02-16;8,4;10,4;0;31,7;28,1;24;69,25;3,966667;
1984-02-17;8,3;10,2;0;31,9;28,04;24,9;72,25;3,333333;
1984-02-18;7;9,5;0;31,9;27,66;21,7;70,5;3,366667;
1984-02-19;7,7;10,1;0;31,6;28,22;26,2;71,5;4,366667;
1984-02-20;7,4;10,7;0;31,8;28,28;26,1;69,5;3,95;
1984-02-21;7,5;8,6;0;31,9;27,66;21,9;null;2,3;
1984-02-22;7,4;10,3;0;32,1;28,2;24,1;null;4,55;
1984-02-23;8,3;10,3;0;31,9;28,52;26,1;null;3,633333;
1984-02-24;6,8;10,3;0;31,5;28,84;24,7;59,25;3,4;
1984-02-25;11;10;0;32,1;27,92;23,7;66,5;4,133333;
1984-02-26;9,5;10,6;0;31,8;28,38;26;67,75;4,3;
1984-02-27;9;10,8;0;32,3;28,62;24,2;null;4,2;
1984-02-28;6,4;7,5;23,1;31,3;27,26;23,4;81,75;4,3;
1984-02-29;3,2;5,4;4,4;30;26,98;23,4;80,5;2,3;
1984-03-01;2,4;8,5;8,2;31,3;27,76;23,4;75,5;3,966667;
1984-03-02;5,4;9,4;0;31;27,32;22;71,25;2,866667;
1984-03-03;4,8;7,1;0;31,6;27,82;22;70,75;2,7;
1984-03-04;4,7;3,3;0;31,5;27,88;23,3;75;3,466667;
1984-03-05;4,9;8,3;,7;32;28,32;24,3;73,25;3,733333;
1984-03-06;5,8;6,6;1,8;31,6;28,2;24,3;null;3,3;
1984-03-07;5;2,4;15,1;30,6;27,6;23,9;76,25;3,933333;
1984-03-08;4,6;9,4;,8;31,6;27,46;22,7;70,5;2,9;
1984-03-09;5,2;8,9;0;32;27,52;21,9;73,75;2,266667;
1984-03-10;3,8;9,5;0;32,3;28,1;23,1;null;2,866667;
1984-03-11;4;6,2;1,1;31,6;27,46;23,1;76,75;3,233333;
1984-03-12;5,7;9;,1;32,4;28,12;23,8;73,5;3,2;
1984-03-13;4,5;10,3;0;32,4;28,2;22,4;71,5;3,033333;
1984-03-14;5,3;7,4;12;31,2;26,66;23,8;84,25;2,7;
1984-03-15;3,9;7,9;1,9;31,2;27;22,9;77,75;2,9;
1984-03-16;1,4;5,4;36,4;30,9;26,3;22,9;85,5;1,2;
1984-03-17;2,8;10,1;0;31,3;26,8;22,1;68,75;2,066667;
1984-03-18;6,7;9,8;,7;31;27,06;22,9;78,75;2,3;
1984-03-19;6,9;9,1;8,7;30,8;27,14;24,3;77,5;2,2;
1984-03-20;4,1;5,8;2,5;30,7;27,2;22,9;81;3,4;
1984-03-21;4,3;8,6;6,4;30,8;26,96;24,3;82,75;1,866667;
1984-03-22;3,5;4,7;2,4;31,6;26,42;24,7;85,75;1,8;
1984-03-23;5,7;10,2;0;31,7;27,46;22,4;76,75;1,8;
1984-03-24;3,2;10,3;,8;31,9;27,84;23,9;null;2,8;
1984-03-25;2,6;10,4;0;31,7;27,54;22,3;74,5;1,6;
1984-03-26;4,4;8,3;0;31,4;27,88;23,1;71,5;3,6;
1984-03-27;6,1;9,5;0;31,4;27,44;22,1;75,5;3,366667;
1984-03-28;4,6;7,8;15,6;30,5;26,28;23,4;82,25;1,866667;
1984-03-29;2,7;10,4;3,2;31,3;27,8;23,1;74,75;2,066667;
1984-03-30;4,3;10,1;1,5;31,4;27,72;23,1;74,25;1,866667;
1984-03-31;4,8;7,5;0;30,8;26,64;22,5;81,75;2,2;
1984-04-01;3,1;8,9;0;32,1;27,26;23,1;77,75;2;
1984-04-02;3,7;8,8;0;32,7;27,78;23;75;2,266667;
1984-04-03;5,1;8,6;0;32,4;28,1;23,5;72;2,166667;
1984-04-04;3,9;7,7;,2;31,4;26,78;22,9;77;3,2;
1984-04-05;4,1;9,4;4,7;31,8;26,96;22,3;77;2,533333;
1984-04-06;3,5;9,3;0;31,9;26,94;22,9;78,75;2,1;
1984-04-07;4,2;8,3;3,7;31,8;26,62;22,2;79,5;2,3;
1984-04-08;4,8;3,4;66,7;30,1;26,18;23,7;81,75;2,9;
1984-04-09;2,7;9,1;8,8;30,5;26,38;22,7;81;2,3;
1984-04-10;3,3;0;24,4;25,7;24,38;22,9;94,5;1,066667;
1984-04-11;,7;3,1;8,5;28,9;25,54;22,7;88;2,4;
1984-04-12;1,3;3,5;2,3;30,1;25,58;22,9;90,5;2,066667;
1984-04-13;2,5;2,9;30,9;29,1;25,28;23,2;91,25;1,6;
1984-04-14;1,1;0;82,2;24,8;23,38;22,5;97,25;1,766667;
1984-04-15;5;2,4;63;29,7;25,54;21,5;88,5;2,9;
1984-04-16;2,1;6,8;66,6;29,2;25,3;22,9;92;1,8;
1984-04-17;1,6;2,5;97,3;25,4;23,78;22,9;96;1,466667;
1984-04-18;,4;3,9;25,8;30;26,4;22,6;null;1,966667;
1984-04-19;2,9;7,9;0;30,4;26,22;22,9;85;2,033333;
1984-04-20;2,9;1;7;29,5;25,04;22,9;87;1,5;
1984-04-21;1,6;7,1;3;30;26,32;22,1;81;2,866667;
1984-04-22;3;7,6;1,2;30,4;26,4;23,1;87,75;2,066667;
1984-04-23;2,8;0;4,4;29,9;26;23,5;93;1,466667;
1984-04-24;2,2;2,4;39,1;29,6;25,2;23,3;92,5;2,366667;
1984-04-25;1;3,8;24;28,2;25,42;23,3;93,75;1,733333;
1984-04-26;,6;1,1;32;29,8;25,86;23,2;86,25;1,966667;
1984-04-27;1,9;7,8;2,7;29,8;25,86;22,5;85,75;2,266667;
1984-04-28;3,2;7,7;4,3;30;26,52;22,5;80,25;2,133333;
1984-04-29;4,6;5,9;12,4;29,6;25,42;22,7;82,5;2,666667;
1984-04-30;2,8;,7;5,6;25,7;24,16;23,1;92,75;1,6;
1984-05-01;1,7;2;11,1;29,3;25,14;22,7;84;2;
1984-05-02;1,7;4,5;3,1;29,1;25,14;21,7;88;2,233333;
1984-05-03;2,3;0;8,6;28,9;25,84;23,7;85,5;3,466667;
1984-05-04;2,3;6,7;16,8;28,9;25,38;22,6;84,75;2,033333;
1984-05-05;2,9;null;15,8;29,7;null;null;null;4,55;
1984-05-06;5;8,7;3,2;29,7;25,9;23,1;80,75;2,7;
1984-05-07;5,2;6,2;0;29,8;26,36;22,4;79,5;3,633333;
1984-05-08;3,2;1,1;16,7;28,8;25,98;23,4;88,25;3,133333;
1984-05-09;4,3;8,7;6,5;29,6;25,74;22,7;78,25;2,7;
1984-05-10;4;10;0;30;25,92;22,3;81,5;3,733333;
1984-05-11;4;4,2;0;29,4;24,92;22,5;87;1,633333;
1984-05-12;2,2;7,6;0;29,4;25,6;21,7;86,5;1,6;
1984-05-13;2,2;4;70,3;29,2;24,8;22,9;90,5;1,933333;
1984-05-14;1;3;21,2;28,2;24,58;22,7;90;1,5;
1984-05-15;1,3;8,8;4,4;29,9;25,88;22,2;82,5;3,066667;
1984-05-16;2,8;5,6;,7;29,2;25,48;22,2;86,75;3,3;
1984-05-17;2,2;3,6;43,6;28,8;25,6;22,9;84,25;2,833333;
1984-05-18;2,1;5,8;,2;29,4;25,44;23;91;2,7;
1984-05-19;1,8;0;26,3;26,2;23,98;22,9;95,75;1,466667;
1984-05-20;,2;2,7;66,9;28,7;24,78;22,6;93,75;2,3;
1984-05-21;1,6;0;12,4;28,6;25,46;22,9;90,75;2,333333;
1984-05-22;1,5;7,4;73,8;29,4;25,76;22,4;89,75;2,166667;
1984-05-23;3,5;0;35;28,6;25,16;22,8;null;2,733333;
1984-05-24;2,2;3;49,9;28,6;25,26;23;88,5;2,733333;
1984-05-25;1,7;1,3;8,3;26,3;null;22,5;null;2,133333;
1984-05-26;,9;8;16,6;29;24,76;22;82,25;1,65;
1984-05-27;3,6;10,4;,2;28,7;23,74;19,6;87,25;2,8;
1984-05-28;2,8;9,4;0;29,5;25;20,6;83,25;3,1;
1984-05-29;2,9;8,1;0;29,4;24,94;21,4;90,5;2,3;
1984-05-30;2,4;7,9;5,3;29,8;25,5;22,1;88,25;3,7;
1984-05-31;3,8;4,6;5,6;29,3;25,02;22,2;87,5;2,8;
1984-06-01;2,5;3,8;7,1;29,1;26,44;23,4;82;3,733333;
1984-06-02;5,2;7,4;5,8;29;25,02;22,3;89;2,3;
1984-06-03;2;1,5;10,8;29;24,96;21,5;91,5;2,933333;
1984-06-04;2;5,1;2,4;29,4;24,98;21,9;86;2,266667;
1984-06-05;2,3;7,5;7,6;29,1;25,52;22,1;88;3,2;
1984-06-06;3,1;9,3;1,8;28,7;24,9;21,9;null;3,633333;
1984-06-07;2,8;6,8;,8;29;24,62;21,5;89;2,666667;
1984-06-08;2,4;2,4;6,1;28,8;null;22,5;87,25;2,4;
1984-06-09;2;9,8;0;29,2;24,62;20,9;86,5;2,333333;
1984-06-10;1,8;9,7;0;29,1;25,62;20,8;81,75;2,466667;
1984-06-11;3;3,2;18,2;28,6;25,44;21,9;80;2,733333;
1984-06-12;3,1;8;12,4;28,6;25,12;21,5;null;2,166667;
1984-06-13;4,3;9,9;0;28,9;25,06;21,5;81,75;4,4;
1984-06-14;4;8,3;3,9;28,8;24,92;21,1;84;3,2;
1984-06-15;3,1;3,8;16,2;27,3;24,34;22,5;91,5;2,5;
1984-06-16;2,3;7,7;39,8;28,5;24,74;22,5;null;4,433333;
1984-06-17;4,6;10;0;28,6;24,68;22,7;83,75;2,566667;
1984-06-18;3,6;7;24,4;28,6;24,26;22,3;85;2,733333;
1984-06-19;3,7;9,6;0;28,5;24,9;21,3;75,5;4,233333;
1984-06-20;6,3;10,4;3;28,6;24,4;21,5;76,75;3,966667;
1984-06-21;5,2;8,3;,2;28,9;24,76;20,7;79,5;3,633333;
1984-06-22;5,6;6,8;11,5;28,3;24,36;21,1;81,75;3,533333;
1984-06-23;6,9;8,4;1;28,5;25,98;21,7;78,25;4,133333;
1984-06-24;11;6,4;,7;28,3;25,28;21,5;82,5;2,7;
1984-06-25;4,2;6,3;15;27,5;24,26;21,2;90,25;null;
1984-06-26;3,8;6,9;13,5;27,9;23,7;21;88,75;3,2;
1984-06-27;2;7,1;1,8;28,4;24,38;21,4;87,5;2,933333;
1984-06-28;2,8;2,6;16;28;24,84;22,2;83,75;2,2;
1984-06-29;2,2;1,4;45,4;27,3;24,3;21,4;84,75;3,4;
1984-06-30;2,9;5,9;0;28,4;24,78;21;88,25;3,4;
1984-07-01;2,9;7,4;16,8;28,1;25,14;21,5;85;2,5;
1984-07-02;3,1;2,4;57,2;28,3;25,82;22,3;80,25;4,4;
1984-07-03;6,1;4,9;,3;28,9;25,32;23,5;83,75;3,833333;
1984-07-04;5,9;,4;4,4;25;22,68;21,1;96,5;2,5;
1984-07-05;0;0;33,9;25,4;22,9;20,8;93,5;1,733333;
1984-07-06;1,5;1,7;49,6;25,5;23;21,5;90,75;2,133333;
1984-07-07;1,4;6,3;3,3;28,1;24,9;21,1;76;3,533333;
1984-07-08;4,6;1,3;,5;28,7;23,32;20,1;82,75;3,466667;
1984-07-09;3,4;,4;5,4;26;22,5;20,6;94,75;2,633333;
1984-07-10;1,2;0;50;25,1;22,42;20,9;91;2,033333;
1984-07-11;1,3;4,3;22,1;27,1;23,92;21,1;84;3,266667;
1984-07-12;3,4;8,8;31,4;28,1;23,92;21,3;null;3,333333;
1984-07-13;4,3;6;2,1;27,7;23,86;19,2;88,75;1,633333;
1984-07-14;2,1;,5;6,6;27,9;24,66;21,1;78,5;3,766667;
1984-07-15;3,4;0;30;23,8;22,16;20,6;95;2,5;
1984-07-16;,4;1,5;70,6;26,4;22,96;21;95,25;2,533333;
1984-07-17;,9;0;22,8;25,7;23,48;21,2;90;3,466667;
1984-07-18;1,4;1,7;100,4;27,3;23,7;20,6;85,75;3,866667;
1984-07-19;3,4;1,4;16,6;27,6;23,7;20,9;92,5;3,233333;
1984-07-20;2,6;4,4;13,9;27;23,88;21,3;91,25;2,05;
1984-07-21;2,1;1;31,4;24,3;22,56;21;96,5;1,6;
1984-07-22;1;6,8;23,3;28,7;24,26;21,5;85,75;1,266667;
1984-07-23;2,1;9;,5;28,6;24,86;21,5;83,5;3,233333;
1984-07-24;5,1;9,8;,2;28,4;25,36;21,5;68,75;5,766667;
1984-07-25;8,5;6,4;0;null;25,32;23,4;null;5,3;
1984-07-26;7,4;10,5;1,2;27,9;24,94;22,1;71,5;5,433333;
1984-07-27;5,5;9,6;0;27,7;24,56;20,4;75,75;4,466667;
1984-07-28;4,3;10,3;,2;28,2;23,88;21;77,75;3,066667;
1984-07-29;4,4;6;0;27,1;24,16;20,9;null;null;
1984-07-30;3,9;10,3;1,2;28,2;24,02;21,1;82,75;3,733333;
1984-07-31;5,2;9,9;2,4;33,1;24,6;20,8;84;3,2;
1984-08-01;4,3;8,9;,4;28,2;23,9;20,9;85,25;2,933333;
1984-08-02;4;9,3;1,3;28,4;24,78;20,4;81,75;3,6;
1984-08-03;3,9;5,9;0;27,8;24,42;20,3;83,25;2,4;
1984-08-04;4,2;9,8;1,7;27,8;25,3;22,5;79,75;2,9;
1984-08-05;4,8;8,2;,2;28,5;23,9;20,5;82,25;3,033333;
1984-08-06;4,2;7,5;0;28,2;24,38;18,9;80,5;3,1;
1984-08-07;4,5;4,9;16,7;27,4;25,08;21,9;81,75;3,466667;
1984-08-08;4,8;,7;2,1;26,9;24,66;21,2;84,75;3,766667;
1984-08-09;2,7;5,2;15;27,8;24,68;21,5;77,25;5,633333;
1984-08-10;7;7;,9;27,6;25,02;22,9;76,75;4,3;
1984-08-11;4,8;2,1;,9;27,2;23,88;21,1;81,25;3,9;
1984-08-12;5,4;6;2,4;27,6;23,72;21,2;82,75;3,766667;
1984-08-13;4,1;9,7;0;28,4;24,24;21,5;85,5;2,2;
1984-08-14;5,4;5,7;7;28,3;24,96;20,6;null;3,5;
1984-08-15;5;7,4;0;28,4;24,86;20,8;77,75;3,366667;
1984-08-16;4,4;7,3;1,2;28;24,14;19,8;87,5;3,233333;
1984-08-17;3,8;8,3;,3;28,8;25,48;21,1;78,25;3,5;
1984-08-18;6,7;8,5;0;28,3;25,8;24,5;77;4,233333;
1984-08-19;7,8;10;0;28,5;25,64;22,9;74,75;3,3;
1984-08-20;6,3;4,5;5;27,9;23,48;20,3;90,75;2,933333;
1984-08-21;2,6;2;13;27,9;24;21,7;87,5;3,4;
1984-08-22;4,2;,5;22,6;26,4;23,34;21,1;94,5;2,266667;
1984-08-23;1,3;1;47,4;26,9;24;20,8;81,5;4,55;
1984-08-24;3,6;7,9;,7;27,3;24,12;20;83;2,533333;
1984-08-25;2,4;0;19,9;25,5;23,18;21,9;95,5;2,366667;
1984-08-26;,6;2,3;46;27,3;24,62;21,9;84;2,1;
1984-08-27;3,3;8,4;,5;27,9;24,38;21,3;87,25;2,033333;
1984-08-28;3,3;0;7,8;26,3;23,86;21,4;91,5;2,8;
1984-08-29;1,5;0;81,2;26,7;22,72;18,6;96;1,333333;
1984-08-30;,9;,5;41;25,2;23,36;21,7;91,5;3,633333;
1984-08-31;3,5;5,6;40,6;27,4;23,06;18,2;null;4,5;
1984-09-01;3,8;7,6;13,2;27;23,5;21;88,75;3,166667;
1984-09-02;3;7,4;16,5;27,6;24,82;21,8;79,5;3,233333;
1984-09-03;4,1;7;12;27,6;24,02;21,8;85;2,833333;
1984-09-04;3,5;8,2;5,9;28,4;23,86;18,8;83,5;2,633333;
1984-09-05;4,6;6,2;1,6;28;23,7;17,8;81,25;3,1;
1984-09-06;5,8;10;2;28,2;25,38;22,9;81;5,533333;
1984-09-07;4,3;4;9,3;27,9;25,24;22,4;78;3,3;
1984-09-08;4,9;8,4;0;28,4;25,44;20,2;76;4,133333;
1984-09-09;2,8;6,5;,3;28,2;23,98;18,8;86,75;2,866667;
1984-09-10;3,4;8;8,9;28,8;25,64;21,8;78,25;3,766667;
1984-09-11;4,6;8,5;0;28,6;26;22,5;77,25;3,966667;
1984-09-12;6,5;7,8;0;29,4;25,38;21,5;86,25;4,5;
1984-09-13;3,5;7,1;1,1;28,4;25,76;22,1;79,5;4;
1984-09-14;5;9,6;0;28,3;25,3;21,8;76,75;3,133333;
1984-09-15;5,5;9,6;0;28,5;23,8;19,6;88,75;1,933333;
1984-09-16;3,9;9,1;0;28,6;25,06;20,2;79,25;2,9;
1984-09-17;4,4;9,4;0;29;23,14;17,2;85,5;2,633333;
1984-09-18;4,2;8,5;0;28,5;24,68;19,6;78,5;3,033333;
1984-09-19;5,6;9,6;0;28,5;25,5;21,6;73,75;5,133333;
1984-09-20;5,4;9,3;0;28,4;25,32;20,2;73;3,533333;
1984-09-21;6,2;9,7;0;28,5;24,9;19;72,25;3,55;
1984-09-22;6,8;8,3;0;28,6;25,24;20,2;78,5;4,333333;
1984-09-23;7,5;10,1;0;29,8;25,18;19,7;76,75;3,4;
1984-09-24;8,1;3,1;1,4;28;25,04;22,9;81;4,7;
1984-09-25;4,9;8,9;6,4;28,5;23,8;20,8;82,75;3,533333;
1984-09-26;5,2;6,2;0;28,7;24,8;19,4;84,25;2,466667;
1984-09-27;5;9,2;,7;29,9;25,66;21,9;85,25;3,066667;
1984-09-28;4,4;10;0;29,9;25,68;21,6;79,5;2,166667;
1984-09-29;2,4;10,1;0;29,8;25,62;20,8;80,25;3;
1984-09-30;4,6;9,3;0;29,9;25,52;20,5;77,75;2,733333;
1984-10-01;7,8;10,9;0;29,6;25,5;20,4;73,5;4,366667;
1984-10-02;7,8;8,8;10,2;null;25,18;21,8;null;4,2;
1984-10-03;7,4;7,7;0;29,2;24,62;21;86;5,133333;
1984-10-04;6,1;3,5;6,9;28,2;24,98;21,5;79,75;3,866667;
1984-10-05;5,7;7,2;3,1;28,9;24,52;20,4;85,25;2,766667;
1984-10-06;6,4;8,1;15,1;28,6;25,52;22,3;79,5;3,333333;
1984-10-07;5;1,2;12,2;27,6;23,2;20,8;89,75;1,966667;
1984-10-08;3;9,6;,5;28,6;24,82;21,1;87;2,9;
1984-10-09;5,7;7,1;,4;28,6;25,32;22,1;78,75;3,466667;
1984-10-10;4,1;7,7;14,8;28,6;25,14;20,8;79;3,566667;
1984-10-11;3,4;10,4;0;29,2;25,8;21,7;78,25;3,466667;
1984-10-12;4,7;8,4;,5;29,5;25,76;21,2;80;3,1;
1984-10-13;4,3;6,1;1;28,9;25,62;22,3;79,75;2,433333;
1984-10-14;5,4;10,6;0;29,2;25,14;20;76;4;
1984-10-15;5,2;8,6;0;29,5;25,56;19,2;74,25;2,85;
1984-10-16;7,2;6,1;1,8;29,1;26,14;21,9;83;4,3;
1984-10-17;5,4;5,8;7,2;28,8;24,78;20,2;87,25;3,1;
1984-10-18;6,8;8,9;1;28,6;26,34;24;null;5,066667;
1984-10-19;7,4;9,8;2,4;29,5;25,32;19;null;3,233333;
1984-10-20;6,9;8,9;0;28,7;25,68;21;78;3,733333;
1984-10-21;6,2;8,1;,3;28,9;26,08;22,3;84,5;3,233333;
1984-10-22;5,2;10,3;6,3;29,2;25,92;21,1;82,25;3,9;
1984-10-23;5,8;8,7;,8;29,5;26,7;24,7;85,25;3,466667;
1984-10-24;5,5;9,3;0;29,9;26,96;24,9;80,5;3,1;
1984-10-25;3,5;10,5;0;30,1;null;22,3;77,75;3,166667;
1984-10-26;6,6;10,7;0;29,4;26,58;23,3;75,5;3,7;
1984-10-27;7,4;11;0;29,5;null;24,3;null;3,566667;
1984-10-28;8;10,5;0;29,3;26,26;21,3;88,5;3,6;
1984-10-29;8,9;8;0;30;27,04;24,9;73,5;3,6;
1984-10-30;8,7;9;0;29,6;26,4;21,9;79,25;4,8;
1984-10-31;8,1;8,8;0;29,7;26,34;21,7;78,25;4,633333;
1984-11-01;7,8;6,5;6,6;29,4;25,34;20;80,5;4,766667;
1984-11-02;5,9;4,3;4,1;29;25,68;23,1;80,5;3,833333;
1984-11-03;10,3;7,2;,8;29,3;26,3;22,5;80,75;4,2;
1984-11-04;7,8;10;,5;29,2;26,98;24,7;76;4,966667;
1984-11-05;9;,1;0;29,4;25,64;22,1;84,75;4,166667;
1984-11-06;7,9;7,1;4;29,2;26,16;23,3;74;3,7;
1984-11-07;8,8;8,9;0;29,5;25,28;18,8;75,25;3,333333;
1984-11-08;7,8;8,4;,3;30,1;26,18;22;75,5;4,433333;
1984-11-09;8,6;10,7;0;29,6;25,7;20,4;70,5;4,533333;
1984-11-10;7,3;7,8;,4;29,7;25,98;21;79,75;3,3;
1984-11-11;4,8;10,7;0;29,5;26,48;21,8;75,5;3,7;
1984-11-12;4,8;9,5;,6;30,8;null;22,1;null;3,6;
1984-11-13;5,5;10,3;0;30,6;27,38;25;77,75;3,7;
1984-11-14;6,6;10,2;0;30,9;26,74;21,3;75,5;3,2;
1984-11-15;4,8;3;5,2;28,9;null;20,8;null;3,733333;
1984-11-16;5,2;8,6;,5;29,4;null;22,3;76;3,733333;
1984-11-17;5,4;9,4;2,6;30,2;null;21,1;null;2,966667;
1984-11-18;6,2;10,9;0;30,1;null;19,9;null;3,1;
1984-11-19;7,4;10,5;0;30,4;25,98;19,8;72;4;
1984-11-20;8,3;10,9;0;30;26,18;20,4;75,5;3,866667;
1984-11-21;6,6;10,8;0;30,3;26,36;21,6;82,75;3,3;
1984-11-22;7,9;11,4;0;29,3;26,96;25,2;80,25;4,133333;
1984-11-23;8,9;9;0;30,5;26,34;22,5;79,25;3,233333;
1984-11-24;8,9;10,8;,2;30,7;27,06;24,3;78,5;4,233333;
1984-11-25;7,1;5;1,4;29,3;26,9;24,4;76,75;3,3;
1984-11-26;7,4;11,1;,6;30,2;null;22,5;null;null;
1984-11-27;5,5;10,8;0;31;26,46;20,4;75;3,266667;
1984-11-28;5,3;10,8;0;30,2;26,78;21,7;72,5;2,633333;
1984-11-29;6,1;11;0;30,7;27,06;22,3;79,25;4,233333;
1984-11-30;8,4;10,3;0;30,7;26,92;22;70,5;4,3;
1984-12-01;10,4;11,5;0;30,8;27,46;25,4;79,5;2,766667;
1984-12-02;9,6;11,3;0;31;26,62;22,2;78,5;3,733333;
1984-12-03;6,8;11,1;0;30,2;26,46;20,8;73,25;3,133333;
1984-12-04;8,7;9,6;0;30,8;27,16;22,2;81,5;3,666667;
1984-12-05;7,2;9,1;3,4;30,2;27,12;23,5;76,5;3,7;
1984-12-06;8,6;10,5;,3;30,2;26,72;22,1;73;3,433333;
1984-12-07;6,7;10,3;0;33,7;27,24;22,1;76,25;2,733333;
1984-12-08;5,9;10;,4;30,7;26,76;21,3;77,5;3,733333;
1984-12-09;6,5;10,8;0;31;27,34;23,4;73,5;4,566667;
1984-12-10;7;10,5;,5;31;26,92;22,9;77,25;3,1;
1984-12-11;6,3;9,7;0;30,3;26,64;23,1;77;3,733333;
1984-12-12;6,8;10,8;,5;30,3;26,66;21,1;75,5;3,9;
1984-12-13;6,8;9,7;0;30,2;26,58;22;75,75;2,566667;
1984-12-14;7,8;10,6;0;30,8;25,66;21,3;77,5;2,6;
1984-12-15;5,4;10,8;0;32,5;27;21,2;74,75;3,533333;
1984-12-16;4,3;10,4;0;31,8;26,98;21,4;74,25;3,7;
1984-12-17;4,8;10,8;0;31,5;26,94;21,9;75;2,966667;
1984-12-18;5,5;10,5;0;31,3;26,72;20;73;3,666667;
1984-12-19;6,1;9,6;0;30,8;26,68;21,1;71;3,3;
1984-12-20;7,7;9,4;0;31,6;26,98;21;69,5;3,1;
1984-12-21;9,2;10,6;0;31,4;27,28;23,1;74,25;3,2;
1984-12-22;7,5;11;0;31;26,68;21,1;71;3,2;
1984-12-23;6,5;10;0;30,6;26,58;21,1;73,75;3,733333;
1984-12-24;9,8;10,9;0;31,8;26,94;21;67,5;3,4;
1984-12-25;6,5;11;0;30,9;26,62;20,4;70,75;3,4;
1984-12-26;5,5;10,6;0;31,2;27,24;22,5;74,75;3,8;
1984-12-27;10,8;9,5;0;31,8;27,14;21;74,75;4,166667;
1984-12-28;10;10,4;0;30,6;27,76;25,2;73,25;3,7;
1984-12-29;7,6;11,3;0;31,5;26,9;20,4;71;4;
1984-12-30;7,6;7,2;0;30,7;26,48;20,3;78,5;3,233333;
1984-12-31;4,4;10,1;5,2;31,7;27,38;22,8;79,25;3,433333;
1985-01-01;4,4;10,1;0;32,9;27,86;23,3;74,5;3,4;
1985-01-02;4,6;6,6;0;32,5;27,48;23,1;null;3,533333;
1985-01-03;4,1;8,5;0;32,9;28,06;23,9;null;3,566667;
1985-01-04;7,8;9,9;0;31,7;27,98;24,7;76;3,3;
1985-01-05;7,8;9,9;0;31,7;27,98;24,7;76;3,533333;
1985-01-06;6,3;7,7;6,8;31,8;28,26;25,9;75;4,633333;
1985-01-07;4,7;5,2;5;31,7;26,88;21,3;78,75;3,066667;
1985-01-08;4,6;7,6;4,8;31,5;27,74;26,2;80,5;3,5;
1985-01-09;5;2,1;,2;31,7;27,8;26;82,25;3,533333;
1985-01-10;5;2,1;5,9;31,7;27,8;26;82,25;2;
1985-01-11;6,5;6,2;8,5;31,7;27,24;21,2;74,25;4,3;
1985-01-12;7,6;10,1;5,2;31,9;27,86;23,4;74,25;3,533333;
1985-01-13;6,8;8,9;0;30,8;26,88;21,5;77;4,1;
1985-01-14;,7;9;0;30,8;27,54;23,7;73,75;4,4;
1985-01-15;9,5;10,2;0;30,6;27,8;24,9;73,75;3,766667;
1985-01-16;8,5;10,4;0;30,8;27,2;22,3;73,25;3,133333;
1985-01-17;6;10;0;31,5;27,26;21,3;72;2,4;
1985-01-18;8;8,3;0;31,7;27,82;23,6;72,75;4,033333;
1985-01-19;9,8;8,2;0;31,2;27,08;23,3;75;3,3;
1985-01-20;6,2;9,6;0;31;27,12;21,7;71,25;4,433333;
1985-01-21;6,8;9,6;13;31,3;27,02;21,4;75;3,033333;
1985-01-22;7,2;8,5;0;31,9;27,86;24,1;72;3,1;
1985-01-23;5,7;7,6;1,5;31,6;27,08;22,7;72,75;2,2;
1985-01-24;10;9,8;0;31,8;27,62;23,3;67,5;2,366667;
1985-01-25;5,5;9,5;0;32;27,54;22,5;71,75;2,466667;
1985-01-26;4,5;8;16;32,4;26,72;22,5;75;2,5;
1985-01-27;3,7;10,6;,1;32,2;27,54;22,3;72,5;3,733333;
1985-01-28;3,5;10,6;0;31,9;27,52;22,1;66,5;2,4;
1985-01-29;5,3;3,9;,2;31,3;26,74;23;76;1,4;
1985-01-30;5,3;7,6;0;31,5;26,92;21,5;71,75;3,033333;
1985-01-31;4,2;9,8;0;31,3;27,5;23,4;75,75;3,05;
1985-02-01;null;null;0;31,5;27,46;22,6;73;null;
1985-02-02;null;null;0;31,5;27,14;22,8;71,25;null;
1985-02-03;null;null;0;31,4;27,1;22,1;71;null;
1985-02-04;null;null;0;31;27,4;22,4;70,75;null;
1985-02-05;null;null;1,8;31;26,6;22,2;75,5;null;
1985-02-06;null;null;0;31,6;27,26;22,3;72,75;null;
1985-02-07;null;null;0;31,3;27,1;20,5;63,5;null;
1985-02-08;null;null;0;31,9;27,9;20;63,75;null;
1985-02-09;null;null;0;31,4;26,96;20,8;68,5;null;
1985-02-10;null;null;5,9;31,6;26,16;19,6;75,75;null;
1985-02-11;null;null;3,2;30;25,68;23,1;87,75;null;
1985-02-12;null;null;2,7;30,1;26,58;22;79;null;
1985-02-13;null;null;9,8;30;25,62;21,9;85;null;
1985-02-14;null;null;,2;30;26,12;22,5;85,25;null;
1985-02-15;null;null;5,3;30,1;25,66;21,5;80,25;null;
1985-02-16;null;null;8,5;27,9;24,7;22,3;88,75;null;
1985-02-17;null;null;11,7;29,4;24,9;23,1;91,75;null;
1985-02-18;null;null;30;30,6;26,2;21,3;80;null;
1985-02-19;null;null;0;30,8;25,88;20;83,5;null;
1985-02-20;null;null;2,2;30,4;26,42;25,1;90,75;null;
1985-02-21;null;null;6,9;29,6;24,94;21,9;90,25;null;
1985-02-22;null;null;7,3;30,8;25,92;22;80;null;
1985-02-23;null;null;0;30;26,7;22,1;74,25;null;
1985-02-24;null;null;,3;30,6;27,18;21,7;74,75;null;
1985-02-25;null;null;0;30,5;27,04;21,9;73,75;null;
1985-02-26;null;null;,3;30,9;26,88;21,7;74;null;
1985-02-27;null;null;6;31,9;27,46;23,7;78,75;null;
1985-02-28;null;null;,4;30,5;25,36;20,2;82,25;null;
1985-03-01;null;null;2,9;30,8;26,66;20,6;75,25;null;
1985-03-02;null;null;1,4;30,6;25,96;20,8;null;null;
1985-03-03;null;null;19;30,8;26,24;21,6;null;null;
1985-03-04;null;null;10,6;29,9;26,06;20,5;null;null;
1985-03-05;null;null;11,6;30;25,98;23,1;90,5;null;
1985-03-06;null;null;31,6;30,2;26,72;22,6;80,25;null;
1985-03-07;null;null;6,5;30,3;27,26;22,9;73,25;null;
1985-03-08;null;null;,1;30,1;26,28;21,5;76,25;null;
1985-03-09;null;null;1,4;30,4;27,02;22,1;76,25;null;
1985-03-10;null;null;0;30,9;27,36;22,5;74,75;null;
1985-03-11;null;null;0;30,9;27,2;22,3;74,25;null;
1985-03-12;null;null;0;30,4;26,6;21,1;73,75;null;
1985-03-13;null;null;1,7;30,3;27,22;23,4;79,5;null;
1985-03-14;null;null;7,2;30,4;27,42;22,9;73;null;
1985-03-15;null;null;1,8;30,8;27,4;22,9;76;null;
1985-03-16;null;null;9,6;30,3;27,82;25;77,25;null;
1985-03-17;null;null;,8;30;27,08;22,4;75,5;null;
1985-03-18;null;null;1;30,6;null;22,6;75,25;null;
1985-03-19;null;null;,1;31,5;26,62;22,4;78,5;null;
1985-03-20;null;null;,2;31,3;27,74;23,9;76,25;null;
1985-03-21;null;null;0;30;27,36;23,7;74,75;null;
1985-03-22;null;null;1,3;28,3;null;21,7;93,5;null;
1985-03-23;null;null;72,4;27;24,68;22,9;95;null;
1985-03-24;null;null;80,2;28,2;25,22;23,4;90,5;null;
1985-03-25;null;null;1,6;29,6;25,94;22,2;null;null;
1985-03-26;null;null;1,8;30,6;26,74;23;82,5;null;
1985-03-27;null;null;0;31,5;26,96;20,6;79,25;null;
1985-03-28;null;null;0;32,3;27,18;23,9;87,25;null;
1985-03-29;null;null;,8;31,9;27,38;23,9;81,75;null;
1985-03-30;null;null;1,6;30;26,18;23,5;88;null;
1985-03-31;null;null;1,2;31,6;26,62;22,9;83,25;null;
1985-04-01;null;null;8,6;30,3;26,54;24,3;null;null;
1985-04-02;null;null;26;30,1;27,02;23,4;null;null;
1985-04-03;null;null;8,9;29,9;25,26;22,9;null;null;
1985-04-04;null;null;,4;29,7;26,1;22,3;null;null;
1985-04-05;null;null;1,1;30,2;null;23,1;null;null;
1985-04-06;null;null;8,2;29,8;26,34;23,7;null;null;
1985-04-07;null;null;0;30,6;26,4;22,9;null;null;
1985-04-08;null;null;35,2;26,6;24,58;23,2;null;null;
1985-04-09;null;null;12,5;28,7;24,64;20,1;null;null;
1985-04-10;null;null;4,8;30,8;null;22,7;null;null;
1985-04-11;null;null;2,9;29,2;null;23,3;null;null;
1985-04-12;null;null;4,4;29,8;25,68;21,8;null;null;
1985-04-13;null;null;4,6;28,9;25,26;22,5;null;null;
1985-04-14;null;null;49,6;28,8;25,92;22,5;null;null;
1985-04-15;null;null;7,8;29,6;null;23,4;null;null;
1985-04-16;null;null;14,3;30,4;24,74;19,9;null;null;
1985-04-17;null;null;6;30,3;26,08;22,3;null;null;
1985-04-18;null;null;,6;30,2;26,16;23,1;null;null;
1985-04-19;null;null;0;null;null;21,3;null;null;
1985-04-20;null;null;0;null;null;23,3;null;null;
1985-04-21;null;null;0;null;null;23,3;null;null;
1985-04-22;null;null;0;30,4;26,52;23,7;null;null;
1985-04-23;null;null;0;30,7;27,14;22,2;null;null;
1985-04-24;null;null;19,8;28,4;25,2;23,1;null;null;
1985-04-25;null;null;17,6;25;23,92;22,9;null;null;
1985-04-26;null;null;86,5;27,7;24,76;22,1;null;null;
1985-04-27;null;null;54,4;30,8;null;null;null;null;
1985-04-28;null;null;2,6;30,1;25,88;22,3;null;null;
1985-04-29;null;null;1,1;29;25,42;20,5;null;null;
1985-04-30;null;null;7,6;30,2;25,66;21,3;null;null;
1985-05-01;3,6;,5;8,2;28,8;25,06;20,4;88,5;1,066667;
1985-05-02;2,2;10,2;8;30,4;26,2;21,8;83,25;1,966667;
1985-05-03;3,1;6,8;5,3;30,4;26,82;23,1;81;2,533333;
1985-05-04;3,5;9,2;0;30,8;26,68;21,6;78;2,866667;
1985-05-05;2,2;7,1;13,7;30,6;26,6;21,7;78,25;1,9;
1985-05-06;3,8;8,9;,2;30,4;26,08;21,9;83,75;2,633333;
1985-05-07;3,7;6,6;14,7;28,1;25,12;22;90,25;2,766667;
1985-05-08;1,7;2;73,4;29,6;24,72;20;92,75;1,266667;
1985-05-09;2,3;9,5;28,7;30,1;26,52;22,9;null;2,433333;
1985-05-10;3,5;7,2;,2;30,4;26,46;23,6;82,25;2,366667;
1985-05-11;3,2;0;7,5;27,5;24,4;22,5;90,75;2,166667;
1985-05-12;1,6;0;,3;28,9;25,14;22,1;86,25;2,966667;
1985-05-13;2,3;5,3;3,4;29,4;24,84;22,3;87,75;1,766667;
1985-05-14;1,3;7,7;41;29,9;25,78;21,6;77,75;2,466667;
1985-05-15;5;3,3;,8;29,6;25,06;21,5;88,5;2,333333;
1985-05-16;2;7,6;7,7;29,8;26,02;22,5;81,75;2,333333;
1985-05-17;2,2;3,9;3;28;24,84;23,7;90;2,633333;
1985-05-18;2,8;5,7;36,7;31,8;25,32;22,5;86,5;1,733333;
1985-05-19;3,4;6,7;1,5;29;25,26;22,7;86;2,7;
1985-05-20;2,7;2,5;12,5;28,6;25,14;21,9;86,75;1,566667;
1985-05-21;1,9;10,3;,4;30;25,36;21,9;82,25;1,533333;
1985-05-22;2;0;68,7;24,6;23,14;23;97,25;1,433333;
1985-05-23;,7;null;86,8;29,4;24,84;20,8;81,5;2,2;
1985-05-24;3,5;10;,2;29,4;25,08;20,2;76,25;2,6;
1985-05-25;4,4;7;,8;29,3;24,94;21;79,75;2,2;
1985-05-26;2,9;5,5;0;29,6;24,7;20;84,75;1,933333;
1985-05-27;3,4;6,9;,8;29,6;25,04;22;86;null;
1985-05-28;3,7;10;,5;29,4;25,18;20,7;80,5;null;
1985-05-29;3,4;7,7;0;29,8;25,54;20,4;80,25;null;
1985-05-30;1,7;7,8;17,5;29,5;25,72;22,1;83,75;null;
1985-05-31;3,4;7,5;1,8;29,4;25,7;23,1;85,25;null;
1985-06-01;3,6;8,8;3,5;29,7;25,8;22,9;84,25;4,7;
1985-06-02;3,7;5,2;4,2;29,8;25,32;21,9;84,75;3,433333;
1985-06-03;1,1;0;74,1;27;23,82;22,7;95,5;1,4;
1985-06-04;1,7;3,1;30,1;29;24,86;22;91,25;,966667;
1985-06-05;1,4;6,5;0;30,5;25,6;22,7;88,5;1,6;
1985-06-06;2,4;7,9;0;30,8;26,12;23,5;84,75;2;
1985-06-07;2,4;8,7;,5;30,8;27,24;22;71,25;1,566667;
1985-06-08;1,8;6,3;0;29,9;25,26;22;86,75;1,466667;
1985-06-09;2,2;8,7;0;29,8;25,32;21,6;85,25;1,2;
1985-06-10;2,4;8,6;0;30;25,38;21,3;85,75;2,066667;
1985-06-11;2,2;5,5;,6;30,1;25,88;21,9;82,75;1,5;
1985-06-12;2,8;8,9;,8;29,2;25,58;22,7;85,5;2,966667;
1985-06-13;3;9,7;4;29,2;24,34;22,1;86;3,433333;
1985-06-14;2,7;,1;0;28,8;24,48;21,5;92;3,366667;
1985-06-15;2,1;9,1;0;28,4;24,44;21,9;85,75;3,066667;
1985-06-16;2,3;0;40,1;24,8;23,7;22,2;94;1,8;
1985-06-17;,6;1,2;55,1;26,9;24,5;21,6;88,75;2,633333;
1985-06-18;1,7;,8;4,5;27,7;24,6;22,9;87;2,7;
1985-06-19;1,5;8,3;2,8;28,8;25,16;21,3;80,75;4;
1985-06-20;5,9;8,5;,7;28,4;26,2;24,5;73;5;
1985-06-21;4,9;7,5;9,3;29,4;25,04;22,7;89,25;3,466667;
1985-06-22;3;6,1;89,4;29,2;25,88;21,3;83,25;2,9;
1985-06-23;3;9,3;0;29,3;25,74;21,7;77,75;4,333333;
1985-06-24;4,8;7,4;3,4;29;24,7;20,8;79,75;3,666667;
1985-06-25;3;10,2;0;28,3;24,18;20,6;81,25;3,566667;
1985-06-26;3,6;7,5;4;28,4;23,92;20,2;85,75;3,433333;
1985-06-27;3,2;1,3;8,8;26,1;23,3;21,3;88;2,466667;
1985-06-28;1,7;8,4;5,5;28;23,82;20,2;85,25;2,8;
1985-06-29;7,6;6,7;2,2;29,4;24,86;20,9;81,5;3,1;
1985-06-30;2,7;0;8,4;24,5;22,16;20,8;null;1,8;
1985-07-01;null;null;5,1;28,3;23,88;20,4;90,75;null;
1985-07-02;null;null;17,3;28,5;25,62;22,6;80;null;
1985-07-03;null;null;2;27,5;24,04;21;88,5;null;
1985-07-04;null;null;34,1;28,5;25,26;21,1;78,25;null;
1985-07-05;null;null;0;28,3;24,22;21,1;87,5;null;
1985-07-06;null;null;45,3;28;24,24;21,9;90,25;null;
1985-07-07;null;null;23,1;26,4;23,7;22,1;94,75;null;
1985-07-08;null;null;22,2;28,7;24,3;22;83,5;null;
1985-07-09;null;null;1,3;28,4;24,46;21,4;85,5;null;
1985-07-10;null;null;11,6;27;23,34;22,5;93;null;
1985-07-11;null;null;64;27;23,02;21,3;96,5;null;
1985-07-12;null;null;48,5;25,3;22,9;21,7;95;null;
1985-07-13;null;null;39,7;26,8;23,46;21;90,25;null;
1985-07-14;null;null;27,9;27,4;24,46;21,9;91,75;null;
1985-07-15;null;null;20,2;27,2;24,56;22,3;90;null;
1985-07-16;null;null;9;28;24,44;22,1;77;null;
1985-07-17;null;null;0;25,9;23,22;20,8;89,25;null;
1985-07-18;null;null;9;27,9;24,3;21,9;87,25;null;
1985-07-19;null;null;9,6;26,6;23,98;20,8;73,25;null;
1985-07-20;null;null;1,6;27,4;23,6;20,4;82;null;
1985-07-21;null;null;5,1;27,9;24,2;21,6;85,5;null;
1985-07-22;null;null;12,6;25,8;23,36;21,8;92,75;null;
1985-07-23;null;null;70,2;25,8;23,04;20,8;92,75;null;
1985-07-24;null;null;2,5;27,1;22,6;19;82,75;null;
1985-07-25;null;null;,5;25,6;22,5;20,5;83,75;null;
1985-07-26;null;null;3,9;26,3;23,16;20,1;74,25;null;
1985-07-27;null;null;1,2;26,9;23,22;19,8;85,5;null;
1985-07-28;null;null;3,3;27,3;24,08;21,9;88;null;
1985-07-29;null;null;22,1;28,2;25,34;21,9;83,25;null;
1985-07-30;null;null;0;28,2;24,96;23,7;91;null;
1985-07-31;null;null;60,4;28;24,4;21,4;83;null;
1985-08-01;null;null;2,6;27,7;24,18;21,2;78;null;
1985-08-02;null;null;1,8;28,8;24,64;21,1;null;null;
1985-08-03;null;null;4,8;29,2;null;21,1;65,5;null;
1985-08-04;null;null;,5;27,8;23,62;20,6;87,75;null;
1985-08-05;null;null;7,9;27,3;23,86;20,8;86,75;null;
1985-08-06;null;null;4,6;27,2;23,6;21,6;90,25;null;
1985-08-07;null;null;19,8;28;24,78;22,1;79;null;
1985-08-08;null;null;19;23,6;21,96;21,1;94,75;null;
1985-08-09;null;null;12,8;27,6;23,96;21;83,75;null;
1985-08-10;null;null;2,3;28;23,72;19,8;77,5;null;
1985-08-11;null;null;,2;28,2;24,14;20;81,25;null;
1985-08-12;null;null;0;28,5;25;20,1;null;null;
1985-08-13;null;null;1,8;28,4;23,94;21,9;81,25;null;
1985-08-14;null;null;0;29,6;24,16;19;78,25;null;
1985-08-15;null;null;,6;28,7;24,2;20,6;87,5;null;
1985-08-16;null;null;9,4;28,3;24,88;20,6;77;null;
1985-08-17;null;null;0;28,4;24,92;22,8;81,25;null;
1985-08-18;null;null;9;28,4;24,3;20,4;79;null;
1985-08-19;null;null;1,7;28,2;24,32;19,9;89,5;null;
1985-08-20;null;null;10,8;27,9;24,5;22,7;76,25;null;
1985-08-21;null;null;0;26,3;22,72;19,9;93,5;null;
1985-08-22;null;null;10;28,3;24,56;20,5;84;null;
1985-08-23;null;null;1,1;28,9;25,12;22,1;82;null;
1985-08-24;null;null;0;28,7;25,6;21,8;79,5;null;
1985-08-25;null;null;0;27,8;25,36;21,7;78,75;null;
1985-08-26;null;null;4,2;28,4;25,72;22,6;76;null;
1985-08-27;null;null;0;28,4;24,92;23,4;78,75;null;
1985-08-28;null;null;2,3;27,6;24,24;21;84,25;null;
1985-08-29;null;null;2,4;28,5;null;null;78,25;null;
1985-08-30;null;null;7,6;28,6;25,3;22,3;73,75;null;
1985-08-31;null;null;0;28,2;24,44;20,6;77;null;
1985-09-01;4,8;10,1;0;28,4;24,5;20,6;75,75;3,733333;
1985-09-02;4,8;9,8;3,8;28,2;23,84;21,2;76,5;4,233333;
1985-09-03;5;6,1;6,3;27,9;23,32;19,5;81,75;3,866667;
1985-09-04;4,1;6,8;,8;28,2;24,48;20,6;77,75;4,633333;
1985-09-05;4,6;7,4;3,5;27,9;24,82;20,8;76;5,466667;
1985-09-06;5,8;8,7;3,4;28,2;25,24;22,7;70,5;3,8;
1985-09-07;5,1;9;,5;28,3;24,42;21,2;76,75;2,833333;
1985-09-08;5,6;8,9;3,2;28,2;24,74;20,5;74,25;3,3;
1985-09-09;4,9;5;3,6;28,3;25,28;20,8;76,75;5,866667;
1985-09-10;4,1;,1;6,6;26,8;23,58;22,1;null;1,966667;
1985-09-11;2,6;0;15,1;25,4;22,94;21,3;93,25;2,7;
1985-09-12;1,8;6,2;9,3;27,9;24,22;21,9;82,75;2,2;
1985-09-13;3,5;3,5;3,5;26,9;24,2;21,3;84,5;3,166667;
1985-09-14;2,9;7,7;4,8;28,2;25,1;20,9;79,25;4,1;
1985-09-15;4,4;8,7;,4;28,3;25,88;23,9;71,75;5,066667;
1985-09-16;6;8,5;,8;28,8;25,8;22,7;73;4,833333;
1985-09-17;4;8,7;0;28,5;25,04;20,8;72,5;5,7;
1985-09-18;6,3;0;5,6;26,3;23,7;21,4;82,75;2,133333;
1985-09-19;1,7;5;11,6;27,6;24,58;21,1;80;3,1;
1985-09-20;3,8;,3;8,2;26,8;24,86;21,7;73;3,8;
1985-09-21;5,3;7,9;,4;28,1;25,22;22,9;74,75;2,9;
1985-09-22;3,5;7,8;0;29;24,9;20,7;78;2,3;
1985-09-23;3,2;7,3;0;28,9;25,54;21;77;3,066667;
1985-09-24;4,9;7,9;,3;28,5;26,02;23,4;76;4,133333;
1985-09-25;5,3;6,9;0;28,4;25,66;23,1;75;3,966667;
1985-09-26;4,7;8,5;,3;28,8;26,12;23,4;76,75;3,4;
1985-09-27;7,4;8,8;0;29;25,84;21;75,5;3,6;
1985-09-28;6,1;8,7;0;29;25,66;21,3;73,25;3,3;
1985-09-29;5,1;9,4;0;29,1;24,94;20,6;75;2,133333;
1985-09-30;4,7;9,1;0;28,8;25,14;20,4;78;3,3;
1985-10-01;null;null;0;29,7;25,28;19,3;75,5;null;
1985-10-02;null;null;0;29,4;25,58;20,8;73,25;null;
1985-10-03;null;null;1,7;29;25,54;21;null;null;
1985-10-04;null;null;,5;29;25,54;21;73,75;null;
1985-10-05;null;null;0;29,4;25,4;20,9;70,75;null;
1985-10-06;null;null;0;29,4;25,24;19;69;null;
1985-10-07;null;null;0;29,8;25,26;19;null;null;
1985-10-08;null;null;0;29,7;25,46;20,3;74,75;null;
1985-10-09;null;null;0;30,2;26,04;23,1;79;null;
1985-10-10;null;null;0;30,2;26,42;23,5;68,75;null;
1985-10-11;null;null;0;29,8;25,84;20,4;65,25;null;
1985-10-12;null;null;,2;29,4;25,74;21,3;null;null;
1985-10-13;null;null;0;29,3;26,16;23,7;70,5;null;
1985-10-14;null;null;0;29,6;25,16;20,4;72,25;null;
1985-10-15;null;null;0;29,4;25,4;19;73,25;null;
1985-10-16;null;null;0;30,1;26,04;20,9;72;null;
1985-10-17;null;null;0;30;26,02;21,1;72;null;
1985-10-18;null;null;0;30;25,68;20,8;69,25;null;
1985-10-19;null;null;,7;29,7;25,76;21;70;null;
1985-10-20;null;null;3,6;28,3;24,34;21;84,5;null;
1985-10-21;null;null;7,8;29,2;25,72;21,9;76;null;
1985-10-22;null;null;0;30,1;25,08;19,8;74;null;
1985-10-23;null;null;0;30,6;25,92;19,8;70,25;null;
1985-10-24;null;null;0;30;25,74;19,6;72,5;null;
1985-10-25;null;null;0;30,5;26,54;22,1;74,25;null;
1985-10-26;null;null;0;30,4;26,04;20,2;69,75;null;
1985-10-27;null;null;,4;30;26,36;22;68,5;null;
1985-10-28;null;null;,8;29,5;26,54;23,7;73,5;null;
1985-10-29;null;null;0;29,7;25,82;21,1;70;null;
1985-10-30;null;null;0;29,9;25,5;20,7;67;null;
1985-10-31;null;null;1,7;29,3;24,98;21,2;76,5;null;
1985-11-01;null;null;4,7;29,8;25,66;21,1;73,75;null;
1985-11-02;null;null;0;29,6;25,82;20,4;72,75;null;
1985-11-03;null;null;1,4;29,2;25,9;21,2;73,75;null;
1985-11-04;null;null;0;30,4;26,54;22,3;70,25;null;
1985-11-05;null;null;0;31;26,28;22,1;70,75;null;
1985-11-06;null;null;0;30,8;25,94;20,8;72;null;
1985-11-07;null;null;,4;31,3;26,8;22,7;70;null;
1985-11-08;null;null;0;30,1;25,92;20,4;69;null;
1985-11-09;null;null;0;30,1;26,28;21,3;63,5;null;
1985-11-10;null;null;0;30;26,92;24,7;64;null;
1985-11-11;null;null;0;29,4;26,18;20,8;68;null;
1985-11-12;null;null;3,8;30;25,7;20,2;70;null;
1985-11-13;null;null;3,6;28,8;null;null;null;null;
1985-11-14;null;null;10,8;28,8;null;19,6;72;null;
1985-11-15;null;null;2,5;29,4;null;23,7;75,25;null;
1985-11-16;null;null;,1;29,8;24,8;21;75,25;null;
1985-11-17;null;null;0;29,9;25,9;19,7;69;null;
1985-11-18;null;null;0;30;26,4;22,9;71,75;null;
1985-11-19;null;null;0;30;26,36;21,3;69,25;null;
1985-11-20;null;null;,8;29,3;26,24;21;73;null;
1985-11-21;null;null;1,6;30;25,72;20,6;80,25;null;
1985-11-22;null;null;,7;30,2;26,4;21,7;72,75;null;
1985-11-23;null;null;0;30,4;26,84;22,2;67;null;
1985-11-24;null;null;0;30,2;26,54;21,9;72,75;null;
1985-11-25;null;null;,4;30,3;25,92;20;75,5;null;
1985-11-26;null;null;0;30,5;26,54;21,1;71,25;null;
1985-11-27;null;null;0;30,9;26,58;21;70;null;
1985-11-28;null;null;1;31,3;27,42;23,4;71,25;null;
1985-11-29;null;null;0;31,5;26,28;21,3;76;null;
1985-11-30;null;null;0;31,8;26,68;21,5;71,75;null;
1985-12-01;3,5;10,5;0;32;25,98;20,4;74,75;2,866667;
1985-12-02;4,2;9,8;0;32,2;26,36;18,4;73;3,8;
1985-12-03;5,5;7;0;30,4;26,68;21;68,5;3,8;
1985-12-04;6,4;10;0;30,4;25,9;21,5;70;3,733333;
1985-12-05;6,3;4,6;0;30,5;25,18;19,6;71,5;3,033333;
1985-12-06;4;4,2;0;30,4;26,26;20,6;71;2,466667;
1985-12-07;5,1;3,1;0;30,4;26,52;20,8;71,25;4,066667;
1985-12-08;3,6;6,4;,4;31,5;27,26;22,6;69;3,266667;
1985-12-09;6,8;2;0;30,6;26,58;21,9;73;3,833333;
1985-12-10;6,1;1,7;2,9;29,3;26,12;22,9;83,25;1,9;
1985-12-11;3,9;7,9;11,5;31;27,1;23,7;72,25;4,333333;
1985-12-12;7;7,6;0;30,2;26,48;20,4;72,5;3,233333;
1985-12-13;7,4;0;1,8;26,8;25,62;24,5;81,75;2,5;
1985-12-14;3,1;4,9;3,5;29,6;26;23,1;76;3,3;
1985-12-15;4,9;7,1;1,8;29,7;26,52;23;77,5;4,866667;
1985-12-16;5,6;10,3;0;30,5;25,78;20,8;81,25;2,266667;
1985-12-17;4,8;8,3;5,9;30;26,24;22,5;77;2,9;
1985-12-18;4,7;6,9;0;30,2;26,7;21,9;72,25;3,566667;
1985-12-19;5,6;0;,4;27,7;24,5;22,7;87,75;2,566667;
1985-12-20;2;5,8;5,1;30,4;26,72;22,5;72,75;3,266667;
1985-12-21;5,4;9,2;,2;30,5;25,7;21,3;81;2,1;
1985-12-22;4,1;7,9;5,3;30,1;26,64;21,4;74,75;3,7;
1985-12-23;5,2;8,8;1;29,9;27,06;24,1;75;4,633333;
1985-12-24;6,8;5,6;2,6;29,7;25,94;21,1;74;3,1;
1985-12-25;6;8,1;0;30;25,98;20,7;71,5;3,466667;
1985-12-26;5;9,7;0;29,6;25,88;20,5;75;2,866667;
1985-12-27;5;2,1;0;29,5;26,46;21,3;69,75;2,433333;
1985-12-28;3,8;1,9;2,8;29,8;26,46;22,7;77,75;2,333333;
1985-12-29;5,7;6,1;,8;30;26,86;22,5;72,5;3,9;
1985-12-30;6,7;4,7;0;30,2;26,52;22,3;75,25;2,966667;
1985-12-31;5,8;5,3;7;30,1;26,28;22,9;80,5;3,066667;
1986-01-01;4,5;7,9;1,6;30,4;26,78;22,7;75,25;3,1;
1986-01-02;5,5;8,4;0;30,3;26,76;21,9;74,75;3,033333;
1986-01-03;4,3;9,2;0;31,3;26,98;22,8;75;3,133333;
1986-01-04;3,5;10,2;0;31,7;26,94;22,2;73,5;2,866667;
1986-01-05;3,9;10,4;2;31,5;27,12;22,1;75,75;2,2;
1986-01-06;5;10,7;,6;31,2;27,14;23,1;71,25;3,366667;
1986-01-07;5,5;10,5;0;30,8;26,82;21,6;65,75;3,466667;
1986-01-08;7,3;9,3;0;31,4;26,8;20,2;73,5;4,5;
1986-01-09;5,8;6,5;4,6;30,9;27,24;23,3;75,75;4,3;
1986-01-10;4,2;8,4;3,5;30,5;27,18;23,7;76,25;3,133333;
1986-01-11;6,6;10,8;0;30,8;26,76;20,6;70,5;4;
1986-01-12;6,6;7,3;,2;30,9;26,08;21,7;73,5;3,366667;
1986-01-13;7,4;9,3;0;30,7;26,66;21;70,5;2,966667;
1986-01-14;7,3;9,5;0;31;26,84;21;70;3,233333;
1986-01-15;8,6;9,5;0;31,2;26,82;21;68,75;3,966667;
1986-01-16;8,8;10,9;0;31;26,96;22,4;68;3,833333;
1986-01-17;9;6,8;0;30,7;27,14;22,5;65,75;4,466667;
1986-01-18;7,5;6,4;0;31,6;27;21,9;65,5;4,066667;
1986-01-19;7,6;8,5;2,3;31;27,26;23,1;72;3,4;
1986-01-20;6,7;8,5;0;31,9;26,6;21;72,5;3,8;
1986-01-21;4,7;3;1;29,9;26,26;22,6;79,25;4;
1986-01-22;6;1,9;6;30,1;26,7;22,1;73;5,166667;
1986-01-23;8,9;10,8;0;31;27,28;23,9;69;4,2;
1986-01-24;6,8;10;0;31;27,38;23,3;68,25;5,466667;
1986-01-25;9,8;8,8;0;31,7;27,06;21,6;67,25;3,8;
1986-01-26;7,8;8,7;0;31,6;26,52;22;79,5;4,466667;
1986-01-27;5,2;7,6;24,6;30,8;27,08;23,8;77,25;2,7;
1986-01-28;4,5;1,3;0;30,1;26,98;20,4;72,25;2,6;
1986-01-29;4;8,9;1,1;30,5;27,44;24;73,5;3,533333;
1986-01-30;7;8,4;0;31;27,26;23,7;69,5;3,866667;
1986-01-31;5,8;,6;0;28,8;24,44;20,2;90;2,066667;
1986-02-01;1,4;4;35,4;29,7;24,58;21,5;null;1,2;
1986-02-02;2,8;8,4;29,6;29,9;27,22;21,1;68,25;2,633333;
1986-02-03;5;9,1;,8;30;27;25,8;68;2,7;
1986-02-04;5,3;1,4;9,4;28,4;26,14;23,6;84,25;2,633333;
1986-02-05;2,7;1;9,6;27,6;25,62;23,1;92,5;1,466667;
1986-02-06;1;0;48,1;27,7;25,46;23,6;92,75;1,766667;
1986-02-07;1,5;9,1;45,4;30,1;26,58;22,5;80,75;3,233333;
1986-02-08;3,7;8,2;15,5;29,9;27,2;24;77,5;4,066667;
1986-02-09;5,5;8,8;,7;30,1;26,98;23,5;75,75;3,3;
1986-02-10;4,5;10,2;,7;30;25,7;21,7;76,25;3,033333;
1986-02-11;4,8;2,1;0;29,7;26,4;21,7;74,25;1,766667;
1986-02-12;4,1;5,9;0;30,5;26,5;22,8;79,5;null;
1986-02-13;3,1;9,9;0;31;26,1;22,1;75,25;2,166667;
1986-02-14;4,3;10,6;0;31,8;27,3;22,5;76,5;3;
1986-02-15;3,7;8,6;0;31,2;27,02;22,9;77,25;2,666667;
1986-02-16;3,2;10,1;0;31;27,44;22,9;75,75;2,866667;
1986-02-17;3,8;10,3;,3;30,9;27,28;22,7;73,5;3,6;
1986-02-18;4,5;10,1;0;32,1;27,02;22;72;3,133333;
1986-02-19;3;8,3;1;30,3;25,38;21,7;86,25;2,8;
1986-02-20;4,3;7,8;10,6;29,8;26;22,6;82,25;4,6;
1986-02-21;2,7;7,4;1,8;29,7;25,62;21,5;81,25;2,7;
1986-02-22;6,4;10,3;0;30,3;25,8;21,9;74,5;null;
1986-02-23;5;3,4;0;30,4;26,32;21,3;79,75;1,933333;
1986-02-24;5,1;10,3;0;30,2;26,56;22;72;3,766667;
1986-02-25;5,3;9,8;,2;30,3;28,08;22,6;63,5;3,166667;
1986-02-26;4,3;5;0;30,1;26,9;22,5;73;3,033333;
1986-02-27;3,4;9,5;0;31,8;26,54;21,2;69;3,633333;
1986-02-28;6,1;7;3;30,4;27,06;23,3;74,25;2,666667;
1986-03-01;7,3;4,9;0;31;26,96;22,7;null;null;
1986-03-02;null;0;2,8;29,2;25,58;23,3;88,25;1,1;
1986-03-03;2,2;0;0;29;26,2;23;73,5;1,333333;
1986-03-04;5,6;2,1;17;29,2;25,56;23,1;90;2,466667;
1986-03-05;1,8;2,8;13,6;30;25,4;22,3;87,5;1,766667;
1986-03-06;1,6;6;0;30;25,86;21,9;73,5;2,366667;
1986-03-07;3,8;2,5;1,4;29,8;25,9;23,5;89,25;2,466667;
1986-03-08;2,8;1;11;30,2;25,58;23,1;90;1,366667;
1986-03-09;1,8;5;4,7;29,9;25,84;21,6;83;2,466667;
1986-03-10;3,5;,1;26;28,3;24,66;21,6;88;1,033333;
1986-03-11;1,9;4,8;1;30;26,24;21,9;84;4,1;
1986-03-12;3,2;0;17,2;29,8;24,88;22,5;97;3,866667;
1986-03-13;,6;,4;67,4;26;23,94;21,9;96;1,6;
1986-03-14;,3;0;52;27,9;24,68;22,8;94,5;,666667;
1986-03-15;1,4;8,6;0;30;26,28;21,8;78;1,166667;
1986-03-16;null;null;2,7;30;26,14;22,1;80,5;null;
1986-03-17;null;null;0;30;26,46;21,9;71,25;null;
1986-03-18;null;null;,6;30,2;26,46;22,4;75,5;null;
1986-03-19;null;null;0;29,9;26,86;22,3;74,5;null;
1986-03-20;null;null;15,2;30,2;26,14;22,9;75,25;null;
1986-03-21;null;null;,2;31;27,46;24,4;77,75;null;
1986-03-22;null;null;0;30,5;26,5;22,1;77,75;null;
1986-03-23;null;null;4,8;30,6;26,78;22,3;81,25;null;
1986-03-24;null;null;102;30,5;24,26;22,3;96,75;null;
1986-03-25;null;null;73,8;29;26,02;21,7;80,75;null;
1986-03-26;null;null;20,8;30,3;25,24;22,5;88,75;null;
1986-03-27;null;null;5,3;30,6;26,72;22,5;81,25;null;
1986-03-28;null;null;,5;30,7;26,46;22,7;83,25;null;
1986-03-29;null;null;67,7;29,7;25,72;22,9;87,25;null;
1986-03-30;null;null;13,7;29,9;26,48;23,4;83;null;
1986-03-31;null;null;0;30,4;27,24;23,2;77,5;null;
1986-04-01;3,3;2,5;5,3;29,7;27,02;23,8;81,5;2,033333;
1986-04-02;2,7;1,6;3;29,8;27,4;24;78,25;3,666667;
1986-04-03;4,9;1,9;,5;29,7;26,2;23;79;4,3;
1986-04-04;3,4;8,7;1,2;30,1;25,54;21,5;81,75;2,5;
1986-04-05;3,8;6,7;1;29,3;25,54;22,7;83;1,933333;
1986-04-06;3,7;3,1;9,8;29,4;24,86;22,9;89,75;2,033333;
1986-04-07;null;,4;26,5;26,5;24,4;23,2;96,25;2,2;
1986-04-08;,4;2,1;154,2;29,2;25,34;22,3;92,25;3,1;
1986-04-09;1,6;0;22,8;27,1;25,08;23,6;93,5;1,4;
1986-04-10;2,3;0;68,9;27,7;24,82;23;92,25;1,133333;
1986-04-11;1;3,3;4,4;30;26,52;21,7;79;2,466667;
1986-04-12;3,4;9,7;0;30,6;26,82;22,6;80,25;2,866667;
1986-04-13;3,3;2,1;25,5;29,3;26,54;23,8;83,75;2,866667;
1986-04-14;2,3;2,3;1,2;29;25,82;24,1;93,5;1,766667;
1986-04-15;1,2;3,8;37,9;30,1;27,28;23,1;80;4,166667;
1986-04-16;3,3;0;9,3;28,8;26,64;24,3;86,5;1,866667;
1986-04-17;2,2;6,3;17;29,6;26,42;24,1;82;4,2;
1986-04-18;3;9,1;0;30;26,12;22,7;82;3,266667;
1986-04-19;3,5;3,7;0;29;25,54;22,3;87,75;2,266667;
1986-04-20;2;,9;34,6;29,2;25,8;23,5;89,5;1,366667;
1986-04-21;1,7;8,8;1;29,6;26,54;22,3;76,75;3,033333;
1986-04-22;3,3;9;1;29,8;25,82;22,5;76,25;2,466667;
1986-04-23;3,5;6,4;,4;29,8;26,48;22,5;73,5;2,2;
1986-04-24;2,8;7,3;0;30;25,36;20,8;82,75;1,533333;
1986-04-25;2,9;5,6;3,6;29,6;26,3;22,2;81,5;3,066667;
1986-04-26;3;2,8;4,1;29,8;26,56;23,1;82,5;2,466667;
1986-04-27;2,8;5,1;,4;29,7;25,56;22,4;85,75;1,766667;
1986-04-28;2,6;9,2;0;30,6;26,86;22,1;80;1,533333;
1986-04-29;3;5,8;10,4;29,9;27,28;23,9;79;2,733333;
1986-04-30;2,7;7,9;0;30,6;26,58;22,9;85,25;1,366667;
1986-05-01;2,6;9,2;2;30,4;26,58;23,1;83,25;2,733333;
1986-05-02;4,1;8,7;8;30,4;26,74;23;78,75;1,933333;
1986-05-03;3,6;3,9;0;30,4;26,14;22,3;85,5;1,666667;
1986-05-04;,9;6,7;12,7;29,5;25,62;22,4;87,5;1,866667;
1986-05-05;1,8;4,2;2,9;29,3;26,92;23,5;77,5;3,066667;
1986-05-06;2,2;1,5;15,4;28,4;25,44;23,1;86,75;2,8;
1986-05-07;1,4;2,1;20,2;28,9;26,46;22,7;79,75;2,633333;
1986-05-08;2,3;7,1;5;29,5;25,72;23,4;83,75;2,1;
1986-05-09;2,5;9,5;0;29,7;25,04;21,3;81,75;1,333333;
1986-05-10;2,8;8,2;0;30,1;25,74;20,6;85,5;2,466667;
1986-05-11;2,8;7,4;7,1;29,9;25,88;22,5;86,75;1,633333;
1986-05-12;2,8;9,8;0;30,1;26,16;21,5;78,75;2,6;
1986-05-13;3,4;1,8;6,4;30,3;25,92;23,2;83,75;1,333333;
1986-05-14;1,9;7,2;5,3;30,6;25,62;22,5;85,75;1,633333;
1986-05-15;2,3;8,9;0;30;26,22;21,3;79,5;2,666667;
1986-05-16;3,4;8,3;,8;29,7;26,62;22,3;76,5;3,566667;
1986-05-17;4,8;8,9;,8;29,9;26,62;23,5;82;2,733333;
1986-05-18;3,2;8,9;,4;30;26,42;21,1;79,75;3,033333;
1986-05-19;3,7;7,9;1;30;26,34;20,5;73,5;2,833333;
1986-05-20;4,1;3,8;5;29,2;25,24;23,1;86,5;2,466667;
1986-05-21;3,2;6,1;6,3;29,7;26,22;22,6;81,25;2,666667;
1986-05-22;2,7;1,6;14,4;27,4;24,2;22,7;95,5;1,833333;
1986-05-23;,3;,3;47,9;27,6;24,22;22,5;94,5;2,733333;
1986-05-24;1;0;235;25,7;24,22;22;89,25;1,966667;
1986-05-25;1;,6;16,4;28,4;24,12;21;92;1,333333;
1986-05-26;1,5;,5;52,1;24,8;22,8;21,7;98,5;2,733333;
1986-05-27;,5;5,4;22,7;28,6;25,08;21,6;88;1,666667;
1986-05-28;2,6;,3;22,4;28,9;25,26;22,3;83,75;2,2;
1986-05-29;2,7;2,1;5,7;27,9;25,18;22,9;84,75;2,8;
1986-05-30;1,6;2,3;57,4;27,7;24,52;21,8;87,25;2,8;
1986-05-31;2;5,6;1,5;28,7;25,4;22,1;85,25;1,666667;
1986-06-01;1,8;0;61,5;25;23,56;23,1;null;1,766667;
1986-06-02;,4;1,9;32,4;28,1;24,4;22,1;null;1,8;
1986-06-03;1,6;1,4;9,3;27,5;24,12;22,3;null;1,3;
1986-06-04;2,4;5,7;45,7;28,3;24,08;22,1;null;3,533333;
1986-06-05;1,8;3,8;12,1;27,9;24,92;22,9;84,25;4,733333;
1986-06-06;2,9;9,6;3,6;28,6;24,34;20,3;77,25;2,5;
1986-06-07;3,7;4,7;0;27,6;24,38;21,7;82,5;3,566667;
1986-06-08;2;1,1;6,3;27,6;24;21,8;85,5;2,466667;
1986-06-09;2,7;5,7;2,3;28,5;24,72;22,1;83;3,433333;
1986-06-10;2,5;4,5;25,1;28,6;25,02;22,5;82,25;3,133333;
1986-06-11;4;4,9;2,8;28,3;24,84;21,3;87,25;3,166667;
1986-06-12;2,6;0;21,8;25,3;24,36;22,7;90,75;2,4;
1986-06-13;2,7;9,2;22;28,4;24,92;22,1;86;4,366667;
1986-06-14;3,4;4,2;28;27,7;24,92;22,5;72,75;5,2;
1986-06-15;5,3;7,9;0;28,3;24,36;21,1;73,25;3,333333;
1986-06-16;4,5;4,3;0;28,9;24,22;21;88,25;2,6;
1986-06-17;3,7;0;10,2;24,6;23,6;21,8;94,25;3,766667;
1986-06-18;1,3;0;91,1;26,7;23,54;22,3;90,75;2,5;
1986-06-19;1;7,1;8,2;28,1;24,54;20,5;79,5;3,066667;
1986-06-20;3,3;5,5;,1;27,8;23,78;20,4;89;2,966667;
1986-06-21;2,4;0;23,9;26,1;23,56;20,5;89;2,333333;
1986-06-22;1;8,4;7,1;27,9;24,66;21,4;83,5;3,2;
1986-06-23;4,1;4;5,4;27,7;25,06;21,4;76;5,033333;
1986-06-24;5,5;6,5;1,5;28,4;25,1;23,7;84,25;3,5;
1986-06-25;4,6;0;7,2;26;24,02;23;81,25;2,9;
1986-06-26;2,6;2;4,5;27,1;23,74;21,3;88,5;2,4;
1986-06-27;1,8;1,1;5,6;27,1;24,46;21;85;2,966667;
1986-06-28;1,8;,7;,6;27,2;23,88;21,9;null;2,2;
1986-06-29;1;0;6,6;26,8;23,24;21,8;89,5;1,733333;
1986-06-30;1,4;9,2;,8;28,2;24,48;21,1;85;3;
1986-07-01;2,5;0;28;24,4;23,16;21,7;95,5;1,866667;
1986-07-02;1,3;2,6;47,4;28;23,72;21;87,25;2,966667;
1986-07-03;2;4,7;25;28,7;24,56;21,2;85,25;3,566667;
1986-07-04;3,8;6,4;1,8;27,9;23,8;20,8;86,75;2,5;
1986-07-05;2,8;7,8;3,6;28,4;24,02;21,1;84,25;,933333;
1986-07-06;2,1;,6;4,8;26,6;23,48;21,3;94,5;2,2;
1986-07-07;1,4;5,9;1,2;27,7;null;21,1;null;2,933333;
1986-07-08;2,7;8,8;,6;27,5;23,94;20;85,5;2,466667;
1986-07-09;2,6;6,3;10,5;27,8;23,52;21;91,75;2,366667;
1986-07-10;2,1;5;11;28,1;23,76;20,6;85,75;4,233333;
1986-07-11;3;2,1;25,4;28,8;23,72;21;94;2,466667;
1986-07-12;1,2;1,6;39;23,6;21,88;21,2;null;2,866667;
1986-07-13;,2;0;103,5;24,5;22,32;20,7;95,75;2,5;
1986-07-14;1,8;6,8;40,6;27,1;24,36;20,9;77,5;5,6;
1986-07-15;3,7;4,3;1,8;27,3;24,38;22,7;90,75;3,633333;
1986-07-16;2;2,8;32,3;27,4;24,18;22,3;90,25;2,133333;
1986-07-17;2,1;7,2;25,2;28;23,78;21,1;87;1,933333;
1986-07-18;2,7;2,4;,3;27,7;23,5;21,1;86;3,633333;
1986-07-19;2,5;5,7;2,6;27,6;23,6;21,5;89;1,7;
1986-07-20;1,9;1;28,7;28;24,56;21,9;89;2,433333;
1986-07-21;1,6;6,6;3,5;28,1;24,06;21,5;88,5;1,933333;
1986-07-22;3,1;9,7;,6;28,2;23,6;20;82,75;1,333333;
1986-07-23;3,5;6;0;27,7;24,66;20,4;81,5;2,533333;
1986-07-24;2,9;,7;23,8;27,2;23,24;21,8;90;2,766667;
1986-07-25;2,7;6,5;4,5;27,9;24,6;20;77;3,033333;
1986-07-26;2,7;9,4;0;28,3;23,58;20,6;79;1,666667;
1986-07-27;2,9;8;0;27,6;null;19;85,75;1,633333;
1986-07-28;2,9;7,9;0;28,2;23,74;22,8;83,25;1,2;
1986-07-29;3;9,1;0;28,1;24,02;18,7;76;2,866667;
1986-07-30;2,5;7,3;0;28;23,06;19,6;86,5;3,033333;
1986-07-31;2,3;5;6,3;27,6;24,4;18,8;79,5;2,133333;
1986-08-01;4,3;9,9;,6;28;null;20,7;79,75;0;
1986-08-02;4,1;6,6;2,7;27,7;23,18;20,5;86;1,5;
1986-08-03;3;,9;2,4;26,3;24,62;21,1;74,25;4,466667;
1986-08-04;3,7;7,9;5,9;27,6;24,7;21,5;70;5,766667;
1986-08-05;4,9;3,6;1,2;26,8;22,86;20;86,5;3,4;
1986-08-06;2,7;,2;26,2;23,8;22,62;21,1;94,5;2,7;
1986-08-07;,8;4,5;53,2;27,5;23,86;22,1;91;2,9;
1986-08-08;1,4;6,7;65,9;27,3;24,2;21,5;81,5;3,833333;
1986-08-09;3,2;9,3;3,1;27,2;23,88;21;76,75;4,233333;
1986-08-10;3,6;4,9;5,5;27,5;23,54;20,3;86,75;2,45;
1986-08-11;2,4;5,4;16,8;28;23,28;20,4;92,5;1,633333;
1986-08-12;2,1;2,8;19,5;28;24,32;20,8;84,25;2,233333;
1986-08-13;1,7;4;31,5;27,7;24,42;21,5;84,75;2,266667;
1986-08-14;2,2;1,4;7,4;27,2;24,46;21,3;82,25;2,566667;
1986-08-15;1,8;2;10,4;27;23;20,4;91,5;2,433333;
1986-08-16;2,1;4,4;23,2;27,2;23,9;21,7;84,5;2,2;
1986-08-17;3,7;8,7;3,8;27,7;25,34;22,9;78,5;3,266667;
1986-08-18;4,5;9,5;0;27,8;23,96;20,4;82,25;2,566667;
1986-08-19;3,6;10,1;0;28,4;24,56;19,8;76,5;2,033333;
1986-08-20;3,6;5,7;27,8;29;24,58;21,4;84;1,6;
1986-08-21;2,6;9;0;28,3;24,78;19,8;75,75;3,4;
1986-08-22;4;7,1;,7;28,8;24,92;20,4;76,75;2,4;
1986-08-23;3,2;9,1;0;29,2;25,3;20,8;81;2,2;
1986-08-24;3;8,9;0;28,9;25,32;21,1;77;2,9;
1986-08-25;3,6;8,4;,6;28,6;25,32;20,4;72,25;3,133333;
1986-08-26;5,2;9,2;1;29;24,74;20,3;76,25;3;
1986-08-27;4,6;7,6;5;28,4;24,32;21,2;74,25;3,7;
1986-08-28;4,2;4,3;,6;27,4;24,38;21;82,25;4,666667;
1986-08-29;3,9;8,3;3,8;28,4;25,14;21,4;74;5,8;
1986-08-30;6;0;11;26,5;23,02;21,7;94;2,766667;
1986-08-31;1,4;6,7;26,9;28,3;24,24;20,8;83,5;3,866667;
1986-09-01;3,1;3,3;9;28;24,64;21,7;83,5;4,433333;
1986-09-02;3,5;3,9;11,8;27,5;23,36;21,7;93,75;3,7;
1986-09-03;3;,1;27,6;26,8;23,08;21,2;83,75;5,966667;
1986-09-04;3,5;1,7;5,8;26,6;23,2;20,2;78;4,4;
1986-09-05;4,6;10,1;,6;27,7;23,74;20,2;80,75;4,4;
1986-09-06;4,4;6,4;3,6;28,2;23,96;20,8;86,5;4,2;
1986-09-07;3;0;2,3;28,2;24,22;21,9;84,75;3,6;
1986-09-08;4,4;0;11,5;25,8;23,02;20;81,25;2,7;
1986-09-09;3,8;9,6;0;28,4;24,4;20,7;81,5;3,966667;
1986-09-10;4,8;8,2;5,7;28,2;24,5;21,1;83;3,866667;
1986-09-11;3,6;5,2;4;28,2;24,08;21,6;86,25;3,266667;
1986-09-12;2,8;4,9;2,2;27,4;24,54;21,5;85,25;3,566667;
1986-09-13;3,8;8,9;7;27,7;24,62;21,7;87;2,466667;
1986-09-14;4,6;0;46,3;28,4;24,38;23,3;88,5;4,7;
1986-09-15;3,2;,2;26,2;27;24;21,4;82,25;2,8;
1986-09-16;2,2;8,9;8,8;28,3;24,34;19,8;79,25;4,233333;
1986-09-17;4,5;6,2;1,8;28,3;25,32;22;79;4,033333;
1986-09-18;4,9;3,8;1,2;28,1;24,5;22,3;85,25;4,3;
1986-09-19;3,6;9;0;28,4;24,5;20,1;75;3,7;
1986-09-20;4,4;9,3;7,8;28,5;24,38;21;83;2,866667;
1986-09-21;4,4;6,1;6,4;28,4;25,64;22,3;75,75;3,833333;
1986-09-22;6,3;7,3;0;28,8;25,56;22,3;78,75;3,266667;
1986-09-23;4,9;4,6;1,6;27,4;25,58;23,5;78,5;3,866667;
1986-09-24;4,8;7,4;,5;28;25,78;23,7;75,25;3,3;
1986-09-25;6,4;8,3;0;27,9;25,18;20,6;75;2,866667;
1986-09-26;6,2;8,5;0;28,3;25,28;20,6;73,25;3,966667;
1986-09-27;4,8;8,2;0;28,6;25,48;21,1;76,5;4;
1986-09-28;4,2;5;2,8;28,2;24,4;21,2;86;3;
1986-09-29;3,5;4,8;5,5;28,9;24,44;21,1;89;3,333333;
1986-09-30;2,6;4,9;17;28,8;25,64;22,1;81;3,3;
1986-10-01;4,2;8,4;0;28,7;25,76;24,1;77,5;3,133333;
1986-10-02;4,1;10;0;28,9;25,22;20,6;74,75;2,9;
1986-10-03;4,9;9,5;0;28,9;25,58;20,4;70,75;3,166667;
1986-10-04;6;6,6;1,4;28,8;25,58;23;81;2,766667;
1986-10-05;3,5;3,7;8,7;29;25,18;22,1;75;2,7;
1986-10-06;4,8;10,2;1;28,6;25,26;20,2;73,75;3,7;
1986-10-07;4,6;5,2;,6;28,2;25,24;21;75,75;4,566667;
1986-10-08;5,3;2,7;2,9;27,9;24,5;22,9;87,75;2,8;
1986-10-09;3;5,8;17,9;29,2;25,74;22,1;78;3,933333;
1986-10-10;5;9,8;0;28,9;26,16;22;74,25;3,066667;
1986-10-11;3,5;9,2;,5;29,7;26,06;21,9;76,25;2,7;
1986-10-12;2,8;6,7;8,3;28,9;25,84;23,1;78,25;2,366667;
1986-10-13;5;4,9;0;29,2;24,98;21,7;85,75;2,2;
1986-10-14;2,6;9;0;30,1;25,02;22;79,75;2,2;
1986-10-15;3,5;10,2;0;30,1;25,56;20,2;73,25;2,933333;
1986-10-16;4,2;9,8;0;29,3;25,66;20,5;73,5;3,066667;
1986-10-17;4,9;8,6;0;29,1;25,78;20,6;73,75;2,9;
1986-10-18;6;10,4;0;29,6;23,78;20,2;78,75;2,2;
1986-10-19;3,6;10,4;0;29,6;25,54;19,2;74,5;3,033333;
1986-10-20;5,2;8;,2;29,6;25,66;24,5;85,5;3,366667;
1986-10-21;4,5;8;1,4;29,1;26,08;22,7;75,75;5,266667;
1986-10-22;6,1;6,9;6;29;25,96;22,4;75,25;2,7;
1986-10-23;4,4;10;,2;29,4;25,36;20,1;72,25;2,8;
1986-10-24;4,8;10,1;0;30,1;26;20,1;75,75;3,133333;
1986-10-25;5,8;10,3;0;29,5;26;21,1;76,5;3,3;
1986-10-26;5,7;10,9;0;29,5;25,88;21;70;3,233333;
1986-10-27;7,1;10,4;0;29,2;23,96;20,8;74;2,9;
1986-10-28;5;6,9;0;29;25,86;23;78,5;2,966667;
1986-10-29;3,5;7,9;2,7;29,7;26,02;23,1;72,5;2,733333;
1986-10-30;4;6,8;6,5;29,4;25,5;18,2;74,25;2,533333;
1986-10-31;5,4;10,3;1,1;29,3;26,34;22,2;69,75;4,3;
1986-11-01;9;5,2;,5;28,6;25,64;20,7;72,75;3,566667;
1986-11-02;7,1;6,9;,2;29,4;25,9;20,8;69,5;4,4;
1986-11-03;5,5;9,4;5,7;29,2;26,02;21,7;73,5;3,8;
1986-11-04;6;7,9;0;29,3;26,66;24,6;74,25;3,866667;
1986-11-05;6,8;10,2;0;29,7;26,88;24,4;73;3,9;
1986-11-06;7,7;9,4;0;29,7;26,8;24,5;71,75;4,7;
1986-11-07;6,9;8,1;0;29,6;25,84;21,1;75,5;3,766667;
1986-11-08;6,3;8,2;0;30;26,82;23,9;72;4,1;
1986-11-09;6,2;9,1;0;29,8;26,76;24,3;72;3,933333;
1986-11-10;7,4;10,1;0;30;26,6;23,8;71,5;3,3;
1986-11-11;2,1;1,6;0;29,7;26,18;21,3;76,5;3,8;
1986-11-12;5,5;7,9;0;30,1;26,68;21,9;71,25;3,5;
1986-11-13;5,8;9,5;0;32;26,96;23,5;76,75;3,3;
1986-11-14;6,4;6,5;0;30;26,56;23,5;72,75;3,35;
1986-11-15;6,6;9,3;0;30,1;27,08;25;69,75;5,1;
1986-11-16;6;6,9;1;29,8;26,98;24,1;72,25;5,2;
1986-11-17;7,3;5,2;,3;30;27;25,7;74,5;3,5;
1986-11-18;6,2;9,3;,2;30,1;26,96;24,1;69;3,8;
1986-11-19;2,5;9,2;,8;30,3;26,26;20,2;72,25;4,7;
1986-11-20;8,8;,3;0;28,6;26,5;24,9;78,5;4,033333;
1986-11-21;5,2;,4;,9;29,2;24,88;24,9;91,75;3,333333;
1986-11-22;2;1,4;,9;null;null;21;82,5;3,433333;
1986-11-23;4,8;8,4;,7;28;25,52;22,9;83;4,7;
1986-11-24;4,2;8,1;4,8;28,2;25,48;22,8;83,25;4,433333;
1986-11-25;3,1;1,4;null;28,5;24,88;22,1;93;1,466667;
1986-11-26;1,4;4,8;10,2;29,3;26,34;23,3;80,25;3,666667;
1986-11-27;3,8;9,7;2,6;29,5;26,58;23,5;79;3,8;
1986-11-28;5,1;10,4;1;29,7;26,72;24,3;72,25;3,933333;
1986-11-29;5;5,5;3;29,1;25,76;22,7;89,75;2,2;
1986-11-30;2,8;,9;9,4;29;25,6;22,6;89,25;2,833333;
1986-12-01;null;null;null;28,8;null;21,9;null;null;
1986-12-02;null;null;,8;null;null;null;null;null;
1986-12-03;null;3,7;3,4;29,5;26,06;24,1;84,25;1,3;
1986-12-04;4,6;2,6;8;29,4;25,44;22,9;85,25;2,6;
1986-12-05;3,4;3,4;,7;28,6;24,76;22,1;86,25;2,9;
1986-12-06;2,6;6,7;1,4;28,5;25,08;21,7;81,25;1,25;
1986-12-07;5,2;10,4;0;29,7;26,22;21,2;75,5;2,4;
1986-12-08;4,2;10,3;0;30;26,04;21;78,25;2,733333;
1986-12-09;3,4;9,5;0;30,4;25,78;21,8;82,75;3,233333;
1986-12-10;3,4;9,8;0;30,5;26,52;21,7;72,5;3,133333;
1986-12-11;4;9,2;0;29,7;25,76;20,3;84,5;3,566667;
1986-12-12;5;10,9;0;29,2;26,02;21;69,5;3,833333;
1986-12-13;6;10,2;0;29,4;25,82;20,3;72;1,233333;
1986-12-14;5,8;6,7;0;29,3;25,26;21,4;78;3,3;
1986-12-15;3,4;8,1;0;30,2;26,26;21;75,25;3,1;
1986-12-16;5,1;8,6;,3;29,6;26,54;21;74,5;4,233333;
1986-12-17;6;10,8;0;29,9;27,06;25;72,25;3,8;
1986-12-18;6;8,9;0;30;26,78;23,9;78,25;4,466667;
1986-12-19;9;9,4;0;29,7;26,56;23,8;76,5;3,966667;
1986-12-20;4,2;8,6;0;29;26,38;23,8;73,5;4,3;
1986-12-21;5,3;9,6;,2;30;26,06;21,6;73;4;
1986-12-22;4,7;6;1;29,2;25,52;21;83,5;2,733333;
1986-12-23;3,8;4,2;1,1;30;26,88;23,3;76,75;3,033333;
1986-12-24;5,1;8,4;,2;29,9;27,08;23,3;77;3,666667;
1986-12-25;4,1;4,7;13,6;30;26,62;23,5;83,75;3,5;
1986-12-26;3,6;8;1,6;29,8;26,8;23,2;80,25;2,366667;
1986-12-27;3,7;,8;1,4;27,9;26,36;23;83,25;2,3;
1986-12-28;4,4;3,4;7,2;29,6;26,6;23,3;77,5;3,7;
1986-12-29;null;null;7,2;29,8;26,18;23;80,75;null;
1986-12-30;4,2;6,7;0;29,7;26,36;23,1;81,75;2,5;
1986-12-31;4;8,3;,2;29,9;26,7;23,2;81,5;3,2;
1987-01-01;null;null;,6;30,2;27,08;23,1;80;null;
1987-01-02;null;null;,3;30;27,52;24,2;73,25;null;
1987-01-03;null;null;3,2;29,9;26,7;23,1;75,75;null;
1987-01-04;null;null;0;30,3;25,7;21,5;86;null;
1987-01-05;null;null;15,6;28,6;24,64;21;89,5;null;
1987-01-06;null;null;4,1;29,7;25,92;21,5;85,5;null;
1987-01-07;null;null;4,4;28,3;26,28;23,9;82,25;null;
1987-01-08;null;null;3,2;29,7;26,36;23,1;84,25;null;
1987-01-09;null;null;2,9;29,6;26,78;23,8;75,75;null;
1987-01-10;null;null;0;30,2;26,26;21,7;76;null;
1987-01-11;null;null;0;30,5;26,4;21,5;76,5;null;
1987-01-12;null;null;1;30;26,6;21,8;73,75;null;
1987-01-13;null;null;0;30,1;27,1;24,9;71;null;
1987-01-14;null;null;0;30;25,5;20,7;75;null;
1987-01-15;null;null;0;30;25,74;21,9;84,75;null;
1987-01-16;null;null;9,1;29,2;25,94;21,5;82;null;
1987-01-17;null;null;0;30,1;26,66;21,3;76,75;null;
1987-01-18;null;null;0;30,5;27,6;23,1;71,5;null;
1987-01-19;null;null;,7;31,2;27,18;22,8;79,5;null;
1987-01-20;null;null;0;30,4;27,68;25,2;76,25;null;
1987-01-21;null;null;0;30,2;26;22,5;78;null;
1987-01-22;null;null;0;31;26,48;20,2;69;null;
1987-01-23;null;null;0;30,6;26,78;21,7;76,5;null;
1987-01-24;null;null;0;31,2;27,14;22,4;76,25;null;
1987-01-25;null;null;0;31,3;27,12;22,4;74,75;null;
1987-01-26;null;null;0;30,7;26,76;21,6;81,5;null;
1987-01-27;null;null;0;31,4;27,1;21,6;76,75;null;
1987-01-28;null;null;0;30,9;27,1;22,3;72;null;
1987-01-29;null;null;0;29,8;25,78;21;80;null;
1987-01-30;null;null;5;30,9;27,32;22,3;72,5;null;
1987-01-31;null;null;,4;31,3;27,2;22,5;74,75;null;
1987-02-01;null;null;0;31,3;28,04;25,8;72,25;null;
1987-02-02;null;null;0;30,8;26,64;21;76,25;null;
1987-02-03;null;null;0;31;27,64;25;73,5;null;
1987-02-04;null;null;0;31,8;28,02;24,7;68;null;
1987-02-05;null;null;42,3;27,6;24,22;21,9;88;null;
1987-02-06;null;null;0;30,6;26,76;20,8;77,25;null;
1987-02-07;null;null;,8;30,6;27,56;24,6;78;null;
1987-02-08;null;null;4,3;30,7;28,14;26,2;77,75;null;
1987-02-09;null;null;2,1;30,2;27,22;25,2;80,75;null;
1987-02-10;null;null;1,5;29,8;25,58;22,9;88,5;null;
1987-02-11;null;null;51,8;30,2;25,72;21,4;81,75;null;
1987-02-12;null;null;2,8;28,8;25,44;22,2;86,5;null;
1987-02-13;null;null;23,3;30;27,02;22,7;73;null;
1987-02-14;null;null;0;30,4;26,72;22,1;74,5;null;
1987-02-15;null;null;,5;31,6;26,54;22,9;77,5;null;
1987-02-16;null;null;4,8;27,8;24,66;22,5;91,75;null;
1987-02-17;null;null;10,5;29,9;26,74;23,3;79;null;
1987-02-18;null;null;,9;30,3;26,86;22,9;74,75;null;
1987-02-19;null;null;13;30,4;27,02;22,9;76,75;null;
1987-02-20;null;null;,2;30,3;27,4;26,4;74,75;null;
1987-02-21;null;null;1,3;30;25,88;22,4;83,5;null;
1987-02-22;null;null;,7;29,9;26,04;22,7;81;null;
1987-02-23;null;null;33,1;29,9;26,88;23,5;75,75;null;
1987-02-24;null;null;0;30;26,76;22,5;77,25;null;
1987-02-25;null;null;0;30,3;26,96;22,1;78,25;null;
1987-02-26;null;null;0;30,4;26,96;21,9;79,5;null;
1987-02-27;null;null;1,5;30;27,3;25;77,75;null;
1987-02-28;null;null;,6;29,9;26,98;22,5;78,25;null;
1987-03-01;null;null;0;30,6;27,68;25,8;77;null;
1987-03-02;null;null;0;30,7;27,18;21,4;76;null;
1987-03-03;null;null;,8;30,4;27,06;23,9;77,25;null;
1987-03-04;null;null;90;30,4;null;null;90,75;null;
1987-03-05;null;null;14;30,2;26,94;23,1;82;null;
1987-03-06;null;null;2;30,1;27,16;24,1;80,25;null;
1987-03-07;null;null;0;30,3;27,06;22,5;77;null;
1987-03-08;null;null;0;29,8;27,1;22,6;75;null;
1987-03-09;null;null;7,1;30,6;27,96;23,3;77,25;null;
1987-03-10;null;null;8,7;30,7;27,76;24,3;77,5;null;
1987-03-11;null;null;,4;31;27,52;22,4;73,25;null;
1987-03-12;null;null;24;29,9;26,64;22,7;81,5;null;
1987-03-13;null;null;5,1;31,3;27;23,1;80,75;null;
1987-03-14;null;null;,8;31,6;25,96;23,8;85,75;null;
1987-03-15;null;null;28,9;30,2;25,74;22,5;87,75;null;
1987-03-16;null;null;51;29,2;24,84;22,5;null;null;
1987-03-17;null;null;16,4;29,9;26,44;23,7;84,25;null;
1987-03-18;null;null;1;30,6;26,86;22,5;76,75;null;
1987-03-19;null;null;24,7;30,4;26,5;23,7;83;null;
1987-03-20;null;null;11;30,3;26,48;23,5;81;null;
1987-03-21;null;null;16,4;26,2;24,9;23,7;93,25;null;
1987-03-22;null;null;37,5;30,1;26,12;22,7;80;null;
1987-03-23;null;null;11,3;30;25,9;22,5;91,75;null;
1987-03-24;null;null;54,4;27,4;25,58;23,7;89,5;null;
1987-03-25;null;null;28,3;30,1;26,38;23,8;81;null;
1987-03-26;null;null;0;30,2;25,84;21,5;81,5;null;
1987-03-27;null;null;,6;29,9;25,28;22,3;null;null;
1987-03-28;null;null;20,5;30,4;26,58;23,2;82,5;null;
1987-03-29;null;null;3;29,1;26,08;23,1;86;null;
1987-03-30;null;null;14,2;29,9;25,56;22,1;88,75;null;
1987-03-31;null;null;4,4;29,2;25,66;23,3;94;null;
1987-04-01;null;null;66,5;29,9;25,46;22,5;89,5;null;
1987-04-02;null;null;23;29,9;26,48;23,7;86,5;null;
1987-04-03;null;null;14,8;29,4;26,12;23,3;84;null;
1987-04-04;null;null;13,1;29,2;25,4;23;87,75;null;
1987-04-05;null;null;4,7;30,1;26,72;22,7;78,25;null;
1987-04-06;null;null;,6;30,6;27,06;23,1;81;null;
1987-04-07;null;null;5,2;30,4;26,66;24,1;81,5;null;
1987-04-08;null;null;6,6;29,3;26,42;24,7;88;null;
1987-04-09;null;null;27,4;29,2;25,58;23,7;91,75;null;
1987-04-10;null;null;86,2;29,2;25,98;23,8;92,25;null;
1987-04-11;null;null;23,7;29,5;26,82;24,5;81;null;
1987-04-12;null;null;3,6;30,1;26,32;23,1;83,5;null;
1987-04-13;null;null;1;30;25,86;22,4;82,75;null;
1987-04-14;null;null;,4;30,6;25,66;21,9;82,25;null;
1987-04-15;null;null;6,6;30,6;27;22,8;80,5;null;
1987-04-16;null;null;7,1;29,2;25,68;23,5;86,5;null;
1987-04-17;null;null;,3;30,7;26,8;25,3;84;null;
1987-04-18;null;null;2;30,1;26,98;23,1;75;null;
1987-04-19;null;null;0;30,3;26,94;22,3;76,25;null;
1987-04-20;null;null;0;30,1;27,16;24,7;null;null;
1987-04-21;null;null;2,8;30,5;27,56;24,9;79;null;
1987-04-22;null;null;,1;30,6;27,3;24,5;85;null;
1987-04-23;null;null;5,8;30;27,26;24,5;null;null;
1987-04-24;null;null;6,2;30;25,8;22,1;86,5;null;
1987-04-25;null;null;2,7;30,3;25,5;23,5;95,25;null;
1987-04-26;null;null;3,2;30,2;26,1;23,1;91,25;null;
1987-04-27;null;null;7,6;30,6;27,08;23,3;78,75;null;
1987-04-28;null;null;1,8;30,6;26,94;23,7;87,75;null;
1987-04-29;null;null;0;30,8;27,36;23,3;79,25;null;
1987-04-30;null;null;0;30,3;26,96;24;86;null;
1987-05-01;null;null;0;30,3;25,76;22;84,25;null;
1987-05-02;null;null;0;30,1;26,84;22,1;80,75;null;
1987-05-03;null;null;0;30,3;26,76;23,5;81,75;null;
1987-05-04;null;null;0;30,5;27,38;22,3;79,5;null;
1987-05-05;null;null;0;30,6;27,26;24,1;85,25;null;
1987-05-06;null;null;0;30,4;26,46;22,7;77,25;null;
1987-05-07;null;null;19;30,6;26,4;23,1;82,5;null;
1987-05-08;null;null;2,8;31;25,48;22,5;82,25;null;
1987-05-09;null;null;0;30,1;24,64;20,3;84,75;null;
1987-05-10;null;null;0;30,6;25,9;20,6;81;null;
1987-05-11;null;null;36,5;27,8;25,54;22,9;85,75;null;
1987-05-12;null;null;29;29,8;26,6;23,3;80,25;null;
1987-05-13;null;null;,2;30;26,46;22,7;78;null;
1987-05-14;null;null;0;null;null;23,5;85;null;
1987-05-15;null;null;12,7;29,9;26,16;22,3;89;null;
1987-05-16;null;null;2;30,2;26,48;22,3;80,75;null;
1987-05-17;null;null;1,5;30;25,44;23,3;84,5;null;
1987-05-18;null;null;1,6;30,7;25,56;23,4;84,5;null;
1987-05-19;null;null;0;30,1;25,32;20,6;80,75;null;
1987-05-20;null;null;0;30,3;26,58;23,2;77,5;null;
1987-05-21;null;null;0;30,6;25,42;21;83,25;null;
1987-05-22;null;null;0;30,4;25,48;20,9;82,25;null;
1987-05-23;null;null;,8;30,5;27,04;21,5;73;null;
1987-05-24;null;null;3,9;30,3;27,48;24,5;72;null;
1987-05-25;null;null;,7;30,3;25,84;21,9;80,5;null;
1987-05-26;null;null;0;30,2;25,2;21,1;83,75;null;
1987-05-27;null;null;0;30;25,46;22,7;86;null;
1987-05-28;null;null;25;30,1;25,2;22,5;84;null;
1987-05-29;null;null;0;29,6;25,6;23,1;85,25;null;
1987-05-30;null;null;,7;30;25,32;21,4;82;null;
1987-05-31;null;null;,7;30,1;25,34;21,9;87;null;
1987-06-01;null;null;61,5;29,6;25,64;21,7;83;null;
1987-06-02;null;null;,6;29,6;26,3;22,2;76,25;null;
1987-06-03;null;null;0;29,6;25,88;22,1;81;null;
1987-06-04;null;null;0;29,8;25,38;22,3;87,25;null;
1987-06-05;null;null;28,1;29,5;25,16;22,5;89,25;null;
1987-06-06;null;null;21,6;26,6;24,6;22,5;93,25;null;
1987-06-07;null;null;33,8;29;25,6;22,4;86;null;
1987-06-08;null;null;15,1;29,6;25,16;22,4;91,5;null;
1987-06-09;null;null;4,4;29,6;25,58;23,1;89,75;null;
1987-06-10;null;null;4,6;28,6;25,4;23,1;80,5;null;
1987-06-11;null;null;4,6;27,5;24,66;22;93,25;null;
1987-06-12;null;null;21,9;28,7;25,54;21,9;95,25;null;
1987-06-13;null;null;51,4;28,6;25,24;23,5;94,5;null;
1987-06-14;null;null;26,5;28,9;25,46;23,5;80,25;null;
1987-06-15;null;null;2,8;29,2;25,34;21,1;85,5;null;
1987-06-16;null;null;2;30;26,16;23,3;83,5;null;
1987-06-17;null;null;17,4;29,1;25,08;23,7;88,25;null;
1987-06-18;null;null;9;28,6;25,94;23,3;82,75;null;
1987-06-19;null;null;5;29,2;24,64;22,4;84,25;null;
1987-06-20;null;null;0;29,1;25,34;21,2;82;null;
1987-06-21;null;null;1;29,2;25,3;20,7;87;null;
1987-06-22;null;null;26;27,3;23,92;20,6;93,75;null;
1987-06-23;null;null;19;29,2;24,8;20,4;80,25;null;
1987-06-24;null;null;,5;29,4;24,72;21,8;86,5;null;
1987-06-25;null;null;1,4;29,2;25,4;21,8;80,25;null;
1987-06-26;null;null;0;29,1;25,36;21,3;75,5;null;
1987-06-27;null;null;10,3;28,4;24,12;20,8;92,5;null;
1987-06-28;null;null;19,6;27,8;24,06;21,9;89,75;null;
1987-06-29;null;null;36,7;28,4;24,62;22,2;85,25;null;
1987-06-30;null;null;19;28;24,96;22;78,5;null;
1987-07-01;null;null;27,1;28,6;24,3;21,1;90;null;
1987-07-02;null;null;21,7;28;25,66;22,7;77,25;null;
1987-07-03;null;null;15,9;28,9;null;null;84,5;null;
1987-07-04;null;null;22,6;26,8;null;22,9;null;null;
1987-07-05;null;null;29,6;28,6;25,64;23,2;83,25;null;
1987-07-06;null;null;8,4;27,8;null;22,6;null;null;
1987-07-07;null;null;16,6;27,8;null;22,8;null;null;
1987-07-08;null;null;14,9;28,4;24,98;21,4;83,5;null;
1987-07-09;null;null;37,8;26,3;null;22,5;null;null;
1987-07-10;null;null;3,3;28,6;25,36;22;84,5;null;
1987-07-11;null;null;32;null;null;22,1;null;null;
1987-07-12;null;null;15,2;28,3;24,98;21,3;82,25;null;
1987-07-13;null;null;13,3;28,7;24,8;21,3;null;null;
1987-07-14;null;null;5;28,2;24,78;21,5;84,5;null;
1987-07-15;null;null;5,2;29;25,38;21,9;88,75;null;
1987-07-16;null;null;17;28,6;24,42;20,6;89,5;null;
1987-07-17;null;null;5,2;26,6;24,6;21,6;91,5;null;
1987-07-18;null;null;39,8;28,5;24,68;21,7;83,25;null;
1987-07-19;null;null;7;24,6;22,86;21,5;93;null;
1987-07-20;null;null;16,6;28,2;24,26;20,5;null;null;
1987-07-21;null;null;27,1;27,5;24,58;20,6;83,25;null;
1987-07-22;null;null;0;29,7;25,34;21,3;82,25;null;
1987-07-23;null;null;0;28,4;24,82;21,5;null;null;
1987-07-24;null;null;4;28;23,94;21;86,75;null;
1987-07-25;null;null;3,3;27,7;24,58;21,3;null;null;
1987-07-26;null;null;5,5;28,6;24;20,7;83;null;
1987-07-27;null;null;0;28,6;24,52;20,8;84;null;
1987-07-28;null;null;17;null;null;22,3;86,5;null;
1987-07-29;null;null;10,3;29,3;25,96;23,5;75;null;
1987-07-30;null;null;0;30;25,08;20,8;79,75;null;
1987-07-31;null;null;0;30,8;25,24;24,7;null;null;
1987-08-01;null;null;0;29,5;25,12;20,1;80,75;null;
1987-08-02;null;null;,5;28,9;26,04;24,2;79,5;null;
1987-08-03;null;null;1;30,6;25,72;20,8;78,25;null;
1987-08-04;null;null;0;28,9;25,68;21,3;73,75;null;
1987-08-05;null;null;0;28,4;26,02;24,1;77,25;null;
1987-08-06;null;null;,3;28,6;25,5;21,9;78,5;null;
1987-08-07;null;null;,1;29,1;25,86;19,8;68,5;null;
1987-08-08;null;null;0;29,3;25,26;24,5;75,75;null;
1987-08-09;null;null;0;29,8;25,96;23,9;79;null;
1987-08-10;null;null;0;30;25,56;20,2;75,5;null;
1987-08-11;null;null;0;31,2;26,24;20,8;71,5;null;
1987-08-12;null;null;1,8;28,3;25,02;19,8;75;null;
1987-08-13;null;null;0;30,1;25,5;20,2;72,75;null;
1987-08-14;null;null;2;29,1;25,96;22,5;77,5;null;
1987-08-15;null;null;2,2;29;25,74;21,7;79;null;
1987-08-16;null;null;1,7;28,4;24,9;22,4;85,25;null;
1987-08-17;null;null;29,8;25,6;23,68;21;84,75;null;
1987-08-18;null;null;,7;27,7;24,48;20,3;87,75;null;
1987-08-19;null;null;2;29;24,18;20,5;80,5;null;
1987-08-20;null;null;0;28,5;25,1;20,2;78,75;null;
1987-08-21;null;null;1;28,7;25,26;21,1;81,75;null;
1987-08-22;null;null;6,3;28,6;25,4;22,2;83,5;null;
1987-08-23;null;null;15,2;28,7;24,64;22,6;88,75;null;
1987-08-24;null;null;21,1;28,2;24,46;22,1;80,75;null;
1987-08-25;null;null;15,4;28,2;25,3;21,8;79,5;null;
1987-08-26;null;null;11,3;27;23,78;21,3;96,25;null;
1987-08-27;null;null;2,8;28,4;24,9;21,5;82,75;null;
1987-08-28;null;null;2,5;28,4;25,44;21,7;82;null;
1987-08-29;null;null;5,1;28,2;25,6;22,7;68,25;null;
1987-08-30;null;null;,3;27,7;23,18;20,2;86;null;
1987-08-31;null;null;7,4;28;23,5;20,9;90,5;null;
1987-09-01;null;null;23;27,2;23,94;21,5;91,5;null;
1987-09-02;null;null;6,6;28,3;25,04;21,7;null;null;
1987-09-03;null;null;1,8;28,4;25,04;21;83;null;
1987-09-04;null;null;1,6;28,5;25,18;20;77;null;
1987-09-05;null;null;0;28,4;25,28;20,2;75,25;null;
1987-09-06;null;null;6,1;28,5;25,12;20,2;76,75;null;
1987-09-07;null;null;,2;28,8;24,92;19;76;null;
1987-09-08;null;null;0;29,2;null;18,8;null;null;
1987-09-09;null;null;6,4;28,9;23,8;19;78,25;null;
1987-09-10;null;null;1,4;28,1;24,18;19,1;76,25;null;
1987-09-11;null;null;3;28,7;24,74;21,5;77,75;null;
1987-09-12;null;null;,8;29,4;25,52;21,2;74,5;null;
1987-09-13;null;null;0;29,1;25,72;21,2;73,75;null;
1987-09-14;null;null;2;29,2;25,22;22,8;78;null;
1987-09-15;null;null;2,7;28,1;24,54;20,7;82,5;null;
1987-09-16;null;null;0;28,9;25,66;21;78,25;null;
1987-09-17;null;null;,3;28,8;25,68;20,9;75;null;
1987-09-18;null;null;0;29,7;25,7;20,6;75,75;null;
1987-09-19;null;null;2;29,4;26,32;23,8;76,25;null;
1987-09-20;null;null;0;29,3;25,2;19,3;79;null;
1987-09-21;null;null;0;28,9;25,48;21,5;78,75;null;
1987-09-22;null;null;,4;29,4;25,8;20,7;76,25;null;
1987-09-23;null;null;0;30;26,04;20,8;73,75;null;
1987-09-24;null;null;0;29,4;25,36;18,8;73,75;null;
1987-09-25;null;null;0;29,7;26,2;20,9;76,5;null;
1987-09-26;null;null;0;29,3;25,04;21;82,5;null;
1987-09-27;null;null;4,9;28,8;25,54;21,7;76,25;null;
1987-09-28;null;null;6,7;29,2;25,68;21;78,5;null;
1987-09-29;null;null;0;29,4;25,38;22,8;85,25;null;
1987-09-30;null;null;12,1;30;24,82;22,5;82;null;
1987-10-01;null;null;25,3;27,2;23,94;21,5;83,25;null;
1987-10-02;null;null;0;28,3;25,04;21,7;82,75;null;
1987-10-03;null;null;,3;28,4;25,04;21;77,5;null;
1987-10-04;null;null;0;28,5;25,18;20;77,5;null;
1987-10-05;null;null;5;28,4;25,28;20,2;77,25;null;
1987-10-06;null;null;71,8;28,8;25,18;20,2;80,25;null;
1987-10-07;null;null;,4;28,8;24,92;19;77,5;null;
1987-10-08;null;null;0;29,2;25,48;18,8;70,5;null;
1987-10-09;null;null;1;28,9;23,8;19;null;null;
1987-10-10;null;null;1;29,1;24,44;19,1;null;null;
1987-10-11;null;null;9,2;29,2;24,92;21,7;87;null;
1987-10-12;null;null;3,6;29,2;24,48;21,5;88,25;null;
1987-10-13;null;null;14,9;29,1;25,38;21,4;null;null;
1987-10-14;null;null;0;29,3;25,62;19,6;75,25;null;
1987-10-15;null;null;0;28,6;26,04;23,3;72,75;null;
1987-10-16;null;null;1,8;29;25,52;22,3;76,75;null;
1987-10-17;null;null;0;29,3;24,94;19,8;78,25;null;
1987-10-18;null;null;0;29,5;25,76;22,2;71,5;null;
1987-10-19;null;null;0;28,5;25,86;21;73,75;null;
1987-10-20;null;null;0;30,7;25,48;21,1;80,5;null;
1987-10-21;null;null;0;null;null;22,1;76,75;null;
1987-10-22;null;null;0;29,9;24,5;20,2;84,25;null;
1987-10-23;null;null;0;29,1;24,96;20,2;78,25;null;
1987-10-24;null;null;0;29,1;26,44;25;80,75;null;
1987-10-25;null;null;,5;29,5;25,8;21,1;73,5;null;
1987-10-26;null;null;0;29,2;25,74;20,9;77;null;
1987-10-27;null;null;0;29,1;26,26;24;74,75;null;
1987-10-28;null;null;0;29,9;25,82;20,9;74,5;null;
1987-10-29;null;null;26,1;28,6;24,92;23;85,75;null;
1987-10-30;null;null;,4;29,8;26,22;22,3;71,5;null;
1987-10-31;null;null;0;30,5;26,22;21,9;82,5;null;
1987-11-01;null;null;0;29,4;25,86;21,9;76,75;null;
1987-11-02;null;null;0;30;25,96;21;71,5;null;
1987-11-03;null;null;0;29,7;25,9;21,5;76,25;null;
1987-11-04;null;null;0;30;25,76;20,8;null;null;
1987-11-05;null;null;0;30,1;25,58;20,8;81,25;null;
1987-11-06;null;null;0;30,2;25,72;20,7;77,75;null;
1987-11-07;null;null;0;30,5;26,44;22,1;74;null;
1987-11-08;null;null;0;30,2;25,88;20,8;78;null;
1987-11-09;null;null;,2;30,9;26,2;20,8;76,5;null;
1987-11-10;null;null;0;30,3;26,18;21,4;78,25;null;
1987-11-11;null;null;0;30;26,24;23;77;null;
1987-11-12;null;null;0;30,8;27,1;24,9;73,75;null;
1987-11-13;null;null;0;30,5;26,08;21,1;74,75;null;
1987-11-14;null;null;2;30,6;26,18;21;76;null;
1987-11-15;null;null;0;30,5;26,08;20,9;75,5;null;
1987-11-16;null;null;0;30,2;26,78;24,6;74,5;null;
1987-11-17;null;null;0;31,3;27,1;22,1;70,75;null;
1987-11-18;null;null;0;30,9;27,66;24,5;75;null;
1987-11-19;null;null;2;30;26,4;23,5;76,5;null;
1987-11-20;null;null;1,8;30,2;26,6;23;73,75;null;
1987-11-21;null;null;0;30,3;26,62;21;72,5;null;
1987-11-22;null;null;0;30,4;27,1;23,1;75,5;null;
1987-11-23;null;null;0;30,4;28,18;25,1;71,5;null;
1987-11-24;null;null;0;30,6;null;null;76;null;
1987-11-25;null;null;1,4;30,6;27,52;24,6;null;null;
1987-11-26;null;null;,6;30;26,26;21,7;84;null;
1987-11-27;null;null;2,6;31,2;null;23,8;null;null;
1987-11-28;null;null;1,6;30,7;26,96;23,5;null;null;
1987-11-29;null;null;0;30,7;26,6;22,7;79,5;null;
1987-11-30;null;null;0;30,3;27,34;23,4;78,25;null;
1987-12-01;null;null;0;30,5;27,3;23,5;78,5;null;
1987-12-02;null;null;0;31;27,16;23,4;78;null;
1987-12-03;null;null;0;31,2;26,8;22,4;73;null;
1987-12-04;null;null;0;31,6;27,38;25,3;70,25;null;
1987-12-05;null;null;0;30;26,44;24,9;84,75;null;
1987-12-06;null;null;0;30,7;27,14;24,4;77;null;
1987-12-07;null;null;0;30,7;26,58;21;75;null;
1987-12-08;null;null;0;30,9;27,42;23,8;74,25;null;
1987-12-09;null;null;0;30,9;27,2;22,4;70,25;null;
1987-12-10;null;null;5;30,6;26,74;22,1;72,25;null;
1987-12-11;null;null;0;30,4;27,46;24,7;76,5;null;
1987-12-12;null;null;0;30;26,96;25,5;82,25;null;
1987-12-13;null;null;0;30,7;26,5;22;75,75;null;
1987-12-14;null;null;0;31;27,02;20,9;75,25;null;
1987-12-15;null;null;0;30,7;27,88;25;76,25;null;
1987-12-16;null;null;0;30,6;26,76;21;78,75;null;
1987-12-17;null;null;5,8;30,6;27,18;24,5;77;null;
1987-12-18;null;null;1,6;31;27,02;22,5;74;null;
1987-12-19;null;null;0;30,9;27,56;23,9;73,5;null;
1987-12-20;null;null;0;30,9;26,78;21;77;null;
1987-12-21;null;null;0;31;27,1;21,7;74,25;null;
1987-12-22;null;null;0;31,9;27,64;22,5;72,5;null;
1987-12-23;null;null;0;32,7;27,72;22,3;77,25;null;
1987-12-24;null;null;0;31,3;27,32;22,7;75,25;null;
1987-12-25;null;null;0;31,3;27,72;24,9;74,75;null;
1987-12-26;null;null;0;31,5;27,4;22,5;78,5;null;
1987-12-27;null;null;0;31,2;27,18;21,9;76,25;null;
1987-12-28;null;null;0;31,7;27,16;21,5;72,75;null;
1987-12-29;null;null;0;31,5;27,04;21,5;71,75;null;
1987-12-30;null;null;0;31,7;27,76;25,2;73;null;
1987-12-31;null;null;0;31,6;27,24;21,4;73;null;
1988-01-01;null;null;0;31,9;28,02;23,9;77,5;null;
1988-01-02;null;null;0;32,2;28,08;23,7;74,75;null;
1988-01-03;null;null;,3;32,6;28,16;23,1;73,25;null;
1988-01-04;null;null;0;32;27,88;24,2;74,25;null;
1988-01-05;null;null;,5;31;27,52;23,9;68;null;
1988-01-06;null;null;0;31,2;27,14;22,7;71,5;null;
1988-01-07;null;null;0;31,9;27,74;23,8;71;null;
1988-01-08;null;null;0;31,6;27,42;22;null;null;
1988-01-09;null;null;16,6;30;25,7;23,4;85;null;
1988-01-10;null;null;2,8;30,7;26,04;21,7;77,25;null;
1988-01-11;null;null;7,4;31,4;27,58;24;79;null;
1988-01-12;null;null;4,4;30,8;26,78;25,1;79,25;null;
1988-01-13;null;null;1,6;30,7;27,64;24,9;71;null;
1988-01-14;null;null;0;30,9;27,12;25;71,25;null;
1988-01-15;null;null;,3;29,7;26,06;21,2;80;null;
1988-01-16;null;null;8;30,6;27,66;24,1;71;null;
1988-01-17;null;null;,6;30,6;27,82;24,6;73,25;null;
1988-01-18;null;null;1,4;30,8;27,68;25,2;73;null;
1988-01-19;null;null;0;31,3;27,52;21,9;70,25;null;
1988-01-20;null;null;0;30,8;27,36;22,5;68,5;null;
1988-01-21;null;null;,4;32,1;27,68;22,7;69,75;null;
1988-01-22;null;null;0;31,4;27,68;23,6;68,25;null;
1988-01-23;null;null;0;31,6;27,04;22,3;71,25;null;
1988-01-24;null;null;0;31,4;26,74;21,9;75,25;null;
1988-01-25;null;null;5,4;30,2;26,74;23,9;77,75;null;
1988-01-26;null;null;14,1;30,5;26,66;21,3;68,75;null;
1988-01-27;null;null;1,6;31,2;26,8;22,6;76;null;
1988-01-28;null;null;0;30,8;27,22;22,5;73,75;null;
1988-01-29;null;null;0;31,5;27,78;23,3;72,75;null;
1988-01-30;null;null;0;31,8;27,98;24,9;73,75;null;
1988-01-31;null;null;0;31,2;27,3;22,3;69;null;
1988-02-01;null;null;0;31,3;27,68;22,5;68;null;
1988-02-02;null;null;0;31,5;27,44;23,5;71,75;null;
1988-02-03;null;null;0;31;27,48;22,4;72,25;null;
1988-02-04;null;null;0;31,7;27,66;22,5;73,75;null;
1988-02-05;null;null;0;30,9;27,64;24,4;69,75;null;
1988-02-06;null;null;0;31,5;28,16;24,9;69;null;
1988-02-07;null;null;0;31,5;27,48;21,9;68,25;null;
1988-02-08;null;null;9,7;31,4;27,2;23;70,75;null;
1988-02-09;null;null;0;31,3;27,52;21,9;68,5;null;
1988-02-10;null;null;0;29,8;28,2;25,3;62;null;
1988-02-11;null;null;0;31,7;27,58;21;66;null;
1988-02-12;null;null;,4;31,5;27,18;20,8;68,75;null;
1988-02-13;null;null;0;31,7;27,46;21,5;70,5;null;
1988-02-14;null;null;14,4;30,8;26,94;22,7;77;null;
1988-02-15;null;null;,4;31,3;27,8;23,4;72,25;null;
1988-02-16;null;null;11;30,1;27,54;23,9;73;null;
1988-02-17;null;null;1,2;30,6;27,36;21,7;69,75;null;
1988-02-18;null;null;2,6;30,6;27,42;23,4;72,75;null;
1988-02-19;null;null;1,3;30,5;28,2;26,2;72,25;null;
1988-02-20;null;null;,9;31,4;27,6;23,1;72;null;
1988-02-21;null;null;0;31,6;28,02;22,7;67,5;null;
1988-02-22;null;null;2;31,2;27,54;22,5;71,25;null;
1988-02-23;null;null;0;31,8;28,08;22,7;69;null;
1988-02-24;null;null;0;31,8;27,42;23,9;82,25;null;
1988-02-25;null;null;35;30,6;27,22;22,8;73,5;null;
1988-02-26;null;null;1,6;31,4;28,32;24,3;69,25;null;
1988-02-27;null;null;,4;30,7;28;24,7;72;null;
1988-02-28;null;null;1;30,7;27,72;23,8;73,25;null;
1988-02-29;null;null;0;30,7;27,96;24,5;70,75;null;
1988-03-01;null;null;0;30,9;27,38;22,4;70,5;null;
1988-03-02;null;null;0;30,8;27,56;24,1;70;null;
1988-03-03;null;null;0;31,9;27,9;23,9;74,5;null;
1988-03-04;null;null;0;32,2;27,6;23;74,25;null;
1988-03-05;null;null;0;31,8;27,4;21,7;75,75;null;
1988-03-06;null;null;0;32,1;27,92;22,7;73,75;null;
1988-03-07;null;null;3;32,3;28,76;25,8;72,25;null;
1988-03-08;null;null;0;32,4;27,86;22,9;77,5;null;
1988-03-09;null;null;0;33,7;27,14;24,2;77,5;null;
1988-03-10;null;null;9,2;32,3;27,58;22,3;76,75;null;
1988-03-11;null;null;4;33,1;28,26;24,5;76,5;null;
1988-03-12;null;null;0;31,9;28;23,7;75,25;null;
1988-03-13;null;null;0;32,2;28,14;23,1;74;null;
1988-03-14;null;null;0;32,1;28,42;24,2;72,75;null;
1988-03-15;null;null;,6;32,3;28,14;23,9;74,75;null;
1988-03-16;null;null;0;32,9;28,52;22,7;72,5;null;
1988-03-17;null;null;1,3;30,4;26,28;23,6;83,75;null;
1988-03-18;null;null;3,8;30,2;27;21;71,5;null;
1988-03-19;null;null;0;32,9;28,06;21,7;70;null;
1988-03-20;null;null;0;34,6;28,7;22,9;69;null;
1988-03-21;null;null;0;35,1;null;null;84;null;
1988-03-22;null;null;8,5;34,5;28,16;22,9;77,75;null;
1988-03-23;null;null;2,6;31,3;27,08;23,2;78,5;null;
1988-03-24;null;null;13,8;30,1;25,26;22;88,75;null;
1988-03-25;null;null;6,2;30,6;26,74;22,7;81,5;null;
1988-03-26;null;null;5,3;31,5;26,64;23,2;85,75;null;
1988-03-27;null;null;2,4;31,1;28,22;24,1;69,75;null;
1988-03-28;null;null;0;31,2;27,62;23,9;73,25;null;
1988-03-29;null;null;2,9;31;27,96;23,2;69,25;null;
1988-03-30;null;null;17,6;29,9;25,04;22,1;93,75;null;
1988-03-31;null;null;75;28;24,18;21,7;95,25;null;
1988-04-01;null;null;72;30,4;26,5;22,7;85,25;null;
1988-04-02;null;null;6;30,7;26,92;23,1;80,75;null;
1988-04-03;null;null;0;31,6;26,8;23,1;82;null;
1988-04-04;null;null;0;31;27,92;22,8;72;null;
1988-04-05;null;null;7;27,3;24,7;22;90,5;null;
1988-04-06;null;null;28;30,4;27,48;22,6;73,25;null;
1988-04-07;null;null;0;30,8;26,86;24,3;83,5;null;
1988-04-08;null;null;53,7;28,8;24,88;21;92,25;null;
1988-04-09;null;null;10,2;30,3;26,56;23,3;85;null;
1988-04-10;null;null;10,3;30,4;26,9;23,9;79;null;
1988-04-11;null;null;2,1;30,6;26,4;22,5;85;null;
1988-04-12;null;null;4,2;30,5;26,4;23,1;87,25;null;
1988-04-13;null;null;14;29,7;25,72;23,3;90,5;null;
1988-04-14;null;null;15,7;31;27,22;23,8;85;null;
1988-04-15;null;null;21,6;31,6;27,46;23,4;83;null;
1988-04-16;null;null;6,9;30;26,34;23,7;84,75;null;
1988-04-17;null;null;,5;31,2;27,16;23;80,75;null;
1988-04-18;null;null;5,6;30,5;26,68;23,5;84,5;null;
1988-04-19;null;null;9,7;28,5;25,14;23,5;94;null;
1988-04-20;null;null;20,2;30,7;25,84;24,9;null;null;
1988-04-21;null;null;0;30,1;26;22,9;88,5;null;
1988-04-22;null;null;114,4;30,3;26,12;23,5;88;null;
1988-04-23;null;null;,7;30,6;27,06;23,5;84,25;null;
1988-04-24;null;null;8,4;29,8;25,58;23,1;null;null;
1988-04-25;null;null;23;30,5;27,14;23,6;82;null;
1988-04-26;null;null;0;30,7;26,5;21,9;82,5;null;
1988-04-27;null;null;22,6;30,5;26,24;23,8;86;null;
1988-04-28;null;null;2,6;30,6;26,4;23,1;90,5;null;
1988-04-29;null;null;63,6;30,3;25,22;23,2;95,25;null;
1988-04-30;null;null;75,1;25,7;23,98;22,9;96,5;null;
1988-05-01;null;null;12,4;29,9;26,38;22,5;82;null;
1988-05-02;null;null;12,4;29,8;25,38;23,3;89,5;null;
1988-05-03;null;null;42;28,7;26,18;22,7;85,5;null;
1988-05-04;null;null;26,7;29,5;26,62;22,4;81;null;
1988-05-05;null;null;1,4;30,3;26,48;22,3;83;null;
1988-05-06;null;null;14,2;29,5;25,5;23;83,25;null;
1988-05-07;null;null;2;29,6;24,94;21,5;82,75;null;
1988-05-08;null;null;0;29,8;25,84;21,6;84,25;null;
1988-05-09;null;null;0;29,9;25,62;23;84,75;null;
1988-05-10;null;null;0;30,1;25,84;22,9;78,5;null;
1988-05-11;null;null;0;29,8;25,22;22,1;81,75;null;
1988-05-12;null;null;0;29,6;25,68;22,6;82,5;null;
1988-05-13;null;null;0;29,7;25,48;22,1;88,25;null;
1988-05-14;null;null;2,2;30,2;25,7;21,7;82;null;
1988-05-15;null;null;3,2;29,5;25,94;24;82,75;null;
1988-05-16;null;null;2;30,4;26,22;22,9;83,5;null;
1988-05-17;null;null;3,4;28,9;24,84;21,9;89;null;
1988-05-18;null;null;12;30;26,28;21,5;79,5;null;
1988-05-19;null;null;3,8;27,6;25,02;22,9;92;null;
1988-05-20;null;null;9,1;29,2;25,88;22,2;78,5;null;
1988-05-21;null;null;6,5;27,4;24,9;21,7;95,5;null;
1988-05-22;null;null;55,3;29,6;26,38;23,9;84,5;null;
1988-05-23;null;null;1,8;29,8;26,9;22,7;77,75;null;
1988-05-24;null;null;,4;29,3;25,84;24,1;79,25;null;
1988-05-25;null;null;0;29,6;25,9;22,7;77;null;
1988-05-26;null;null;0;29,3;25,58;22,9;76,75;null;
1988-05-27;null;null;0;29,5;25,28;21,7;80,25;null;
1988-05-28;null;null;0;29,7;24,66;19,8;79,75;null;
1988-05-29;null;null;0;29,6;23,64;20,6;88;null;
1988-05-30;null;null;0;29,3;24,42;20,6;86;null;
1988-05-31;null;null;0;30,1;24,92;20,6;84;null;
1988-06-01;null;null;0;29,2;24,56;20,6;83,5;null;
1988-06-02;null;null;0;29,8;24,56;20,2;85;null;
1988-06-03;null;null;0;29,7;26,3;20,4;68,75;null;
1988-06-04;null;null;0;29,7;24,86;21,2;null;null;
1988-06-05;null;null;11,9;28,3;25,08;20,7;null;null;
1988-06-06;null;null;0;29,3;25,48;20,8;72,5;null;
1988-06-07;null;null;5;29,2;25,28;21,9;92,25;null;
1988-06-08;null;null;26;27,2;24,72;23,1;92,75;null;
1988-06-09;null;null;29,1;28,8;26,14;23,7;78,75;null;
1988-06-10;null;null;4,3;28,9;26,7;23,7;73,75;null;
1988-06-11;null;null;1,8;28,9;26,74;23,4;66;null;
1988-06-12;null;null;,5;28,6;25,98;23,1;76,25;null;
1988-06-13;null;null;20,1;28,7;24,76;22,1;87,5;null;
1988-06-14;null;null;,8;29,2;25,62;21,9;80,5;null;
1988-06-15;null;null;0;28,4;25,06;22,3;88,75;null;
1988-06-16;null;null;1,9;28,1;25,18;22,9;80,75;null;
1988-06-17;null;null;1,4;28,7;25,44;22,5;79,75;null;
1988-06-18;null;null;18,6;26,5;24,22;22,4;80,25;null;
1988-06-19;null;null;4,4;28,2;23,2;19,4;82,75;null;
1988-06-20;null;null;0;28,3;24,02;21,3;85,5;null;
1988-06-21;null;null;0;28,7;25,14;20,9;85;null;
1988-06-22;null;null;0;27,2;24;20,8;93,25;null;
1988-06-23;null;null;11,6;28,7;24,76;22,3;87,5;null;
1988-06-24;null;null;46;26,5;24,32;22,5;92,75;null;
1988-06-25;null;null;31,2;28;24,8;22,8;82;null;
1988-06-26;null;null;8,8;28,4;24,3;21,9;85;null;
1988-06-27;null;null;8;28,8;24,4;20;84,5;null;
1988-06-28;null;null;2,8;28,7;26,08;22,3;76,25;null;
1988-06-29;null;null;12,4;28,6;25;22,9;85,25;null;
1988-06-30;null;null;58,6;28;24,18;21,9;86;null;
1988-07-01;null;null;20,6;28,8;25,1;21,1;80,25;null;
1988-07-02;null;null;3,9;28,4;24,86;21,7;null;null;
1988-07-03;null;null;23,5;28,3;25,14;21,5;72;null;
1988-07-04;null;null;1;28,5;26,12;22,3;74,5;null;
1988-07-05;null;null;2,3;28,2;null;22,9;88,25;null;
1988-07-06;null;null;33,3;28,1;24,52;22,1;null;null;
1988-07-07;null;null;18,4;27,8;24,46;21,3;91;null;
1988-07-08;null;null;31,4;27,8;23,74;21,9;87,5;null;
1988-07-09;null;null;4;24,5;23,7;21,9;91,25;null;
1988-07-10;null;null;31;27,9;24,7;22,3;85,25;null;
1988-07-11;null;null;82;28,5;24,24;21;88,25;null;
1988-07-12;null;null;0;28,5;24,74;20,2;80,5;null;
1988-07-13;null;null;18;26,2;22,44;21,6;94,25;null;
1988-07-14;null;null;55,6;27,7;23,94;20,8;91,5;null;
1988-07-15;null;null;98,8;26,4;23,66;21,1;91,5;null;
1988-07-16;null;null;23,6;27,4;24,36;21,6;88;null;
1988-07-17;null;null;34,3;28,6;25,18;21,7;78,5;null;
1988-07-18;null;null;24,2;28,6;24,36;21,3;83,25;null;
1988-07-19;null;null;8,3;28,3;25,18;21,5;75,75;null;
1988-07-20;null;null;0;28,3;23,98;19,3;79,25;null;
1988-07-21;null;null;0;27,7;23,82;20,8;85;null;
1988-07-22;null;null;14;27,5;23,3;20;83,25;null;
1988-07-23;null;null;,8;27,1;23,34;19,8;83,75;null;
1988-07-24;null;null;1,2;25,6;23,04;21;96,5;null;
1988-07-25;null;null;71,7;27,7;23,86;22;88;null;
1988-07-26;null;null;2,2;27,5;24,08;21,3;80,5;null;
1988-07-27;null;null;0;27,2;23,18;20;84,75;null;
1988-07-28;null;null;4,4;26,8;23,32;20,4;89,5;null;
1988-07-29;null;null;18,6;26,9;23,62;21;76,75;null;
1988-07-30;null;null;0;25,2;22,12;19,8;93,25;null;
1988-07-31;null;null;30,2;26,2;22,4;20;86,75;null;
1988-08-01;null;null;4;26,8;22,4;19;84;null;
1988-08-02;null;null;5,2;26,7;22,82;19,8;87,5;null;
1988-08-03;null;null;4;27,8;23,74;20;78,25;null;
1988-08-04;null;null;,3;27,2;24,1;21,2;81;null;
1988-08-05;null;null;1,2;27,5;23,98;20,8;79,25;null;
1988-08-06;null;null;2,6;27,4;23,56;19,8;87,5;null;
1988-08-07;null;null;21,4;28;24,28;22;86;null;
1988-08-08;null;null;3,8;27,3;23,82;21;82,25;null;
1988-08-09;null;null;10;24,3;22,1;20;97,5;null;
1988-08-10;null;null;35,7;27,7;23,36;21,6;88,5;null;
1988-08-11;null;null;0;27,9;23,44;19,8;85;null;
1988-08-12;null;null;0;26,9;23;20,1;94,25;null;
1988-08-13;null;null;17,8;27,4;24,3;21,1;82,25;null;
1988-08-14;null;null;1,3;26,4;23,34;21,1;83,75;null;
1988-08-15;null;null;1,1;25,3;23,24;24,7;93;null;
1988-08-16;null;null;33,1;27;23,72;19,6;73;null;
1988-08-17;null;null;1,7;27,1;23,98;20,5;73,75;null;
1988-08-18;null;null;1,2;27,2;23,72;20,8;78,5;null;
1988-08-19;null;null;15,9;27,6;23,9;21;79;null;
1988-08-20;null;null;,8;27,5;24,1;20,8;79,5;null;
1988-08-21;null;null;4;27,5;24,1;20,8;79,5;null;
1988-08-22;null;null;0;27,8;23,28;20;81;null;
1988-08-23;null;null;,3;27,6;23,74;19,3;79,5;null;
1988-08-24;null;null;,2;27,4;24,08;20,6;81;null;
1988-08-25;null;null;0;27,8;24,32;20;78,5;null;
1988-08-26;null;null;,4;27,9;24,22;20,6;76,75;null;
1988-08-27;null;null;3,4;27,4;24,56;21,3;80,75;null;
1988-08-28;null;null;7,6;27,3;23,88;21,1;80,25;null;
1988-08-29;null;null;16,5;27,2;24,12;20,4;79,25;null;
1988-08-30;null;null;2,8;27,7;24,14;20;82,25;null;
1988-08-31;null;null;6,4;27,5;24,78;20,8;77,5;null;
1988-09-01;4,7;7;9,4;27,8;24,56;20,5;85;2,933333;
1988-09-02;3,9;6,8;6,5;27,7;25,16;22,9;81;2,7;
1988-09-03;5;4,2;0;27,8;24,82;21,4;77,5;3,733333;
1988-09-04;null;6,3;,6;null;24,5;21,8;81,75;5,8;
1988-09-05;6,3;5,2;11,4;27,7;23,9;21,7;79,75;3,166667;
1988-09-06;7,7;9,6;1;27,9;23,88;20,9;68,75;4,7;
1988-09-07;8,6;10,6;0;28,3;24,76;20,7;73,25;3,633333;
1988-09-08;5,4;7,1;8,4;27,8;23,7;21;80,25;3,8;
1988-09-09;5,3;4;11,9;27;22,48;19,8;88,75;1,833333;
1988-09-10;2,4;5,3;3,9;27,9;23,52;20;86;3,033333;
1988-09-11;null;5;4;28,2;24,92;19,3;75,75;3,333333;
1988-09-12;7,2;5,8;1,4;27,4;24,82;21;71,5;3,7;
1988-09-13;6,2;2,9;0;27;23,28;21,4;86,5;1,9;
1988-09-14;2,6;7,3;6;27,5;24,46;19,3;73,25;2,266667;
1988-09-15;4,6;6;,2;28,6;25,38;20,6;77,5;3,8;
1988-09-16;5,4;7,8;0;28,3;25,86;24,1;72,75;3,466667;
1988-09-17;6,6;7,5;,5;27,8;25,42;23;70,25;4,266667;
1988-09-18;6,4;10,4;0;28,4;25,28;21,7;67,25;4,166667;
1988-09-19;7;6,6;2,2;28,2;24,3;20,2;75,25;4,933333;
1988-09-20;7,5;5,7;10,6;28,4;25,3;21;73,5;6,133333;
1988-09-21;8,6;10,2;0;28,2;25,5;23,5;67,5;3,666667;
1988-09-22;7,6;10,6;0;28,5;25,5;19,6;70,5;2,8;
1988-09-23;6;9,2;0;28,4;25,12;19;72,5;3;
1988-09-24;7,4;8,2;0;28,1;25,92;24;72,25;4,733333;
1988-09-25;6,5;6,7;,2;28,1;25,3;20,2;74,25;4,133333;
1988-09-26;5,5;7,8;0;28,7;25,58;22,9;77;2,933333;
1988-09-27;5,5;8,8;0;28,9;25,94;22,6;76;3,266667;
1988-09-28;5,3;9,4;0;29;25,06;20,2;78,25;2,833333;
1988-09-29;7,2;6,9;0;29,1;26,28;24;73;2;
1988-09-30;10;7,5;0;28,9;26,32;24;74;2,933333;
1988-10-01;null;null;0;29,2;26,52;24,5;74,25;null;
1988-10-02;null;null;2;28,9;25,92;22;73;null;
1988-10-03;null;null;0;29,2;26,24;24;69;null;
1988-10-04;null;null;0;29;25,46;20,6;71;null;
1988-10-05;null;null;,3;29,7;25,76;21,3;75;null;
1988-10-06;null;null;0;29,6;25,6;21,1;78,5;null;
1988-10-07;null;null;0;30;26,48;22,2;68;null;
1988-10-08;null;null;0;29,3;26,16;22,4;68,25;null;
1988-10-09;null;null;1;29,4;25,64;20,5;69,5;null;
1988-10-10;null;null;,2;29,7;26,4;22,1;71,25;null;
1988-10-11;null;null;,9;29,6;26,48;24,8;71;null;
1988-10-12;null;null;,3;29,1;25,74;21,3;72,5;null;
1988-10-13;null;null;0;29,2;26,16;24,4;82;null;
1988-10-14;null;null;,4;30,5;26,06;23,9;76;null;
1988-10-15;null;null;0;30,4;25,7;20,9;78,5;null;
1988-10-16;null;null;0;30,6;26,4;23,1;74,75;null;
1988-10-17;null;null;5,7;29,3;25,68;23,3;84,5;null;
1988-10-18;null;null;3;29,7;25,64;22,1;82;null;
1988-10-19;null;null;1,8;29,5;26,42;22;72,5;null;
1988-10-20;null;null;,3;30,7;27,18;24,9;68,25;null;
1988-10-21;null;null;0;29,7;26,62;24,6;70;null;
1988-10-22;null;null;0;30;26,2;20,8;70,75;null;
1988-10-23;null;null;,5;30,2;26,94;23,9;72;null;
1988-10-24;null;null;0;30;26,9;24;69,5;null;
1988-10-25;null;null;,3;30,2;26,22;20,8;72;null;
1988-10-26;null;null;0;30,5;27;24,7;70,5;null;
1988-10-27;null;null;,8;30;26,74;22,7;71,25;null;
1988-10-28;null;null;0;29,9;27,04;24,9;71;null;
1988-10-29;null;null;10,4;28,6;25,84;22,7;72,5;null;
1988-10-30;null;null;0;29,8;26,52;22,8;72,75;null;
1988-10-31;null;null;0;30;27,18;24,9;71,75;null;
1988-11-01;null;null;0;29,9;26,5;23,4;73,25;null;
1988-11-02;null;null;1;29,7;26,9;23,8;74,75;null;
1988-11-03;null;null;0;29,8;26,86;24,9;77,5;null;
1988-11-04;null;null;0;30;26,74;22,7;70,5;null;
1988-11-05;null;null;,6;30,4;27,06;24,8;68,75;null;
1988-11-06;null;null;,8;30;27,46;25,3;73,5;null;
1988-11-07;null;null;,7;30,3;26,5;25;85;null;
1988-11-08;null;null;4,5;29,7;26,22;22,8;84;null;
1988-11-09;null;null;6,5;28,8;26,04;22,5;82,25;null;
1988-11-10;null;null;5,3;29,8;26,58;22,6;76,75;null;
1988-11-11;null;null;0;30,4;27;25;73,25;null;
1988-11-12;null;null;3,2;29,3;26,08;22,1;76,75;null;
1988-11-13;null;null;20;28,4;25,18;21,7;82,75;null;
1988-11-14;null;null;0;29,3;26,72;23,7;78;null;
1988-11-15;null;null;9,4;30;26,7;23,4;72,5;null;
1988-11-16;null;null;0;29,3;26,04;20,7;71,25;null;
1988-11-17;null;null;0;29,1;25,7;20,7;70;null;
1988-11-18;null;null;0;29,3;26,32;20,9;73,5;null;
1988-11-19;null;null;0;29,4;26,58;24,8;82;null;
1988-11-20;null;null;1;29,7;27,04;24,7;72,75;null;
1988-11-21;null;null;,8;29,8;27,1;24,4;72,25;null;
1988-11-22;null;null;,2;29,5;26;24,3;76,5;null;
1988-11-23;null;null;0;29,3;25,98;23,2;74;null;
1988-11-24;null;null;0;30;26,4;21;75,75;null;
1988-11-25;null;null;0;30,5;26,66;22,3;73,25;null;
1988-11-26;null;null;0;30,3;26,38;22,4;78,75;null;
1988-11-27;null;null;0;30,4;26,9;22,7;74,75;null;
1988-11-28;null;null;0;30,8;25,64;21,8;82,25;null;
1988-11-29;null;null;0;31,3;27,28;21,9;71,25;null;
1988-11-30;null;null;0;30,7;27,46;23,3;71;null;
1988-12-01;null;null;,3;30,8;26,82;22;68,75;null;
1988-12-02;null;null;0;30,4;26,8;21,8;66,75;null;
1988-12-03;null;null;0;31;26,48;21,5;70,25;null;
1988-12-04;null;null;0;31,5;27,1;21,9;67,75;null;
1988-12-05;null;null;0;30,8;26,32;20,4;71;null;
1988-12-06;null;null;0;31,2;27,26;22,1;69;null;
1988-12-07;null;null;0;32,1;27,48;23;68;null;
1988-12-08;null;null;,3;30,5;26,68;24,8;76;null;
1988-12-09;null;null;0;30,3;26,52;21,8;73,5;null;
1988-12-10;null;null;0;31;26,46;20,3;70,25;null;
1988-12-11;null;null;1,2;30,6;26,14;20;71;null;
1988-12-12;null;null;0;30,7;26,72;20,8;71,25;null;
1988-12-13;null;null;0;31;26,74;21,1;69,25;null;
1988-12-14;null;null;2,2;30,7;27,1;23;73;null;
1988-12-15;null;null;,5;29;26,44;22,6;81,25;null;
1988-12-16;null;null;1,2;30,1;26,94;23,2;78,75;null;
1988-12-17;null;null;23,6;26,7;null;22,9;90,5;null;
1988-12-18;null;null;18,6;28,9;26,36;23;76,25;null;
1988-12-19;null;null;4,6;29,9;25,66;22,3;83;null;
1988-12-20;null;null;,5;29,2;25,54;21,7;77;null;
1988-12-21;null;null;0;29,7;25,96;21,7;75,5;null;
1988-12-22;null;null;0;29,8;26,54;21,1;74,5;null;
1988-12-23;null;null;,3;29,3;26,78;24,1;75,5;null;
1988-12-24;null;null;0;30,2;27,3;24,9;75,75;null;
1988-12-25;null;null;2,7;31;27,44;24,8;74;null;
1988-12-26;null;null;2,8;30,6;26,74;22,1;74;null;
1988-12-27;null;null;0;30;26,42;22,3;77,75;null;
1988-12-28;null;null;,2;29,9;27,28;25;73;null;
1988-12-29;null;null;0;30,3;27,08;24;74;null;
1988-12-30;null;null;0;30,3;26,72;21,7;72;null;
1988-12-31;null;null;,7;30,1;26,5;21,8;74,25;null;
1989-01-01;6,8;7,2;,4;30,8;27,64;24,6;68,25;3,366667;
1989-01-02;5,6;6,9;0;30,6;26,46;22,1;73,5;2,166667;
1989-01-03;6;11,6;,3;30,7;26,64;21,9;null;2,766667;
1989-01-04;6,8;11,6;0;30,6;26,92;21;67,5;2,3;
1989-01-05;8,2;11,6;0;30,8;26,38;21,9;68,25;2,733333;
1989-01-06;8,8;11,4;0;31,8;26,9;23,1;69;3,6;
1989-01-07;7,6;11,3;0;31,6;26,36;21;68,75;3,3;
1989-01-08;6;10,5;0;30,1;26,18;20,6;70,5;2,733333;
1989-01-09;8;10,1;0;31,2;27;20,4;69,5;3;
1989-01-10;5,5;3,1;2,3;31,3;26,14;23,1;85;2,466667;
1989-01-11;2,8;10,4;7,3;31,2;26,4;22,8;77;3,733333;
1989-01-12;5,2;1,1;6,2;29,3;25,92;22,1;79,25;2,466667;
1989-01-13;4;10,4;27,8;30,1;26,52;21,7;74,25;3,3;
1989-01-14;4,8;9,5;70,2;30,5;26,56;21,7;74,25;2,066667;
1989-01-15;3,6;2,1;0;29,3;24,98;23,1;93,5;1,233333;
1989-01-16;,9;10,5;0;30;26,58;21,3;72,25;2,5;
1989-01-17;2;10,6;0;30;26,66;22,9;74,5;3,1;
1989-01-18;7;9,7;0;30,8;26,92;24,9;76,5;3;
1989-01-19;4,7;10,2;,3;30,6;26,38;22;77,75;2,366667;
1989-01-20;4,3;8,7;0;31,7;27,36;21,9;68;3,166667;
1989-01-21;6;9,4;,4;30;25,62;20,3;73,25;3,133333;
1989-01-22;4,7;9,9;0;30,6;26;20,2;73,5;2,533333;
1989-01-23;5,8;10,6;0;30;25,88;22,1;82,75;2,5;
1989-01-24;4,8;6,7;0;30,1;25,88;21,7;75,5;2,966667;
1989-01-25;3,4;0;0;30,6;26,24;22;76,25;2,333333;
1989-01-26;4,6;5;25,3;29;25,18;21,7;87,5;2,4;
1989-01-27;4,2;8;2;29,3;26,46;22,8;73,75;3,7;
1989-01-28;5,6;6;0;29,5;27,08;24,9;71,75;3;
1989-01-29;5,7;4,7;13,5;29,7;25,6;22,7;82,25;1,8;
1989-01-30;4,3;6,9;1;30;26,3;22,1;72,25;2,8;
1989-01-31;4;,7;17,8;28,2;24,68;22,6;88;1,933333;
1989-02-01;2;6,7;4;29,5;26,04;21,9;74,25;null;
1989-02-02;3,6;8,2;0;30,3;26,4;21,7;71,25;3,433333;
1989-02-03;4,7;9,5;0;30,2;26,6;21,8;76;2,966667;
1989-02-04;5,3;8,6;0;30,7;27,16;21,1;67,25;2,2;
1989-02-05;5;10,7;0;30,9;26,8;21,1;72;2,9;
1989-02-06;5,7;10;0;30,1;26,52;21;70;3,333333;
1989-02-07;5,1;10,6;,9;30,7;26,88;21,3;70,25;2,3;
1989-02-08;4,6;8,7;0;30,7;26,7;21,2;67,5;2,533333;
1989-02-09;4,6;8,7;0;30,7;27;21,4;70,5;3,2;
1989-02-10;5,6;10,1;0;30,7;27,32;22,7;67,25;2,066667;
1989-02-11;5,5;8,6;0;30,9;27,04;21,8;70,75;3,266667;
1989-02-12;4,9;9,4;,6;30,9;26,88;22,9;70,25;3,366667;
1989-02-13;5,2;6,1;0;30,8;26,78;21,9;73,75;2,333333;
1989-02-14;5,2;7,6;0;31;26,94;22,2;73,5;2,5;
1989-02-15;5,6;5,4;0;31,2;27,36;24,3;76;3,133333;
1989-02-16;6,7;7,2;0;31,4;27,66;23,5;65,25;4,5;
1989-02-17;5,8;7,9;1,2;31,5;26,18;22,5;75;2,266667;
1989-02-18;5,5;10,6;0;31,2;26,98;22,3;72,25;3,1;
1989-02-19;4,4;6,7;21;30,8;26,46;22,7;78,75;2,833333;
1989-02-20;3,9;9,2;,6;30,6;27,08;21,9;74,75;2,666667;
1989-02-21;5,4;9,9;,1;30,7;27,02;23,1;71,25;2,9;
1989-02-22;4,2;5,5;0;31,2;27,34;22,1;75,5;2,4;
1989-02-23;3,9;9,1;0;31,5;27,8;22,9;74,75;3,533333;
1989-02-24;5,4;10,6;0;31,5;27,82;22,8;68,75;3,166667;
1989-02-25;6;10,4;0;31,5;27,78;23;71,75;2,266667;
1989-02-26;6,3;7,9;0;30,9;27;21,3;74,25;3,866667;
1989-02-27;6,9;8,3;0;31,3;27,1;21,2;68,5;3,166667;
1989-02-28;6,7;3;8,5;30,3;27,12;23,4;80,25;3,266667;
1989-03-01;3,8;6,1;11,8;30,5;27,34;23,2;73,5;2,733333;
1989-03-02;5,2;10;,3;30,3;27,06;22,4;null;2,75;
1989-03-03;5,5;9,5;0;31,7;26,96;21,7;71,5;2,733333;
1989-03-04;4,9;8,7;0;31,4;27,64;22,3;70;2,2;
1989-03-05;4,2;9,9;0;31,9;27,46;22,5;69,25;2,866667;
1989-03-06;4,8;9;0;31,2;27,2;22,2;68,5;2,566667;
1989-03-07;4,6;null;0;32;27,5;21,7;71,25;2,866667;
1989-03-08;4,6;9,5;0;32;27,58;21,3;null;1,833333;
1989-03-09;5,2;9,7;0;31,7;27,66;21,9;72;2,6;
1989-03-10;5,8;10,1;0;31,2;27,44;22,3;65,5;3,2;
1989-03-11;6,2;8,9;0;31,8;27,2;21;69,5;2,433333;
1989-03-12;5;10;0;32;27,42;21,3;65,25;null;
1989-03-13;5,5;10,3;0;31,4;26,96;20,8;66;2,266667;
1989-03-14;5,5;10,5;0;32;27,32;20;63;2,366667;
1989-03-15;7;6,8;1,3;30,9;26,88;21,1;70,75;2,1;
1989-03-16;7;9,7;0;30,8;27,44;20,8;69,5;2,966667;
1989-03-17;4;9,5;0;32;27,7;22,3;68;2,8;
1989-03-18;6,8;9;1;31,6;27,76;22,8;73,5;4,1;
1989-03-19;6,2;6,5;0;32,2;27,9;22,5;69,25;2,8;
1989-03-20;6,2;9,7;0;32;27,48;22,9;69;1,5;
1989-03-21;6;9,6;0;31,7;27,78;22,3;69,25;1,833333;
1989-03-22;5;9,9;0;32,5;27,58;21;69,75;2,166667;
1989-03-23;5,4;10,3;0;32,7;28,06;21,3;66,25;2;
1989-03-24;6,2;8,5;10,4;31,8;26,8;21,7;79,5;2,8;
1989-03-25;4,8;6,5;3;31,5;27,72;23,3;76,5;1,633333;
1989-03-26;3,6;8;6,1;31,6;26,96;22,3;75;2,866667;
1989-03-27;3,7;2,4;17,3;29,8;26,58;22,7;82,25;1,733333;
1989-03-28;2,5;5,5;23,4;31,7;26,96;22,3;81,25;3;
1989-03-29;4,1;3,3;0;31,7;26,86;22;81,25;1,866667;
1989-03-30;3,2;10,1;9,3;30,7;26,96;22,4;70;2,433333;
1989-03-31;4,5;8;0;31,5;27,34;22,1;74,5;2,166667;
1989-04-01;4,6;5,8;0;31,3;27,54;23,5;74,75;2,266667;
1989-04-02;4,4;3,6;2,2;29,8;25,36;23,1;87,75;,866667;
1989-04-03;2,6;1,1;1,7;30,3;26,94;22;80,75;2,766667;
1989-04-04;3;0;59,6;26,9;24,12;21,6;95,5;1,666667;
1989-04-05;,3;,9;32,2;28,2;25,04;22,7;93;1;
1989-04-06;,7;1,7;17,2;28,8;24,76;21,2;89,75;1,866667;
1989-04-07;2,3;7,9;14,5;30;25,88;21;85,25;1,6;
1989-04-08;2,9;1,1;46,7;29,1;25,62;23,3;87,25;1,333333;
1989-04-09;1,5;7,6;,3;30,1;26,32;22,1;84;2,2;
1989-04-10;2,3;1,4;16,5;29;25,62;23,6;96,5;1,366667;
1989-04-11;1,2;0;44,2;24,8;23,92;23,3;96;1,5;
1989-04-12;,3;,6;54,1;29,8;25,3;22;85,75;3,033333;
1989-04-13;2,2;5,7;38,6;29,3;25,2;21,9;86,25;1,833333;
1989-04-14;2,9;1,5;1,7;28;25,26;22,1;86,5;1,533333;
1989-04-15;1,3;4,5;34,7;29,9;25,72;23,1;89,5;2,2;
1989-04-16;2,6;1,9;,8;28,8;25,56;23,3;89,25;3,066667;
1989-04-17;2,1;3;6,3;29,2;25,8;23,4;88,25;3,566667;
1989-04-18;2,1;9,3;24,4;30,8;26,1;22,7;87,5;3,5;
1989-04-19;4,2;1,9;8,3;29,2;26,3;22,5;87;1,5;
1989-04-20;1,8;8;,4;30,2;26,64;23,7;85,5;2,766667;
1989-04-21;2,3;8;,6;30,3;26,7;23,1;86,75;2,2;
1989-04-22;2,6;8,9;,5;32;27,3;23,4;81;1,833333;
1989-04-23;3,6;2,6;6,8;29,9;25,96;21,9;89,5;1,533333;
1989-04-24;1,8;8;7,7;30,2;26,96;23,8;83;1,766667;
1989-04-25;3,3;7,2;,3;30,6;26,4;24;85,75;2,7;
1989-04-26;2,3;4,3;23,9;29,8;26,12;23,3;89,25;1,8;
1989-04-27;2,6;2,1;1,9;30;null;null;88,25;1,666667;
1989-04-28;2;8,5;,8;30,2;26,46;22,9;83,75;1,433333;
1989-04-29;3,6;2;16;29,8;26,28;23,8;85,75;1,666667;
1989-04-30;1,6;4,3;11,5;30;25,72;23,1;84,25;1;
1989-05-01;2,2;1,8;1,5;30;25,88;22,4;85,75;1,333333;
1989-05-02;1,7;2,4;7,9;29,8;26,5;23,7;89;,666667;
1989-05-03;1,9;7,3;3,7;29,2;25,7;22,5;84,5;2;
1989-05-04;2,2;4,3;73,8;29,7;25,18;22,9;87,25;2,533333;
1989-05-05;1,4;7,6;0;29,8;25,5;21,2;85,5;2,766667;
1989-05-06;3,2;7,1;0;30,2;26,28;23,8;84,75;2,4;
1989-05-07;4;9,4;,2;30,7;26,38;22,4;82;1,2;
1989-05-08;3,2;8,2;0;30,6;26,86;23,5;85,25;,866667;
1989-05-09;2,6;1,3;13;29,3;25,7;23,6;93,5;,533333;
1989-05-10;1,2;2,5;25,9;29,3;25,4;22,7;88,5;,833333;
1989-05-11;1,6;5;,2;29,6;25,4;22,8;87,25;1,033333;
1989-05-12;3,6;6,9;31,7;29,2;25,72;22,7;82,25;2,1;
1989-05-13;1,8;8;1;29,9;25,64;22,7;87,5;2,766667;
1989-05-14;2,9;2,2;8,7;28,6;24,78;21,9;87;2,866667;
1989-05-15;1,7;7,1;2,1;29,5;24,96;20,9;84,25;,333333;
1989-05-16;2,6;8,5;5,1;30;26,02;21,4;82,5;2,233333;
1989-05-17;3,5;6,2;5,3;28,9;26,04;22,3;82,25;,833333;
1989-05-18;2,7;10,7;1;29,4;26,26;22;78,75;1,5;
1989-05-19;3;0;7;25,8;23,98;22,1;92,5;,333333;
1989-05-20;1,5;4,4;54;29;26,02;22,7;83;3,3;
1989-05-21;1,3;5;24,5;29,1;26,32;22,7;81,5;3,1;
1989-05-22;3;8,7;2,7;29,5;25,86;21,6;78,25;2,933333;
1989-05-23;4,8;6,5;0;29,4;26,18;22,5;78,25;3,166667;
1989-05-24;3,9;7,4;0;29,5;25,26;22,1;83;1,266667;
1989-05-25;2,9;3,9;23,6;29,2;24,58;21,3;89,25;1,566667;
1989-05-26;5,4;2,3;2;29,3;25,36;23;81,75;1,833333;
1989-05-27;1,9;5,8;,2;29,2;25,58;20,9;84,5;1,2;
1989-05-28;2,2;7,7;0;30;25,98;21,7;81,75;2,166667;
1989-05-29;3;6,6;14,6;28,4;25,28;22,6;87,75;1,333333;
1989-05-30;2,3;4,9;3,9;28,9;25,14;23,1;88,75;1,866667;
1989-05-31;2,5;7,1;4,3;29;25,46;21,8;84,5;2,3;
1989-06-01;3,3;6;11,2;29,2;26,3;21,5;77;2,8;
1989-06-02;6,5;9,8;,8;29,1;26,24;24;81;4,166667;
1989-06-03;3,9;7,7;,3;28,8;25,46;22,4;82,25;3,633333;
1989-06-04;3,6;4;3,4;28,2;24,58;21,5;85,25;1,633333;
1989-06-05;2,3;6,4;2,6;28,6;24,84;20,7;82,75;2,533333;
1989-06-06;3,3;8,1;,4;28,7;24,72;21;86;2;
1989-06-07;3,1;6,2;,9;28,9;25,06;22,4;88,5;4;
1989-06-08;2,5;0;108,9;26,2;23,94;22,5;91,5;1,966667;
1989-06-09;,7;8,6;13,5;29;25,02;22,3;87,5;2,833333;
1989-06-10;2,3;0;41,1;26,1;24;22,6;95;1,766667;
1989-06-11;,9;0;43,7;27,6;24,12;21,5;90,75;2,866667;
1989-06-12;3,7;1,6;1,6;28,3;24,82;21,1;90;1,766667;
1989-06-13;1,4;6,3;,2;28,8;25,06;22;89,5;2,8;
1989-06-14;4,9;8,1;2,8;28,7;24,86;21,7;87,5;3,433333;
1989-06-15;2,9;,2;0;27,3;24,56;22,4;86;3,8;
1989-06-16;3,1;2,9;18;null;24,38;21,3;85,75;3,3;
1989-06-17;3;1,8;3,1;28,8;24,92;21,5;83;1,966667;
1989-06-18;3;2,9;35,3;27,7;23,92;21,3;94,25;1,333333;
1989-06-19;null;8,7;4,3;28,5;24,68;21,2;88;2,7;
1989-06-20;10;6;2,9;28,8;25,18;21;80,75;2,666667;
1989-06-21;2,8;2,2;1;27,1;24,5;22,2;88,5;2,433333;
1989-06-22;2,2;9,2;15,8;28,5;25,36;21,6;85;2,433333;
1989-06-23;3,4;9,2;,6;28,6;25,3;21,5;80;1,9;
1989-06-24;3;9;0;28,9;25,6;21,6;81,5;2,466667;
1989-06-25;5,8;7,5;4,6;29;25,4;21,9;84,75;2,166667;
1989-06-26;2,8;,1;0;26,4;23,4;21,4;92;1,433333;
1989-06-27;1,1;7,2;8;29,1;25,14;21;82,75;1,533333;
1989-06-28;1,9;9,4;0;28,6;25,72;20,7;76,75;2,5;
1989-06-29;3;0;90;27,1;23,76;22,7;93,5;,7;
1989-06-30;,2;6,5;3,4;28,6;25,32;20,8;87,25;2,666667;
1989-07-01;4,4;8,5;2,9;28,3;25,52;22,6;82,25;3,866667;
1989-07-02;3,1;6,5;4;28,1;24,54;21,9;83,75;3,333333;
1989-07-03;2,8;7,4;0;28,4;24,18;19,8;86,25;2,166667;
1989-07-04;2,6;0;35,6;24,7;22,94;19,5;96,75;2;
1989-07-05;,9;0;55,9;23,7;22,38;21,7;97,75;2,866667;
1989-07-06;,3;0;46,3;23,9;22,86;21;94,75;2;
1989-07-07;,5;1,1;37,5;26,4;23,32;21,9;93;2,733333;
1989-07-08;1,7;0;11,9;26,5;23,36;21,7;93,75;2,333333;
1989-07-09;,8;8,5;45,7;27,9;24,1;21,9;81,25;4,033333;
1989-07-10;4,6;9,6;0;28,5;24,24;21,1;81;3,366667;
1989-07-11;4;3,1;0;26,5;24,12;21,8;92,25;3,4;
1989-07-12;,9;0;89,1;24,1;22,72;22;95,5;2,833333;
1989-07-13;1,5;1,9;44,6;25,9;23,24;21,3;90,75;1,333333;
1989-07-14;3,4;6,2;1,2;27,3;23,56;20,5;86,25;3,233333;
1989-07-15;4;0;0;27,2;24,34;22;86,75;1,633333;
1989-07-16;2,3;0;6,1;25,5;22,76;20,9;92,25;2;
1989-07-17;1,3;2,7;8,1;26,9;24,14;21;79,25;3,533333;
1989-07-18;4,9;9,1;,2;27,6;24,2;21;83,25;4,166667;
1989-07-19;4,5;1,3;2,4;26,4;23,34;21;91,5;2,733333;
1989-07-20;1,7;0;25,8;26,3;23,5;21,6;92,25;2,766667;
1989-07-21;1,1;0;62,2;26,6;22,76;19,9;91,5;2,433333;
1989-07-22;1,3;8,9;17,8;28,2;24,2;21,4;88,75;2,966667;
1989-07-23;2,4;1,3;20,4;26,9;23,98;21,7;92;3,433333;
1989-07-24;1,3;,4;5,2;27,1;23,94;21,5;94;2;
1989-07-25;,9;6,8;11,4;27,9;23,64;20,9;90,5;2,1;
1989-07-26;2;8,9;,2;28,2;23,62;21,9;85,75;2,1;
1989-07-27;2,8;7,2;0;28,5;23,32;18,8;86,5;1,366667;
1989-07-28;2,5;8,9;0;29,6;23,8;19,6;88;1,166667;
1989-07-29;2,2;9,2;0;29,4;24,54;20,6;85,25;1,2;
1989-07-30;2,6;9;2,9;28,7;24,9;21,7;86,75;2,7;
1989-07-31;2,7;7,4;1,3;28;24,8;20,6;81,5;1,633333;
1989-08-01;2,5;8,6;0;28,2;25,04;20,8;77,5;2,433333;
1989-08-02;3,9;6,5;0;28,4;24,58;20,6;87,5;2,333333;
1989-08-03;3,5;9,6;12,5;28,3;24,14;20,9;82,5;3,9;
1989-08-04;4,3;7,3;1,8;27;24,7;21,7;79,75;3,866667;
1989-08-05;4,2;9,3;0;28,4;25,24;19,6;74,75;3,033333;
1989-08-06;3,5;,3;4,5;25,6;23,1;21;82,75;3;
1989-08-07;3,3;1,7;14;26,7;23,08;20,7;82;2,966667;
1989-08-08;4,4;10,2;1,4;27,1;23,82;22;78,25;3;
1989-08-09;4,8;1,5;0;28,1;24,66;20,4;77,75;3,033333;
1989-08-10;3,2;10,1;,2;27,9;25;21,3;73,5;4,6;
1989-08-11;4,7;5,8;0;27,5;22,78;19,9;85;1,766667;
1989-08-12;2,9;10,2;,2;28,1;22,82;18,6;78,25;1,666667;
1989-08-13;3,3;3,6;0;28,6;23,46;19,8;78,75;2,266667;
1989-08-14;3,2;1,2;8,9;27,3;23,9;21,5;87,75;3,6;
1989-08-15;1,3;4,8;55,7;28,2;25,68;22,1;80,25;4,966667;
1989-08-16;4,2;9,1;0;28,1;25,42;22;80;4;
1989-08-17;4,1;8,1;2,8;28,1;24,26;21;81,25;4;
1989-08-18;4,6;6,9;3,3;28,5;24,06;20,9;89,75;2,233333;
1989-08-19;2,9;1,1;73,5;27,4;23,42;20,8;89;1,333333;
1989-08-20;2,3;8,4;7,2;28,1;24,52;20,3;84,25;2,2;
1989-08-21;3,4;6,2;23,2;27,9;25,66;22,5;80;4,366667;
1989-08-22;4;7,4;,4;28,8;25,08;22,3;84,5;2,7;
1989-08-23;3,4;6;39,5;28,2;25;21,4;81;3,633333;
1989-08-24;2,9;10;0;28,4;24,82;20,5;81;3,466667;
1989-08-25;2,8;2,6;10,4;27,9;24,12;21,2;87,25;1,266667;
1989-08-26;1,6;7,6;6,6;28,1;24,52;20,4;83,25;1;
1989-08-27;3,2;7,6;2,7;28,2;25,02;21,1;82;3,4;
1989-08-28;4,9;4,3;0;28,3;25,48;23,7;78,5;3,9;
1989-08-29;3,1;6,3;9,9;27,6;24,36;20,6;85,75;2,333333;
1989-08-30;4,3;9,2;42,8;28,1;25,18;21,7;73,75;4,666667;
1989-08-31;6,4;4,2;2,3;27,7;24,42;20,6;77;4,4;
1989-09-01;3,9;1,8;3,7;27,8;22,96;20,8;88;3,233333;
1989-09-02;8,9;9,9;1,6;28,2;23,42;20,1;85,25;1,4;
1989-09-03;3;8;0;28,8;23,96;20,2;84,75;,7;
1989-09-04;3,7;10,5;0;28,5;23,9;20,2;84;1,7;
1989-09-05;3,7;2,9;0;28,6;25,32;20,9;75,25;2,166667;
1989-09-06;3,6;6,8;0;28,7;24,98;20,5;80,5;2,433333;
1989-09-07;3,7;5,8;,6;28,8;25,9;23,2;75,5;3,4;
1989-09-08;5,7;5,8;0;29,2;26,06;24,1;73,75;1,266667;
1989-09-09;3,9;8,2;11,6;29,2;25,48;20,8;75;2,866667;
1989-09-10;5,4;,4;0;27,5;24,6;23,7;81;2,366667;
1989-09-11;3,3;8,5;4,9;28,9;24,4;20,6;83;2,366667;
1989-09-12;4;9,6;0;28,7;25,36;20,7;70,5;3,766667;
1989-09-13;4,1;10,3;0;28,6;24,18;18,9;77,75;1,866667;
1989-09-14;4,2;3,5;1;28,6;24,64;19,8;85,25;1,033333;
1989-09-15;3,9;8,2;0;28,7;25,98;22,1;77,25;1,8;
1989-09-16;4,3;9;0;29,2;25,04;20;79,5;2;
1989-09-17;3,7;9,5;0;28,8;25,06;19,2;74,25;2,033333;
1989-09-18;4,5;8,7;0;29,7;25,46;20;79,75;2,1;
1989-09-19;3,2;5,1;1,9;29,1;25,94;21,2;71;4,033333;
1989-09-20;4,9;8,3;,2;28,5;26,16;23,9;73;4;
1989-09-21;4,2;8,9;0;29,1;25,54;19,8;68;4,3;
1989-09-22;5,6;9,9;0;29,2;24,86;20;75,25;1,333333;
1989-09-23;4,8;5,7;,1;29,2;25,12;21;77;3,2;
1989-09-24;5,6;6,7;,7;29,1;25,88;22,5;73,25;4,2;
1989-09-25;5,7;8,8;2,2;29,1;25,34;21,4;74;3,433333;
1989-09-26;4,5;5,6;,3;29,2;25,9;21,7;75;2,633333;
1989-09-27;4,5;4,5;6,7;28,7;25,84;22,8;81,5;4,7;
1989-09-28;5,2;8;4,2;29,7;26,56;22,8;71;3,5;
1989-09-29;4,9;8,8;0;29,4;26,64;24,3;68;5,033333;
1989-09-30;6,1;10;0;29,5;25;20,2;73,75;2,933333;
1989-10-01;null;10,7;0;29,4;25,66;20,6;76,5;3,2;
1989-10-02;6,2;8,7;0;29,7;26,22;21;72,5;3,633333;
1989-10-03;6,4;4,9;0;29;26,68;23,9;71,5;5,25;
1989-10-04;5,8;6,7;0;29,5;25,8;23,9;81,75;3,533333;
1989-10-05;5;8,4;0;29,9;26,14;21;69;2,333333;
1989-10-06;6,3;9,3;0;29,6;25,78;20,9;70,75;3,433333;
1989-10-07;5,5;6,4;0;29,3;25,48;20,8;74,75;3,866667;
1989-10-08;3,4;5,4;0;29,3;25,92;22,7;80,25;2,133333;
1989-10-09;5;6,8;0;29,3;26,02;21,9;76;2,866667;
1989-10-10;5;10,1;0;29,1;26,2;22,1;70,75;3,733333;
1989-10-11;5,3;8,1;,8;29,2;27,28;22,6;65,75;4,1;
1989-10-12;5,3;8,9;0;29,4;26,9;24,5;74,75;2,6;
1989-10-13;5,5;9,4;0;29,1;25,74;24,4;78,25;3,1;
1989-10-14;4,3;8,5;0;29,8;26,56;20,7;70;1,766667;
1989-10-15;3,8;10;0;29,8;25,48;21;75,5;1,533333;
1989-10-16;4;6,4;0;29,5;25,6;20,6;74,75;1,866667;
1989-10-17;5,3;5,6;,4;28,8;25,5;21,8;73,5;2,333333;
1989-10-18;4,3;10,5;,2;29,2;25,44;20,5;71,25;2,866667;
1989-10-19;4,2;2,9;,3;29,6;25,7;22;72,25;2,5;
1989-10-20;3;2,6;6,2;29,7;25,08;22,5;90,25;2,166667;
1989-10-21;2,1;6,3;24,6;28,9;24,98;22,3;83,25;1,7;
1989-10-22;2,6;4,3;10,3;29,6;25,2;22,3;84;1,666667;
1989-10-23;3;9,1;4,9;29,1;24,92;21,1;80,25;2,333333;
1989-10-24;3,8;10,9;1;28,9;25,28;21,8;77,25;3,766667;
1989-10-25;5,8;9,3;,5;28,9;25,42;21,9;74;3,8;
1989-10-26;4;10,2;5,8;29,2;25,38;21,9;78,75;2,3;
1989-10-27;4,2;7,8;0;28,9;26,44;24,3;70,75;2,433333;
1989-10-28;4,4;10,4;0;29,4;25,3;20,5;75,75;2,1;
1989-10-29;6;0;2,3;29,6;26,3;21;70,25;3,2;
1989-10-30;2,3;8,9;7,7;28,9;25,98;22,5;74,75;3,466667;
1989-10-31;3,8;7,2;1,1;29,4;25,88;21,6;74,5;3,633333;
1989-11-01;null;0;null;29,6;null;24,5;null;2;
1989-11-02;15,2;8,5;,5;30;27,1;24,5;78,5;2,7;
1989-11-03;5,1;5,7;3,3;29,4;25,7;23,1;85,5;2,866667;
1989-11-04;3,7;5,9;11,7;29,4;26,72;22,9;76,5;3,166667;
1989-11-05;null;10;null;null;null;null;null;null;
1989-11-06;null;null;null;null;null;null;null;null;
1989-11-07;10,8;5,3;14,1;29,4;26,38;22,9;80;3;
1989-11-08;4,5;1,5;0;28,6;null;22,9;null;3,3;
1989-11-09;3,7;6,4;6,3;29,3;25,94;21,3;90;3,766667;
1989-11-10;4,7;8,2;,5;29,4;26,76;23,9;80,25;4,866667;
1989-11-11;5,1;6,6;2;29;26,36;24;77,5;3,7;
1989-11-12;4;2,3;1,6;28,8;null;21,6;null;4,15;
1989-11-13;2,8;7,6;15,4;29,2;26,78;23,1;75;1,633333;
1989-11-14;3;8,9;,6;29,6;25,7;22,9;81,5;2,633333;
1989-11-15;4;10,4;0;29,6;26,42;24,5;85,25;2,766667;
1989-11-16;3,8;6;7,2;29,3;26,38;23,7;76,75;3,533333;
1989-11-17;5,6;7,3;0;29,6;26,78;25;80,75;2,2;
1989-11-18;3;5,4;5,9;28,8;25,9;23,1;83,75;1,766667;
1989-11-19;3,1;null;1,4;null;null;20,8;null;4;
1989-11-20;7;8,5;0;29,6;26,66;23,9;72,5;2,766667;
1989-11-21;3,3;7,3;3,9;28,9;26,3;21,9;84,75;3,166667;
1989-11-22;6,2;9,4;,5;29,4;27,18;24,7;69,5;4,766667;
1989-11-23;null;9,4;0;29,8;null;21,5;null;3,15;
1989-11-24;null;9,2;0;29,6;26,1;20,3;74;3,566667;
1989-11-25;3,7;10,1;0;31;26,82;21,7;77,25;2,2;
1989-11-26;3,4;9,5;0;31,3;27,38;22,8;74;3,1;
1989-11-27;4;9,6;0;30,1;25,14;21,6;81;1,2;
1989-11-28;3,8;8,8;0;29,9;25,08;20,9;82,25;2,2;
1989-11-29;3;10,1;0;30,4;26;20,7;75,5;2,733333;
1989-11-30;4,7;6,9;0;31;27,12;22,5;77;2,8;
1989-12-01;3,9;8,3;0;30,7;26,72;21,7;73,5;1,8;
1989-12-02;4,6;6,9;0;31,4;26,9;21,4;74,5;3,533333;
1989-12-03;4;,7;0;31,6;27,4;24,1;75;1,866667;
1989-12-04;2,7;3;,7;31,3;27,36;23,9;74,5;3,2;
1989-12-05;3,9;,2;0;29,9;27,1;24,4;75;2,033333;
1989-12-06;2,4;3,9;0;30,5;27,26;22,9;76;2,866667;
1989-12-07;4,6;2,2;0;30,6;27,26;23,8;77,75;2,766667;
1989-12-08;4,8;,5;,5;29,9;27,26;25,2;81,75;3,666667;
1989-12-09;4;4,8;,2;30,8;27,56;25;76,5;2,2;
1989-12-10;5;8,6;2,7;30,6;27,46;24,9;78;3,3;
1989-12-11;4,7;6,5;2,2;30;26,84;22,8;77,75;3,033333;
1989-12-12;4,3;7,8;7,8;29,9;27,18;24,3;77,5;3,033333;
1989-12-13;5,4;3,2;6,5;29,9;26,62;24,8;77;3,2;
1989-12-14;4,4;4,2;2,6;29,7;26,38;21,9;77,25;2,433333;
1989-12-15;4;9,3;0;31;27,18;22,8;75,75;2,7;
1989-12-16;5,6;3,8;,3;30,5;27,56;25,2;75;3,7;
1989-12-17;5,7;,5;0;28,5;26,64;24,4;77;2,866667;
1989-12-18;2,3;1,8;4,1;31;27,3;24,9;77;2,633333;
1989-12-19;4,2;0;0;28,9;26,92;24,9;86,75;2,033333;
1989-12-20;3,5;,2;1,2;29,6;27,16;25,4;81;3,366667;
1989-12-21;3,3;8;1,8;31,2;27,38;23,9;76,75;2,733333;
1989-12-22;4,3;7,6;1;29,5;26,84;22,9;77,25;2,166667;
1989-12-23;3,8;7;0;31,3;27,34;22,9;73,5;2,2;
1989-12-24;4,7;1,4;17;29,3;24,5;22,5;92,25;2,333333;
1989-12-25;1,5;4,7;null;29;25,66;21,5;79,25;1,1;
1989-12-26;3,6;4,8;0;30,2;26,26;21,7;74,5;2,733333;
1989-12-27;2,8;7,9;32,2;29,4;26,06;21,8;83;2,533333;
1989-12-28;4,7;5,8;1;29,6;25,82;22,9;82,5;3,8;
1989-12-29;6,2;8,3;5;29,6;26,04;23,7;83,25;3,066667;
1989-12-30;6;4,4;0;29,7;26,44;24,1;80;3,166667;
1989-12-31;3,7;7,6;2,6;29,9;26,2;22,5;79;3,366667;
1990-01-01;3,5;9;4,4;30,1;26,34;22;80,5;3,833333;
1990-01-02;4,4;7,3;13;29,5;26,62;23,5;77,5;2,333333;
1990-01-03;4,3;9,6;0;29,6;25,7;21,3;82,25;1,5;
1990-01-04;3,9;7,8;4,6;29,8;26,64;22,6;85,25;1,2;
1990-01-05;4,1;9,4;10,8;29,6;26,08;22,9;83;4,1;
1990-01-06;6,8;7,7;2,3;29,6;26,58;23,7;71;3,666667;
1990-01-07;5,6;4,2;6,6;29,2;25,9;23,2;79,5;3,766667;
1990-01-08;5;10,7;1,8;29,6;26,62;23,7;80;2,833333;
1990-01-09;5,1;10,8;0;29,7;26,88;24,7;71;2,9;
1990-01-10;5,8;10,7;0;29,6;26,34;20,8;68,25;3,566667;
1990-01-11;5,8;8,8;0;29,6;26,62;22,3;77,5;2,166667;
1990-01-12;7;8,5;,2;29,9;27,08;24,1;79,25;3,266667;
1990-01-13;4,7;10,4;,5;29,6;25,88;21,9;79,75;3,6;
1990-01-14;5;9,7;0;29,5;26,02;20,4;74,75;4,1;
1990-01-15;5,8;8,8;0;29,6;26,38;21,3;77,5;3,333333;
1990-01-16;6,4;10;0;29,9;26,84;24,7;81,5;3,033333;
1990-01-17;5,1;10,9;0;30;26,34;21,7;76,5;3,866667;
1990-01-18;5,1;11,1;0;30,2;26,58;24,1;75,25;4,433333;
1990-01-19;5,4;8,8;0;29,6;26,44;21,6;72,25;3,033333;
1990-01-20;7,6;9,3;0;29,9;26,32;21,8;72,75;2,5;
1990-01-21;5,2;7,9;,4;30,1;25,42;21,8;83,25;2,033333;
1990-01-22;3,5;2,4;4,8;29,2;25,64;21;84,75;2,9;
1990-01-23;2,9;9,6;1,2;29,6;27,12;23,5;74,5;3,566667;
1990-01-24;5,7;10;0;30,2;26,28;23,4;75,25;3,3;
1990-01-25;4,2;9,1;1;30,2;26,84;21,9;71,5;3,3;
1990-01-26;5,6;6,6;1,2;29,9;26,98;23,6;75,5;4,033333;
1990-01-27;6,1;4,9;0;29,9;26,68;22,4;74,5;4,8;
1990-01-28;7,7;2,9;1;29,2;26,72;24,7;77,25;3,666667;
1990-01-29;4,5;5,2;4,9;30;26,58;23,3;70;2,133333;
1990-01-30;4,9;4,6;8,7;29,2;24,6;21,3;87,75;2,166667;
1990-01-31;2,2;9;10,8;29,9;26,28;22,5;78,75;3,2;
1990-02-01;3,7;8,1;1,3;30;27,14;25,1;75,5;4,966667;
1990-02-02;17,4;11;0;30,1;26,04;23,3;82,25;3,866667;
1990-02-03;6,3;5,1;3,8;29,5;26,22;23,7;77,5;4,166667;
1990-02-04;3,4;3,7;3,8;28,9;24,34;21;89,75;2,666667;
1990-02-05;3,4;6,9;8,7;29,8;25,26;21;78,5;3,333333;
1990-02-06;4,1;4,6;2,4;29;26,06;21,7;73,5;3,033333;
1990-02-07;5;5,9;0;30,1;26,24;22,7;87;3,033333;
1990-02-08;3,4;5;6,7;29,8;26,5;23;78;3,6;
1990-02-09;4,7;2,2;12,2;29,2;26,1;23,2;84;1,4;
1990-02-10;3,2;7,9;0;29,8;26,48;22,9;80;2,933333;
1990-02-11;3,2;8,1;0;30,4;27,18;24,6;79,25;3,366667;
1990-02-12;3,1;8,4;0;30,9;26,74;21,9;75,5;3,6;
1990-02-13;2,5;9,6;0;30,5;26,52;21,7;80,25;2,733333;
1990-02-14;,5;10;0;31;26,28;21,9;72,75;1,866667;
1990-02-15;,5;5,9;0;31;26,6;20,7;77,5;2,533333;
1990-02-16;1,4;1,2;0;30,3;26,46;21,9;77,5;2,066667;
1990-02-17;,8;1,2;0;29,9;26,26;21,1;76,25;2,266667;
1990-02-18;1;5,8;0;30,5;26,14;20,7;75,25;1,233333;
1990-02-19;3,4;4,9;0;31,2;26,7;20,9;78,25;2,333333;
1990-02-20;3,4;8,2;0;31,2;27,08;22,9;75,75;1,8;
1990-02-21;5,3;8,7;0;31,2;26,66;21,9;78;2,166667;
1990-02-22;4,4;5;,7;31,2;26,7;22,9;81,5;2,233333;
1990-02-23;2,8;8,6;1;31,5;26,84;21,4;75,25;2,933333;
1990-02-24;4,5;10,3;1,8;31,6;27,3;22,3;70,75;2,966667;
1990-02-25;null;null;null;null;null;22,3;null;null;
1990-02-26;null;null;null;null;null;null;null;null;
1990-02-27;14,3;1,3;1;31;26,22;21,1;82,25;3,866667;
1990-02-28;4,9;,2;13,7;29,4;25,26;21,7;81,75;1,266667;
1990-03-01;3,8;1,4;,7;28,7;25,66;21,3;82,25;,533333;
1990-03-02;3,4;9,8;,3;30,7;26,78;22,1;77;3,466667;
1990-03-03;5,3;8,6;0;30,8;27,08;24,5;77,5;3,533333;
1990-03-04;4,7;9,4;0;31;27;21;70,25;3,366667;
1990-03-05;4,5;5,5;0;30,8;27,08;22,5;78;2,166667;
1990-03-06;4,5;9,7;4,2;31,3;26,96;22,1;76;3,266667;
1990-03-07;5,7;9,5;0;30,9;26,5;21,3;74;4,366667;
1990-03-08;5,9;5;0;31,4;27,8;24,7;68;4,3;
1990-03-09;3,2;5,8;0;31,3;27,02;22,1;75;2,833333;
1990-03-10;6;9,5;0;31,4;26,76;20,9;76,75;2,633333;
1990-03-11;5,4;8,6;0;31,6;27,28;21,3;73,75;3,7;
1990-03-12;4,4;9,1;0;31,6;26,88;20,8;71,75;3,3;
1990-03-13;4,4;8,8;0;31,5;26,52;20,1;69,5;2,533333;
1990-03-14;6,6;7,8;0;31,6;27,5;20,9;68,75;2,4;
1990-03-15;5,1;9,7;0;32,1;27,52;21;74;2,8;
1990-03-16;5,5;7,8;0;32,3;27,46;23,1;73;3;
1990-03-17;4,5;7,8;0;31,8;27,28;21,4;71,75;4,433333;
1990-03-18;6,4;8,1;1;31,8;27,96;24,8;74,75;4,566667;
1990-03-19;3,9;8,4;1;32,2;27,78;23,5;72;3,166667;
1990-03-20;2,2;4,6;2;31;26,86;23,5;80;1,666667;
1990-03-21;2;3,2;1,2;31,3;27,52;24,8;79,5;2,2;
1990-03-22;1,9;5,8;0;32,3;27,68;22,7;74;3,233333;
1990-03-23;1,6;8,8;0;32;27,38;21,5;80,25;3,7;
1990-03-24;5,5;7,7;,4;31,9;28,16;23,7;69,75;3,533333;
1990-03-25;5,6;9,9;0;32,5;28,3;23,6;67,5;3,5;
1990-03-26;5,5;9,7;0;32,5;27,72;21,9;71,5;2,966667;
1990-03-27;6,4;4,2;4,8;30,9;26,3;22,4;77,5;3;
1990-03-28;3,4;10,2;2,2;31,8;26,98;20,7;68,5;2,533333;
1990-03-29;6;10,3;0;31,8;27,18;20,7;68,5;4,1;
1990-03-30;4,8;10,3;0;32,4;27,44;22,1;68;3,833333;
1990-03-31;6,1;7,3;9;31;27,08;23,5;69,75;2,866667;
1990-04-01;4,9;9,7;1,2;31,4;26,34;22,1;77,75;2,033333;
1990-04-02;3,7;7,5;13,5;31;27,56;23,6;77,75;2,966667;
1990-04-03;3,7;,5;12,8;30,8;26,82;24,2;84,75;2,7;
1990-04-04;2,5;6,9;1,7;31;27,78;23,3;75;3;
1990-04-05;4,6;7,6;0;31,3;27,92;23,9;73,75;2,866667;
1990-04-06;4,3;10,1;0;31,6;28,12;24,3;72;2,6;
1990-04-07;5,4;6,9;0;30,7;27,52;22,6;73,25;2,533333;
1990-04-08;4,4;5,1;27,9;29,9;25,68;22,7;81,25;2,4;
1990-04-09;2,6;7,5;11,9;30,3;27;22,4;76,25;1,9;
1990-04-10;6,5;9,5;0;30,7;27,5;22,7;73;3,466667;
1990-04-11;5,1;8,5;0;30,7;26,94;21;65,75;2,733333;
1990-04-12;5,1;9,2;0;30,9;26,98;20,8;70,5;3,2;
1990-04-13;5,1;7,5;1,3;30,6;26,56;21,6;72,5;1,766667;
1990-04-14;4,7;9,8;0;31;26,74;20,2;72,5;2,466667;
1990-04-15;4;7,7;1,2;30,9;26,56;21,6;73,75;3,666667;
1990-04-16;6;8,5;,3;31,2;27,42;21,1;70;3,466667;
1990-04-17;5;8,3;0;31,4;27,14;22,6;77,5;3,133333;
1990-04-18;4,5;2;23,4;29,7;24,82;23,1;90,25;2,933333;
1990-04-19;2,2;5,5;53,7;29,7;25,44;22;90,5;2,7;
1990-04-20;2,5;9;64,2;29,9;26,28;23;80,25;2,3;
1990-04-21;4,4;7,7;4,8;29,8;27,6;23,1;71,5;3,333333;
1990-04-22;4,1;8,4;4;29,9;26,34;22,6;77,75;4,166667;
1990-04-23;3,3;4;1,6;29,9;26,26;23,4;89,5;2,633333;
1990-04-24;3,8;3,3;13,2;30;26,9;23,8;77,75;4;
1990-04-25;3,8;,4;5,5;28,6;25,7;23,5;85,5;1,8;
1990-04-26;2,2;,3;33,5;28,7;25,38;22,9;94,5;1,5;
1990-04-27;,3;,4;36,6;28,5;25,62;23;88,5;2,433333;
1990-04-28;1,7;2,2;23,5;29;25,84;22,9;84,75;2,866667;
1990-04-29;1,6;6,9;,3;29,9;26,12;22,2;80;2,166667;
1990-04-30;2,2;1,6;54,3;29,6;26,1;23,8;91;2,5;
1990-05-01;1,7;2,3;28,8;29,7;25,68;23,1;92;1,533333;
1990-05-02;1,8;10,3;6,5;30,5;26,76;22,9;82,25;2,2;
1990-05-03;3,1;8,4;0;30,5;25,28;21,2;82,25;1,866667;
1990-05-04;3,4;10,3;0;29,9;23,86;19,7;86,25;2,633333;
1990-05-05;3,7;10,1;,2;29,9;25,2;20;80;2,1;
1990-05-06;3,7;10,2;0;29,9;25,06;20,6;78,5;1,533333;
1990-05-07;3,8;10,5;0;29,8;26,08;20,2;77;1,533333;
1990-05-08;3,3;9,9;0;29,9;26,26;21,2;79,5;1,7;
1990-05-09;3,2;10,1;0;29,7;25,06;21;80;1,7;
1990-05-10;3,1;7,4;,4;30;26,62;21;78,5;3,233333;
1990-05-11;3,1;9;24,2;29,7;25,22;22,5;84,75;2,666667;
1990-05-12;2,7;5,1;3,2;29,6;24,62;20,8;88;,833333;
1990-05-13;2,6;9,5;0;30,1;25,48;21,2;82,75;1,7;
1990-05-14;3,4;2,2;0;29,9;25,48;21,5;83,5;3,066667;
1990-05-15;3;7,7;17,7;29,7;26,58;22,4;81,5;1,9;
1990-05-16;3,2;9,9;0;30,1;25,86;21,3;74,25;2,433333;
1990-05-17;4,2;4,9;1,3;29,1;24,72;21,4;87,5;2,333333;
1990-05-18;2,7;1;19,1;27,6;24,7;22;89,25;1,066667;
1990-05-19;1;8,4;2;29,5;25,44;20,9;86,75;1,633333;
1990-05-20;2,5;8,1;,2;30,7;26,76;22,2;75,25;2,766667;
1990-05-21;4;3,5;0;29,7;25,74;19,7;79,75;2,3;
1990-05-22;2,1;7,7;,7;30;24,18;20,3;80,75;2,7;
1990-05-23;3,1;9,7;,1;29,7;25,02;19,3;78,25;3,666667;
1990-05-24;4,3;5,2;0;29,7;24,96;21,3;89,25;2,433333;
1990-05-25;2,5;2,9;5,2;29,8;25,38;21,1;89;3,833333;
1990-05-26;1,7;0;89,8;26,5;23,7;21,6;94,5;1,5;
1990-05-27;1,7;6,3;9,7;27,6;24,22;22,6;92,75;1;
1990-05-28;2,1;2,5;24,2;28,3;25,04;21,4;91,75;2,933333;
1990-05-29;1,9;,6;23,9;27,2;25,02;22,6;84,75;1,966667;
1990-05-30;2,5;5,1;17,5;28,7;25,36;21,4;79,5;2,7;
1990-05-31;4,8;8,3;0;28,7;26,14;23,7;72,25;5,266667;
1990-06-01;3,9;1,8;8;27,4;25,18;21,5;90,5;4,1;
1990-06-02;2,1;4,4;19,8;28,7;26,1;21,1;82,25;4,033333;
1990-06-03;3,1;0;20,6;27,2;24,16;23,1;94,5;2,133333;
1990-06-04;2,1;4,8;22,3;28,3;25,54;20,8;80,25;4,433333;
1990-06-05;2,5;1,6;18,9;27,9;24,5;21,9;92,5;2,166667;
1990-06-06;1,1;,6;12,3;26,9;23,8;21,8;91,75;1,866667;
1990-06-07;1,2;7,8;38,4;29,2;25,06;21,7;88,25;1,95;
1990-06-08;2,2;5,3;4,8;28,6;24,78;22,7;90,75;2,3;
1990-06-09;1,7;,4;38,6;27,9;24,62;21,8;83,5;2,2;
1990-06-10;2,4;10,4;3,4;28,4;24,06;20,4;81,25;2,1;
1990-06-11;3,5;10,2;0;28,9;25,3;24,2;86,25;2,733333;
1990-06-12;3,5;8,2;0;28,6;24,46;20,8;84,5;3,1;
1990-06-13;3,2;9,9;4,3;28,8;24,78;22,1;86;2,2;
1990-06-14;3,5;9,1;3,2;28,8;24,9;21,9;74,5;2,866667;
1990-06-15;3,2;8,1;0;28,4;24,7;20;73,25;2,033333;
1990-06-16;3,1;7,8;,9;28,6;24,36;20;81,25;1,166667;
1990-06-17;3,3;,6;16,6;27,1;23,82;21,1;92,25;2,4;
1990-06-18;2,2;1;2,6;27,5;24,26;21,6;88,75;3,033333;
1990-06-19;3,2;7,6;14,7;28,3;25,16;21;73;3,033333;
1990-06-20;4,4;7,1;,4;28,2;23,94;21,2;85,5;2,6;
1990-06-21;2,9;8,6;0;28,9;25,12;23,9;85,75;2,733333;
1990-06-22;2,6;9,3;0;28,8;24,66;19,4;78,75;2,1;
1990-06-23;2,5;9,7;,3;29;25,36;20,4;80,25;3,533333;
1990-06-24;3,4;8,8;1,4;28,6;25,22;21,8;80;2;
1990-06-25;3;2,3;24,5;27,7;24,1;22;91,75;2,2;
1990-06-26;2;4,6;9,1;28,4;24,7;21,4;89,25;2,433333;
1990-06-27;2,9;9,5;10;28,3;24,8;21,7;81,75;3;
1990-06-28;3,5;1,7;5,5;26,5;23,92;21,4;92,75;4,333333;
1990-06-29;1;1,3;162,8;27,2;24,18;20,9;90,75;3,266667;
1990-06-30;2,2;6,3;9,8;28,4;24,9;22;84,5;3,733333;
1990-07-01;2,5;5,8;3,9;28,3;24,1;21,3;88;1,5;
1990-07-02;2;2,8;12,7;28,2;25,04;21,8;83,75;3,033333;
1990-07-03;2,6;,7;10;25,9;23,44;21,9;91,5;1,4;
1990-07-04;,7;6,2;4;28,9;24,48;21,7;87;1,633333;
1990-07-05;2,2;8,1;0;28,5;24,38;20,6;83,75;1,733333;
1990-07-06;1,9;6;,7;28,8;24,42;20,6;86,5;1,766667;
1990-07-07;2,6;5,8;1;27,9;23,6;21,7;95;4,133333;
1990-07-08;1,7;7,7;6,1;28,2;24,26;20,8;84,5;3,766667;
1990-07-09;2,5;,5;13,8;26,9;23,82;21,3;90;2,6;
1990-07-10;1,6;6,1;12,5;28,7;24,46;21,1;90,75;1,3;
1990-07-11;1,7;2,5;10,1;27,3;23,5;21,6;92,75;1,2;
1990-07-12;,9;9;10,4;28,8;24,18;19,4;84,25;,9;
1990-07-13;2,5;1,6;13;27,5;24,8;21,6;83;1,366667;
1990-07-14;2;8,1;,2;28,6;24,6;20,8;82,25;3,8;
1990-07-15;2,7;8,7;3;28,2;24,26;21;81,75;3,3;
1990-07-16;3,1;5,1;,4;28,4;24,2;20,8;86,5;1,666667;
1990-07-17;1,7;,5;5;26,5;23,66;21,9;91,75;,966667;
1990-07-18;1,3;9,7;4,6;28,6;25,24;22,2;79,75;2,3;
1990-07-19;2,4;9,1;4;28,4;24,34;21,5;82;3,2;
1990-07-20;2,8;0;100,3;25,2;22,8;21,5;96,5;2,666667;
1990-07-21;,7;0;59,8;24,6;22,56;21,1;95,75;,666667;
1990-07-22;,2;9,4;29,1;28,3;24,54;20,6;82;3,533333;
1990-07-23;3,3;9,9;,4;28,5;24,64;21,2;80,75;2,533333;
1990-07-24;3,5;8,6;22,4;27,8;23,82;20,8;82,5;2,766667;
1990-07-25;3;10,1;4,2;28,5;24,02;19,8;81,25;2,5;
1990-07-26;2,8;6,9;0;28,4;24,96;21;76,25;3,666667;
1990-07-27;4,8;1,7;,2;27,9;23,5;20,4;84,25;2,2;
1990-07-28;2,2;5,9;30,5;27,7;24,66;20,3;86,25;2,866667;
1990-07-29;2;,1;176,4;26,9;24,14;21,8;88,5;2,466667;
1990-07-30;2;5,4;2,2;27,8;24,16;21,7;80;4;
1990-07-31;2,9;8,4;2,9;28,1;24,28;24,1;81,25;3;
1990-08-01;3,3;7,3;,6;27,9;24,4;19,6;82;4,1;
1990-08-02;1,8;7,4;5,4;28,3;24,02;20,8;84,25;3,1;
1990-08-03;3,1;7,8;14,3;27,6;23,76;21,1;78;2,033333;
1990-08-04;3,7;6;2,1;27,3;23,66;20,2;90;1,933333;
1990-08-05;2,4;2,8;9,2;27,5;23,3;21,4;85,25;3,066667;
1990-08-06;2;4,9;4,4;27,5;23,34;19,6;88,75;2,4;
1990-08-07;2;4,7;6,4;27,9;23,94;19,8;84,5;4,433333;
1990-08-08;3,6;8,1;4,6;27,9;24,46;21,7;80;4;
1990-08-09;4;,4;1,7;27,2;23,32;20,7;95,5;4,833333;
1990-08-10;2;9,5;40;28,3;24;20,7;87;2,366667;
1990-08-11;3,6;7,7;,3;28,2;23,88;19;79;2,666667;
1990-08-12;2,4;7;5,4;28,7;24,22;21;80,25;4,1;
1990-08-13;3;1,6;,6;26,9;23,04;19,8;90,5;1,533333;
1990-08-14;,6;,3;120,1;27,2;24,24;20,6;83,5;2,6;
1990-08-15;3,2;8,7;,3;27,8;23,72;18,4;77,5;4,1;
1990-08-16;3,4;4,8;0;26,8;23,38;20,6;91,75;2,866667;
1990-08-17;2,1;4,2;28,3;28,5;24,46;21,5;82,25;2,433333;
1990-08-18;1,4;8,7;4,3;28,1;24,42;21,2;78,5;3,7;
1990-08-19;3,2;5,3;4,7;28,3;24,14;19,4;81,5;2,733333;
1990-08-20;3,4;9,9;0;28,9;25,1;21;78,5;2,866667;
1990-08-21;1,7;7,1;3,7;28,6;24,8;20,4;78,25;4,333333;
1990-08-22;3,3;4;1,7;28,4;24,26;20,6;83;2,233333;
1990-08-23;2,7;,1;17,9;24;22,12;20,8;96;1,933333;
1990-08-24;,6;0;41,2;26,7;22,94;20,8;94;2,5;
1990-08-25;1,2;10;24,6;28,1;23,78;19,4;80;4,133333;
1990-08-26;3,1;,1;8,4;25;23,3;21,3;95,75;2,266667;
1990-08-27;,2;3,4;12,4;28,3;24,42;21,1;85,25;3,1;
1990-08-28;3;8,3;5,6;28,2;25,4;22,4;78,5;2,866667;
1990-08-29;4;10,1;0;28,5;25,7;22,9;78,75;3,4;
1990-08-30;4,8;1,1;0;28,8;25,3;22,7;76;4,2;
1990-08-31;3,5;4,1;14,6;28,1;23,94;21,8;80,75;3,866667;
1990-09-01;2,9;5,8;2;28,3;23,34;19,4;80,25;2,733333;
1990-09-02;3,3;9,3;0;28,9;25,1;19,8;74,75;2,466667;
1990-09-03;3,9;9,2;,2;28,5;25,38;21,7;76,5;2,9;
1990-09-04;4,3;9,1;0;28,7;25,28;20,8;74,25;3,966667;
1990-09-05;5;8,9;23;28,5;24,68;21,2;73,5;4,7;
1990-09-06;4,3;6,4;0;28,4;23,44;19,2;85;2,2;
1990-09-07;2,6;5,2;2,2;28,6;24,22;20,4;78;3,8;
1990-09-08;3,5;9,5;,3;28,9;23,66;19,2;77,75;3,433333;
1990-09-09;2,8;9,1;0;28,7;25,02;19,6;76,5;2,166667;
1990-09-10;3;5,6;3,3;28,5;24,4;21,7;81;2,833333;
1990-09-11;3,1;6;,5;28,5;24,66;19,6;74,5;3,533333;
1990-09-12;5,5;6,7;0;29,2;25,2;21;75,75;2,833333;
1990-09-13;4,1;7,4;4,4;29,2;25,44;20,4;76,5;3,766667;
1990-09-14;6,1;8,8;0;28,7;25,08;23,6;79,75;3,333333;
1990-09-15;4,4;8,9;0;29,2;24,4;20,7;81,5;2,3;
1990-09-16;4;null;0;29,4;25,04;19,2;75,5;1,766667;
1990-09-17;3,8;null;,8;28,9;24,46;18,8;75,75;3,166667;
1990-09-18;5;null;0;28,8;25,7;22,7;71;3,566667;
1990-09-19;4,2;4,8;4,3;28,3;24,8;20,6;84,75;3,533333;
1990-09-20;2,4;7,4;2,7;29,3;25,8;21,6;84;4,7;
1990-09-21;4;8,8;4,4;28,8;26,22;23,1;82;2,966667;
1990-09-22;4,8;5,8;,8;28,8;25,72;22,4;84;2,366667;
1990-09-23;2,8;7,8;8,6;29;25,5;21,7;74,5;3,466667;
1990-09-24;3,2;4,9;0;29,1;25,58;21,9;75,25;3,166667;
1990-09-25;4,5;10,2;0;29,3;24,36;19,4;78,5;1,633333;
1990-09-26;3,6;7,7;0;29,7;25,54;20;77,75;3;
1990-09-27;3,4;1,2;5,3;27,9;24,7;22,6;90,5;1,6;
1990-09-28;1,8;null;39,3;26,7;23,1;21,7;88,25;1,866667;
1990-09-29;2,2;6,6;13,5;28,5;23,96;20,4;81;2,766667;
1990-09-30;2,5;9,1;0;29;24,92;19,5;76,75;3,333333;
1990-10-01;4,8;,6;1,7;27,2;24,98;21;85,5;4,266667;
1990-10-02;2,6;5,1;33,3;28,3;24,3;20,6;79,25;3,733333;
1990-10-03;2,9;10,1;,4;28,2;24,2;19,6;81,25;2,866667;
1990-10-04;5;5,4;0;28,6;24,74;20,6;83,5;4,066667;
1990-10-05;5;5,6;1;28,9;24,66;20,9;78,5;3,2;
1990-10-06;5,5;3;,6;28;24,5;21,9;83,5;2,733333;
1990-10-07;2,3;9,2;1,3;29,3;25,22;21;77,25;3,566667;
1990-10-08;4,4;10,4;,6;29,6;25,14;19,8;76,5;3,866667;
1990-10-09;6,2;9,6;,4;31,3;26,4;24,1;78,25;3,466667;
1990-10-10;6;9,4;,6;31,3;26,14;22,7;78;3,633333;
1990-10-11;4,9;9,4;5,6;29,5;25,38;22,5;79,75;3,9;
1990-10-12;5;7,5;,4;29,5;25,84;23,2;76,25;3,733333;
1990-10-13;5,5;10;,4;31,4;26,6;21,7;73,25;2,4;
1990-10-14;4,7;6,3;2,8;31,4;27,24;23,7;72,25;2,733333;
1990-10-15;3,5;6,6;1,1;29,3;25,36;21;76,25;2,5;
1990-10-16;3,8;8,3;0;29,9;25,3;20,1;72,5;3,3;
1990-10-17;5;10,6;0;29,8;25,56;21;70,75;3,866667;
1990-10-18;4,2;7,7;5;29,8;25,52;22,1;79,25;2,866667;
1990-10-19;3,9;4,7;8,3;29,4;25,64;22,3;73,75;2,733333;
1990-10-20;3,2;7,5;7,4;29,1;25,76;21,4;74,25;3,733333;
1990-10-21;2,9;2,5;11,6;28;25,36;22,1;79,5;1,4;
1990-10-22;3;7,6;,6;29,3;25,88;21;74;1,6;
1990-10-23;3,2;10,4;0;29,7;26;19,5;75;2,866667;
1990-10-24;3,8;9,1;0;29,6;25,82;20,4;72,5;3,733333;
1990-10-25;5,8;9,4;0;29,7;26,72;24,5;73,25;2,466667;
1990-10-26;5,9;10;0;30;26,6;24,1;74,5;3,433333;
1990-10-27;6,1;7,4;0;29,6;26,1;24,7;77,5;4,266667;
1990-10-28;5,1;7,4;1,1;29,7;25,9;22,7;73,25;3,466667;
1990-10-29;4,4;6,7;0;29,5;25,42;21,5;79,25;3,066667;
1990-10-30;5,2;8,6;5;29,3;26,66;23,1;78,25;2,8;
1990-10-31;5,1;9,4;0;29,7;26,66;24,4;69,25;3,466667;
1990-11-01;7;6,7;4,2;31,4;26,82;22,6;74,25;2,733333;
1990-11-02;7,1;9,5;2,2;31;26,8;23,1;77,25;2,633333;
1990-11-03;4,7;11;,4;31,4;26,92;22,3;76;2,866667;
1990-11-04;4,8;8,2;0;30,3;26,5;22,1;70,5;3,7;
1990-11-05;4,8;6,6;0;30,2;26,84;24,5;71,25;3,633333;
1990-11-06;5;5,4;0;30,2;27,02;22,7;75,75;3;
1990-11-07;6,2;5,6;2,1;31,2;27,2;24,1;74,25;2,666667;
1990-11-08;3,4;8,7;2;29,9;25,7;21;73,25;4,533333;
1990-11-09;9,7;7,2;0;30,5;26,94;24,6;70;4,133333;
1990-11-10;7,9;9,1;0;31;25,96;21,5;76,25;2,766667;
1990-11-11;5;7,5;0;31,4;26,3;20,8;75,25;2,4;
1990-11-12;3,7;5,8;0;30,4;25,92;19,8;74,5;2,933333;
1990-11-13;2,3;11;0;30,4;25,92;19,2;73,75;3,666667;
1990-11-14;2,5;10,2;,3;30,6;26,32;21,3;72,5;5,466667;
1990-11-15;3,2;3,8;0;30,2;25,86;23,1;87;3,766667;
1990-11-16;4,3;9,2;15,5;30,2;26,18;22,2;77,5;3,866667;
1990-11-17;6,6;9,6;0;30,6;26,38;21,9;74,25;3,866667;
1990-11-18;2,1;6,4;,6;30,7;26,3;21,9;76,25;3,166667;
1990-11-19;5,7;6,3;1,5;30,4;26,26;22,3;72,75;4,833333;
1990-11-20;5,3;5,9;,2;29,5;25,4;19,2;71,75;3,866667;
1990-11-21;3;7,4;,7;30,2;25,68;19,4;73,25;2,566667;
1990-11-22;5,2;6,4;,4;30,6;26;22,7;79,25;1,9;
1990-11-23;5,6;6,6;,6;30,6;27,34;25,1;74,75;2,9;
1990-11-24;5,5;7,1;,7;30,6;27,78;24,9;70;4,133333;
1990-11-25;7,5;7,8;0;30,6;27,32;21,5;71,5;2,966667;
1990-11-26;4,6;7,3;4,1;30,6;26,56;20,5;78;2,466667;
1990-11-27;5,2;9,1;0;30,7;27,26;23,6;71,5;3,533333;
1990-11-28;2;10,7;0;31,7;27,42;22,1;73,25;2,9;
1990-11-29;5,2;10,5;0;31,3;27,6;23,4;68,75;3,766667;
1990-11-30;7,5;7,7;,8;30,3;27,52;24,3;71;3,366667;
1990-12-01;5,9;9,3;0;30,9;26,96;24,1;72;3,3;
1990-12-02;6;9,8;0;31;26,72;21,1;73;4,1;
1990-12-03;5,8;4,3;0;29,7;26,92;24,3;72,25;3,933333;
1990-12-04;4,5;8,8;4,8;30,3;26,56;21,4;75;4,5;
1990-12-05;9,5;4,8;0;29,9;26,1;20,5;70,25;4;
1990-12-06;6,1;10,4;0;30,8;25,26;16,8;70,75;2,7;
1990-12-07;5,7;5,4;0;30,7;26,04;16,4;73;3,133333;
1990-12-08;5,1;8,1;0;30,5;25,86;17,4;70,75;3,533333;
1990-12-09;4,7;7,8;0;31,2;26,98;21,9;72,25;3,9;
1990-12-10;4,9;9,5;0;30,9;26,72;20,6;69,5;3;
1990-12-11;4,9;10,2;,3;31;26,02;17,8;69;3,133333;
1990-12-12;4,9;9,6;0;30,9;26,06;19,2;73,5;3,266667;
1990-12-13;5,3;9,8;0;31,4;26,8;20,6;70,75;2,433333;
1990-12-14;5,5;11,2;0;31,4;25,8;18,4;69,75;3,133333;
1990-12-15;5;11,5;0;31,4;26,52;19,8;68,25;3;
1990-12-16;null;null;0;31,3;25,46;18;72;null;
1990-12-17;5;6,2;0;31,3;25,28;19,3;78;2,966667;
1990-12-18;5;5,6;,9;30,8;25,26;19,4;75,25;4,15;
1990-12-19;6,1;7,1;0;30,9;26,78;21,3;71,5;3,366667;
1990-12-20;7,5;10,5;0;31,1;26,36;20,2;70,25;2,8;
1990-12-21;5,7;9;0;31,5;26,68;21,2;71,25;2,5;
1990-12-22;6;8,8;0;31,4;26,46;18,9;68,5;3,466667;
1990-12-23;9;10,3;0;30,6;26,84;20;63,75;2,266667;
1990-12-24;6,2;6,5;7,4;31,2;25,94;20,2;77,75;2;
1990-12-25;4,8;4,4;15,9;28,4;25,8;20,7;81,25;2,366667;
1990-12-26;5,5;10,8;0;30,7;26,78;20,8;73,5;3,4;
1990-12-27;5,2;8,4;1;30,8;26,46;19,6;74,75;2,366667;
1990-12-28;4,7;11,5;0;31,3;26,96;21,9;75;2,733333;
1990-12-29;7,1;10,2;0;31,6;26,98;22,7;74,75;2,8;
1990-12-30;5,3;8,4;0;31,2;26,44;19,8;72,5;4,4;
1990-12-31;7,8;4,7;0;30,2;26,1;19;72;2,466667;
1991-01-01;5,6;8,7;5,3;31,3;26,3;22,5;77,5;3,166667;
1991-01-02;8,8;10,2;0;31;26,04;20,5;68;3,3;
1991-01-03;6,7;9,1;6,5;30,6;26,04;19,3;70;3,066667;
1991-01-04;7,3;8,6;0;30,6;27,04;22;69,5;4,066667;
1991-01-05;6,8;9,3;0;30,7;26,02;19;74;3,033333;
1991-01-06;6;10,6;0;31;26,64;20,8;71,5;2,8;
1991-01-07;4,4;2,7;0;31;27,24;22,1;78;2,133333;
1991-01-08;4,3;7,6;3;30,5;26,62;21,6;73,75;2,066667;
1991-01-09;5,7;5,3;0;30,4;27,52;26;75;3,5;
1991-01-10;5,8;4,3;0;31,4;27,32;23;74,75;2,866667;
1991-01-11;4,6;10,8;3,6;32,4;27,66;23,6;73,75;4;
1991-01-12;1,2;8,8;0;30,6;26,94;22,2;70,75;3,5;
1991-01-13;6,7;8,5;0;31,3;27,12;22,1;72,75;3,2;
1991-01-14;3,5;10,3;0;31,4;27,12;22,2;67,75;2,833333;
1991-01-15;3,8;6,5;0;31,3;27,18;21,6;69,25;3,333333;
1991-01-16;6,7;8,1;0;31,3;27,36;23,7;68,75;3,033333;
1991-01-17;5,1;9,4;0;31,2;27,94;24,7;68,75;2,133333;
1991-01-18;5,8;,5;0;30,3;27,36;24,2;73,5;2,733333;
1991-01-19;6,3;4;0;30,7;27,72;26,2;71;3;
1991-01-20;4,9;8,4;5,7;30,2;27,48;25,5;72;3,766667;
1991-01-21;3,4;6,2;3;31,2;27,32;22,8;71,75;3,333333;
1991-01-22;6,5;7,2;4,7;30,8;27,18;23,7;74;2,633333;
1991-01-23;4,2;5,3;5,8;31,3;26,66;23,8;83,75;1,633333;
1991-01-24;1,5;7,2;6,4;30,6;26,94;23,8;77,75;1,9;
1991-01-25;,8;8,5;4,1;30,3;26,78;23,2;73,75;3,533333;
1991-01-26;2,6;9,8;10,8;30,8;26,94;23,6;73;2,633333;
1991-01-27;3;8,6;,9;30,6;27,92;25,9;75,75;3,7;
1991-01-28;3,6;9,6;,2;30,8;27,86;26,2;72,5;4,266667;
1991-01-29;8,6;10,6;0;30,7;27,7;25,8;71,5;2,366667;
1991-01-30;1;8,1;0;31,1;26,78;22,6;76,5;2,3;
1991-01-31;,8;6;0;30,9;27,08;22,6;70,25;3,633333;
1991-02-01;1,2;6,3;0;31,1;26,62;22,9;72,5;3,4;
1991-02-02;1,8;,6;0;29,9;27,22;23,4;76,5;3,3;
1991-02-03;4,8;,2;,2;29,1;26,94;23,4;72,75;3,766667;
1991-02-04;3,6;1,3;6,4;28,5;26,2;24;79,5;1,2;
1991-02-05;1,4;3,8;5,1;30,6;27,06;23;73,75;1,733333;
1991-02-06;1,1;4,5;,5;30,9;26,92;23,5;75,5;2,766667;
1991-02-07;,8;8,4;,5;31,3;27,64;23,9;71;4,166667;
1991-02-08;1,1;8,6;0;31;27,66;24,4;71,25;3,366667;
1991-02-09;8,1;10,3;0;31,6;28,28;25,7;67,5;2,733333;
1991-02-10;7,1;10,1;,3;31,6;27,58;22,8;71,5;2,866667;
1991-02-11;5,7;8,9;0;31,5;26,96;20,8;69,75;2,466667;
1991-02-12;6,7;7;0;31,5;27,06;22,2;68,25;2,866667;
1991-02-13;4,9;9,1;0;32,6;27,78;22,9;70,75;3,4;
1991-02-14;3,6;10,7;,3;33,4;28,5;23,6;73,5;3,633333;
1991-02-15;6,2;5,5;0;31,8;27,76;23,2;74,5;3,266667;
1991-02-16;3,5;0;5,4;28,4;25,14;23,8;87,75;,866667;
1991-02-17;,6;5,1;8;29,2;25,76;23;76,25;1;
1991-02-18;,7;9,1;0;31,7;27,06;22,4;75,25;2,633333;
1991-02-19;1,1;9,7;0;31,7;27,18;20,8;72,25;3,533333;
1991-02-20;1,1;8,4;0;32;27,44;22,4;71,5;3,966667;
1991-02-21;6;10,3;0;33,2;28,08;21,4;70,5;2,633333;
1991-02-22;4,8;8,5;2,8;30,9;27,12;22,8;73,5;2,866667;
1991-02-23;5,7;10,2;0;33;28,18;23,8;64,75;3,666667;
1991-02-24;5;10,2;0;31,6;27,66;22,1;72,5;3,666667;
1991-02-25;6,4;7,5;1;31,3;28,14;25,2;73,5;4,766667;
1991-02-26;6;10,2;0;31,6;28,38;25,4;65,75;3,2;
1991-02-27;6,3;8,3;2,3;31,1;27,6;23,5;72,25;4,2;
1991-02-28;6,9;10,7;0;31,7;27,96;23,6;71,5;2,733333;
1991-03-01;8,4;8,2;0;31,9;28,16;23,6;63,5;2,966667;
1991-03-02;6,1;1;1,2;30,5;26,1;24,2;82;4,1;
1991-03-03;4;10,9;8,4;30,9;27,38;22,9;69;3,766667;
1991-03-04;5;6,8;0;31,5;27,52;22,3;72,25;2,566667;
1991-03-05;5;8,7;14;30,6;26,94;22,3;73;3,166667;
1991-03-06;5,6;9,9;,6;30,6;27,12;22,6;73,75;2,3;
1991-03-07;6,2;8,1;1,6;30,5;27,38;23,7;72;2,733333;
1991-03-08;5,4;4,2;8,6;30,8;26,42;24,7;82,5;2,666667;
1991-03-09;5;9,2;14,9;30,1;26,38;24,5;80,5;4,566667;
1991-03-10;5,6;6,3;,9;29,6;27,56;24,8;71,25;3,666667;
1991-03-11;5,7;9;0;30,8;27,36;22,5;72,5;3,433333;
1991-03-12;5,4;6,9;0;30,5;27,44;23,5;70,75;2,233333;
1991-03-13;4,1;4,1;5,1;30,7;27,32;23,7;74,75;2,266667;
1991-03-14;3,4;10,4;,6;32,2;27,64;23,2;68,5;3,033333;
1991-03-15;4;7,1;0;33,2;27,46;22,5;72,25;3,333333;
1991-03-16;8,1;2,7;17;32,1;26,28;22,3;85;2,3;
1991-03-17;2;,3;4,2;29,2;25,02;23,1;95,25;1,033333;
1991-03-18;,8;4,8;14,3;30,3;26,8;22,7;75,5;1,3;
1991-03-19;5,2;7,3;0;30,6;26,9;21,7;72,25;2,333333;
1991-03-20;4,4;9,4;0;30,9;26,68;21,7;73;3,2;
1991-03-21;4,3;8,9;0;31;26,78;21,7;72,25;3,8;
1991-03-22;4,5;9,3;0;31,5;27,42;21,9;73,25;3,333333;
1991-03-23;5,2;9,9;0;31,7;27,74;22,7;69,75;2,4;
1991-03-24;4,5;8,6;10,8;31,8;27,76;23,9;74;2,966667;
1991-03-25;5,5;5,8;7,1;30,5;27,5;24,1;73;2,3;
1991-03-26;3,6;9,9;2,3;30,5;27;21,7;69;3,066667;
1991-03-27;4,2;9,7;0;30,7;26,72;21;74,25;3,4;
1991-03-28;5;5,4;0;31,4;26,48;22,8;81,5;2,433333;
1991-03-29;3,3;0;11,9;28,2;24,64;21,8;87;1,366667;
1991-03-30;1,4;4,8;9,4;29,8;26,26;22,7;83,75;1,766667;
1991-03-31;2,5;7,5;11;29,2;26,06;22,9;83,75;2,166667;
1991-04-01;3,1;7,7;0;31,3;27,28;21,9;74,5;2,466667;
1991-04-02;3,9;9,6;0;31,4;27,86;22,3;74,75;3,633333;
1991-04-03;4;8,1;9,6;30,9;27,22;23,6;80,5;1,533333;
1991-04-04;3,5;9,9;,2;31;27,5;22,6;71,75;3,866667;
1991-04-05;4,3;10,8;0;30,8;26,84;21,3;73,25;2,833333;
1991-04-06;4,4;10,7;0;31,5;26,18;21,2;75,25;1,866667;
1991-04-07;4,9;9,3;0;31,7;26,94;19,7;75,75;2,6;
1991-04-08;4,2;9,5;9,8;31;26,6;19;70,75;null;
1991-04-09;3,8;9,4;0;30,7;26,48;21,6;69;2,05;
1991-04-10;5,1;9,2;0;31,1;25,98;20,2;69,75;2,1;
1991-04-11;4,9;9,9;,5;31,2;26,12;21,2;72,5;1,533333;
1991-04-12;4,8;10,3;5,6;30,6;27,12;22,6;70;2,633333;
1991-04-13;5,2;10;0;31,1;26,88;21,3;66,25;3,166667;
1991-04-14;4,9;10,1;,7;30,9;27,14;21,8;69,75;2,833333;
1991-04-15;5,6;1,9;0;30,6;25,24;21,6;84,25;2,2;
1991-04-16;2,1;0;40,1;24,4;23,48;22,5;96,25;1,833333;
1991-04-17;,3;2,2;66,4;29,2;25,3;21,6;89,25;1,766667;
1991-04-18;2,2;8,5;1,1;30,1;27,02;22,8;78,25;2,033333;
1991-04-19;3,3;7,6;23,2;30,1;27,4;23,7;74,25;4,033333;
1991-04-20;4,3;10,4;0;30,7;27,22;22,8;75,25;3,933333;
1991-04-21;5;8,1;1,4;30;26,08;23,6;87,5;1,966667;
1991-04-22;3,2;3,2;39,6;28,9;25,84;23;83,25;2,266667;
1991-04-23;2,3;7,8;5,3;30;26,28;22,2;84,5;2,366667;
1991-04-24;2,6;9,7;8,3;30,4;27,02;23,4;78,25;2,966667;
1991-04-25;4;8,9;0;30,1;27,04;22,9;75,75;2,8;
1991-04-26;3,1;5,6;0;29,7;26,9;22,6;81,5;3,2;
1991-04-27;2,5;8;9,1;30,1;26,6;22,8;78,5;2,966667;
1991-04-28;3,4;8,4;,6;30,2;26,2;22,8;88;1,466667;
1991-04-29;2,9;1,5;10,3;28,8;25,52;23,8;89;1,266667;
1991-04-30;1,3;5,4;41,5;30,7;25,52;23;85,5;1,7;
1991-05-01;2,1;0;35,8;29,6;27;23,5;75,75;3,6;
1991-05-02;2,8;,1;0;28,9;25,32;23,7;88,5;1,866667;
1991-05-03;2,3;1,3;43,7;29,2;25,76;23,3;90,25;3,866667;
1991-05-04;1,2;3,3;33;28,5;25,24;23,7;95;2,633333;
1991-05-05;1,5;3,8;15,2;29,2;25,38;23,3;91,25;3,8;
1991-05-06;1,2;0;102,6;25,7;24,22;23,1;94,75;1,766667;
1991-05-07;1;10,2;17,2;29,6;26,54;22,6;78;3,533333;
1991-05-08;3,8;10,1;0;30,4;26,22;23,5;85,5;1,833333;
1991-05-09;2,7;8,6;10;30,3;25,84;23,4;84,25;1,4;
1991-05-10;3,4;10,6;0;30;26,14;21,7;80,5;2,366667;
1991-05-11;3,4;3,9;0;29,1;26,12;23,8;91,5;3,633333;
1991-05-12;1,5;1,1;48,8;27,9;25,12;23,3;86,75;3,8;
1991-05-13;2,5;3,1;14,8;28,4;25,02;23,1;89,25;2,1;
1991-05-14;1;3,2;17,1;29,1;25,82;22,8;81,5;4,233333;
1991-05-15;2,4;2,5;17,2;29,9;24,66;22,5;92;2,833333;
1991-05-16;1,7;3,5;3,3;28,4;24,66;22;87,75;3,233333;
1991-05-17;1,8;4,5;5;29;25,86;22,3;79,25;1,866667;
1991-05-18;1,5;9;0;29,5;25,88;21,6;80;2,166667;
1991-05-19;3,4;1,2;12;29,6;25,64;22,8;79;4,633333;
1991-05-20;2,9;8;16,3;29,4;25,5;22,5;82,25;3,7;
1991-05-21;2,9;4,4;0;29,5;25,38;21,8;88;,866667;
1991-05-22;1,2;,4;10,2;27,5;24,92;23,1;89,5;,866667;
1991-05-23;1,3;9,2;0;29,9;26,26;22,9;84,75;1,533333;
1991-05-24;2,3;1,4;83,2;27,4;24,88;22,6;88,25;1,766667;
1991-05-25;1;2,6;15,6;28,5;24,58;22,7;91;3,2;
1991-05-26;2,7;5,9;14,7;28,4;25,76;23,2;79;3,866667;
1991-05-27;4,1;5,7;0;29,4;26,58;22,1;71,25;4,766667;
1991-05-28;6;3,7;0;29,2;25,7;22,9;78,25;4,2;
1991-05-29;3,3;7,3;6;28,9;25,48;22,9;83,75;4,8;
1991-05-30;2,9;,7;4,9;28,6;25,1;23,1;87,5;3,333333;
1991-05-31;2,5;5;9,7;28,7;25,54;23,5;84,5;2,1;
1991-06-01;2,2;2,7;9,7;28,2;25,52;23,8;87;2,9;
1991-06-02;3,4;5,2;10,6;28,5;24,32;22,2;91,5;2,466667;
1991-06-03;3,1;4,1;29,9;28,8;25,6;23;84,25;3,1;
1991-06-04;2,9;6,8;4,2;28,9;25,82;23,2;81,75;3,866667;
1991-06-05;2,9;5,9;3,4;28,9;25,6;23,2;86,5;3,033333;
1991-06-06;2,1;3,9;18,6;28,3;25;23,2;91,75;2,133333;
1991-06-07;2,7;9;17,8;28,8;25,92;23,7;80,25;2,7;
1991-06-08;4,6;6,8;2,2;28,8;24,76;22,6;91;1,866667;
1991-06-09;2,4;4,9;2;28,3;24,62;22,1;87,5;1,966667;
1991-06-10;1,7;4,8;5,4;28,2;24,5;22;87;3,366667;
1991-06-11;2,2;7,1;2,9;29,2;25,98;22,1;76,75;3,266667;
1991-06-12;3;6,5;0;28,7;24,78;23,4;83,75;2,133333;
1991-06-13;3,5;9;0;28,7;25,06;21,1;80,5;2,066667;
1991-06-14;4,6;7,6;0;28,8;24,92;21,6;79,25;3,133333;
1991-06-15;3,7;7,3;1,4;28,8;24,72;21;79,5;2,833333;
1991-06-16;2,7;4,8;3,1;28,9;25,58;23;82,5;3,3;
1991-06-17;2,8;9,3;2,2;28,7;24,2;20;86,75;2,933333;
1991-06-18;3,5;7,8;8;28,2;25,62;21,8;78,25;3,066667;
1991-06-19;3,5;4,1;0;28,7;24,98;22,1;84,75;3,2;
1991-06-20;3,2;8,8;0;29,2;25,96;21,4;84,25;2,166667;
1991-06-21;4,1;4;7;28,8;24,64;22,2;87,25;3,366667;
1991-06-22;4;9,2;0;28,9;24,48;20,7;81,5;4,833333;
1991-06-23;4,8;4,1;10,8;27,8;24,92;21,8;83,25;3,566667;
1991-06-24;3,5;5,7;2,2;27,9;23,9;20,4;82,5;1,533333;
1991-06-25;2,9;9,1;4,9;28,6;24,58;20,3;80,25;2,866667;
1991-06-26;3,9;2,6;28,7;27,1;23,98;22,6;91,25;3,633333;
1991-06-27;1,8;1,1;9,9;26;24,02;21,9;87,5;3,533333;
1991-06-28;3,6;9,3;7,5;27,9;23,98;21,6;81,25;4,366667;
1991-06-29;4,3;5,8;0;28,9;23,94;20,4;82,25;2,9;
1991-06-30;2,2;4,8;15,7;27,4;24,54;21,8;83,75;2,066667;
1991-07-01;3;7,1;9,4;28,2;25;21,9;83,5;1,766667;
1991-07-02;3,5;6,4;7,8;28,4;24,76;22,3;81;2,45;
1991-07-03;3,3;0;64,4;24,2;22,82;21,9;98,25;2,9;
1991-07-04;10,4;0;33,8;25,8;22,76;21,4;97,5;2,366667;
1991-07-05;,8;0;7,6;27,4;23,86;21,5;88,25;2,3;
1991-07-06;2,6;6,7;,1;28,1;24,28;22,2;84;2,7;
1991-07-07;5,4;5,3;4,7;27,8;24,18;21,4;85;3,333333;
1991-07-08;4,2;4,9;2,6;28;24,08;20,8;83,25;3,166667;
1991-07-09;3;4;0;27,4;23,56;21,1;88;3,2;
1991-07-10;1,9;1,1;15,6;26,4;23,76;21,2;83,5;2,6;
1991-07-11;1,5;3,4;5,9;27,3;24,04;21,1;82,5;2,4;
1991-07-12;2,3;6,5;12;27,8;24,46;21,6;82,75;1,4;
1991-07-13;3,5;5,1;11,1;27,8;24,8;21,7;82;3,233333;
1991-07-14;4,8;4,1;1;27,6;24,72;22,6;87,25;4,533333;
1991-07-15;3;3,8;15,9;28,2;23,7;21,5;88;3,866667;
1991-07-16;3,6;3,1;13;27,3;23,2;21,3;87,75;3,133333;
1991-07-17;3;1,5;10,3;25,1;22,52;21;87,75;2,866667;
1991-07-18;1,6;7;8,6;26,9;23,16;20,6;87;2,533333;
1991-07-19;2;7,5;8;27,9;24,84;21,8;72,75;4,766667;
1991-07-20;3;7,4;,5;27,4;23,92;21,1;82,75;2,566667;
1991-07-21;2;1,9;5,5;26,6;23,72;21;83,75;3,266667;
1991-07-22;8,4;5,6;9,1;27,1;23,9;21,1;79,5;3,8;
1991-07-23;3,2;3,9;2,4;27,3;23,48;20,8;91,75;3,733333;
1991-07-24;3,6;7,3;4,3;27,3;24,34;21,5;76;3,133333;
1991-07-25;1,7;7,7;0;27,6;23,52;18,2;76,75;2,3;
1991-07-26;5,5;,4;3,4;26;23,18;20,6;81,25;3,466667;
1991-07-27;2,7;6;,2;27;23,82;21,3;79,25;4,233333;
1991-07-28;6,7;4,1;,2;27,6;24,22;21,5;72;4,866667;
1991-07-29;5,3;,9;11,6;27,4;23,18;20,6;92,75;3,033333;
1991-07-30;2,5;,9;73,6;26,2;24,42;21,5;84,5;4,1;
1991-07-31;1,8;5,6;12,9;27,2;23,82;21,9;88,75;3,266667;
1991-08-01;3;7,9;11,2;30,1;24,7;22,4;72,75;4,533333;
1991-08-02;4,2;4;,3;26,6;22,5;19,9;89;2,933333;
1991-08-03;2,1;9;2,2;27,4;23,24;18;81,75;4,366667;
1991-08-04;4;,2;11,2;26,1;23,1;21,6;86;4,366667;
1991-08-05;3;6,2;5,3;27,1;23,72;21;77,75;5,4;
1991-08-06;5,5;9,6;0;27,2;23,36;19,8;78,5;3,466667;
1991-08-07;4;4,8;,5;26,9;23,08;19,7;80,5;3,166667;
1991-08-08;2,8;9,1;0;27,7;23,52;17,8;75,25;2,466667;
1991-08-09;4;8,2;0;27,9;24,64;20;70,75;3,233333;
1991-08-10;5,2;7,9;0;27,9;24,84;21,2;73,75;3,866667;
1991-08-11;4,8;8;0;27,8;23,28;17,7;78,75;2,466667;
1991-08-12;3,8;7,2;0;27,9;23,26;17,4;76,25;3,2;
1991-08-13;5;6,6;0;27,5;23,6;20,2;78,75;4,1;
1991-08-14;5;6,1;8,7;26,6;23,18;20,8;81;3,633333;
1991-08-15;6,5;1,9;,2;27,8;23,58;20,8;83;3,6;
1991-08-16;3,2;1,3;13,7;26,1;23,28;21,4;89,75;3,666667;
1991-08-17;,4;0;52;26;22,2;21;91,75;2,566667;
1991-08-18;1,9;5,7;31,2;27,2;24,46;20,6;77,25;4,133333;
1991-08-19;4,5;4,5;4;27,1;23,94;22;88;5,6;
1991-08-20;5;7;9,3;27,1;24,1;22,4;83,75;3,233333;
1991-08-21;2,8;1,9;28,8;26,8;22,92;20,4;88,5;2,633333;
1991-08-22;3,4;2,7;18,6;26,5;23,22;21,2;86;2,166667;
1991-08-23;3,2;5;9,7;26,6;23;20,8;82,75;3,533333;
1991-08-24;2,8;4,5;11,9;26,5;23,92;21;78,5;4,166667;
1991-08-25;2,9;6,2;4,5;27;24,06;21,6;80,75;3,766667;
1991-08-26;3,4;,6;12,5;26,6;23,58;21,5;92,75;2,833333;
1991-08-27;2,3;6,5;13,9;27,2;23,82;21,8;82,75;3,533333;
1991-08-28;3;2,5;6,4;26,9;24,02;21,4;84,25;3,566667;
1991-08-29;4,1;8,5;5;27;24,4;22,4;78,5;4,233333;
1991-08-30;4,7;2,9;0;27;23,76;21,6;77,25;3,133333;
1991-08-31;4,8;8,2;,4;27,4;24,62;21,6;72,75;3,233333;
1991-09-01;3,6;8,3;0;27,6;24,12;19;74;2,466667;
1991-09-02;4,1;5;,6;28;24,18;21,3;80,25;4,2;
1991-09-03;3,6;7,6;1;27,1;24,58;21,9;77;5;
1991-09-04;5,2;8,2;0;27,2;24,84;23,1;75,5;4,8;
1991-09-05;5;5,7;0;27,4;23,78;21;79,5;2,9;
1991-09-06;4;9,4;,3;27,7;24,22;20,3;77,75;4,466667;
1991-09-07;4,2;5,6;14,2;26,7;23,2;21,7;82,75;3,533333;
1991-09-08;3;5,6;2,4;27,2;23,32;20;78,75;3,366667;
1991-09-09;3;6;,7;27,8;24,58;21,3;78;4,7;
1991-09-10;1,8;5,9;0;27,6;24,28;22,4;85;4,433333;
1991-09-11;3,8;5,5;3;27,6;24,08;21,9;84;3,566667;
1991-09-12;2,4;9;2,3;27,8;23,88;19,8;78,25;2,733333;
1991-09-13;3,1;6,4;,4;27,8;24,18;20,1;77,25;4,033333;
1991-09-14;4,1;6,2;4,4;27,9;24,16;19,8;79;3,433333;
1991-09-15;4,6;9;,8;28,7;25;21,1;69;3,333333;
1991-09-16;5,4;7;0;27,8;25,04;22,7;75,25;3,666667;
1991-09-17;4,6;3,6;0;27,4;23,4;20,6;83,5;2,1;
1991-09-18;1,8;3,9;2,6;27,6;24,74;20,4;83,75;3,666667;
1991-09-19;3,3;6,1;1,2;27,9;25;21,3;79,25;3,2;
1991-09-20;4,3;8,8;0;28,3;25,56;22;76;3,433333;
1991-09-21;4,6;5,6;11;28,3;25,34;21,9;76,75;3,65;
1991-09-22;5,3;6;,4;28,5;25,6;23,3;78;2,966667;
1991-09-23;3,9;2,2;2,6;28,3;23,94;21,5;89,25;3,533333;
1991-09-24;2,2;6,6;4,1;28,2;25,2;20,6;74,25;3,6;
1991-09-25;4,6;7,7;,3;27,8;25,38;22,5;69,5;3,866667;
1991-09-26;4,4;8,9;0;27,9;24,5;19,5;71,25;3,333333;
1991-09-27;3,5;5;0;28,3;24,44;20;77,25;3,033333;
1991-09-28;3,6;5,2;,4;28,2;25,38;20,4;74,25;4,366667;
1991-09-29;3;5,9;6,5;28,6;24,04;21,3;82,25;2,166667;
1991-09-30;4,6;7,5;0;29,1;24,76;19;73,25;3,666667;
1991-10-01;3,8;8,8;0;28,7;23,82;19,6;81,75;2,2;
1991-10-02;3,2;8,1;0;28,9;25,22;19,6;73,75;2,7;
1991-10-03;4;2,3;6;27,4;24,64;20,2;75;3,566667;
1991-10-04;4,1;3,5;0;27,6;24,66;20,5;72,25;2,733333;
1991-10-05;5,1;7,9;0;28,2;24,32;19;73,25;2,733333;
1991-10-06;5;6,8;0;28,4;24,88;19,6;73,75;3,866667;
1991-10-07;4,6;5,1;,6;28,7;24,72;20,5;80,75;2,633333;
1991-10-08;4,8;9;,6;28,8;25,26;21;69,5;3,6;
1991-10-09;6,9;3,8;0;28,3;24,92;21,3;76,25;3,466667;
1991-10-10;5,8;7,1;4,7;27,8;25,26;21,4;76;1,8;
1991-10-11;5,4;8,5;,8;27,9;25,66;23,7;73,5;3,733333;
1991-10-12;5,2;9,6;0;28,9;25,32;20,4;70,25;2,966667;
1991-10-13;6,4;2,8;0;28,7;25,68;23,7;72;3,4;
1991-10-14;4,9;6,8;9;27,9;25,08;21,5;71,75;3,7;
1991-10-15;6,2;8;,3;28,6;25,72;22,9;74,75;3,066667;
1991-10-16;7;7,5;0;28,5;25,76;23,1;70,25;3,533333;
1991-10-17;5,4;6,7;0;28;25,24;20,6;71;3,633333;
1991-10-18;5,3;9,7;0;28,6;25,26;21,1;72;5,1;
1991-10-19;6,2;5,1;2,1;27,6;24,66;21,9;77,75;3,766667;
1991-10-20;5;7,5;2,4;29,2;25,54;22,5;72,75;4,433333;
1991-10-21;8;3,1;8;27,9;24,3;22,1;89,75;5,3;
1991-10-22;2,5;,3;61,7;26,7;23,82;21,7;87,5;2,7;
1991-10-23;2,3;1,9;18,5;26,1;23,38;20,8;93,75;2,3;
1991-10-24;1,9;1,3;22,4;27,2;24,38;20,4;87,75;2,433333;
1991-10-25;3,3;3,8;18,7;27,8;25,1;22,1;75,5;3,3;
1991-10-26;5,2;7,9;,4;28,4;25,9;23,9;86,75;3,133333;
1991-10-27;4,2;7,1;8,6;28,3;25,28;21;76;3,833333;
1991-10-28;5,5;6,9;1,9;28,3;25,32;21,1;73,75;3,5;
1991-10-29;4,7;7,1;1;28,4;25,26;22,1;75,25;3,333333;
1991-10-30;3,8;7,4;,6;28,7;25,2;21,3;73,75;3,466667;
1991-10-31;4,6;2,7;2,2;28,2;24,66;21,6;82,25;2,3;
1991-11-01;3,4;8,6;0;28,6;25,24;20,6;75,5;2,466667;
1991-11-02;4;6,5;0;29,5;25,56;21,5;74,75;3,266667;
1991-11-03;4,5;10,5;0;30;26,5;21,1;63,5;3,166667;
1991-11-04;4,7;9,2;0;30,1;26;19,8;75,5;3;
1991-11-05;4,9;8,6;4,9;29;26,28;22,5;75,5;2,7;
1991-11-06;4,8;8,7;0;28,2;25,8;20,3;72,25;4,433333;
1991-11-07;5,5;9,8;0;29,3;25,86;19,2;67,25;3,25;
1991-11-08;4,6;7,8;0;29,7;26,04;20,4;73,5;2,866667;
1991-11-09;5,4;8,7;0;28,7;25,94;20,6;71;2,433333;
1991-11-10;10,2;8,7;0;29,6;26,24;20,2;65,25;3,1;
1991-11-11;8,6;8,2;0;29,7;26,38;21,3;69,25;4,5;
1991-11-12;5,4;8,9;0;29,6;26,06;19,7;69;3,2;
1991-11-13;6,8;7,7;0;28,8;26,26;23,3;74;3,533333;
1991-11-14;5,3;6,6;,3;28,8;25,94;20,8;71,5;3,4;
1991-11-15;4,8;6,3;4;28,6;25,6;21,9;74,75;2,166667;
1991-11-16;4,6;2,8;2,4;29;25,82;21,7;78,25;1,6;
1991-11-17;1,6;5,2;3,2;29,3;25,42;18,8;73,5;3,166667;
1991-11-18;4,5;6,1;0;30,2;26,96;24;73,5;3,166667;
1991-11-19;5;2,6;25,6;28,7;25,04;22,5;null;2,633333;
1991-11-20;2;10,6;4,9;29,2;25,44;19,4;75,5;2,866667;
1991-11-21;3,2;9,8;0;29,6;25,64;21;78,75;2,4;
1991-11-22;4,1;4,6;,7;29,7;26,28;23,2;85,25;2,3;
1991-11-23;3,7;8,6;12,9;28,9;25,86;22,5;75,5;3,766667;
1991-11-24;6,7;9,9;0;29,2;26,24;21,4;70,25;4,7;
1991-11-25;6;8,5;,4;29;25,24;23,2;84;2,3;
1991-11-26;5;8,8;,4;29;25,88;21;76,75;3,3;
1991-11-27;4,4;7,5;0;29,2;25,96;21,8;75,5;3,3;
1991-11-28;6;8,6;0;29,4;26,14;21,7;70,25;2,9;
1991-11-29;3,8;7,6;,7;29,6;26,34;22,3;76,75;2,566667;
1991-11-30;5,5;9,6;,8;29,3;26,14;21,3;73,25;3,6;
1991-12-01;4,9;3,7;,3;29,6;26,06;21;77;2,666667;
1991-12-02;3,8;8,3;0;30,7;26,34;21,2;76;2,4;
1991-12-03;4,4;9,9;0;30,6;25,74;21,7;78,5;2,033333;
1991-12-04;4,3;8,7;,2;30,1;26,26;21;72,75;3,3;
1991-12-05;7,8;9,5;,3;30,1;27,08;24,3;72,75;3,866667;
1991-12-06;10,3;5,9;,8;29,5;26,96;24,7;71,75;3,733333;
1991-12-07;9,1;9,4;0;29,8;27,02;24,9;69,25;3,566667;
1991-12-08;5,7;9,6;14,8;28,8;26,48;21,9;72,75;1,5;
1991-12-09;6,3;9,7;0;29,6;26,32;21,5;77;3,2;
1991-12-10;7;10,1;0;30,6;27,32;25;74,75;3,233333;
1991-12-11;6,9;6,9;0;30,2;26,86;23,7;73,75;2,8;
1991-12-12;5,2;10;0;30,5;26,68;21,9;72,75;3,466667;
1991-12-13;5,2;9,1;0;30,3;25,2;21;77,75;2,433333;
1991-12-14;6,1;9,9;0;30,3;26;21,2;76,5;3,2;
1991-12-15;5,5;null;0;30,5;26,5;21,3;71,25;3,233333;
1991-12-16;5,8;7,6;0;30;26,62;21,1;67,75;3,066667;
1991-12-17;6,6;9,5;0;30,5;26,64;21,4;73,75;2,733333;
1991-12-18;5,1;10,4;0;30,8;26,48;21,2;72;2,933333;
1991-12-19;4,6;10,2;0;30,8;26,7;20,8;72,75;2,833333;
1991-12-20;5,7;10,4;0;30,6;26,18;20,6;70,75;2,833333;
1991-12-21;5,2;9,3;0;30,4;26,12;20,8;71,25;3,866667;
1991-12-22;6,2;9,6;1,7;30,7;26,42;20,4;68,75;2,666667;
1991-12-23;6;10,3;0;30,6;26,6;20,3;71;3,466667;
1991-12-24;6,6;10,8;0;30,4;26,1;20,6;68,75;1,9;
1991-12-25;8,3;9,7;0;30,8;25,28;18,7;75;2,4;
1991-12-26;5,2;9,3;0;30,7;25,52;18,7;74,75;3,2;
1991-12-27;7,8;9,7;0;30,7;26,22;21,9;73,25;2,666667;
1991-12-28;5,9;7,3;0;31,1;25,9;20;70,5;1,733333;
1991-12-29;6,3;9,5;0;30,8;26,16;21;74,25;3,1;
1991-12-30;9,4;9,1;0;30,7;26,08;21,1;72,75;4,1;
1991-12-31;7,6;10,2;2;30,8;26,42;23,5;72,75;3,433333;
1992-01-01;7;7,3;0;30,6;26,9;25,2;75,25;4,633333;
1992-01-02;7;9;,5;30,4;26,38;22,3;73,25;3,333333;
1992-01-03;6,8;9;0;30,7;27,2;22,7;70;3;
1992-01-04;6,9;9,5;0;30,7;26,78;21,9;66,5;3,7;
1992-01-05;6,7;10,2;0;30,6;26,68;21,2;66,5;2,4;
1992-01-06;4,9;6,7;0;30,6;26,04;21,1;76;2,266667;
1992-01-07;4,7;9,5;0;31,9;26,68;21,6;75,25;2,833333;
1992-01-08;4;8,5;0;32;27,1;21,7;71,25;2,6;
1992-01-09;5,1;9,2;0;31,6;27,04;20,6;69,25;3,533333;
1992-01-10;6,3;4,3;0;31,7;27,28;22,1;69;2,833333;
1992-01-11;5,1;8,9;0;31,7;27,4;22,9;68,5;3,633333;
1992-01-12;10,2;9,4;0;31,4;27,56;24,1;68,75;3,266667;
1992-01-13;8,8;6,5;0;30,5;27,64;25,1;70,25;3,333333;
1992-01-14;6,2;5,9;2,4;30,7;26,94;22,3;71,25;2,3;
1992-01-15;7,6;4,3;0;30,8;26,34;20,6;72,75;2,333333;
1992-01-16;6,7;1,4;1,6;30,5;27,36;25,1;70,5;2,066667;
1992-01-17;4,3;9,2;0;31,1;26,78;21;71;3,4;
1992-01-18;5,2;9,2;0;30,8;27,26;22,5;70,25;3,4;
1992-01-19;5,5;10,4;0;31,7;27,48;22,4;69,25;3,133333;
1992-01-20;6,1;8,6;0;31,8;26,86;23,4;71,25;4,133333;
1992-01-21;4,8;7,6;3,8;30,4;27,22;24,3;73,75;3,9;
1992-01-22;4,8;7;,5;31,3;26,88;23,2;77,5;1,466667;
1992-01-23;4,3;7,4;9,8;30,4;26,22;23,1;81;2,833333;
1992-01-24;4,3;2,8;11,1;30;26,72;22,7;77;3,533333;
1992-01-25;4,2;5,5;3,4;30,9;27,28;24,7;75,75;2,933333;
1992-01-26;3,2;3,9;42,6;30,5;26,32;22,9;80,5;1,2;
1992-01-27;3;0;16;26,5;24,98;22,9;86;2;
1992-01-28;,9;,3;12,6;29,2;24,74;20,6;89,75;2,766667;
1992-01-29;2,6;,9;47;30,2;25,56;22;85,25;1,266667;
1992-01-30;2,4;1,9;3,2;29,7;26,08;23,5;78,5;1,733333;
1992-01-31;3,4;,6;2;29,8;26,24;20,7;78,5;1,966667;
1992-02-01;3,4;1;0;30,5;27,2;23,1;73;2,766667;
1992-02-02;3,6;5,2;4,4;30,3;26,88;23,7;78,5;2,5;
1992-02-03;3,5;7,7;15;30,2;27,2;23,7;73;1,866667;
1992-02-04;3,9;4,1;,3;30,8;27,58;24,2;71,75;1,9;
1992-02-05;3,9;,4;9,2;29,4;25,06;21,7;91,25;1,133333;
1992-02-06;1;8,3;15,8;30,1;26,48;22,5;75,75;2,733333;
1992-02-07;3,7;8,9;0;29,6;27,2;23,5;80,75;3,633333;
1992-02-08;5,7;8,9;0;30;27,78;24,7;76,75;3,566667;
1992-02-09;5,5;9,5;0;30,2;26,84;23,1;78,5;2,4;
1992-02-10;3,1;2;65,8;30,1;26,3;21,8;80,5;1,466667;
1992-02-11;3,1;,3;23;29,1;25,2;22,5;88;1,6;
1992-02-12;2,6;7;30,3;29,4;26,36;21,7;80,25;4,466667;
1992-02-13;5,4;5,9;,2;29,9;27,28;25,4;81,5;4,266667;
1992-02-14;4,4;1,8;34;29,5;25,88;21,8;87,5;2,6;
1992-02-15;3,7;4,6;6,2;29,6;27,02;24,9;84,75;3,4;
1992-02-16;4,5;2,8;2,9;29,7;26,68;24,6;87,25;1,9;
1992-02-17;2,2;0;62,6;27,3;24,92;23,5;89,25;1,733333;
1992-02-18;1,3;,8;2,7;28,6;26,28;23,2;84,5;2,633333;
1992-02-19;2,9;4,3;21,5;29,9;27,14;23,7;79;3,966667;
1992-02-20;3,9;2,1;2,2;29,4;26,36;23,6;86,5;2,133333;
1992-02-21;3;5,9;2,3;29,7;27,1;23,8;79;3,866667;
1992-02-22;3,5;6,5;,6;28,9;26,9;24,1;83,5;3,533333;
1992-02-23;3,9;9;3,8;29,9;27,24;24,8;78;3,733333;
1992-02-24;5,1;2,6;,3;29;27,22;24,8;78,5;3,433333;
1992-02-25;3,8;2,5;31,8;29,9;26,38;23,8;88,75;2,033333;
1992-02-26;1,9;4,7;14;29,6;26,98;25;83,5;3,833333;
1992-02-27;4,7;9,8;0;29,7;27,24;25,4;78,5;2,866667;
1992-02-28;2,5;8,8;0;29,7;26,82;22,9;75,25;3,3;
1992-02-29;5,5;8,6;0;29,9;26,44;21,9;77;2,233333;
1992-03-01;4,1;2,7;0;29,9;26,6;21,9;80,5;2,9;
1992-03-02;2,9;2,9;7,4;30,3;25,9;22,7;89,5;1,633333;
1992-03-03;4,5;9,4;,4;29,5;26,62;23,8;80,5;3,4;
1992-03-04;5;8,5;0;30;27,62;25,2;73,25;3,966667;
1992-03-05;5,7;9,2;0;29,7;26,22;24,9;78,5;3,533333;
1992-03-06;5,3;1,5;0;28,9;25,48;22,1;91,75;1,6;
1992-03-07;1,7;5,4;30,6;29,6;27,16;23,5;78,5;3,466667;
1992-03-08;2,6;6,6;4,2;29,6;27,42;25;79;3,366667;
1992-03-09;3,6;8;3,8;29,6;27,88;26,2;80,25;3,2;
1992-03-10;5;5,9;2,4;29,9;27,88;25,4;78,75;3,866667;
1992-03-11;4,6;2,4;1,9;30;27,54;25,8;82;2,733333;
1992-03-12;2;0;39,6;26,9;24,64;23,1;93,25;1,7;
1992-03-13;1,9;3;9,5;29,7;26,9;23,1;78;4,066667;
1992-03-14;4,6;8,1;,4;29,7;27,48;25;74,25;4,3;
1992-03-15;5,8;6,3;1;29,7;27,52;24,8;78,75;3,833333;
1992-03-16;3,8;,4;7;27,2;24,68;22,9;95,5;1,2;
1992-03-17;1;8,6;72,8;29,9;27,16;23,4;77;4,433333;
1992-03-18;4,6;6,9;0;29,6;27,24;25;77,75;3,433333;
1992-03-19;3,3;7,8;4,9;28,6;26,36;22,7;79,25;3,166667;
1992-03-20;3,2;6,5;,9;29,8;26,4;22,5;77,5;2,966667;
1992-03-21;3,1;3,8;1;29,7;26,56;22,3;82;1,066667;
1992-03-22;2,3;5,4;13;29,6;26,74;22,9;76,75;2,933333;
1992-03-23;2,8;4,4;10,8;28,7;26,56;22,7;79,75;2,333333;
1992-03-24;2,7;5,8;0;29,8;26,88;23,4;79;1,6;
1992-03-25;3,4;6,5;18,8;29,3;26,4;22,1;78,5;2,433333;
1992-03-26;2;6,7;18,5;29,6;25,78;22,5;83,5;2,133333;
1992-03-27;2,6;1,1;2,2;29,5;26,58;23,1;87,25;1,5;
1992-03-28;1,4;,4;46;27,6;25,3;23,7;88,75;3,066667;
1992-03-29;,9;5,4;17,1;29,6;26,64;23,5;83;3,333333;
1992-03-30;2;,2;92;26,6;24,94;23,5;90,5;2,833333;
1992-03-31;1,4;1,5;15,6;28,6;25,56;23,1;92,75;,666667;
1992-04-01;,8;1,9;30,4;28,6;25,28;22,5;91,5;,866667;
1992-04-02;,7;,4;16;26,9;25,1;23,5;89,5;1,6;
1992-04-03;,7;7,7;20;30,1;26,46;23,3;84,5;1,166667;
1992-04-04;2,2;3,1;2,7;30,6;26,68;23,6;79;1,033333;
1992-04-05;1,5;6,1;3;30,1;27,32;23,9;78,5;1,633333;
1992-04-06;2,9;6,8;25;30,3;27,08;23,9;76,75;2,533333;
1992-04-07;2,9;8,5;,4;30,6;27,68;24;73,75;2,1;
1992-04-08;2,8;6,2;13,2;29,8;26,48;23,8;83,5;1,333333;
1992-04-09;3,5;9,2;2,9;30,3;26,54;22,9;82,25;3,6;
1992-04-10;4,3;8,3;6,1;29,6;27,66;25,1;76,25;2,166667;
1992-04-11;4,3;7,4;,3;29,8;27,44;24,1;74,5;3,033333;
1992-04-12;5,5;9,3;0;29,8;27,72;25,2;73,25;4;
1992-04-13;6,4;6,9;0;30,1;27,7;25;73,25;3,7;
1992-04-14;3,9;7,3;0;30,2;27,64;24,5;74,75;3,733333;
1992-04-15;4,7;8,8;0;30,1;27,7;25;72;2,733333;
1992-04-16;4;8,8;3;30;27,1;22,6;73;2,833333;
1992-04-17;3,6;9;0;30,3;26,8;23,2;75,25;1,866667;
1992-04-18;3;8,5;0;30,1;26,6;21,7;77;3,133333;
1992-04-19;4,2;8,9;0;30,4;26,18;21,4;76,5;2,3;
1992-04-20;3;8,6;0;30,6;26,62;21,6;79;2,033333;
1992-04-21;3,3;6,8;,6;30,3;27,4;23,8;77,25;2,166667;
1992-04-22;4,2;6,7;1,7;30,3;27,44;23,6;77,5;4,4;
1992-04-23;5;7,7;0;30,8;27,84;25,6;73,5;2,8;
1992-04-24;2,8;7,8;,2;30,4;26,6;22,3;75,75;2,366667;
1992-04-25;3,6;7,2;1,2;30,2;25,36;22,5;79;2,1;
1992-04-26;4,2;7,6;7,7;30,6;26,86;22,4;71,75;3,6;
1992-04-27;3,9;7,9;1;29,9;26,54;22,1;74,75;3,7;
1992-04-28;3,4;8,5;0;30,7;26,88;21,6;72,75;1,2;
1992-04-29;3,8;7,9;0;30,4;26,68;21,7;75,75;2,533333;
1992-04-30;3,8;7,3;0;30,3;26,86;21,9;70,25;2,6;
1992-05-01;3,5;4,3;1,4;30,5;26,88;22,4;73,25;2,3;
1992-05-02;2,5;3,9;5,5;30,3;26,16;21,2;81,25;2,4;
1992-05-03;2,6;5,3;12,8;28,8;26,32;22,7;77;2,3;
1992-05-04;2,1;3,6;10,7;29,1;26,08;22,1;76,25;1,4;
1992-05-05;2;5,2;2,9;28,8;24,86;21,9;86,25;1;
1992-05-06;4,8;9,8;4,7;30,5;26,32;21,9;77,75;2,5;
1992-05-07;3,2;7,7;2;29,7;25,56;21,6;84;1,966667;
1992-05-08;2,7;1,3;3,7;28,4;26,22;23;84,25;2,733333;
1992-05-09;2,3;8,9;,2;30,4;26,94;23,1;75,5;3,8;
1992-05-10;4,2;6,7;0;30,6;26,5;21,7;74,75;3,033333;
1992-05-11;4,2;,2;,9;28,7;25,5;21,5;83,25;1,8;
1992-05-12;4,4;10;0;30,5;25,56;20,4;81;3,066667;
1992-05-13;3,4;7,7;6;29,8;26,66;22,7;72,75;3,233333;
1992-05-14;5;8,6;1,3;29,7;26,8;24,2;65,75;3,6;
1992-05-15;6,2;10,1;4,6;30,3;26,26;21,1;72,25;2,533333;
1992-05-16;3,6;7;,3;30,7;26,6;21,5;73,5;2,3;
1992-05-17;4;7;0;30;25,42;20,9;80,75;1,666667;
1992-05-18;3,5;9,4;,3;30,6;26,14;21,1;77,75;2,2;
1992-05-19;4,1;4,6;,6;29,4;25,48;18,2;75,25;2,566667;
1992-05-20;2,8;8;0;29,7;26,58;22,7;72;3,2;
1992-05-21;5,5;9,6;0;29,9;26,38;21,5;66;2,7;
1992-05-22;5,2;1,7;2,6;29,8;26,44;22,5;71,25;4,033333;
1992-05-23;6,6;7,7;,1;29,5;24,42;23,9;80,75;2,966667;
1992-05-24;4,4;9,5;0;29,6;24,82;18,4;77,5;2,433333;
1992-05-25;4,7;1,8;3,3;29,7;25,88;21,8;80;1,833333;
1992-05-26;2,8;7,7;1,4;29,8;25,88;22,2;75,25;2,133333;
1992-05-27;4;9,6;2,2;29,4;24,48;20,7;77;1,8;
1992-05-28;3,6;5,9;8;28,5;25;22,1;82,75;1,133333;
1992-05-29;3,5;6,1;9;29,4;25,92;21,7;78;2,733333;
1992-05-30;3,3;4,5;3,6;28,6;24,32;22;91,25;3,366667;
1992-05-31;1,9;1,9;53,2;27,5;23;20,2;91,75;1,666667;
1992-06-01;1,1;4,1;62,6;28,3;24,06;22,3;89;,966667;
1992-06-02;1,4;2,1;18,5;27,8;24,88;22,1;90,5;2,033333;
1992-06-03;1,2;3,8;19,7;28,8;25,48;22,6;91,25;1,766667;
1992-06-04;2,2;7,8;,2;28,9;25,18;22,3;81,5;2,2;
1992-06-05;3,1;7,1;0;28,5;25,18;20,8;79;2,733333;
1992-06-06;4,6;8,9;1,4;28,7;25,06;20;77;3,233333;
1992-06-07;4,1;0;2,6;28,9;24,18;21,1;91;1,133333;
1992-06-08;1,1;7,9;43;28,8;25,76;22,5;75;3,066667;
1992-06-09;4,7;5;1,2;28,8;25,88;22,9;79,5;2,966667;
1992-06-10;3,1;0;5,4;27,3;24,06;21,1;90;2,3;
1992-06-11;,9;6,9;32;28,7;24,7;19,8;82,25;2,966667;
1992-06-12;3,2;8,6;1,8;28,7;24,74;22,1;78;2,05;
1992-06-13;2,9;9,1;,2;28,9;25;21;75,5;3,45;
1992-06-14;4,9;7,3;,7;28,9;24,38;21,5;80,75;3,466667;
1992-06-15;4,2;7,1;4,3;28;23,96;21,4;85,25;3,433333;
1992-06-16;3,4;,2;12,7;24,6;22,64;21,9;95,25;4,033333;
1992-06-17;1,8;,8;34,6;26,5;23,1;21,1;89,75;1,466667;
1992-06-18;1,3;4,6;41,4;27,3;23,06;21,2;87;2,7;
1992-06-19;3,2;4,6;,5;28,3;23,88;21,2;86;1,966667;
1992-06-20;2;,3;15,8;25,6;23,08;21,2;94,75;1,633333;
1992-06-21;2,3;7,1;50,8;27,9;24,16;22,5;84,75;3,666667;
1992-06-22;4,3;9,1;1,1;28,7;25,56;21,5;79;2,966667;
1992-06-23;3,3;0;30,4;25,4;23,1;22,3;94,5;2,966667;
1992-06-24;,7;2,4;20,9;28,2;24,32;20,4;86,75;1,933333;
1992-06-25;2,4;1,7;14,6;27,8;24,84;22,6;86,75;3,466667;
1992-06-26;2,9;7,4;3,6;28,2;24,5;21;82,25;2,9;
1992-06-27;3;5,1;16,8;27,6;24,06;22,4;87;3,266667;
1992-06-28;2,3;8,9;1;28,6;23,78;20,1;84,5;1,8;
1992-06-29;2,3;5;0;29,1;24,1;20,8;86,25;2,766667;
1992-06-30;2,4;4,1;43,4;28,2;23,78;20,7;85,75;2,666667;
1992-07-01;1,8;7,1;4;28,2;24,48;20,8;86,5;1,966667;
1992-07-02;2,6;7,9;20,8;28,1;24,58;22,3;84;2,566667;
1992-07-03;3,5;6,8;13;28;24,4;21,4;76;2,7;
1992-07-04;4;,4;31,4;24,8;22,62;21,3;93,75;1,733333;
1992-07-05;,5;3,8;67,4;27,3;23,88;21,1;85,5;3,633333;
1992-07-06;3,1;7,3;3,2;28;24,4;22,6;85,5;2,566667;
1992-07-07;2,5;8,4;9,2;28;23,36;21,5;86,75;1,3;
1992-07-08;2,8;3;5,4;27,2;23,58;20,6;86,75;3,433333;
1992-07-09;1,9;8,5;13,3;27,7;24;21,3;81,25;4;
1992-07-10;4,3;9,6;3,2;27,9;23,86;21,2;73;4,2;
1992-07-11;4,6;5;,5;26,1;22,84;19,2;85,25;2,6;
1992-07-12;4;6;18,7;27,5;24,7;22,8;79,25;3,6;
1992-07-13;3,4;5,2;2,7;27,6;23,24;19,2;87,5;2,7;
1992-07-14;1,8;2,6;30,9;27,8;23,84;21,7;93,5;3,5;
1992-07-15;1,9;5,5;9,9;27,7;24,48;21,2;79,5;4,333333;
1992-07-16;3;10;,3;27,2;23,96;19,7;81;4,1;
1992-07-17;4,1;8,1;,4;28,1;24,62;21,2;69,25;4,2;
1992-07-18;5,2;3,1;0;26,8;23,98;18,8;83,5;2,533333;
1992-07-19;4;6,5;2,5;26,9;25,22;23,7;79;3,466667;
1992-07-20;5;8,6;2,7;27,7;24,92;21,1;67,75;3,366667;
1992-07-21;6;8,9;,7;27,8;23,24;20,4;80;2,966667;
1992-07-22;4,1;6;13,4;27,5;22,76;20;88,75;1,333333;
1992-07-23;2,7;9,7;0;27,8;22,68;19,6;84;2,066667;
1992-07-24;3,5;4,8;,2;27,5;24,42;19,4;80,25;3,566667;
1992-07-25;3,7;9,9;2,8;27,4;23,18;21,1;77;4,033333;
1992-07-26;4;5,2;5;26,3;22,42;20;90;2,666667;
1992-07-27;3,1;9;6,9;27,5;23,22;20,5;82,5;3,8;
1992-07-28;4,3;,3;22,8;24,7;22,5;21,8;97,25;2,8;
1992-07-29;1,8;8,9;41,9;27,4;24,62;21,3;75;4,533333;
1992-07-30;5,3;9,4;,4;27,8;24,34;22,7;81,25;3,633333;
1992-07-31;3,4;4,8;33,6;27;23,46;22;89,75;1,633333;
1992-08-01;2,1;3,5;7;27,3;23,42;21,6;87,75;2,133333;
1992-08-02;3,1;9,7;,3;27,7;24,28;20;77,5;3,333333;
1992-08-03;4,5;6,8;0;27,5;24,36;20,2;79,5;3,166667;
1992-08-04;4,8;6,5;3,7;27,3;23,86;22,2;84,25;4,933333;
1992-08-05;4,4;6,3;16,1;27,3;23,2;20,8;84,5;3,133333;
1992-08-06;3;1,3;10,6;26,2;23,02;21,2;88,5;3,6;
1992-08-07;2,2;5,5;11,2;27,7;23,38;21,1;87,25;2,866667;
1992-08-08;3;4,8;5;26,8;23,3;21,3;87,75;2,5;
1992-08-09;4,4;,7;4,2;25,7;23,46;22,6;88,75;3,5;
1992-08-10;1,6;4,3;38,3;27,4;24,3;21,7;81,75;3,366667;
1992-08-11;4;3,1;,8;27,2;23,88;22,9;84,75;2,533333;
1992-08-12;2,7;,6;5,8;25,7;23,4;22,6;85,5;2,266667;
1992-08-13;2,1;2,4;2,7;26,7;24,36;21,9;81,25;3,166667;
1992-08-14;3;8,6;4,9;27,7;25,22;20,8;74,75;2,633333;
1992-08-15;3,8;6,5;0;27,7;24,2;20;80;2,666667;
1992-08-16;3,6;7,4;,4;27,7;24,22;20,8;84;4,133333;
1992-08-17;3,8;1,3;0;26,5;23,58;21,9;90;3,366667;
1992-08-18;1,6;4,3;14,1;27,1;23,78;21,9;84,5;3,2;
1992-08-19;3,4;8,9;5,8;27,5;24,28;21,1;78,75;4,666667;
1992-08-20;5,6;5,7;,5;27,7;25,2;22,7;76,5;3,466667;
1992-08-21;5;9,5;1,8;27,8;25,3;23,1;77;3,133333;
1992-08-22;5,6;7;,2;27,4;22,92;21,5;82,25;2,333333;
1992-08-23;3,8;8,9;0;27,9;23;18,6;77,25;3,666667;
1992-08-24;4,1;7,2;0;27,3;22,26;18,2;82,5;1,833333;
1992-08-25;3,4;8,7;0;28,1;22,66;18,6;86;1,9;
1992-08-26;2,9;8,3;0;28,3;24,44;19,2;77,5;3,333333;
1992-08-27;5,4;7;,4;27,9;23,3;21,1;82;2,366667;
1992-08-28;3,3;,5;4,3;26,6;22,88;19,6;92,25;1,533333;
1992-08-29;2;6,8;18,3;null;null;21,6;86,75;1,5;
1992-08-30;3,5;null;2,9;null;null;22,1;86,25;3,8;
1992-08-31;4,2;8,3;,5;27,8;24,12;21,1;75,25;3,633333;
1992-09-01;5;7,8;5,8;27,9;24,66;21,7;82,75;3,533333;
1992-09-02;3,8;2,2;17,3;26,8;23,88;21,6;82,25;2,566667;
1992-09-03;2,5;6,3;2,3;27,6;24,18;20,2;81;2,833333;
1992-09-04;3,4;7,9;2,9;27,7;25,08;22,5;76,25;3,166667;
1992-09-05;4;7,7;0;27,8;23,56;22,3;84,75;4;
1992-09-06;3,4;7,6;3,4;28,2;24,86;20,8;80,5;3,1;
1992-09-07;4,2;9,1;0;27,9;24,92;21,5;81;3;
1992-09-08;3,5;6,3;1,8;28,1;25,8;23,1;75;2,633333;
1992-09-09;4,2;9,7;0;28,4;25,16;22,2;71,25;2,8;
1992-09-10;3,9;9,9;0;28,2;24,52;19,8;75;3,133333;
1992-09-11;4,2;8,8;0;27,9;24,46;20,6;72,5;3,4;
1992-09-12;4,1;7,8;0;28,1;23,64;19,7;86;4,2;
1992-09-13;2,6;1,4;29;26,2;23,82;21;89,25;3,7;
1992-09-14;4,4;6,6;2;27,6;24,66;23,1;80;2,866667;
1992-09-15;2,8;0;29,2;25,3;22,82;21,6;94;2,066667;
1992-09-16;1,3;4,4;28,8;27,3;24,12;21,7;82,75;2,466667;
1992-09-17;2,5;8,8;5,9;27,9;24,8;21,7;76,75;5,066667;
1992-09-18;5;9,6;0;28;24,72;23,3;77,5;3,533333;
1992-09-19;3,8;4,8;12,4;27,9;23,8;21,6;81,75;2,366667;
1992-09-20;2,7;3,2;,5;27,7;24,98;21,7;75,75;3,133333;
1992-09-21;4,8;6,8;,3;28,2;25,74;24,1;75,75;4,2;
1992-09-22;4,5;7,9;1,7;27,8;25,54;22,9;77;3,866667;
1992-09-23;5,6;10,2;,4;27,9;25,58;23,6;75,25;4,066667;
1992-09-24;4,6;4,4;1,2;27,9;25,76;23,9;75,5;2,633333;
1992-09-25;4,3;8,9;,1;28;26,36;23,5;69,75;4;
1992-09-26;4,6;8,8;,5;28,2;25,32;20,2;73,25;3,533333;
1992-09-27;5;7,3;0;27,9;25,4;22,9;76;3,866667;
1992-09-28;4,4;8,9;,2;28,3;25,34;20,6;74,75;3,366667;
1992-09-29;4,8;10;0;28,6;24,42;19,4;77,25;3,533333;
1992-09-30;4,6;9,7;,4;28,6;25,5;21,5;71,5;4,133333;
1992-10-01;5,8;8,3;0;28,6;25,5;23,7;71,25;4,033333;
1992-10-02;4,9;9,8;0;28,5;24,84;19,7;71,5;3,366667;
1992-10-03;5,4;10,5;0;28,2;23,12;18,9;78;2,766667;
1992-10-04;5;8;0;28,4;24,28;18,6;75,25;3,166667;
1992-10-05;5,4;5,4;0;28,4;26,32;21,5;64,25;3,333333;
1992-10-06;4,5;7,4;,8;28,8;25,58;21,7;76;4,033333;
1992-10-07;5,1;10,3;0;28,6;25,72;23,9;75,5;2,633333;
1992-10-08;4,8;9,9;0;28,8;24,42;23,9;78;2,466667;
1992-10-09;6,2;10,5;0;29,1;25,16;20,2;71;3,1;
1992-10-10;4,6;10,4;0;29,1;25,1;18,8;70,75;2,866667;
1992-10-11;6,2;10,6;0;28,9;25,26;21,1;76,25;4,833333;
1992-10-12;6,6;6;,4;28,8;23,44;20,8;78,75;3,666667;
1992-10-13;4,4;9;0;29,1;24,4;19,3;75,5;2,7;
1992-10-14;4,2;8,6;0;28,9;25,02;19,2;70,5;2,566667;
1992-10-15;7,4;7,8;0;29;26,18;23,1;68,75;4,133333;
1992-10-16;6,2;7,6;0;29,1;26,32;23,4;76,25;4,933333;
1992-10-17;5,6;9,6;2,7;29,5;25,92;21,7;68,5;4,433333;
1992-10-18;6,6;10,5;0;29,7;26,3;24;69,75;3,966667;
1992-10-19;9,1;8,7;0;29,8;26,56;24,1;67,5;4,866667;
1992-10-20;5,3;7,8;,3;30,3;26,92;23,5;72;3,633333;
1992-10-21;6,4;9,3;,2;29,5;26,52;24,5;70;3,566667;
1992-10-22;4,5;7,3;0;29,7;25,64;20,8;69,5;3,366667;
1992-10-23;6,2;8,8;0;29,1;25,78;21,2;70,75;5,033333;
1992-10-24;6,9;10,9;0;29;25,7;21,1;71,25;3,3;
1992-10-25;5,5;,2;13;27,5;23,58;21,7;91,25;1,766667;
1992-10-26;2,1;3,1;8,6;27,9;23,88;20,9;85,75;2,3;
1992-10-27;4;2,3;8,8;27,4;23,02;21,1;87,5;1,733333;
1992-10-28;2,9;8,7;,1;29,2;25,18;20,4;78;3,133333;
1992-10-29;5,1;7,5;5;28,5;25,86;23,2;72;3,4;
1992-10-30;4,6;5,3;2,7;28,5;25,24;22;75,75;2,3;
1992-10-31;4,2;5,9;0;28,6;26,06;24,3;70,25;3,366667;
1992-11-01;4,8;7,9;0;28,4;24,86;20;80,75;3,133333;
1992-11-02;5,4;9,3;3,4;28,8;25,44;22;73;3,466667;
1992-11-03;6;7,7;0;28,8;26,1;23,2;73,25;3,5;
1992-11-04;6,7;6,4;0;28,6;25,88;23,6;74;4,033333;
1992-11-05;4,6;5,7;2,3;28,8;25,5;21,7;69,25;3,566667;
1992-11-06;4,9;1,2;,4;27,7;23,96;21,1;84,25;1,966667;
1992-11-07;3,5;7,9;10,1;28,6;25,46;21,9;75,25;3,333333;
1992-11-08;4,4;8,7;4,6;28,4;25,28;21,3;75,75;2,866667;
1992-11-09;4,8;5;0;28,7;25,68;21,2;73;4,266667;
1992-11-10;5,9;6,7;1,2;28,4;25,92;23,4;71,75;4,666667;
1992-11-11;6,4;8,7;3,3;28,4;24,58;21;77;3,633333;
1992-11-12;4,2;,5;12,8;null;null;21,5;95,25;1,2;
1992-11-13;1,6;10,9;3,8;28,8;24,5;20,2;80;2,566667;
1992-11-14;5;9,6;4,2;28,7;25,66;23,1;72,25;2,433333;
1992-11-15;5,4;9,3;3;28,6;25,92;24,1;75,5;2,633333;
1992-11-16;5,7;10,1;0;28,6;25,92;24,1;74;3,4;
1992-11-17;4,8;9,3;,5;28,5;25,48;21,1;73,25;3,133333;
1992-11-18;4,7;9,7;0;28,9;25,4;21;77;3,166667;
1992-11-19;4,2;8,6;0;28,5;25,84;22,7;70;3,5;
1992-11-20;4,5;7,8;,8;28,7;24,72;21,7;80;4,133333;
1992-11-21;5,2;7,7;4,1;28,6;25,64;23,1;76,5;4,466667;
1992-11-22;5,2;2,8;3,2;27,9;25,24;22,7;78,25;2,966667;
1992-11-23;4,6;5,8;,4;29,1;25,54;23,2;81,25;3,966667;
1992-11-24;4,3;8,3;15,6;28,8;25,78;20,8;77,5;3,733333;
1992-11-25;5,1;8,2;0;28,8;26,38;24,1;76;3,6;
1992-11-26;5,8;9,8;1,3;28,9;26,14;23,7;74,75;2,4;
1992-11-27;5;10;0;28,9;25,44;21,4;72,75;2,3;
1992-11-28;3,9;9,7;0;29,6;26,34;23,3;70,25;3,2;
1992-11-29;5;8,2;0;29,6;26;23;71;2,966667;
1992-11-30;5,7;4,6;0;29,4;26,66;23,8;72,5;1,966667;
1992-12-01;5,6;6;0;28,8;26,38;23,8;73;3,633333;
1992-12-02;4,9;6,9;4,6;28,6;26,5;25,1;76;3,866667;
1992-12-03;5,6;9,5;,7;29,3;26,06;20,8;71;3,2;
1992-12-04;6,5;8,3;0;29,3;26,5;24,4;71;2,966667;
1992-12-05;5;9,6;0;29,6;26,74;23,5;73;4,6;
1992-12-06;6,4;5,1;0;29;26,54;23,3;73,75;3,133333;
1992-12-07;6;6,6;0;29,4;26,38;23,5;73,75;2,333333;
1992-12-08;3,8;8,6;,1;29;25,54;20,7;76,5;2,966667;
1992-12-09;4,5;2,9;0;29,2;26,4;21,5;76;2,566667;
1992-12-10;4,9;,2;0;28,6;26,62;25,6;80,25;3,3;
1992-12-11;4,6;10;0;29,8;26,84;25;70,5;4,266667;
1992-12-12;5,9;8,2;0;29,3;25,5;20,8;73;2,9;
1992-12-13;4,1;9,1;0;29,8;26,32;21;76,5;3,233333;
1992-12-14;4;6,6;0;30,5;26,8;22,7;77;3,966667;
1992-12-15;5,3;4,1;0;29,6;27,08;25,5;77,5;4,433333;
1992-12-16;5,8;7,7;1,2;29,7;26,7;24,1;73,25;3,4;
1992-12-17;5,5;9,6;0;29,8;26,08;21,3;71,5;3,433333;
1992-12-18;6;11;0;30;26,08;22,3;71,75;3,1;
1992-12-19;5,9;10,6;,3;29,6;25,96;21,1;73,5;2,7;
1992-12-20;4,3;9;2,5;29,2;25,86;21,2;75,25;3,266667;
1992-12-21;5,8;9,6;0;29,8;26,24;21,1;71,25;4,033333;
1992-12-22;6,2;10;0;29,8;26,56;23,2;72;4,066667;
1992-12-23;7;10,1;0;29,9;26,9;24,9;69;3,8;
1992-12-24;7,2;10,7;,3;30,5;27,16;24,7;68,75;5;
1992-12-25;7,1;9,4;0;30,2;26,76;24,5;70,75;2,133333;
1992-12-26;5,6;10,4;0;29,9;26,28;22;68;2,8;
1992-12-27;5,9;10,1;0;30,1;25,9;19,7;65,5;2,733333;
1992-12-28;4,5;6,2;0;31;26,22;20,2;74,75;2,3;
1992-12-29;7;7,6;0;29,4;25,8;25;79;3,533333;
1992-12-30;7,2;7,6;1,2;30;26,54;23,8;65,5;3,7;
1992-12-31;7;4,3;4,6;29,1;25,46;21,5;78,75;3,633333;
1993-01-01;5,7;6,9;1,1;28,8;26,4;23,9;76,5;4,533333;
1993-01-02;4,9;5,6;5,4;29,8;26,86;24,3;71;5,233333;
1993-01-03;5,4;10,1;0;29,8;26,28;22,1;74;4;
1993-01-04;5,1;5,4;0;29,9;26,46;21,6;75,25;3,033333;
1993-01-05;4,1;8,9;0;31,4;26,96;22,2;72,75;2,966667;
1993-01-06;5,6;1,8;0;30;26,72;23,1;77,5;2,966667;
1993-01-07;5,4;6,5;0;29,7;26,74;23,2;72,5;2,966667;
1993-01-08;6,1;2,2;0;29,7;27,12;24,6;72,25;2,633333;
1993-01-09;6,7;1,8;0;29,3;26,26;22,2;71;3,366667;
1993-01-10;6,5;9,4;0;30,2;26,64;22,7;73,75;4,033333;
1993-01-11;6;6,2;,3;30,6;26,56;22,1;74;2,966667;
1993-01-12;6,5;3,1;0;30;27,14;25,3;71,75;4,166667;
1993-01-13;9,2;8,6;,2;30,9;26,72;24,5;67,75;4,633333;
1993-01-14;7,4;5,9;0;29,1;26,22;24,5;75,5;4,433333;
1993-01-15;7,3;8,1;3,3;29,4;25,96;22,1;72,75;4,033333;
1993-01-16;8,9;1,8;0;29,5;26,82;24,3;67,25;3,033333;
1993-01-17;6;8;5;29,8;26,72;23,8;75,75;2,9;
1993-01-18;5;7,4;9,8;29,9;26,48;23,2;83;2,5;
1993-01-19;4,3;8,5;0;29,8;26,44;22,4;74;3,066667;
1993-01-20;5,9;8,1;0;30,3;26,84;21,7;72;2,3;
1993-01-21;6,5;9,9;0;30,3;26,38;21,7;68;4,033333;
1993-01-22;6,1;8,6;3,1;29,5;25,64;20,6;75,5;3,766667;
1993-01-23;5,6;9,7;0;30,6;27,36;25,1;66,75;2,966667;
1993-01-24;9;10,8;,2;30,8;27,1;24,5;69,5;4,766667;
1993-01-25;6,9;2,6;15,9;29,1;25,48;23,2;84,25;3,533333;
1993-01-26;5;10,2;5;29,5;26,64;24,1;74;3,9;
1993-01-27;6,9;7;0;29,8;26,22;21,7;76;3,966667;
1993-01-28;7,7;6,9;0;29,5;26,76;24,1;73;3,866667;
1993-01-29;6;9,8;0;29,9;26,18;20,8;70;3,9;
1993-01-30;5,8;6,8;0;29,7;26,38;21,6;70,75;3,266667;
1993-01-31;7,2;null;,3;30,6;26,84;22,1;69,5;3,433333;
1993-02-01;5,4;6,4;0;29,7;26,92;22,9;69,75;3,466667;
1993-02-02;8,3;9,7;0;30,2;27,16;25,2;68;3,866667;
1993-02-03;6,5;11;0;30,3;26,38;21;67;3,666667;
1993-02-04;7,4;9,9;0;30,7;26,52;21,4;70,75;2,766667;
1993-02-05;8,6;11,2;0;29,8;26,94;24,6;69;3,7;
1993-02-06;6,4;10,2;0;30;26,46;21,1;67,25;4,366667;
1993-02-07;7,7;10;0;30,6;27,32;24,9;70;4,466667;
1993-02-08;7,4;9;,4;29,8;27,06;23,7;68,75;4,033333;
1993-02-09;8,6;10,4;0;30,4;27,08;23,3;67,75;3,366667;
1993-02-10;7,7;9,7;0;30,6;27,52;25,4;66,25;4,266667;
1993-02-11;7,9;9,4;0;30,5;26,78;21,5;70,25;2,8;
1993-02-12;6,7;9,9;0;30,6;26,68;22,1;70,5;3,633333;
1993-02-13;6,7;9,9;0;30,7;26,42;null;70,75;2,666667;
1993-02-14;6,5;7,8;0;30,7;26,94;22,3;69,25;2,433333;
1993-02-15;6;8,8;0;30,7;26,82;21,5;71;3,1;
1993-02-16;7;10,6;0;30,7;27,62;25,1;70,25;4;
1993-02-17;6,1;9,7;0;30,6;26,84;21,5;68;null;
1993-02-18;6,6;10,6;2,7;30,5;27;22,9;68,25;3;
1993-02-19;6,7;8,7;0;30,7;26,64;20,8;64,75;3,033333;
1993-02-20;7,9;7,4;0;30,8;27,6;24,1;67;2,6;
1993-02-21;6,9;10,3;0;30,9;27,32;23,7;70,5;3,233333;
1993-02-22;6,3;8,4;0;30,8;27,04;22;70;3,7;
1993-02-23;6,2;2,1;12,2;28,8;25,62;23,1;78;2,6;
1993-02-24;4,3;5;69,2;29,8;26,12;22,7;77,5;2,766667;
1993-02-25;4,7;10,3;7,7;29,7;26,78;22,4;71,75;2,966667;
1993-02-26;5,8;10;0;30,3;27,28;23,7;72,75;3;
1993-02-27;5,8;9,6;0;30,3;27,22;23,4;73,5;4,1;
1993-02-28;5,8;4,6;,9;30,1;27,1;24,2;72,25;3,133333;
1993-03-01;5,8;9,9;1,9;29,8;26,78;23,2;68,5;2,766667;
1993-03-02;5,7;10;0;29,9;26,78;21,6;68,5;3,566667;
1993-03-03;6,9;10,3;0;30,2;26,6;23,1;79,75;3,633333;
1993-03-04;5,1;10,2;10,7;29,7;26,56;23;73,75;2,933333;
1993-03-05;5,1;9,6;0;29,9;26,62;21,3;69,25;3,233333;
1993-03-06;6,4;10,2;0;29,8;27,08;24,1;70;3,3;
1993-03-07;7,6;11;0;31,2;27,32;22,9;70,75;3,3;
1993-03-08;5,6;9,3;0;30,6;26,64;20,8;65,75;3,7;
1993-03-09;6,4;10,4;0;30;26,64;20,8;66;3,4;
1993-03-10;7,8;10,7;0;29,9;27,2;25;62,25;3,1;
1993-03-11;5,8;10,3;0;29,4;26,76;22,9;67;2,9;
1993-03-12;6,7;7,1;0;29,8;27,6;25,4;72;4,466667;
1993-03-13;6,1;10,6;6;30,2;27,52;25,2;66;4,033333;
1993-03-14;6,5;9,8;0;30,5;26,8;21,5;69;2,866667;
1993-03-15;5,1;8,8;0;30,6;26,7;20,6;70,75;3,4;
1993-03-16;6,6;9,5;0;30,4;27,06;22,1;72,75;3;
1993-03-17;6;10;0;30,6;27,84;25,2;70,5;3,366667;
1993-03-18;5,7;7,1;0;30,8;27,32;22,1;68,25;3,433333;
1993-03-19;7,6;9,7;0;31,2;28,22;26;71,5;3;
1993-03-20;6,2;9;0;31,3;27,08;22,1;70,25;2,933333;
1993-03-21;5,4;10,6;0;30,6;26,32;20;68,5;2,7;
1993-03-22;7,6;8,8;0;31;27,22;22,5;71,75;4,2;
1993-03-23;6,8;8,4;0;30,6;26,7;21,9;73;2,633333;
1993-03-24;5,8;10;1;31;26,96;21,1;70,75;3,533333;
1993-03-25;5,3;2,4;1,1;29,2;26,46;23,9;77,75;2,833333;
1993-03-26;5,3;5,4;7,6;30;26,46;22,5;77,25;3;
1993-03-27;5,8;8,4;,2;30,8;27,04;21,9;74;3,033333;
1993-03-28;5,2;3,1;7,2;28,6;24,92;23,3;89,5;2,1;
1993-03-29;2;9,5;27;30;26,24;22,1;76;2,266667;
1993-03-30;4,2;10,3;,8;30;26,88;22,1;74,75;2,3;
1993-03-31;9;10;0;30,4;27,16;22,7;73,5;2,966667;
1993-04-01;5,1;8,6;0;30,4;27,46;23,3;74,5;3,133333;
1993-04-02;5,1;6,1;0;30,3;26,94;22,5;73;2,733333;
1993-04-03;4,8;10,2;0;30,6;26,6;21,1;72,75;2,4;
1993-04-04;4,9;9,6;0;31,3;27,34;21,3;73,25;2,933333;
1993-04-05;6,2;10,4;0;30,4;28,08;26;71,5;3,5;
1993-04-06;6,7;10,4;0;30,4;27,78;25;68;3,866667;
1993-04-07;7;7,7;0;31;26,96;24,5;83,25;2,4;
1993-04-08;5,4;8,5;14,6;30;27,18;24,5;77;3,166667;
1993-04-09;4,4;5,2;,2;29,2;27,32;21,9;65;2,233333;
1993-04-10;7,4;8,2;4,7;30,1;26,52;20,8;71,5;2,366667;
1993-04-11;5,4;7,9;0;30,2;27,12;23,1;70,25;4,466667;
1993-04-12;8,1;9;0;30,6;27,08;24,9;74,5;2,733333;
1993-04-13;5,3;8,1;3,6;29,8;26,28;null;76,75;3,1;
1993-04-14;4,3;9,4;0;30,6;26,08;20,8;76;2,9;
1993-04-15;5,3;6,4;3,6;30,1;27,26;23,7;72,5;3,766667;
1993-04-16;5,8;6,7;0;30,2;26,08;21,3;75,75;2,766667;
1993-04-17;4;4,3;4,2;29,6;26,06;22,3;81;3,466667;
1993-04-18;4,3;6,8;,2;31,7;25,52;21,9;84;4,7;
1993-04-19;4,9;8,4;62,8;29,4;25,58;21,9;80,75;1,866667;
1993-04-20;3,7;8,3;5,4;29,6;25,04;21,9;84;3,2;
1993-04-21;3,9;7,2;9,2;29,2;26,28;22,3;79,5;2,566667;
1993-04-22;4,6;10,1;2,2;29,4;26,76;23,5;76,25;3,633333;
1993-04-23;4,5;7,8;,9;29,4;25,34;22,7;87,5;2,1;
1993-04-24;7,8;10,1;5,2;29,6;25,12;21,3;79,75;2,6;
1993-04-25;3,9;9,9;0;29,8;26,52;21;78,25;3,066667;
1993-04-26;4;2;1,5;29,4;26,8;23,9;85,25;2,066667;
1993-04-27;3,2;,6;1,4;29;26,86;23,7;77,25;4,566667;
1993-04-28;3,2;7,6;11,1;29,4;26,96;23,7;77;3,133333;
1993-04-29;3,6;5,9;2,3;29,2;26,04;23,1;81,5;3,233333;
1993-04-30;3,3;9;2,2;29,7;25,9;23,3;89,5;2,966667;
1993-05-01;4,3;1,2;45;26,1;24,2;23,2;96;1,266667;
1993-05-02;,6;8,4;68,8;29,4;25,28;22,9;86,5;1,366667;
1993-05-03;2,5;9,4;0;30;25,68;22,1;93,75;1,766667;
1993-05-04;2,6;8,7;0;30;26,96;22,9;79,5;3,3;
1993-05-05;3,6;10,2;0;29,6;26,92;24,1;78,5;3,133333;
1993-05-06;4,7;7,4;,2;29,4;25,8;23,3;80;3,266667;
1993-05-07;3,9;9,1;,1;29,9;26,06;22,7;79,25;3,033333;
1993-05-08;4,6;9,1;,4;29,8;26,32;23,3;82,25;3,566667;
1993-05-09;3,8;4,8;0;29,2;25,82;23,7;88;4,133333;
1993-05-10;3;3,4;8,3;28,2;25,16;22,3;79,75;3,133333;
1993-05-11;3;6,4;6,6;29,2;26,36;21,3;76,5;4,366667;
1993-05-12;4,9;,1;5;27,4;24,96;23,9;90,75;2,533333;
1993-05-13;2,2;9,2;,8;29,4;26,12;21,7;76,75;2,533333;
1993-05-14;3,9;7,4;0;29,2;26,12;21,9;77,5;3,166667;
1993-05-15;3,8;8,9;0;29,6;26,28;21,5;79,5;2,6;
1993-05-16;3,7;8,6;0;29,4;26,36;21,3;76;3,866667;
1993-05-17;4,3;4,4;0;29;26,44;21,7;75,75;3,1;
1993-05-18;3,5;8,5;1,3;29,2;25,98;21,7;78,25;3,1;
1993-05-19;3,9;7,4;0;29,6;25,76;21,1;81,5;3,066667;
1993-05-20;3,2;6,4;1,2;29,7;25,92;22,3;82,25;3;
1993-05-21;1,8;1,8;31,8;28,7;24,44;22,5;91,5;1,433333;
1993-05-22;1,8;0;9,3;26,2;23,94;22,7;92,5;2,733333;
1993-05-23;1,3;1;3,9;27,8;24,2;21,7;83,25;3,4;
1993-05-24;3,7;2,2;1,5;28,4;24,44;21,3;78,75;3,166667;
1993-05-25;3,3;6,1;7;29;24,82;22,1;88,25;1,7;
1993-05-26;2,2;7,4;11,2;28,7;24,96;22,1;88,5;2,2;
1993-05-27;2,9;9,4;,6;29,4;26,16;22,3;79,75;3,4;
1993-05-28;3,7;5,9;,6;29,3;25,66;22,9;88,75;3,6;
1993-05-29;3,4;3,6;10,3;29;25,68;23,3;83,25;2,633333;
1993-05-30;3,6;7,4;0;29,2;25,84;22,9;80,25;3,666667;
1993-05-31;3,8;3,8;,8;29,1;24,74;22,7;88,75;1,533333;
1993-06-01;2,6;10,1;1;29;25,16;21;83;2,133333;
1993-06-02;3,2;8,9;7,6;29;24,94;22,3;84;2,433333;
1993-06-03;4,5;8,1;4,5;28,9;25,96;21,9;80,25;3,933333;
1993-06-04;4,7;6,8;4,9;28,6;25,8;21,7;71,25;2,8;
1993-06-05;4,8;6,9;2,1;28,5;24,02;21,5;86,75;1,733333;
1993-06-06;3,2;8,6;1,1;28,8;25,36;20,3;74,25;2,4;
1993-06-07;4,1;8,6;,1;29;25,64;20,8;72,5;4,733333;
1993-06-08;4,7;1,3;7,4;28;25,1;20,8;85;3,166667;
1993-06-09;3,2;2,1;4,1;27,9;24,86;22,9;93,5;1,466667;
1993-06-10;2,2;5,7;31,2;28,8;24,72;22,7;89,75;2,1;
1993-06-11;2,3;5,5;8,1;28,6;25,74;22,7;85,5;3,133333;
1993-06-12;2,8;5,4;35,6;28;24,44;22,6;82,75;3,233333;
1993-06-13;4,3;2,9;,2;27;24,2;21,5;86;3,9;
1993-06-14;1,6;5,1;13,7;28;24,58;21,5;87,5;3,133333;
1993-06-15;2,8;10,4;9,4;28;24,52;21,5;83,5;2,3;
1993-06-16;3,2;7,6;7,6;28,2;24,96;21,1;86,25;3,7;
1993-06-17;3,2;,2;69,4;24,8;23,84;22,3;89;4,033333;
1993-06-18;2,1;9,2;11,5;28,2;24,36;21,9;76,25;2,633333;
1993-06-19;4,2;5;0;28,1;24,72;20,4;81;2,633333;
1993-06-20;3,8;9,5;,6;28,5;24,86;20,2;83,75;2,866667;
1993-06-21;3,3;8,2;0;28,4;24,44;22,3;80;4,033333;
1993-06-22;4,5;3,7;0;27,8;23,9;20,4;89,5;2,666667;
1993-06-23;1,9;,7;18,2;25,8;23,4;21,7;92,5;3,7;
1993-06-24;1,7;5,8;23,3;27,8;24,6;21,7;76;3,033333;
1993-06-25;3,6;9,9;1,1;28;24,08;20,8;82,25;3,2;
1993-06-26;4,2;1,8;,9;27,2;23,66;20,8;87,25;3,8;
1993-06-27;1,7;8,7;12,6;28,2;24,12;21,9;87;1,633333;
1993-06-28;2,4;9,4;1,7;28,5;25,2;20,6;78;2,633333;
1993-06-29;3,3;8,8;0;28,5;23,92;21,5;85,5;1,533333;
1993-06-30;3,2;10,3;0;28,4;25,1;20,8;79,25;2,2;
1993-07-01;2,9;8,6;0;28,9;24,98;20,8;80,75;2,533333;
1993-07-02;3,1;9,4;0;28,4;24,04;20,2;82,25;2,366667;
1993-07-03;3,2;9,1;0;28,5;23,42;20;84,5;2,033333;
1993-07-04;3,6;6,5;,1;28,2;23,68;19,8;92;2,6;
1993-07-05;2;3,9;6,1;27,8;25,18;21,6;74,25;2,633333;
1993-07-06;3,9;4,8;2,8;27,4;22,98;21;83,25;2,3;
1993-07-07;3,1;7,3;,2;28,2;23,84;19;76,75;2,7;
1993-07-08;4,2;8,5;0;28,4;24,14;18,6;84,25;2,566667;
1993-07-09;3,2;3,3;6,7;26,6;23,86;22,6;91,75;4,933333;
1993-07-10;3,1;1,9;17,9;27,5;24,72;21,6;77,75;4,333333;
1993-07-11;3,1;8,3;4,4;28;23,78;19,8;81;2,166667;
1993-07-12;3,9;4;1;27,4;25;21,8;84,5;3,533333;
1993-07-13;2,7;1,2;20,6;27,8;25,54;23,8;79;4,466667;
1993-07-14;3,9;5,3;4,8;27,9;23,72;19,4;85,75;2,6;
1993-07-15;2,7;4,6;17,9;27,2;23,72;22;86,75;2,1;
1993-07-16;3,2;6;8,1;27,8;23,34;20,4;81,75;2,033333;
1993-07-17;3,5;4,6;7,7;27,4;22,78;20,4;88,25;2,066667;
1993-07-18;2,4;3,6;1,8;26,2;23,26;20,8;88,75;3,033333;
1993-07-19;2,6;9,4;6,6;27,7;24,08;22,1;77,5;2,2;
1993-07-20;4;4,2;,5;27,2;23,14;19,4;88;2,633333;
1993-07-21;2,4;,8;18,4;27,4;23,42;21,4;86;2,833333;
1993-07-22;2,6;6,7;5,9;27,7;23,68;21,2;81,5;1,966667;
1993-07-23;4,9;7,4;0;27,8;23,46;19,6;75,25;3,3;
1993-07-24;4,8;,6;,1;26,2;22,98;20,8;87,75;2,9;
1993-07-25;1,4;8,7;6,7;27,6;23,14;20,8;83,75;1,633333;
1993-07-26;3,9;8,2;0;27,9;24;18,8;83,5;2,9;
1993-07-27;3,1;8,9;,8;27,7;24,12;18,4;81,75;2,566667;
1993-07-28;3,3;9;0;27,7;23,96;20,8;87;2,866667;
1993-07-29;3,9;4,5;7,4;26,8;23,62;21;88;3,766667;
1993-07-30;6,8;7;7,2;27,8;23,5;20,2;83,75;4,466667;
1993-07-31;3,2;,2;29,9;24,5;23,54;21;91,5;2,2;
1993-08-01;2,5;8,9;45,7;27,8;25,06;21,9;73;3,166667;
1993-08-02;4;1,7;2,2;27,2;23,48;21;85,25;2,6;
1993-08-03;2,6;9,2;2,4;27,7;23,6;19,4;82,5;2,8;
1993-08-04;3,7;7;7,7;27;23,58;20;84;5,3;
1993-08-05;3,8;2,2;2,3;27,2;23,26;20,2;87;2,7;
1993-08-06;3,7;7;,3;27,4;24,08;20;79,5;3,3;
1993-08-07;4;8,8;2,4;27,8;24,08;21,7;83;3,2;
1993-08-08;3,7;5,5;,3;27,6;24,1;19,3;75,75;4,433333;
1993-08-09;5;8;0;27,3;22,72;19,8;80,25;3,2;
1993-08-10;4;8,7;0;27,8;24,4;19,2;75,5;3,166667;
1993-08-11;4,2;10,3;,4;28,3;24,88;20,2;79;2;
1993-08-12;3,5;6,8;0;28,2;24,92;20;81,25;2,633333;
1993-08-13;3;9,4;0;28,6;25,06;19,4;76,5;4,533333;
1993-08-14;4,9;8,1;0;28,2;25,16;21,9;79;3,966667;
1993-08-15;4,7;10,1;0;28,4;24,56;21,1;80,25;4,033333;
1993-08-16;4,7;7;0;28,1;23,58;21,3;83;4,433333;
1993-08-17;4,3;7,8;0;28,2;24,74;21,2;82,25;3,633333;
1993-08-18;4,5;6,2;0;28,4;25,56;21,5;77,25;3,133333;
1993-08-19;4,1;8,9;0;28,6;25,34;21,1;77,75;2,733333;
1993-08-20;4,4;9,3;0;28,4;25,34;20;80,25;4,366667;
1993-08-21;5,7;8,2;0;28,4;24,74;19,8;79;3,133333;
1993-08-22;4,3;9,6;0;28,7;25,18;20,6;81,5;3,366667;
1993-08-23;6,3;9;,9;28,2;24,52;21,9;87,75;4,066667;
1993-08-24;4,4;3,1;79,5;27,2;23,04;21,1;89,75;3,4;
1993-08-25;2,9;7,8;8,1;28,2;24,66;20,6;93;1,9;
1993-08-26;2,7;8,1;1,4;28,2;25,18;21,7;84,75;2,9;
1993-08-27;3,4;9,2;0;28,4;24,86;20;80,75;3,166667;
1993-08-28;4,6;8,8;0;28;23,54;20,2;87,25;2,733333;
1993-08-29;3;4;1;27,8;23,7;19,2;85;3,2;
1993-08-30;2,5;7,9;2,1;28,2;24,74;20,4;83,75;2,666667;
1993-08-31;3,3;4,3;4,6;28;24,62;21,1;87;3,133333;
1993-09-01;3,9;7,6;0;28;24,92;21;80;3,033333;
1993-09-02;3,5;null;0;28,4;24,06;19,2;88,5;2,2;
1993-09-03;5,5;6;12,9;27,8;24,94;20,5;77;4,066667;
1993-09-04;1,9;5,5;2,7;28,2;23,9;19;81;3,4;
1993-09-05;4,1;4,9;,2;28,2;23,22;20;88,25;3,533333;
1993-09-06;3,2;9,4;2,1;28,6;25,44;21,3;87,25;2,866667;
1993-09-07;3,8;9,7;0;28,6;26;22,5;84,75;3,466667;
1993-09-08;6,2;10;0;28,2;25,34;22,1;74,75;4,366667;
1993-09-09;8,7;6,8;,2;28,8;24,98;20,2;83;3,333333;
1993-09-10;7;8,1;0;28,2;25,98;23,9;82;3,4;
1993-09-11;6,1;9,1;0;27,8;24,86;21,1;84,75;3;
1993-09-12;5,3;8,5;5,8;28,7;25,64;22,1;81,75;3,533333;
1993-09-13;7;2,4;0;27,7;25,62;24,1;80,25;3,766667;
1993-09-14;6,8;10,6;1;27,9;24,6;21,4;75,75;3,966667;
1993-09-15;6,7;7,9;0;28,4;25,08;20;81,5;2,633333;
1993-09-16;4,1;9,2;2,3;28,8;26,46;24,1;80;4,233333;
1993-09-17;7,8;7,8;,2;29;26,14;24,1;80,75;3,5;
1993-09-18;6,3;9,8;0;29,7;26,1;22,8;76,75;2,566667;
1993-09-19;4,9;8,7;0;29,4;25,54;20,5;73,5;2,8;
1993-09-20;6,1;9,7;0;29,4;25,66;20;78,25;3,133333;
1993-09-21;6;9,7;0;29,4;25,76;20,6;80;2,633333;
1993-09-22;6,7;8,9;0;29,8;25,86;20,8;78,5;3,7;
1993-09-23;8,5;7,8;0;29,3;26,04;22,3;76;3,633333;
1993-09-24;9,8;9,1;0;29,4;26,06;20,8;76;3,133333;
1993-09-25;7,6;8,5;0;29,9;26,22;21,3;78;2;
1993-09-26;5,7;6;0;29,6;25,96;21,5;83;2,2;
1993-09-27;5,4;10,4;22;29,3;25,9;22,1;80,75;3,266667;
1993-09-28;4,3;7,8;0;29,7;26,08;22,1;78,75;2,3;
1993-09-29;8,2;8,1;0;29,2;26,46;25,1;80,75;2,433333;
1993-09-30;6,6;null;0;29,4;25,94;21,1;77,5;3,566667;
1993-10-01;6,3;6,6;,4;29,2;25,58;20,8;84,75;3,8;
1993-10-02;3,3;7,4;4,2;29;25,94;22,7;84;2,966667;
1993-10-03;3,8;4,7;3,1;28,5;25,86;22,5;78,5;2,8;
1993-10-04;3,3;10,4;0;30,1;25,9;22,3;78,75;4;
1993-10-05;5,2;10,4;0;30,4;25,84;21,1;76,5;2,15;
1993-10-06;4,6;10,7;0;29,9;26,12;20,8;76,5;2,8;
1993-10-07;5,6;11;0;31,3;27,14;22,3;68,5;3,1;
1993-10-08;5,8;9,9;0;30,9;27,26;22,6;71,25;2,566667;
1993-10-09;8,7;10,2;0;30,2;27,3;25,6;74,75;3,4;
1993-10-10;6,6;9,2;,2;29,6;26,08;21,9;72,25;3,9;
1993-10-11;5,8;10,4;0;29,6;26,32;22,7;72,75;3,633333;
1993-10-12;7,2;10;3,7;29,2;25,76;21,5;70;4;
1993-10-13;6;7,9;6,2;28,9;24,1;21,1;85;1,766667;
1993-10-14;4,8;9,6;8,5;28,7;25,82;21,9;69,75;4,133333;
1993-10-15;8,7;9,9;,2;29,4;26,26;21,8;69,75;4,866667;
1993-10-16;8,6;7,2;3,6;29,6;26,1;22,1;73,75;4,7;
1993-10-17;9,7;5,6;0;30,2;26,64;22,9;75,5;3,133333;
1993-10-18;6,5;7,9;,7;29,7;27,06;25,4;74,25;4,2;
1993-10-19;7,7;9,7;0;29,6;27,14;25;67;4,8;
1993-10-20;8,2;9,9;,5;29,8;26,02;21;70,75;5,15;
1993-10-21;6,9;7,9;0;29,7;26,14;21;74,75;2,9;
1993-10-22;8,1;6,1;,5;29,9;26,74;25,1;75,75;3,3;
1993-10-23;8;9,7;0;29,7;26,86;25,4;73;2,633333;
1993-10-24;7,4;10;0;30;26,32;21,4;69,5;3,466667;
1993-10-25;7,9;9,9;0;30,2;26,76;22,5;71;3,466667;
1993-10-26;9,9;7,5;2,3;29,5;27,12;24,7;75,25;3,8;
1993-10-27;4,8;6,2;0;30,1;27,12;25,8;74;4,433333;
1993-10-28;8,6;8,2;0;29,9;27,08;24,7;67;4,966667;
1993-10-29;10,8;7,9;0;30,6;27,42;25,5;69,75;5,766667;
1993-10-30;11,4;7,8;,1;30;26,94;24,9;71,5;5,6;
1993-10-31;9;2,3;0;30;26,8;22,5;71,75;3,1;
1993-11-01;8,4;5,8;0;30,5;27,4;25,5;70,25;3,333333;
1993-11-02;6,5;10,6;0;30,7;26,98;22,1;68,25;2,133333;
1993-11-03;6,5;9,9;0;30;26,1;20,4;72;3,166667;
1993-11-04;9;9,7;0;29,9;27,32;25,2;67,5;4,033333;
1993-11-05;9,4;9,5;0;30,1;27,3;25,1;67,25;4,133333;
1993-11-06;9;9,4;0;30,4;27;24,7;72;4,333333;
1993-11-07;8,4;5,6;0;30,5;27,04;23,1;69,5;4,8;
1993-11-08;7,5;8,9;1,1;30,9;27,5;24,6;72,75;5,4;
1993-11-09;7,2;3,4;3;29,5;27,26;24,9;71,5;4,7;
1993-11-10;5,8;2,1;,8;29,7;25,16;22,4;81,5;2,6;
1993-11-11;5,2;10,2;1,9;29,8;26,34;21,8;68;4,1;
1993-11-12;8;8,5;1,3;30;27,18;25;69,75;4,8;
1993-11-13;8;8,5;,2;30,1;27,38;24,9;70,75;3,4;
1993-11-14;9,6;5,5;1,4;30;26,42;23,7;75,5;3,9;
1993-11-15;5,4;5,3;8,1;28,5;26,16;23,3;72,25;3,066667;
1993-11-16;6,5;6,6;,4;30,1;26,42;21,2;70,5;4,133333;
1993-11-17;7,1;8,9;0;30,1;27,3;26;75;3,466667;
1993-11-18;6,8;9,7;0;30,4;27,54;25,5;75;4,533333;
1993-11-19;6,7;5,7;4,4;29,8;26,76;24,6;76,5;4;
1993-11-20;7,7;5,5;0;29,7;27,12;25,4;73,25;3,7;
1993-11-21;7,9;8,2;0;30,1;27,62;25,6;72,5;4,366667;
1993-11-22;6,7;6,9;0;30,1;27,2;25;73,25;3,033333;
1993-11-23;7;7;,3;30,2;27,44;24,9;71;4,3;
1993-11-24;6,6;8,9;,4;30,1;27,5;25,4;68;4,933333;
1993-11-25;8,6;10,7;0;30,6;27,48;24,9;67,5;5,266667;
1993-11-26;6,2;2,1;3,7;29;26,26;23,7;79,75;3,8;
1993-11-27;4,5;9,2;1,8;30,3;27,1;23,1;72,5;1,366667;
1993-11-28;4,2;10,6;,3;32;27,1;21,7;73,5;2,066667;
1993-11-29;3,7;8,5;0;31,7;27,06;22,3;71,5;3,166667;
1993-11-30;5,6;10,7;0;31,8;27,7;22,6;68,75;3,033333;
1993-12-01;6,3;10,5;2;30,2;26,9;23,1;72,75;4,266667;
1993-12-02;8,3;10,8;0;30,7;27,42;24,1;68,25;4,2;
1993-12-03;9;7,5;0;29,6;26,36;21,9;69,75;4,1;
1993-12-04;5,9;6,7;1,2;29,8;25,94;21,1;78,25;5;
1993-12-05;6,6;8,8;15,3;29,9;27;23,6;66,75;3,266667;
1993-12-06;7,2;10,1;0;30;26,82;23;75,5;3,133333;
1993-12-07;7,1;8,1;0;30,2;27,1;23,8;71,25;4;
1993-12-08;6,9;10,7;4,6;30,2;27,04;23,9;71,25;4,233333;
1993-12-09;7;9,8;,4;30,4;26,88;22,1;71,5;3,633333;
1993-12-10;6,8;10,2;0;30,6;27,72;25,7;72;4,133333;
1993-12-11;7,2;8,5;1;30,7;27,36;24,3;78,25;3;
1993-12-12;6,5;9,4;0;31,2;27,7;24,2;72,75;3,9;
1993-12-13;8,3;9,8;0;31,2;27,86;26;69,25;3,266667;
1993-12-14;7,7;11,6;2,7;30,4;27,06;23,1;66,25;3,2;
1993-12-15;8,7;11;0;30,7;27,72;25,3;68,75;3,833333;
1993-12-16;8,5;11,2;0;30,7;27,04;22,9;65,75;3,4;
1993-12-17;7;10,9;0;30,7;26,78;21,1;69;2,966667;
1993-12-18;4,5;10,9;0;31,4;27,36;22,6;70,75;3,633333;
1993-12-19;6,2;10,6;0;31,8;28,24;25,7;69,5;2,733333;
1993-12-20;7,6;8,7;0;31;27,72;24,1;74;3,8;
1993-12-21;5,3;10,5;0;31,4;27,08;21,9;67,25;3,4;
1993-12-22;5;9,4;0;31,3;27;21,1;69,25;3,4;
1993-12-23;8,5;9,5;0;30,9;27,38;23,9;69,25;4,033333;
1993-12-24;4,8;6,4;3,1;30,5;26,66;22,2;74,75;3,3;
1993-12-25;6,3;9,3;,4;30,6;26,96;22,9;68;4,266667;
1993-12-26;6,3;9,7;3,3;30,2;26,98;22,9;73,5;4,033333;
1993-12-27;5,6;10,6;0;31,2;28,22;25,3;68,25;5,066667;
1993-12-28;8,6;8;0;31,3;27,96;25,8;70,5;3,133333;
1993-12-29;6,8;10,6;0;31,3;27,7;24,6;67;2,6;
1993-12-30;7,4;7,7;,6;30,9;27,2;24,4;77,5;3,2;
1993-12-31;4,9;6,2;0;30,8;27,3;22,9;73,75;3,633333;
1994-01-01;7,4;10,7;,3;31,2;27,48;23,2;66;5,266667;
1994-01-02;5,5;8,1;3,8;30,4;26,52;21,8;72,75;3,233333;
1994-01-03;5,7;8,6;,4;31,3;26,98;21,8;81,5;3,566667;
1994-01-04;5,3;1,5;33,5;29,7;25,98;22,3;88,5;1,9;
1994-01-05;1,7;4,4;12,8;30,7;27,18;23,8;76;1,966667;
1994-01-06;4,5;9,7;2,5;30,7;27,48;24,1;71,25;2,833333;
1994-01-07;5,3;10,1;0;30,3;27;22;69,5;3,633333;
1994-01-08;6;9,8;0;30,4;27,28;22,2;68,5;3,366667;
1994-01-09;6,3;11,4;0;30,5;27,24;22,9;66,75;2,966667;
1994-01-10;6,7;10,8;0;30,3;27,06;22,7;70,25;2,866667;
1994-01-11;5,9;10,5;0;30,3;26,8;21,3;70,25;3,1;
1994-01-12;6;6,8;16;29,8;26,04;23,3;78;2,333333;
1994-01-13;3,8;10;0;30,7;27;22,4;73,75;2,3;
1994-01-14;4,8;5,3;0;30,7;26,34;22,3;85,5;1,766667;
1994-01-15;3,4;3,9;9,7;29,9;27,12;24,1;78,25;2,933333;
1994-01-16;4;9,1;0;30,3;26,98;22,9;71,75;3,033333;
1994-01-17;4;6,3;0;30,2;26,94;22,9;73,5;2,133333;
1994-01-18;3,7;6,8;10,3;30,3;27,28;23,4;71,75;3,566667;
1994-01-19;5,3;4,6;3,2;29,1;26;22,5;81,75;2,633333;
1994-01-20;3;5,7;0;29,4;26,82;23,5;78,25;2,033333;
1994-01-21;3,8;4,7;43,4;29,1;26,1;23,2;80,5;1,8;
1994-01-22;2,7;9,5;5,2;30,6;27,16;23,4;78,25;2,133333;
1994-01-23;3,6;9,6;0;31;27,38;23,7;74,5;2,333333;
1994-01-24;1;9,6;0;30,3;26,78;22,4;75,25;3,2;
1994-01-25;4;10,7;0;29,2;26,6;22,3;70,75;2,766667;
1994-01-26;4,4;10,1;0;30,5;26,84;21,5;68,75;3,233333;
1994-01-27;5,6;7,7;,1;30,8;27,3;22,1;68,5;3,566667;
1994-01-28;5,9;8,4;2,2;29,8;26,96;23,7;72,75;3,366667;
1994-01-29;6,7;9,3;0;30,7;27,12;22,1;71;2,433333;
1994-01-30;5,8;10,2;0;30,7;27,92;24,9;72,5;3,8;
1994-01-31;6,1;7,3;0;30,4;28,04;26,4;69;4,033333;
1994-02-01;6,2;9,9;0;30,5;26,84;21,4;70;2,9;
1994-02-02;5;9,7;0;31,7;27,36;22,3;71,25;2,3;
1994-02-03;5,4;10,1;1;32;27,74;23,3;67;3,366667;
1994-02-04;5,2;9,3;0;31;27,16;23,1;73,5;2,766667;
1994-02-05;5,2;3,7;1,8;30,3;27,42;24,9;77,75;3,3;
1994-02-06;3,8;6,7;6,2;30,7;26,74;21,6;70,25;2,9;
1994-02-07;4,5;9,5;0;30,9;27,04;21,7;71,75;3,233333;
1994-02-08;5,8;6,1;,5;30,4;27,42;23,6;70;4,1;
1994-02-09;5,6;9,9;5,4;31,3;27,44;22,6;71,75;2,966667;
1994-02-10;6,2;10,6;0;31;28,08;25,4;62,25;4,033333;
1994-02-11;6,8;8,3;0;31,8;27,9;22,9;67;3,3;
1994-02-12;5,5;7,9;4,2;30,6;27,4;23,5;72,75;3,233333;
1994-02-13;4,7;6,1;0;30,7;27,68;23,3;72,75;3,3;
1994-02-14;5,3;8,6;5;30,6;27,24;23,3;72,25;2,933333;
1994-02-15;4,8;10;,2;31,3;27,26;21,3;70,25;2,8;
1994-02-16;5,8;7,4;1;31,5;26,5;21,7;80,5;2,966667;
1994-02-17;4,4;3,6;50,6;30,5;26,92;23,7;80;2,3;
1994-02-18;4,7;8,6;,3;30,7;27,4;23,5;75;1,666667;
1994-02-19;3,7;9,1;16,6;30,3;27,06;23,1;75;1,533333;
1994-02-20;3,9;9,3;,6;null;27,04;23,6;70,75;2,7;
1994-02-21;5,5;9,5;0;30,7;27,86;23,8;70;2,866667;
1994-02-22;5,8;9,4;0;30,6;27,96;26,4;71,75;3,366667;
1994-02-23;6,1;10,2;,2;30,4;27,32;23,9;68,25;3,566667;
1994-02-24;5,8;10,6;0;30,7;27,2;21,7;70,5;2,766667;
1994-02-25;5,6;3,2;,7;29,8;27,8;25,2;72,5;3,233333;
1994-02-26;4;5,1;,9;30,6;27,96;24,7;75;3,5;
1994-02-27;6;1,6;1,3;30,4;27,82;24,5;78,5;3,566667;
1994-02-28;5;2,1;0;30,6;27,98;26,3;72,5;3,7;
1994-03-01;4,2;4,8;0;31;27,24;22,5;73,25;2,1;
1994-03-02;4,5;1,3;1,6;30,2;27,38;24;75;2,7;
1994-03-03;3,3;4,8;0;31,6;27,86;22,7;75;2,766667;
1994-03-04;4,8;8,5;,2;31,8;27,82;22,9;69,75;4,033333;
1994-03-05;5,4;8,8;0;31,8;27,76;21,7;67,5;2,533333;
1994-03-06;4,8;10,1;0;31,7;27,62;21,9;72,25;2,3;
1994-03-07;5;9,5;0;32,8;28,38;22,9;70,25;2,366667;
1994-03-08;4,8;10,2;3,7;32,8;27,94;23,3;73;2,233333;
1994-03-09;4,3;10,3;0;32,5;28,08;22,6;70,5;2,333333;
1994-03-10;4,3;9,9;0;33,2;27,62;22,4;71,25;2,466667;
1994-03-11;5,5;10,5;0;33,1;27,96;22,5;73,25;2,766667;
1994-03-12;4,7;10,9;0;33,4;28,12;23;69,5;3,7;
1994-03-13;4,5;10,4;0;33;28,42;22,5;72,25;2,7;
1994-03-14;5,9;6;7,5;31,2;27,74;23,9;81,75;2,4;
1994-03-15;4,2;9,2;8,5;31,7;28,04;25,4;74,75;4,2;
1994-03-16;3,5;9,4;7,3;30,8;27,76;23,7;75;3,266667;
1994-03-17;5;10,3;,3;31,6;27,86;23,6;69,5;1,9;
1994-03-18;5,1;9,8;0;31,6;27,48;21,8;74,25;3,3;
1994-03-19;5,2;8,8;4,7;31,5;28,32;25,4;78,25;4,066667;
1994-03-20;4,4;7;19,2;30,6;27,08;24,8;87;3;
1994-03-21;2,5;9,5;22,1;30,8;27,28;23,7;83,25;2,266667;
1994-03-22;2,7;6,8;8,4;31,4;28,04;24,9;78,25;2,633333;
1994-03-23;2,9;5,5;4;30,7;27,18;22,9;76,25;2,5;
1994-03-24;5,1;9,5;0;30,8;28,2;25,4;73;4,266667;
1994-03-25;6,3;0;4,6;28,3;27,02;25,6;84;2,2;
1994-03-26;2,4;7,1;3,9;29,9;27,34;23,7;75,25;2,633333;
1994-03-27;5,3;3,8;0;30,5;26,72;23;85,75;2,466667;
1994-03-28;2,4;0;63,7;29,2;26,44;23,9;85,75;3,2;
1994-03-29;4,8;9,7;0;30,3;27,42;25,6;75,5;2,4;
1994-03-30;3,8;0;133;26,2;24,26;22,9;95;,8;
1994-03-31;,8;8,6;,8;29,9;26,9;22,1;80,75;3,3;
1994-04-01;3,4;9,7;0;30,4;27,66;23,9;77,5;3,3;
1994-04-02;4,1;,3;6,6;28,6;25,88;24,1;89,5;1,633333;
1994-04-03;1,5;0;7,1;29,2;25,9;22,9;91,25;1,533333;
1994-04-04;1;9,1;7,6;30,5;27,12;22,9;77;2,966667;
1994-04-05;3,5;10,3;0;30,6;26,8;23,4;73,25;2,233333;
1994-04-06;3,7;6,2;8,2;29,2;25,54;23,1;85,5;2,3;
1994-04-07;3,1;9,4;2;29,9;26,12;22,1;81,75;1,7;
1994-04-08;3,1;8,3;0;30,7;27,34;23,1;77,5;2,366667;
1994-04-09;3,5;9;10,6;32,3;27,38;24,1;78,5;2,266667;
1994-04-10;2,8;8,2;1,9;30,3;27,28;23,5;77;2,4;
1994-04-11;3,5;10;,3;30,6;26,56;22,2;79,75;3,066667;
1994-04-12;4,3;1,6;20,5;29,7;26,1;24,1;90,75;2,25;
1994-04-13;3,8;5,9;0;30,1;26,2;23,5;87,25;2,566667;
1994-04-14;2,7;9,8;,1;30,2;27,14;22,7;69;3,533333;
1994-04-15;4,7;9,1;0;30,2;26,54;22,8;76,5;2;
1994-04-16;4,8;5,8;0;29,9;25,46;22,6;87,5;2,4;
1994-04-17;3,3;2;6,1;28,4;24,98;22,8;92,25;1,2;
1994-04-18;1,1;0;70,3;28,7;24,36;22,8;98,75;1,533333;
1994-04-19;,3;8,2;10,4;29,7;26,7;22,7;78,5;1,7;
1994-04-20;3,2;8,7;2,6;30,2;26,7;21,2;78,5;3,966667;
1994-04-21;3,6;6,6;2,7;29,9;26,34;22,3;81,25;2,366667;
1994-04-22;4;10,1;,6;30,1;26,24;22,7;83,25;2,633333;
1994-04-23;3,1;10,4;0;30,3;25,58;21,4;83,75;1,466667;
1994-04-24;3,1;8,5;6,2;29,9;25,6;21,9;84,75;2;
1994-04-25;3,7;5,7;34,8;29,5;25,24;22,8;87,75;2;
1994-04-26;2,4;6;9,3;29,5;25,48;22,9;81,75;4,4;
1994-04-27;2,5;6,6;23,5;29,3;25,62;22,5;85;2,033333;
1994-04-28;2,6;6,9;1;29,9;27,16;23,3;75,5;3,466667;
1994-04-29;3,3;10,1;0;29,9;24,86;21,2;81,25;2,633333;
1994-04-30;4;9,4;,4;30;26,46;21,7;79,25;3,4;
1994-05-01;3,5;6,3;24,2;29,7;25,88;23;87,25;1,733333;
1994-05-02;3,1;2;11,6;29,5;25,6;22,5;85,75;1,866667;
1994-05-03;3,6;,7;27;27,4;24,24;21,9;92,5;2;
1994-05-04;1,7;2,4;42,3;28,6;25,38;22,8;91,5;1,366667;
1994-05-05;,7;0;40,5;26,3;24,24;21,1;93,25;1,8;
1994-05-06;3,2;4,9;26,3;28,7;26,08;21,4;83,25;2,8;
1994-05-07;2,5;7,1;16,4;29,5;25,56;23,5;86,25;3,866667;
1994-05-08;2,6;5,9;46,6;30;25,56;22,8;92,75;1,733333;
1994-05-09;2,7;7,1;12;29,7;26,22;23,6;88,5;2,333333;
1994-05-10;2,5;4,6;1,5;29,3;25,52;22,1;89,25;2,233333;
1994-05-11;2,4;3,6;18;29,3;26,16;23,7;86,5;4,166667;
1994-05-12;3,4;8,7;1,4;29,8;26,2;21,9;87,5;2,733333;
1994-05-13;3,6;6,4;10,1;29,5;25,34;23,1;89,5;1,633333;
1994-05-14;2,7;6,1;8,8;29,1;25,9;23,7;90,5;1,466667;
1994-05-15;2,1;5,7;42,4;29,7;25,6;23,7;93;1,066667;
1994-05-16;2;2,3;2,3;27,8;25,4;23,1;91,25;2,766667;
1994-05-17;2,4;6;12,2;29,2;25,46;22,9;88,5;3,366667;
1994-05-18;4,1;10,8;29,4;29,3;25,56;23,1;81,5;3,133333;
1994-05-19;4,3;2,4;,3;28,2;24,86;22;95,5;1,966667;
1994-05-20;1,3;,3;52,6;26,7;23,74;22;96;2,066667;
1994-05-21;,7;0;93,6;25,9;24,16;22,3;96;1,6;
1994-05-22;,9;8,9;8,4;29,3;25,4;22,9;89,25;1,8;
1994-05-23;3;10,8;0;29,5;24,98;20,2;87;1,833333;
1994-05-24;3,1;9,3;0;29,8;25,08;21,3;89,75;1,55;
1994-05-25;3,1;1,9;11,6;27,8;25,18;23,1;94;1,6;
1994-05-26;1,3;7,8;23,3;29,1;25,2;22,3;90;1,766667;
1994-05-27;3;2,1;,3;28,7;25,56;22,3;89;1,266667;
1994-05-28;3,3;,2;7,9;27,2;24,54;22,5;92,25;2;
1994-05-29;,7;1,3;0;29,4;25,62;22,6;94,25;1,366667;
1994-05-30;3,2;9,2;3,6;29,5;26,06;23,5;88,75;2,333333;
1994-05-31;4;7,2;,4;28,8;25,2;22,1;92;2,6;
1994-06-01;3;4;2;29;25,1;21,2;92;,933333;
1994-06-02;1,4;9,4;30,8;28,8;25,4;22;92;1,433333;
1994-06-03;2;0;39,8;26,7;24,22;23;94,75;,766667;
1994-06-04;,4;,3;136,5;26,4;24,6;23,2;95;1,866667;
1994-06-05;1;,3;23,6;26,5;23,7;22,4;97,5;1,8;
1994-06-06;,8;4,8;43,1;28,6;24,06;22,4;94,5;1,366667;
1994-06-07;2,4;9,1;3,6;29,3;25,04;20,9;91;2,533333;
1994-06-08;2,6;5,6;13,3;28,3;25,2;22,6;89;3;
1994-06-09;2,3;7;4,7;28,6;25,44;22,2;91,5;2,8;
1994-06-10;2,3;5,1;9,1;28,6;25,28;22,6;86,25;2,366667;
1994-06-11;3,4;8,7;0;28,6;24,8;21,4;87,75;3,2;
1994-06-12;3,7;,4;8,5;27,4;25,72;22,7;86,5;4,333333;
1994-06-13;4,5;8,1;3,7;28,9;26,22;24,4;85;3,233333;
1994-06-14;3,8;8,2;3,6;29;24,98;22,9;90;1,366667;
1994-06-15;3,6;7,6;,5;28,7;25;21,6;88,75;3,133333;
1994-06-16;3;2,7;10,3;28,8;25,54;23,2;92,25;1,933333;
1994-06-17;2,3;,8;13,3;26,6;24,4;22,8;94,5;1,033333;
1994-06-18;1,9;7,3;13,4;28,5;24,96;22;89,5;2,433333;
1994-06-19;1,1;7,3;4,8;28,6;25,76;22,6;90;2,033333;
1994-06-20;2,3;0;146;26,5;23,98;22,3;97;1,366667;
1994-06-21;1,5;9;15,9;28,7;25,24;22,8;87,75;3,3;
1994-06-22;3,1;,6;42,7;27,8;24,48;22,8;92,25;3,333333;
1994-06-23;1,9;9,4;,4;28,8;25,06;21,1;87,75;2,166667;
1994-06-24;2,6;6,9;4,1;28,8;25,84;23;87,5;1,733333;
1994-06-25;2,5;1,9;7,8;27,9;24,44;22;93,25;1,733333;
1994-06-26;,9;4,7;30,8;28,8;25,1;22;91,75;1;
1994-06-27;1,8;7,2;,2;28,8;24,94;21,3;91,25;2,633333;
1994-06-28;2,6;6,5;30,4;28,6;25,64;22,9;88,5;3,3;
1994-06-29;2,6;8,2;21,6;28,6;25,12;22,4;85,25;3,033333;
1994-06-30;3;7,7;6,6;28,7;25,2;22,4;86,5;3,366667;
1994-07-01;3,1;5,6;26,4;28,2;23,46;21,5;89,5;1,433333;
1994-07-02;2,7;9,1;2,5;28,3;24,18;20,3;86,5;2,9;
1994-07-03;3,2;3,9;0;28,7;24,82;21,5;91,75;1,8;
1994-07-04;5,1;8,4;16,5;28,4;25,44;22,9;87,25;2,566667;
1994-07-05;4,4;9,2;1;28,2;24;21;87,5;2,3;
1994-07-06;4,2;7,7;2,6;28,3;24,46;21,2;86,25;2,6;
1994-07-07;3,5;5,1;3,2;28,3;25,06;21,1;89,5;3,266667;
1994-07-08;2,9;,5;16,8;27,9;25,66;23,2;84,5;4,133333;
1994-07-09;4;7,4;,6;28;25,18;21,3;87,25;1,966667;
1994-07-10;3,2;9,3;,4;28,4;24,9;19;79,75;3,5;
1994-07-11;4,7;8,4;,9;28,2;25,38;null;80,5;4,8;
1994-07-12;4,6;6,6;2;28,4;24,84;21,2;86;4,2;
1994-07-13;6,2;10,4;,9;27,8;25,26;23,1;80,75;4,466667;
1994-07-14;6,6;9,8;1,1;29;24,74;20,6;89,25;3,433333;
1994-07-15;3,6;0;18,6;25;23,66;22,5;96,25;1,866667;
1994-07-16;1,5;,2;30,4;26,5;23,9;22,7;90,75;2,9;
1994-07-17;2;4;7,1;27,3;23,9;21,9;93,5;2,566667;
1994-07-18;1,7;4,1;30,2;27,4;24,16;21,5;96;1,266667;
1994-07-19;2,6;7,8;6,5;28,1;25,12;21,9;86,25;2,9;
1994-07-20;3,9;8,1;12,6;28;24,88;22,7;88,75;3,533333;
1994-07-21;3,1;1,3;8,2;27,2;23,46;21,1;94;2,633333;
1994-07-22;2,2;5,6;22,5;28,4;24,34;20,7;89,75;3,133333;
1994-07-23;2,8;4,3;22,1;27,9;23,88;21,8;93,25;2,2;
1994-07-24;2,7;4,8;1,1;26,9;23,6;20,5;93;1,666667;
1994-07-25;1,7;1,1;7,9;26,1;23,9;20,9;87,75;2,966667;
1994-07-26;2,3;5,1;7,5;27,6;23,88;21,5;91,5;2,2;
1994-07-27;2;6,2;3;27,4;23,96;20,6;92,5;3,366667;
1994-07-28;3;9,5;10,2;27,8;23,96;21,3;85,5;3,833333;
1994-07-29;4;9;3,9;27,8;23,88;21,3;90;4,133333;
1994-07-30;4,3;10,4;15,2;27,8;24,26;21,9;85,5;3,433333;
1994-07-31;4;5,2;5,2;27,4;23,12;20;89,5;2,8;
1994-08-01;3;3,4;3,6;26,8;23,44;20,4;82;2,9;
1994-08-02;2,7;9,6;,9;27,4;23,5;18,6;79,75;2,366667;
1994-08-03;3,6;10,5;,1;27,8;23,04;18,8;87,5;1,866667;
1994-08-04;3,1;8,9;0;28,2;24,46;19,4;85;1,866667;
1994-08-05;3,4;10,4;0;28,6;23,74;20,1;83,25;3,066667;
1994-08-06;4,3;6,6;0;27,9;23,7;18,9;79,75;3,233333;
1994-08-07;5,8;8,8;0;27,8;23,44;20,5;89,75;3,1;
1994-08-08;3,4;8,5;1,8;27,9;24,36;21;83,25;3,466667;
1994-08-09;3,5;8,3;0;28,4;24;19,7;89;3,333333;
1994-08-10;2,8;3,1;13;27,8;22,94;21;91,5;1,366667;
1994-08-11;2,8;3,4;1;27,6;23,56;20,4;89,5;3,366667;
1994-08-12;2,9;8,4;2,3;28;24,3;21,3;85,25;4,9;
1994-08-13;4,2;8;1,8;28;24,2;21,3;81;3,45;
1994-08-14;5,3;8,9;0;27,6;23,5;20;86;4,533333;
1994-08-15;4;4,8;3,4;26,6;23,02;20,2;95,75;4,133333;
1994-08-16;2,5;9,4;10;27,6;24,14;21;76,25;3,9;
1994-08-17;6,1;1,2;,1;26,5;23,16;20,5;93,5;3,166667;
1994-08-18;1,6;2,4;76,7;27,8;24,52;22,1;87,25;2,966667;
1994-08-19;4,4;3,7;,5;27,8;24,38;21,5;89,25;4,733333;
1994-08-20;3,9;3,4;10,5;27;24,84;22,1;87,75;5,2;
1994-08-21;3,8;10;6,7;27,7;24,42;22;81,25;2,833333;
1994-08-22;5,5;9,7;0;27,9;23,96;20,2;83,25;2,7;
1994-08-23;4,7;7,2;0;28;23,22;20;86,25;1,833333;
1994-08-24;2,7;4,4;1,5;27,9;23,92;21;91;2,3;
1994-08-25;2,8;7,9;9;27,8;25,34;21,5;75,25;4,5;
1994-08-26;5,4;8,4;0;28,8;24,88;20,9;79;3,766667;
1994-08-27;5,3;7,8;8,5;28,3;25,1;22,5;90,25;2,966667;
1994-08-28;3;4,9;2,4;28,5;25,86;23,9;83,75;2,766667;
1994-08-29;3,5;9,5;0;28,6;25,42;21,7;78,75;4,6;
1994-08-30;4,8;5;0;27,8;24,86;21,4;80,5;4,433333;
1994-08-31;6,7;7,8;0;28,6;25,98;23,3;79,25;4,233333;
1994-09-01;5,3;4,4;0;28,1;25,1;23,3;83,5;4,466667;
1994-09-02;4,1;8,3;0;28,4;25,24;21,2;76,75;4;
1994-09-03;5,5;9,7;,2;28,7;24,6;20,6;81;3,166667;
1994-09-04;4,9;6,9;2;28,2;25,16;21,8;81,25;3,033333;
1994-09-05;6,2;10;,4;28;25,1;21,1;77;3,533333;
1994-09-06;6,7;9,2;1,4;28,3;25,04;21,1;74,5;3,933333;
1994-09-07;5,4;5,6;,8;28,4;23,86;19,7;93,25;1,333333;
1994-09-08;1,9;4,2;3,2;29,1;25,1;21,7;87;2,6;
1994-09-09;3,1;3;18,8;28,2;24,64;22,8;91;2,866667;
1994-09-10;2,7;7,6;5,1;28,7;24,76;22,1;87,25;3,533333;
1994-09-11;4,6;7,5;,5;28,4;24,46;21,2;84,25;5,333333;
1994-09-12;5;3,9;4;27,6;24,1;21,7;87,75;3,7;
1994-09-13;3,2;5,5;36,1;27,9;24,62;21,8;83,5;3,7;
1994-09-14;3,7;,2;,8;25,1;23,26;20,3;92,25;3,466667;
1994-09-15;1,9;6,1;40,4;27,7;24,88;21,3;81,75;2,433333;
1994-09-16;3,2;3,9;3,7;28,1;25,22;21,4;78,5;3,466667;
1994-09-17;5,3;6,2;,5;28,4;24,24;21,1;90,5;3,366667;
1994-09-18;3,1;7,8;12;28,3;24,62;21,5;82,25;4,966667;
1994-09-19;4,3;9,3;1,6;27,7;24,76;22,7;74,75;5,233333;
1994-09-20;4,6;5,7;,6;27,7;24,12;21,3;80,75;4,533333;
1994-09-21;5;6;8;28,2;24,8;21,3;75,75;4,3;
1994-09-22;5,1;6,4;3,6;28,1;25,4;22,3;70,25;5,266667;
1994-09-23;6;6,4;1;28,5;25,08;20,7;70,5;3,766667;
1994-09-24;5,8;5,4;,7;28;24,98;20;80,75;2,8;
1994-09-25;4,4;7,6;0;28,7;25,84;23,7;78;3,733333;
1994-09-26;5,3;3,9;,2;28,1;24,34;22,2;80,5;2,2;
1994-09-27;3,1;10;,6;28,7;24,96;19,6;76,25;2,366667;
1994-09-28;4,5;8,6;0;28,6;24,88;20,4;79,75;2,7;
1994-09-29;4,2;,2;13,2;27,4;23,78;21,2;90,5;2,166667;
1994-09-30;2,2;9,3;4,3;28,6;25,24;21;80,75;2,966667;
1994-10-01;4;7,2;,9;28,6;24,74;20,7;78,75;3,366667;
1994-10-02;3,8;9,7;0;28,9;25,56;20,4;76,75;2,733333;
1994-10-03;4;5,6;3,8;28,8;25,5;22,4;77,25;1,733333;
1994-10-04;4,3;7,3;0;28,7;25,22;20,6;77;3,033333;
1994-10-05;5,9;5,3;0;28,9;26;23,6;73,75;1,866667;
1994-10-06;3,8;2,8;4,7;28,2;25,2;21,8;80,25;2,966667;
1994-10-07;3,5;8,2;,5;28,9;24,82;20,4;82,75;2,833333;
1994-10-08;3,7;10,1;1,6;28,8;25,68;21,2;69,25;3,133333;
1994-10-09;3;8,7;0;29;25,88;21,5;68,75;3,65;
1994-10-10;1,4;6;0;29,4;26;24;76,75;4;
1994-10-11;6,5;7,2;1,8;29,1;25,8;22,5;78;2,333333;
1994-10-12;3,2;9,7;0;29,8;26,2;21;72,75;3,733333;
1994-10-13;2,7;6,6;0;29,3;26,98;24,4;73,5;4,833333;
1994-10-14;1,6;5,2;0;29;26,46;24,8;74,25;3,566667;
1994-10-15;5,6;10,5;0;29,5;25,82;21;71,5;3,066667;
1994-10-16;7;9;0;29,4;26,62;24;72;3,566667;
1994-10-17;6,7;3,8;,7;28,7;26,14;23,8;70,75;3,466667;
1994-10-18;7,2;8,1;0;28,8;26,48;24,2;71,5;4,1;
1994-10-19;6,2;8,2;0;29,2;25,76;20,2;73,75;4,3;
1994-10-20;8,6;6,5;,3;29,3;25,96;24;76,25;3,866667;
1994-10-21;6,6;8,6;2,9;29,2;26,04;21,8;70,25;4,433333;
1994-10-22;8,6;10,3;0;29,2;26;24,1;77,25;3,633333;
1994-10-23;6,6;11;2,4;29,5;25,98;21,6;71,5;3,466667;
1994-10-24;8,2;8,7;,4;29,6;26;21,6;74,25;3,933333;
1994-10-25;7,9;8,9;0;29,2;26,24;23,6;67,25;2,7;
1994-10-26;8,2;10,2;,2;29,6;26,02;22;71,25;2,866667;
1994-10-27;5,9;3,8;,1;29,4;25,72;21,8;71;2,7;
1994-10-28;7,6;5,9;0;29,7;26,94;24,4;71,75;3,333333;
1994-10-29;6;9,1;0;30,1;26,26;21,2;69,25;3,133333;
1994-10-30;11,2;10,5;0;30;26,36;23,7;76,5;4,633333;
1994-10-31;6,8;5,8;3,1;29,2;25,6;22,4;80,25;3,833333;
1994-11-01;9,3;8,9;,4;30,2;26,46;23,7;61,75;4,633333;
1994-11-02;7,3;7,9;1;29,4;24,88;19,9;69,75;2,7;
1994-11-03;6,5;10,1;0;29,6;25,58;19;71;3,133333;
1994-11-04;8,9;4,1;0;29,2;25,78;21,3;71,75;2,9;
1994-11-05;5,5;10,4;,1;30,1;26,76;24,1;69;3,066667;
1994-11-06;8,6;10,8;0;30,3;26,9;24,3;71,25;4,333333;
1994-11-07;10,5;7,5;,1;30,7;26,7;23,9;72,5;4,433333;
1994-11-08;7,9;7,6;,3;29,9;25,76;20,7;69,5;3,466667;
1994-11-09;8,6;9,2;0;30,3;25,94;19,7;67,5;2,966667;
1994-11-10;8,6;11;0;30,4;26,26;21,1;72;3,533333;
1994-11-11;7,6;6,8;0;30,4;26,56;21,5;74,5;3,233333;
1994-11-12;9,2;10,5;0;29,9;27,14;24,1;67;3,166667;
1994-11-13;9,3;10,6;0;30,4;27;24,6;72,25;3,966667;
1994-11-14;8,7;10,6;0;30,6;26,78;23,7;71,25;4,066667;
1994-11-15;9,1;5,6;0;29,8;26,72;24,1;71,5;3,133333;
1994-11-16;8,3;9,2;0;30;26,54;24,3;68,25;3,366667;
1994-11-17;10,8;6,9;0;30,2;26,02;21,9;77,75;2,566667;
1994-11-18;6,3;2,1;4,8;28,7;25,98;22,9;80,25;3,6;
1994-11-19;7,9;8,2;0;30;26,38;22,7;71,75;3,433333;
1994-11-20;8;10,1;0;30,7;25,1;20,1;74;2,733333;
1994-11-21;6;7,9;0;30,3;26,2;19,2;71,75;2,9;
1994-11-22;9,3;4,8;1,5;31,2;25,44;22,6;85,5;2,2;
1994-11-23;2,8;5,9;5;29,7;26,02;20,8;74,5;3,466667;
1994-11-24;7,9;11;0;30,2;26,26;21;70;3,533333;
1994-11-25;9,3;10,4;0;30,1;25,66;20,3;72,75;3,133333;
1994-11-26;10,4;8,9;,5;30,6;26,92;23,5;72,25;3,966667;
1994-11-27;7,4;4,9;2;29;25,72;22,5;72,5;3,533333;
1994-11-28;8,4;11,2;,1;30;25,82;19,8;63,5;3,333333;
1994-11-29;9,1;9,7;0;30,3;26,3;19,4;66;2,766667;
1994-11-30;10,6;10,2;0;30,5;27,1;23,9;72,25;2,766667;
1994-12-01;1,2;9,7;2,3;29,8;26,46;23,4;69,75;5;
1994-12-02;9,2;11,5;,4;29,9;26,5;23,9;65,5;2,933333;
1994-12-03;8,9;9,9;0;30,6;26,34;20,4;66;4,466667;
1994-12-04;10;8,4;0;30,4;26,5;21,2;69,25;3,566667;
1994-12-05;8,2;5,5;1,6;29,7;26,84;24,2;71;3,733333;
1994-12-06;8,4;8,7;0;30,3;26,88;24,5;70,5;3,166667;
1994-12-07;10,3;10,1;0;29,9;26,02;19,4;67;3;
1994-12-08;10,1;11,6;0;30;26,5;21,6;64,5;4,033333;
1994-12-09;9,7;4;0;29,6;26,66;23,8;68,75;3,666667;
1994-12-10;8,6;9,7;0;30,6;26,22;21,7;74;3,233333;
1994-12-11;8,6;5,6;,4;29,9;26,64;23,6;74,25;4,666667;
1994-12-12;9,8;10,2;0;30,5;27,12;24;68;3,633333;
1994-12-13;11,2;9,2;0;30,2;26,58;22,8;67,75;3,233333;
1994-12-14;8,5;2,6;,3;30,2;26,88;23,9;76;3,3;
1994-12-15;7,4;9,4;,2;30,4;27,18;23,9;73,25;4,333333;
1994-12-16;8,8;8,4;,1;30,8;27,42;24,5;75,75;2,966667;
1994-12-17;8,5;9,2;0;30,8;27,06;24,4;77,25;2,866667;
1994-12-18;7;6,8;1,8;31,3;26,42;22,8;79,5;2,1;
1994-12-19;5,1;9,4;0;31,8;27,12;21,8;74;4,033333;
1994-12-20;7,6;8;0;32,5;27,9;23;74;3,4;
1994-12-21;7,8;4,6;0;30,8;27,32;23,7;72,25;3;
1994-12-22;9,8;8,2;0;30,8;27,66;24,8;72,25;3,5;
1994-12-23;7,9;8,6;0;31,3;27,48;22,9;74,75;4,033333;
1994-12-24;8,6;8,2;,7;31,3;27,54;25;78,75;3,3;
1994-12-25;5,7;6,1;,7;30,8;27,6;25;72,25;3,966667;
1994-12-26;11,7;9,7;0;30,6;27,52;24,7;69,25;3,9;
1994-12-27;8,7;3,6;2,4;29,9;25,88;22,9;88;4,133333;
1994-12-28;3,5;8,5;17,5;30;27,04;23,2;74,75;4,1;
1994-12-29;9,9;3,8;0;30,5;27,22;25,4;70,25;4,7;
1994-12-30;9,1;,7;0;29,2;26,24;22,7;78,5;3,266667;
1994-12-31;5,6;4,8;4,3;29,7;26,58;23;78,25;4,3;
1995-01-01;5,4;1;,8;29,6;26,78;23,5;75,75;3,033333;
1995-01-02;6,1;2,7;2;29,6;25,94;21,7;81,75;2,6;
1995-01-03;4,1;8,8;6,6;30,3;26,82;22,4;75,25;2,966667;
1995-01-04;8;3;0;30;26,56;22,5;79,25;2,966667;
1995-01-05;7,4;,8;5,2;29,2;26,46;23,4;79,5;1,8;
1995-01-06;6,7;4,2;2,7;29,1;25,42;22,1;82,25;1,9;
1995-01-07;3,7;4,2;12;29,2;25,9;22,4;76,75;2,866667;
1995-01-08;7,5;3,7;0;29,2;25,94;21,4;74,25;2,633333;
1995-01-09;8,6;8,7;0;29,7;26,26;20,6;71,25;2,966667;
1995-01-10;5,3;6,6;0;29,9;26,18;21;71,75;3,266667;
1995-01-11;7,2;7;0;29,5;26,02;20;71,75;3,7;
1995-01-12;7,3;10;0;30,3;27,48;24,9;73,5;4,1;
1995-01-13;7,4;9,8;0;30,2;27,16;24,9;73,5;4,2;
1995-01-14;7,8;9,8;0;30,5;27,1;23,7;68,5;4,066667;
1995-01-15;6,8;8,5;,5;30,4;25,9;20,3;73,5;2,4;
1995-01-16;8,6;10,9;0;30,6;27,54;24,9;69,75;3,366667;
1995-01-17;8,6;8,8;0;30,8;27,52;25,2;74,5;3,4;
1995-01-18;7,8;10,5;0;30,1;26,54;21,1;65,75;2,8;
1995-01-19;8,6;10,5;0;31;26,72;20;65,5;3,233333;
1995-01-20;8,8;9,9;0;30,6;26,76;21,1;67,25;3,4;
1995-01-21;8,7;8,8;0;30,8;27,04;21,6;73,75;5,033333;
1995-01-22;5,9;8;0;31,4;27,46;21,9;73,25;3,066667;
1995-01-23;6,7;9,6;0;32,3;27,56;22,9;73,25;2,866667;
1995-01-24;6,4;10,4;0;31,9;27,26;21,2;67,5;3,166667;
1995-01-25;5,5;9,4;0;31,5;26,74;20,6;69;2,866667;
1995-01-26;9,3;8,5;0;30,8;27,1;21,6;73;3,4;
1995-01-27;7,8;10,8;0;30,5;27,14;23,1;67,5;4,433333;
1995-01-28;9,1;10,8;0;31,2;27;21,6;65,75;3,233333;
1995-01-29;8,6;7,3;0;31,6;27,56;22,7;74;2,766667;
1995-01-30;6,5;9,6;0;31,4;28,24;25,8;73,5;2,966667;
1995-01-31;7,5;8,8;0;31,6;27,78;25,2;68,5;3,233333;
1995-02-01;5,3;5,4;0;31,5;26,96;21;71,5;2,133333;
1995-02-02;6,1;8,3;0;31,2;27,22;22;72,5;2,366667;
1995-02-03;6,3;6,3;4,5;30,4;27,3;24,5;69;4,2;
1995-02-04;5,3;7,8;0;30,9;26,88;20,6;73,25;2,3;
1995-02-05;5,7;5;4,9;29,6;26,48;22,5;81,5;2,066667;
1995-02-06;2,7;4,5;3,6;30,6;27,2;23,3;80,75;2,7;
1995-02-07;3;4,9;17,1;30;26,42;23;83;1,7;
1995-02-08;2,3;10,3;11;31,8;27,68;22,5;73,25;2,066667;
1995-02-09;4,5;10,2;0;31,6;27,62;22,5;76;3,033333;
1995-02-10;4,5;9,7;17,5;30,4;27,22;22,9;77,75;3,933333;
1995-02-11;4;8,6;1,6;30,5;27,02;22,9;77;2,466667;
1995-02-12;3,3;9,5;,1;30,8;27,38;22,4;72,25;2,466667;
1995-02-13;5,3;10,2;1;30,8;27,16;22;73,5;2,2;
1995-02-14;5,7;7,7;0;31,3;27,38;22,7;69,75;1,2;
1995-02-15;4,2;9,2;0;32,1;27,46;22,3;75;2,633333;
1995-02-16;3,8;5,5;0;31,7;27,24;22,7;78,75;2,033333;
1995-02-17;3,3;8,8;3,5;31,4;27,64;22,1;76;2,466667;
1995-02-18;4,5;7,7;20,5;30,4;26,9;23,3;77,75;2,566667;
1995-02-19;4,2;7,3;38,2;29,9;26,64;22,4;76,25;2,466667;
1995-02-20;4;9,6;0;30,1;27,02;22;68,5;2,933333;
1995-02-21;7,3;0;,2;30,3;27,48;24,1;71,25;3,733333;
1995-02-22;4,2;10,5;0;30,5;27,04;21,6;70,75;2,833333;
1995-02-23;3,5;9,8;,2;30,7;27,12;22,2;71,75;2,533333;
1995-02-24;3,5;10,5;0;30,8;27,46;22,2;70,75;3,7;
1995-02-25;6,3;10,5;0;30,8;27,36;22;71,25;2,3;
1995-02-26;5;7,2;0;30,7;27,4;23,1;71,75;2,3;
1995-02-27;5,4;7,7;0;30,9;27,2;21,3;71,25;3,866667;
1995-02-28;6,3;11,2;,1;30,9;27,62;22,6;67;3,266667;
1995-03-01;6,2;10,5;0;31,2;27,52;21,9;71,25;3,466667;
1995-03-02;6,1;10,5;1,8;30,7;27,84;24,9;67,5;3,4;
1995-03-03;6,9;10,1;0;31;27,98;23,8;69,25;4,366667;
1995-03-04;6;10,9;0;31;27,36;21,8;65,5;3,133333;
1995-03-05;6,3;10,2;0;31,6;27,54;22,1;68;3,066667;
1995-03-06;5,8;4,9;,9;30,9;27,12;22,4;77,5;2,266667;
1995-03-07;6,4;8,1;0;31,6;28,32;25;69,5;4,1;
1995-03-08;6,1;10,1;0;31,7;27,58;22,4;67,25;3,733333;
1995-03-09;7,3;9,2;0;31,6;27,6;21,6;70;3,1;
1995-03-10;7,2;9,6;0;31,5;28,2;25,2;75,75;2,966667;
1995-03-11;3,5;10,7;4,5;31,5;28,06;24,9;71,75;3,266667;
1995-03-12;4,1;6,3;7;30;26,32;23,1;82,75;3,433333;
1995-03-13;2,9;8,7;10,4;30,7;27,56;23,9;77,75;3,033333;
1995-03-14;4,9;9,4;0;30;27,34;21,7;72,25;3,3;
1995-03-15;4,9;8,1;0;31,6;27,44;22,7;79,25;3,5;
1995-03-16;3,5;8;44,7;30,7;26,16;22,7;87,5;2,6;
1995-03-17;3,3;9,4;0;31;27,64;22,4;74,5;2,333333;
1995-03-18;5;9,6;,2;31,3;27,9;23,9;71,5;2,833333;
1995-03-19;4,3;8,9;5;30,6;26,9;21,8;74,75;3,633333;
1995-03-20;4,4;9,3;1,4;31,3;27,78;23,7;72;2,866667;
1995-03-21;4,5;8;,2;30,8;27,1;23,1;78;2,8;
1995-03-22;4,2;10,5;1,5;30,9;27,42;22,7;74,25;2,466667;
1995-03-23;4;10,3;1,4;31,6;28,16;23,3;75,5;2,766667;
1995-03-24;3,6;8,7;,6;31,6;28,08;23,2;77,5;2,5;
1995-03-25;4,8;6,6;10,7;30;27,42;23,4;80,75;1,766667;
1995-03-26;2,6;5,7;3,7;30,9;27,26;21,6;76,25;2,5;
1995-03-27;2,6;5,9;120;30;26,28;22,5;79,25;2,4;
1995-03-28;3,2;10,4;,5;30,3;25,26;20,8;78,75;1,933333;
1995-03-29;4,4;9,7;0;30,4;26,98;21,1;79,25;2,3;
1995-03-30;4,2;8,2;0;31;26,94;22;80,75;2,4;
1995-03-31;4,2;7,1;0;30,7;27,96;23,7;74,75;1,933333;
1995-04-01;5,1;9,6;,2;30,9;28,14;25,2;71;2,966667;
1995-04-02;5,1;7,5;0;31,3;27,4;22,1;79,75;2,566667;
1995-04-03;3,2;8,6;0;31,6;27,8;22,1;77,5;2,033333;
1995-04-04;3,8;8;1,7;31,4;27,7;23,4;81,75;3,2;
1995-04-05;4,5;5,3;,2;31,4;27,18;23,3;80,5;3,4;
1995-04-06;2,8;5,2;18,1;30,4;26,2;22,9;83,5;1,333333;
1995-04-07;3,2;8,7;1;30,4;26,78;21,3;78,5;3,433333;
1995-04-08;3,4;6;39,7;28,8;25,44;24,2;89;,733333;
1995-04-09;4,7;1,8;1,9;29,3;25,62;22,8;93,25;,5;
1995-04-10;,9;1,7;50,6;29,6;25,56;22,7;85,25;1,266667;
1995-04-11;2,7;4,2;,3;29,8;26,6;22,6;83,25;2,966667;
1995-04-12;5,6;3,7;,3;30,4;26,68;23;84,75;1,633333;
1995-04-13;2,3;3,2;4,4;29,1;26,14;23,8;90,5;2,366667;
1995-04-14;1,4;3,5;9;30,4;27,2;23,4;86,5;1,533333;
1995-04-15;2;6;5;30,3;27,24;23;81,5;2,866667;
1995-04-16;3,8;,6;,2;29,8;26,68;24,9;84;2,033333;
1995-04-17;2,8;8,8;0;30,3;26,52;21,7;76,25;2,633333;
1995-04-18;3,4;9,7;3,7;30,4;26,82;21,3;76,5;1,433333;
1995-04-19;3,5;8;0;30,4;26,1;23;85;2,466667;
1995-04-20;3,1;9,4;14;30,2;25,88;22,3;81;2,533333;
1995-04-21;3,6;9;0;30,2;24,6;20,2;84,25;2,2;
1995-04-22;3,6;9,9;0;30,4;25,12;19,8;78,25;1,866667;
1995-04-23;3,7;9,2;0;30,5;26,92;21,7;77,75;2,3;
1995-04-24;3,1;7,4;12;30,2;27,3;25,4;78;2,5;
1995-04-25;3,6;9;,3;30,2;26,58;21,6;75,5;2,1;
1995-04-26;3,4;4,8;0;29,8;26,18;22,2;79;2,7;
1995-04-27;3,4;9,3;,3;30;26,48;21,3;75,25;3,3;
1995-04-28;4,4;6,8;0;30,3;26,42;21,3;76,25;3,066667;
1995-04-29;3;0;,5;26,8;24,86;22,1;93,5;2,066667;
1995-04-30;,5;,3;22,8;28,8;25,28;22,4;93;1,2;
1995-05-01;1,7;,1;4,7;27,7;24,7;23,7;93,25;,766667;
1995-05-02;2,5;8,5;30,7;29,5;25,78;21,3;83,25;2,266667;
1995-05-03;2,8;9,8;2;30,4;26,78;21,8;79,25;2,466667;
1995-05-04;3,5;9,8;,1;30,6;26,64;21,5;79,25;2,9;
1995-05-05;3,8;6,8;,3;30,2;26,32;22;78,75;3,633333;
1995-05-06;5;9,4;,5;30,5;27,16;21,3;73,5;3,133333;
1995-05-07;4,3;9,1;11;30,3;27,14;23,6;80,5;2,766667;
1995-05-08;3,5;8,8;,2;30,2;26,82;22,7;77,75;2,666667;
1995-05-09;3,6;9,3;0;30,4;25,16;20,8;86;1,833333;
1995-05-10;4,1;10;2,8;30,2;26,5;21,3;73,5;2,366667;
1995-05-11;4;9,4;0;30,1;26,42;20,7;75;2,733333;
1995-05-12;4;7,3;0;29,7;24,66;21,1;84,25;1,766667;
1995-05-13;4,1;10,1;0;30,2;26,26;21;72,75;1,566667;
1995-05-14;4;7,6;0;30,1;25,12;19,8;87,5;3,033333;
1995-05-15;2,9;6,8;35,5;29,9;25,26;21,4;83,25;2,333333;
1995-05-16;3,5;5,9;0;29,8;25,8;21,1;82,25;2,766667;
1995-05-17;3,2;6,9;9;30;26,68;22,3;82;3,233333;
1995-05-18;3,2;8,3;10,3;29,8;26,52;21,9;81;2,866667;
1995-05-19;3,2;1,8;0;29,1;27,14;23,6;80,25;2,2;
1995-05-20;2,7;,5;,1;30,2;25,42;23,1;87,75;1,6;
1995-05-21;2,7;2,7;,5;30,7;25,6;22,4;88;1,133333;
1995-05-22;2,1;7,6;5,6;29,9;26,2;22,7;85,25;1,633333;
1995-05-23;2,2;3,1;65,9;29,3;25,72;22;87,5;1,2;
1995-05-24;2,3;1,4;3,6;28,6;25,32;22,6;89;1,733333;
1995-05-25;1,4;3,5;51,1;28,8;25,6;22,3;89;2,066667;
1995-05-26;3,1;1,6;14;28,3;25,54;22,9;93,25;,966667;
1995-05-27;,8;6,8;49,7;29,6;25,7;22,1;82,75;2,666667;
1995-05-28;3;2,5;35,2;28,5;24,76;21,9;85;2,233333;
1995-05-29;3,4;1,4;7,8;28,2;24,24;21,9;91,75;2,9;
1995-05-30;2,1;9,4;,9;29,4;25,58;22,5;85,25;3,033333;
1995-05-31;3;5,7;9,8;28,2;24,78;21,9;88,5;3,4;
1995-06-01;2,7;0;18,4;25,5;23,8;21,6;92,5;3;
1995-06-02;1,4;2,6;26,4;27,8;24,78;22;93,5;1,8;
1995-06-03;1;6,4;10,2;29,2;25,08;22,1;85,25;1,833333;
1995-06-04;2,8;0;33,7;25,3;23,32;21,1;89;1,866667;
1995-06-05;1,5;5,3;5,2;28,6;24,52;20,6;83,5;3,6;
1995-06-06;4,5;8,2;16,8;28,9;25,8;21,5;71,25;4,233333;
1995-06-07;5;2,5;2,8;28,7;24,48;21;88;1,766667;
1995-06-08;1,8;4,4;12,4;29;25,32;21,1;78,5;3,9;
1995-06-09;4,5;7,3;,4;28,7;25,1;22,1;80,5;3,433333;
1995-06-10;5,6;6,6;3,9;29;24,96;20,7;85;2,466667;
1995-06-11;2,5;3,5;1,1;27,6;25,46;20;78,5;3,3;
1995-06-12;1,9;9;1,7;29;24,92;21;82,75;2,4;
1995-06-13;4,3;,2;5,1;28,3;24,82;22,2;90;2,3;
1995-06-14;1,8;,1;41,9;26,6;23,44;21;89,75;3,133333;
1995-06-15;1,5;3,6;11,1;28,9;24,18;21,1;90,75;2,033333;
1995-06-16;1,4;5;52,7;28,2;24,18;21,1;89,75;3,766667;
1995-06-17;2,1;5,7;15,2;28,6;24,74;21,7;86,5;2,566667;
1995-06-18;3,4;10,3;2,2;28,5;24,42;20,6;81,5;2,9;
1995-06-19;3,8;10,4;0;28;24,62;20,7;80,5;3,7;
1995-06-20;5,2;0;6,3;24,8;22,58;21,1;94,25;3,033333;
1995-06-21;,9;2;18,3;27,4;23,82;20,2;88;2,566667;
1995-06-22;2,1;4,8;5,6;28;24,24;20,4;88,5;4,9;
1995-06-23;2,9;9,8;4,7;28,4;24,7;21,3;78;2,333333;
1995-06-24;4,5;,1;,1;26;23,36;20;89,5;2,8;
1995-06-25;1,3;0;70,5;null;22,76;20,8;96,75;,366667;
1995-06-26;1,8;0;30,7;25,4;23,04;21;97;1,866667;
1995-06-27;,8;9;42,1;28,1;24,48;20,5;83,5;2,966667;
1995-06-28;3,2;5,7;22,2;27,8;24,12;21,1;84,5;2,633333;
1995-06-29;2,8;6,1;2,7;28,5;24,02;19,6;92,75;2,433333;
1995-06-30;2,8;,9;60,8;27,9;23,68;18;86;2,133333;
1995-07-01;2,5;4,3;19,2;28,2;24,74;21,1;90,25;2,233333;
1995-07-02;2,6;2,5;21,8;28,5;24,86;22,2;90;1,933333;
1995-07-03;2,2;6,1;6,8;28,6;25,58;21,1;78,75;3,766667;
1995-07-04;3,7;8;3;28,4;23,98;21;87;2,4;
1995-07-05;3;9,6;1,6;28,3;24,26;19,6;84;2,7;
1995-07-06;3,7;3,5;,4;28,4;24,4;20,8;83,75;3,133333;
1995-07-07;3,5;8;4,8;27,9;24,18;21;86,25;3,7;
1995-07-08;3,2;4,9;9,4;28,3;23,7;21;90,25;2,066667;
1995-07-09;3,3;6,6;13,8;28,2;24,5;21,9;86,25;2,466667;
1995-07-10;4,2;10,5;0;28,2;24,3;21;78,25;3,566667;
1995-07-11;5,8;9,2;0;26,9;23,18;21;78,75;3,1;
1995-07-12;4,8;3,4;5,4;27,3;22,88;20;83,25;2,5;
1995-07-13;4,2;4,3;,4;27,2;24,26;19,6;75,25;3,6;
1995-07-14;6,5;5,9;,3;28,3;24,98;22,3;80,25;2,933333;
1995-07-15;5,4;6,2;3,2;28,7;25,54;21,6;77,25;4,466667;
1995-07-16;5;7,9;6,3;28,2;24,66;22,3;81,5;3,933333;
1995-07-17;5;5,2;23,2;27;23,82;21,8;88,5;3;
1995-07-18;4,6;4,2;2,9;27,6;24,38;21,9;85;2,466667;
1995-07-19;3,7;6,2;19,1;28,2;24,5;21,8;84,5;4,133333;
1995-07-20;5;4,7;2,5;27,2;24,18;22,3;87,25;1,8;
1995-07-21;2,3;8;12,7;27,4;23,9;21;86,75;3,2;
1995-07-22;2,9;3,7;18,5;27,9;24,28;20,4;88,25;2,966667;
1995-07-23;1,8;0;14;24,9;23,22;21,3;96;1,9;
1995-07-24;1,7;5,4;54,3;27,8;24,7;21,9;78,25;3,133333;
1995-07-25;4,2;5,4;0;27,7;24,62;18,7;77,25;3,5;
1995-07-26;3,8;1,6;30,9;27,4;24,04;21,1;89,25;3,566667;
1995-07-27;2,5;2;34,8;27,8;24,68;20,3;74,75;2,633333;
1995-07-28;5;8,9;0;28,1;24,54;22,1;82,25;3,666667;
1995-07-29;5,7;8,8;6,3;27,8;24,62;21,6;75;3,833333;
1995-07-30;4;7,4;0;27,9;24,26;20,3;79,5;3,366667;
1995-07-31;3,7;6,5;4;28;24,76;21,1;78,25;3,766667;
1995-08-01;3,4;8,2;1,4;27,5;23,68;19;78,5;2,666667;
1995-08-02;4;10;,3;27,7;23,3;19,9;74,75;2;
1995-08-03;4,2;8,9;0;28,2;24,18;17;75,5;2,8;
1995-08-04;3,8;7,7;3,4;28,3;25,34;22,8;79,5;1,966667;
1995-08-05;3,7;9,3;2,5;28;25,14;20,8;77;2,466667;
1995-08-06;3,7;6,9;0;28;24,04;19,4;76,5;4,2;
1995-08-07;5;1,7;0;26,1;22,7;18;85,75;3,3;
1995-08-08;2,5;3,3;6,2;26,5;23,22;20;84,75;3,533333;
1995-08-09;3,5;1;6,6;26,8;24,42;20,6;80;3,3;
1995-08-10;3;3,9;,4;27,5;24,28;19,8;74,25;3,033333;
1995-08-11;3,5;4,9;0;27,9;22,96;18;76,75;2,733333;
1995-08-12;4,6;9,5;,7;28,2;23,7;18,4;70,75;3,533333;
1995-08-13;5;4,6;,3;28;23,34;17,7;74,75;3,7;
1995-08-14;5,2;9;0;28,4;24,86;22,3;79;2,7;
1995-08-15;5,2;7,5;,3;28;23,42;19,4;79,75;2,3;
1995-08-16;4,1;7,2;0;27,7;24,22;17;72;3,866667;
1995-08-17;5,6;8,2;2,1;27,8;23,78;18;75,25;5,133333;
1995-08-18;8;6,7;,6;27,9;25,08;21,3;69,75;3,933333;
1995-08-19;5;6,7;0;28,3;24,6;18,6;76;3,733333;
1995-08-20;5,5;9;0;28,5;25,52;23,1;75;4;
1995-08-21;6,5;9,4;0;28,5;25,78;23,3;71,75;4,366667;
1995-08-22;6,2;2,8;0;27,7;23,84;21,1;75,25;2,9;
1995-08-23;6;9,6;0;28,4;23,9;17,1;71,75;3,6;
1995-08-24;6,5;9,3;0;28,4;24,88;19,6;69,25;3,566667;
1995-08-25;5,7;7,3;4,3;27,9;24,8;20,2;72,75;3,7;
1995-08-26;5,2;5,6;,4;28,2;25,02;20;73,5;4,666667;
1995-08-27;5,6;5,6;5,4;27,9;24,86;21,1;75,5;3,5;
1995-08-28;5,9;3,6;,3;27,7;25,1;22,6;72,75;4,3;
1995-08-29;5,6;7,6;,3;28,5;24,86;19,4;67,25;4,533333;
1995-08-30;6,7;6,7;,3;28,2;24,56;20;80,75;2,9;
1995-08-31;5,6;8,7;11;28,3;25,04;22,1;78;4,833333;
1995-09-01;5,6;6,1;1,8;28;24,98;22,1;81,75;4,233333;
1995-09-02;5;10,2;2,4;28,6;25,14;20,7;70,75;4,133333;
1995-09-03;5,6;8,9;0;27,8;24,76;19,2;79,75;3,133333;
1995-09-04;6,5;5,7;0;28,2;25,52;21,6;73,25;4,766667;
1995-09-05;8,4;9,6;,1;28,2;24,98;23,2;76;3,9;
1995-09-06;6;2,8;8,3;27,9;25,08;21,2;77;4,766667;
1995-09-07;6,4;6,6;0;28,1;25,4;22,7;76,75;4,4;
1995-09-08;6,7;4,1;0;28,4;25,18;23,4;83;3,3;
1995-09-09;5,4;6,2;1,6;28,3;25,64;22,3;74,25;3,633333;
1995-09-10;5,7;8,4;0;28,2;25,7;23,7;72,5;4;
1995-09-11;6,9;9,4;1,4;28,2;25,04;23,4;67,75;3,6;
1995-09-12;5,3;10,4;,2;29,3;24,62;17,7;67,5;2,866667;
1995-09-13;4,8;8,6;0;28,9;25,68;22,7;74,25;3,333333;
1995-09-14;6,3;9,6;0;29,1;25,86;23,4;72,75;4,566667;
1995-09-15;6,9;5,9;0;28,8;25,64;21,7;70,75;3,966667;
1995-09-16;5,6;8,9;0;29,7;25,6;21,7;71,25;2,833333;
1995-09-17;5,4;9,1;0;29,1;25,38;19,2;68,5;3,333333;
1995-09-18;5,8;9,7;0;29;24,58;19;66,75;4,666667;
1995-09-19;6,9;10,6;0;29,2;24,2;17,2;63,25;3,466667;
1995-09-20;6,2;2,5;1,4;26,9;24,02;19;75,75;2,866667;
1995-09-21;3,6;8,9;1,2;29,2;25,7;21;68,75;3,966667;
1995-09-22;6,3;10,4;0;29,5;25,64;21,4;68,5;4,233333;
1995-09-23;7,6;9,7;0;29,2;24,82;18,4;66,75;4,433333;
1995-09-24;6,7;8,8;0;28;24,28;16,4;63,5;3,966667;
1995-09-25;7,2;5,7;,3;28,7;25,58;24,1;76;3,4;
1995-09-26;6,7;10,7;,6;29,5;25,84;22,5;67,75;3,866667;
1995-09-27;6,1;5,1;0;29,7;25,5;19;72,75;3,166667;
1995-09-28;5,9;8,7;0;29,1;26,58;24,8;71;3;
1995-09-29;6,1;6,5;0;29,2;26,24;24,6;76;4,633333;
1995-09-30;6,3;6;6,9;29,2;25,52;22,9;76,25;3,466667;
1995-10-01;7,3;11;,2;29,5;25,76;24;65;3,133333;
1995-10-02;7,9;9,1;0;29;25,16;19;61,75;3,566667;
1995-10-03;6,3;8,7;0;29,1;25,2;20,2;69,75;2,8;
1995-10-04;6,5;6,3;0;29,7;26,16;24,6;72,75;2,3;
1995-10-05;4,3;4;,1;29,4;23,96;21,2;79,75;1,933333;
1995-10-06;4;10,4;,2;30,2;25,32;18,8;69,25;2,8;
1995-10-07;5,3;6,5;0;29,8;25,88;20,6;70,5;2,633333;
1995-10-08;6;7,6;0;29,8;27,42;25,1;66,75;3,7;
1995-10-09;5,9;10,5;0;29,7;26,74;24,6;66,25;2,6;
1995-10-10;5,8;9,8;0;30,6;25,72;19,7;68,5;3,2;
1995-10-11;5,3;8,9;0;30;25,82;20,2;70;3,1;
1995-10-12;6;8,3;0;30;26,66;22,2;71,75;4,133333;
1995-10-13;5,2;7,7;4,3;29,9;26,76;24,2;73,5;4,633333;
1995-10-14;6,4;9,4;0;30,4;27,24;24,7;71,5;3,4;
1995-10-15;6,4;9;0;29,8;27,1;25,5;70;5,266667;
1995-10-16;9,7;8,8;0;29,5;26,52;24,7;68,25;5,133333;
1995-10-17;6,3;10,7;1;30,4;26,28;21,2;66,25;3,7;
1995-10-18;8,4;4,9;0;29,2;26,86;24,9;68,5;3,833333;
1995-10-19;7,5;9,2;0;29,8;26,5;24;69,75;3,066667;
1995-10-20;6,8;10,8;0;30,2;26,94;25;71;3,533333;
1995-10-21;7;10,8;1,5;30,1;26,82;24,7;70,25;3,4;
1995-10-22;7,4;8,2;0;29,8;26,94;25,2;70;2,666667;
1995-10-23;6,3;10,2;0;30;26,78;23,6;68,25;3,533333;
1995-10-24;6,3;10,7;0;30,1;26,06;20;69,5;3,566667;
1995-10-25;7,3;10,2;2,1;30,2;26,3;23,2;67,75;4,233333;
1995-10-26;6,3;7,8;10;28;25,42;21,8;67,25;2,2;
1995-10-27;6;9,5;,5;29,1;26,04;22,3;71,25;3,366667;
1995-10-28;5,6;9,4;7,5;29,6;25,84;20,9;72,25;3,166667;
1995-10-29;5,4;8,3;0;29,4;26,36;22,2;68,5;3,866667;
1995-10-30;5,6;11;0;29,9;25,64;21,9;70,5;2,733333;
1995-10-31;5,7;6,8;0;29,9;25,74;21;77,75;3,133333;
1995-11-01;4,3;5,1;,6;29,2;25,12;21;72,25;3,633333;
1995-11-02;10;5;9;28,8;26,22;23,2;74;3,1;
1995-11-03;5,8;8,2;0;29,5;26,58;24,8;71,75;2,866667;
1995-11-04;6,6;2,3;,9;27,5;24,2;22,3;85,75;3,066667;
1995-11-05;2,9;8,9;15,1;28,8;25,12;21;74;3,833333;
1995-11-06;5,8;9,5;2,7;28,5;25,94;22,8;76,75;4,533333;
1995-11-07;5,9;8;2,9;29,1;24,92;22;81;3,966667;
1995-11-08;4,8;9,4;10;28,8;25,92;22,8;69,25;3,9;
1995-11-09;6,1;7,2;0;29,5;26,38;22,5;73;4,433333;
1995-11-10;6,2;6,3;,4;30,3;27,1;24,2;76,25;4,033333;
1995-11-11;5,7;2,6;3,4;29,3;25,24;23,1;82,5;2,6;
1995-11-12;3,3;9,8;,8;29,3;26,04;22,8;82,25;2,7;
1995-11-13;5,6;10;,9;29,3;26,7;24,4;69,25;3,966667;
1995-11-14;6,2;7,2;0;30,5;26,76;23,8;74,25;3,3;
1995-11-15;5,9;1,9;3,3;28,5;25,96;23,8;81;4,133333;
1995-11-16;3,5;9,3;1,6;29,7;26,3;22,3;75,5;2,7;
1995-11-17;4,1;2,8;1,4;28,7;25,9;23,8;81,5;2,533333;
1995-11-18;2,3;9,7;,6;30,6;26,28;21,7;75,5;3;
1995-11-19;3,6;10,6;0;30,8;25,08;21,7;88,25;1,766667;
1995-11-20;4,3;10,4;0;30,6;26,16;20,1;70,5;2,733333;
1995-11-21;4,3;9,7;0;31,2;26,64;21,7;72,75;3,4;
1995-11-22;5,1;1,7;0;30,2;27,36;25,6;76;2,866667;
1995-11-23;4,3;1;0;29,8;27,48;25,5;75,25;3,233333;
1995-11-24;5,1;4,5;0;30,5;27,14;26;75,25;3,6;
1995-11-25;3,8;8,1;0;30,4;26,54;22,5;71;3,233333;
1995-11-26;4,5;7,2;0;30,6;26,9;22,2;71,25;3;
1995-11-27;5,6;7,9;0;30;26,3;21;74,25;2,466667;
1995-11-28;5,3;11,4;0;30,5;27,28;25;71,5;2,466667;
1995-11-29;5,3;9;,2;30,1;26,06;21;71,5;2,733333;
1995-11-30;6,7;10;0;30,8;26,22;21;68,5;3,733333;
1995-12-01;6,2;10,8;0;30,8;26,36;20,2;69,75;4;
1995-12-02;6,7;10,9;0;31,4;26,92;22,4;68,5;3,3;
1995-12-03;6,1;9,1;0;30,5;26,34;21,5;72,75;2,866667;
1995-12-04;4,4;7,8;4,3;30,2;26,52;22,6;72,75;3,4;
1995-12-05;4,5;10,2;0;30,9;27;22;68,25;3,4;
1995-12-06;5,8;4,5;0;30,6;26,68;21,9;70,5;2,833333;
1995-12-07;4,7;6,6;,5;30,3;26,66;23,7;73,5;2,533333;
1995-12-08;5,4;9,3;0;30,5;26,84;22,8;69,5;3,1;
1995-12-09;4,7;10,4;0;30,7;25,08;20,8;79;2,5;
1995-12-10;5;8,2;0;30,8;26,66;21,2;70;2,733333;
1995-12-11;5,9;11,1;1;30,1;26,68;22,2;69,75;2,4;
1995-12-12;5,5;11,1;0;30,4;26,64;20,6;72,25;2,533333;
1995-12-13;6,6;10,6;0;30,6;26,06;23,5;73,25;2,866667;
1995-12-14;5,3;10,7;0;31,9;26,8;20,6;71;3,4;
1995-12-15;5;10,3;0;31,9;27,2;21,9;70,75;3,2;
1995-12-16;5,3;7;0;30,7;26,8;22,3;72;3,433333;
1995-12-17;4,1;10,8;0;30,7;26,98;22;74,25;2,633333;
1995-12-18;8,2;10,8;0;31,4;27,88;25,7;66,25;3,1;
1995-12-19;7,2;11;0;30,8;26,98;22,1;67,75;3,7;
1995-12-20;6;4,6;,2;30,6;27,02;22,4;75,25;2,566667;
1995-12-21;5;9,3;0;30,9;27,5;23,1;73,75;2,733333;
1995-12-22;5,3;10,5;0;30,9;27,32;23,5;74;2,466667;
1995-12-23;5,2;10,1;0;31,5;27,48;22,7;69;2,2;
1995-12-24;6,4;4,4;0;31,3;27,54;23,6;69,25;3,4;
1995-12-25;6,3;8,7;0;31;27,22;22,3;71;3,2;
1995-12-26;6,4;9,1;0;30,6;27,5;24,2;70;3,266667;
1995-12-27;6;4,1;0;29,7;26,44;22,2;73,75;2,666667;
1995-12-28;5,1;9,1;,5;31,6;27,18;21,9;72,5;2,733333;
1995-12-29;5;10,2;0;32,3;27,2;21,3;73,25;2,9;
1995-12-30;4,9;7,6;0;31,9;27,64;22,7;72,5;3,133333;
1995-12-31;6,6;10,5;0;31,4;27,86;23,5;68,75;3,4;
1996-01-01;6,4;10,5;0;31,4;27,76;22,7;69;3,1;
1996-01-02;6,6;9,9;8,9;30,6;27,16;23,1;76;2,5;
1996-01-03;5,6;9,7;3,1;30,3;27,5;25,4;69,5;4,633333;
1996-01-04;6,8;10,7;0;31,4;28,02;25,6;69;3,966667;
1996-01-05;8,2;5,7;0;30,9;27,86;26;69,75;2,966667;
1996-01-06;5,5;8,2;0;31,8;27,62;24,2;71;3,8;
1996-01-07;5,6;8;0;31;27,38;22,6;71,75;3,066667;
1996-01-08;4,9;10,4;,1;31,5;28,44;26,5;70,25;4,266667;
1996-01-09;8,4;10,5;0;31,8;28,24;26,2;72;3,066667;
1996-01-10;6,4;9,9;1,3;31,2;28,22;26,2;70,5;4,033333;
1996-01-11;6,6;10,7;,3;30,9;27,78;25,8;68,25;3,633333;
1996-01-12;7,7;10,8;,5;31;27,36;22,8;66;2,533333;
1996-01-13;6,3;8;0;31,6;27,42;22,2;69;3,266667;
1996-01-14;5,9;,5;1;29,4;27,2;25,9;78;2,866667;
1996-01-15;3,7;8;5,7;31,6;27,44;23,2;69,75;4,433333;
1996-01-16;7,5;8,6;0;31;27,76;24,7;65;3,3;
1996-01-17;5,5;0;4,8;27,8;24,68;22,9;92,75;,833333;
1996-01-18;1;7,5;36,7;30,5;27,08;24,4;79,25;2,633333;
1996-01-19;4,9;7,6;,1;30,7;27,36;24,2;75,25;3,1;
1996-01-20;5,8;10,1;,9;30,7;27,7;25,4;70,25;2,633333;
1996-01-21;4,9;0;8,9;26,8;24,3;23;92,25;,866667;
1996-01-22;,6;2,6;59,7;28,8;25,72;23;84,75;1,2;
1996-01-23;3;9,7;,3;30,1;27,06;22,7;73,5;2,5;
1996-01-24;6,3;10,2;0;30,4;27,24;22,7;68,5;2,6;
1996-01-25;5,4;10,8;0;29,8;27;22,7;67,25;3,366667;
1996-01-26;6,3;8,4;0;29,8;26,86;22;70,75;4,266667;
1996-01-27;7,7;6,5;,5;30,2;25,88;22,7;83;1,9;
1996-01-28;3;10,4;25,4;30,1;26,96;23;73,5;1,633333;
1996-01-29;4,5;10,2;,2;30;26,96;22,9;71,75;2,866667;
1996-01-30;5,8;8,9;0;30,1;27,3;24,5;75,5;3,166667;
1996-01-31;6,5;10,6;1;30,1;27,16;23,4;72;2,7;
1996-02-01;4;10;,6;30,4;27,22;23,5;70,25;3,3;
1996-02-02;6,5;8,1;0;30,1;27,1;22,6;73,25;2,866667;
1996-02-03;5;9,8;0;30,6;27,3;23,1;69,5;2,733333;
1996-02-04;5,2;9,4;0;30,5;27,4;23;71,25;2,933333;
1996-02-05;5,4;7,3;0;30,2;27,52;24;70,5;1,433333;
1996-02-06;5,6;9,6;0;30,2;27,12;22,5;66,5;2,833333;
1996-02-07;6,4;10,5;0;30,5;27,16;21,9;65,75;3;
1996-02-08;6,6;8;0;30,5;27,92;25;73;3,366667;
1996-02-09;5,9;9,6;0;30,6;27,32;22,4;67,75;4,133333;
1996-02-10;5,4;8,5;0;30,7;26,88;21,7;75,25;2,633333;
1996-02-11;4,7;11,3;0;30,5;27,4;22,8;69,25;2,733333;
1996-02-12;5,3;8,6;,3;31,2;27,76;23,3;67,5;3,3;
1996-02-13;7,2;9,7;4,6;30,6;27,26;24,3;66,25;3,5;
1996-02-14;5,9;8,2;0;31;27,04;21,1;67,75;3,466667;
1996-02-15;5,9;3,7;12;30;26,3;23,6;77;2,666667;
1996-02-16;4,3;10,2;1;30,5;26,26;22,4;76;3,366667;
1996-02-17;5,1;10,9;1,8;30,8;27,58;23,6;72,75;2,6;
1996-02-18;5,2;10,6;1;31;27,62;24;72,75;4,033333;
1996-02-19;5,8;5,6;14,3;29,8;26,72;22,9;72,75;2,533333;
1996-02-20;4,5;11,3;,1;30,6;27,12;21,7;67,5;2,333333;
1996-02-21;4,5;8,4;,3;30,5;27,08;22,8;81,5;2,3;
1996-02-22;3,9;10,2;2,9;30,8;27,56;23,5;73,75;2,733333;
1996-02-23;4,9;4,8;3,1;30,7;27,54;23,7;78,5;1,6;
1996-02-24;8,4;7,6;1,3;30,4;26,64;24,3;84,75;2,766667;
1996-02-25;2,6;0;84;25,8;24,58;23,7;95,5;1,2;
1996-02-26;,7;10,9;26,6;30,2;26,78;21,8;75,5;2,733333;
1996-02-27;4,9;11,7;0;30,1;27,34;23,6;74,75;3,6;
1996-02-28;4,6;9,8;,3;30,7;27,46;23,6;72,75;3,4;
1996-02-29;4,8;8,4;,8;30,4;27,38;23,4;76,75;2,266667;
1996-03-01;3,4;7,7;6,3;30,6;27,08;23,9;79;2,333333;
1996-03-02;3,6;9,2;0;30,6;27,04;23,1;79,5;2,5;
1996-03-03;3,6;2,2;32;28,6;26,12;23,9;88,5;1,966667;
1996-03-04;2;8,2;1;30,3;26,84;23,8;83;1,3;
1996-03-05;3,2;5,9;0;31,5;27,38;23,8;81,5;2,266667;
1996-03-06;3,2;8,5;13,1;30,6;27,84;24,6;75,25;2,8;
1996-03-07;4;7,9;,4;30,6;27,76;24,7;76,75;2,866667;
1996-03-08;4;9,3;0;30,6;27,54;23,5;76,25;4,466667;
1996-03-09;4,2;9,2;,9;31,2;27,76;23,8;75,25;2;
1996-03-10;4;7;0;31,2;27,84;23,8;74,25;2,133333;
1996-03-11;3,1;3,2;0;30,9;27,8;24,7;78;2,033333;
1996-03-12;3,2;4,7;5,9;30,2;27,48;24,9;73;2,6;
1996-03-13;3,8;8;0;30,8;27,46;24,2;71,5;2,5;
1996-03-14;5,6;9,4;0;30,7;27,36;22,4;76,25;2,866667;
1996-03-15;4,1;8,1;1;30,7;27,6;23,6;72,75;2,833333;
1996-03-16;4,8;10;,5;30,7;27,78;24,3;71,75;2,333333;
1996-03-17;4,8;,8;,4;30,9;27,46;23,7;70;2,666667;
1996-03-18;5,3;2,3;11;29,7;26,1;23,8;85,25;1,966667;
1996-03-19;3;6,6;29,6;31,2;26,78;23;76,75;2,4;
1996-03-20;3,7;8,3;0;30,4;26,02;22,5;80,25;1,933333;
1996-03-21;3,2;7,9;0;30,7;26,84;22,4;78,25;,866667;
1996-03-22;3,6;10,1;0;30,8;27,42;22,7;69,75;2,166667;
1996-03-23;3,9;7;21;30,8;26,62;23,1;80;2,3;
1996-03-24;2,8;7,7;0;30,7;27,18;23,6;79,5;1,9;
1996-03-25;2,9;9,8;10,7;31,8;27,86;24;80,5;2,466667;
1996-03-26;2,5;4,1;4,4;30,2;27,6;24,7;80;3,533333;
1996-03-27;4,6;6,8;4,3;30,4;26,46;22,6;76,25;2,7;
1996-03-28;2,6;,9;10,9;30,1;26,46;22,6;82,75;null;
1996-03-29;2,9;7;,1;30,6;27,48;22,9;76,25;null;
1996-03-30;3;6,3;5;30,2;26,9;23,6;79,75;null;
1996-03-31;2,8;8,4;,7;30,6;27,6;23,7;77;null;
1996-04-01;3,4;6,6;4,1;30,6;26,2;24,2;87,5;1,65;
1996-04-02;2,7;8,7;10,9;30,3;27,08;23,4;80,75;2,5;
1996-04-03;3,2;8,2;1,4;30,7;26,6;22,6;78,25;3,3;
1996-04-04;4,1;7,9;4;30,2;25,94;23,2;85,25;1,5;
1996-04-05;3,3;4,7;3,2;30,8;26,64;23,2;83,75;1,6;
1996-04-06;2,1;3,6;12,3;29,8;26;24,1;86,5;1,466667;
1996-04-07;1,9;4,4;7,8;30,9;26,92;23,8;85;1,5;
1996-04-08;2,4;5,6;17,4;31;26,52;24;88;1,066667;
1996-04-09;2,6;7,6;6,4;30,8;27,52;23,2;78,5;2,866667;
1996-04-10;3,1;7,9;1,6;31,2;27,14;23,8;81,75;1,633333;
1996-04-11;3,5;7,4;0;31;26,92;23,6;81;2,533333;
1996-04-12;4,1;2,6;17,6;29,9;26,26;23,5;91;2,4;
1996-04-13;1,6;0;76,7;28,9;25,78;23;85,5;1,533333;
1996-04-14;1,5;2,6;42,9;29,8;25,74;23,7;89,75;2,166667;
1996-04-15;2,2;7;,7;30,2;25,78;22,9;87;,366667;
1996-04-16;2,8;9,4;,2;30,5;27,34;23,7;78,75;2,166667;
1996-04-17;2,9;7,7;19,3;30,7;27;24;85,25;1,433333;
1996-04-18;2,6;3,8;1,2;30,4;27,2;24,6;84,75;1,1;
1996-04-19;2,4;9,3;0;30,7;27,66;24,8;79;2,066667;
1996-04-20;3,4;5,1;1,5;30,4;26,78;23,6;84,75;2,8;
1996-04-21;2,9;5,4;0;30,2;26,5;24,3;83,75;2,633333;
1996-04-22;2,7;4,1;,9;27,2;25,06;23,5;91,5;1,3;
1996-04-23;1,4;8;24,2;30,7;26,88;23,4;82,25;2;
1996-04-24;3,2;0;8;26,6;24,76;23,4;91;1,4;
1996-04-25;2;4,7;3,7;30,6;26,56;22,6;87,5;2,366667;
1996-04-26;2,3;,5;11,1;28;24,22;22,4;84,75;3,566667;
1996-04-27;2,5;0;21,5;24,8;23,7;21,6;93,75;1,9;
1996-04-28;1;,4;10,8;28;24,76;22,2;92,75;2,566667;
1996-04-29;1,1;,1;144;28,4;25,2;23,6;93,5;,866667;
1996-04-30;1,1;9,1;9,3;30;26,3;23,4;84,75;2,066667;
1996-05-01;3,4;1,1;0;28,7;25,06;22;88,25;2,1;
1996-05-02;2;6,5;10,4;30,7;26,24;23,6;81,25;1,7;
1996-05-03;3,1;6,1;0;30,4;26,44;22,9;84,75;2,533333;
1996-05-04;3;8,7;0;31;27,2;24,2;80,5;2,3;
1996-05-05;3,9;7,1;3,7;30,7;27,14;23,6;79,5;1,966667;
1996-05-06;3,6;4,7;25,6;29,9;25,32;23,2;84,25;2,966667;
1996-05-07;3,8;3,6;6,6;30,4;26,48;22,8;77,5;3,5;
1996-05-08;4,9;6;0;30,7;25,86;23,6;86;3,633333;
1996-05-09;2,6;6,7;31,8;29,9;25,86;22,8;86;2,8;
1996-05-10;2,9;8,6;0;30,6;26,08;22,8;82,5;1,266667;
1996-05-11;2,9;10;0;30,4;25,74;22,4;82;2,466667;
1996-05-12;3,4;10,2;0;30,1;26,16;21,3;73,5;2,866667;
1996-05-13;5;4,7;0;30;26,58;22,9;82,25;3,833333;
1996-05-14;3,2;8,3;21,8;29,3;26,02;23;86,25;3,133333;
1996-05-15;3,1;9,6;3,2;30,1;26,02;22,5;84,25;2,5;
1996-05-16;3,1;10,4;0;29,9;25,04;21,5;79;2,133333;
1996-05-17;3,4;9,2;0;30,5;26,48;21,6;80,75;2,4;
1996-05-18;3,4;7,3;4,3;29,6;25,94;23,2;78,25;3,133333;
1996-05-19;4,6;9,8;0;30,3;25,4;21,8;80,75;2;
1996-05-20;3,2;7;0;30,2;25,54;20,8;82;1,633333;
1996-05-21;3,1;10,1;0;30,1;25,14;21,3;80;1,8;
1996-05-22;3,6;10,4;0;30;25,86;20,4;73,75;3,533333;
1996-05-23;5,2;10,2;0;30;24,04;20,2;80,75;2,4;
1996-05-24;4,2;8;0;30,1;25,6;20;79,75;3,466667;
1996-05-25;4,9;9,8;0;28,9;26,16;23,3;76,25;4,033333;
1996-05-26;6,6;5,9;0;29,3;25,44;22,4;77,75;3,2;
1996-05-27;4,9;10,2;,6;29,8;25,68;22,3;80,25;4,633333;
1996-05-28;5,5;0;0;27;24,9;23,1;88,5;2,766667;
1996-05-29;2,5;4,6;5;29,3;25,9;23,8;84;3,266667;
1996-05-30;2,9;,4;114,3;26,4;23,64;22,2;92,75;1,9;
1996-05-31;1,3;2,4;4,7;28,2;25,14;22,5;89,75;3,7;
1996-06-01;3,1;0;9,4;26,6;24,08;22,4;91,5;2,966667;
1996-06-02;3,6;1,3;32;28,7;25,12;23,3;85,5;3;
1996-06-03;2,3;4,4;0;29,2;25,04;22,2;84;3,433333;
1996-06-04;3,8;1;13,1;27,8;25,18;22,9;77,75;3,066667;
1996-06-05;3,2;0;14,5;28,4;25,5;21,4;76;2,666667;
1996-06-06;5;2;4;28,3;26;24;77;3,5;
1996-06-07;4;7,4;2;28,4;25,44;22,7;82,25;2,2;
1996-06-08;3,6;7,8;5,3;29;25,2;22,5;80,75;3,433333;
1996-06-09;3,9;,2;17;26,6;23,4;21,9;96;3,566667;
1996-06-10;3,3;9,9;64,2;28,5;25,68;21,8;72,75;5,3;
1996-06-11;6;1,8;14,3;28,3;24,82;22,3;87,5;3,133333;
1996-06-12;2,6;9,3;11,6;27,3;24,96;22,8;84,25;2,666667;
1996-06-13;4,7;9,6;1,7;28,6;26,32;23,8;67,75;3,9;
1996-06-14;5,6;4,1;2,4;28,7;24,4;22,2;92,25;1,633333;
1996-06-15;2,4;9,3;1,8;28,8;25,08;22,2;86,5;2,066667;
1996-06-16;2,5;9,8;1,1;28,6;24,86;20,6;80,5;2,966667;
1996-06-17;2,9;7,9;,4;29;25,46;21,1;84,5;2,2;
1996-06-18;2,7;5,2;5;28;25,2;22,7;89;2,766667;
1996-06-19;2,1;4,9;8;28,2;25,16;23,6;80,5;3,8;
1996-06-20;3,7;8,2;,7;28,4;24,48;21,1;81,5;3,833333;
1996-06-21;3,5;1,6;1,8;28,4;25,42;22,4;85,25;2,133333;
1996-06-22;2,8;8,5;2,4;28;24,26;22,3;79,5;4,266667;
1996-06-23;3,7;8,1;0;28,6;24,28;20,3;86,5;2,733333;
1996-06-24;3,2;5,9;5,4;28,4;24,66;22,1;75,5;4,233333;
1996-06-25;5;5,2;1,9;27,7;23,88;20,4;87;2,5;
1996-06-26;2,2;,2;8,5;25,5;24;20,8;87;2,266667;
1996-06-27;1,4;8,1;6;28,8;24,12;21;82,25;2,7;
1996-06-28;4;9,3;0;28,2;25,02;20,6;72,5;3,4;
1996-06-29;3,8;8,6;0;28,5;25,04;20;78;3,233333;
1996-06-30;3,4;7,9;2;28,7;24,6;20,5;75,25;2,733333;
1996-07-01;4,2;4,6;14;27,8;23,76;21;79,75;2,8;
1996-07-02;3,9;4,3;7,1;27,5;23,36;21,3;83,25;2,366667;
1996-07-03;2,7;9,4;7,2;28,2;23,68;19,7;82,25;3,033333;
1996-07-04;3,1;1,9;6,2;27,2;24,22;21,8;91;1,533333;
1996-07-05;1,8;6,5;38,5;28;25,3;22,6;78,75;3,5;
1996-07-06;4,6;5;3,6;27,6;23,64;21,9;87;2,3;
1996-07-07;3,6;10,3;6,1;28,2;23,54;20,5;84,5;3,666667;
1996-07-08;3,9;4,3;1;28,1;24,18;21,4;80,5;3,533333;
1996-07-09;4,1;3;7,2;26,4;22,8;20,8;86,75;3,133333;
1996-07-10;2,9;8,2;1,6;27,6;24,5;21,7;80;3,366667;
1996-07-11;3,9;6,3;2,8;27,9;23,82;20,9;84,25;2,7;
1996-07-12;3,8;3,2;1,7;27,9;24,68;21,6;84,25;3,733333;
1996-07-13;3,3;,7;12;26,3;24,32;22,6;96,5;1,9;
1996-07-14;1,4;5,3;41,1;27,7;24,68;22,5;85,5;3,866667;
1996-07-15;3,2;7,9;12,9;28,2;24,36;22;85;3;
1996-07-16;4;8,6;15,2;27,6;24,36;21,9;88;2,9;
1996-07-17;1,7;,1;36;27;25,14;22,6;79;3,533333;
1996-07-18;5,7;9;2,6;27,8;24,36;22,3;79,5;3,433333;
1996-07-19;3,4;1,4;5;26,6;23,24;21,9;91,5;2,8;
1996-07-20;2,5;8,3;13,7;27,3;24,94;23;84,5;3,966667;
1996-07-21;2,7;2,2;4,1;26,5;23,92;22;92,5;2,133333;
1996-07-22;1,5;3,3;1,3;28,5;25,06;22,5;89;2,433333;
1996-07-23;3,9;6,1;14,7;27,7;24,5;22,2;75,75;4,533333;
1996-07-24;4,9;0;16,8;24,6;22,12;21;93,75;3,466667;
1996-07-25;1,1;2,9;33,6;25,8;23,48;21;88,75;3;
1996-07-26;2,2;5,6;15,7;27,2;23,84;21,7;92,25;2,333333;
1996-07-27;2,5;5,8;3,1;27,6;23,48;22,1;86,75;3,1;
1996-07-28;2,6;7,3;24;27,7;23,88;21;86,75;2,866667;
1996-07-29;3,3;9,1;2,7;27,6;23,6;20,8;89,75;2,2;
1996-07-30;2,6;5,6;26,8;27,4;24,24;21,1;72;2,833333;
1996-07-31;4,3;9,7;2,1;27,8;23,5;19,7;83,75;3,866667;
1996-08-01;4,2;2,2;9,8;27,3;23,92;22;88;3;
1996-08-02;2,5;0;48,4;25,1;23,1;22,2;95,25;2,033333;
1996-08-03;3,3;2,9;26,5;27,4;23,4;21,7;92,25;2,033333;
1996-08-04;2,4;8,7;9,3;28;24,82;22,2;80,75;4;
1996-08-05;3,6;8;,2;28,2;24,04;20,8;81;3,033333;
1996-08-06;3,5;9,6;0;28,2;24,66;21,2;79;2,933333;
1996-08-07;3,7;10,4;0;28;23,5;20;82,75;3;
1996-08-08;3,8;5;0;28,4;25,08;21,6;84;2,866667;
1996-08-09;2,8;7,8;8,4;28,3;25,56;23,4;79,5;3,333333;
1996-08-10;3,8;9,5;0;28;23,78;21,4;80,25;1,966667;
1996-08-11;2,3;4,4;0;27,6;24,16;19,4;89,5;2,033333;
1996-08-12;1,7;9,3;2;28,5;25,14;22;81,5;2,133333;
1996-08-13;1,9;7,4;1,5;28,2;24,1;21;83;2,866667;
1996-08-14;1,9;5,6;0;29,6;25,9;20,7;74;4,966667;
1996-08-15;4,4;10;0;27,9;25,84;24;69,5;3,666667;
1996-08-16;4,8;3,3;0;28,2;25,6;24;77,75;4,5;
1996-08-17;4;,3;5,6;26,8;24,08;22,6;84,5;4,233333;
1996-08-18;2,8;,1;26,9;24,8;22,96;21,4;94,25;3,033333;
1996-08-19;2,3;5,9;52,6;27,4;24,1;22,9;86,75;3,833333;
1996-08-20;3,6;8,3;5,6;26,7;24,5;21;73,25;3,6;
1996-08-21;4,1;3,1;2,5;26,6;23,44;22;93,25;2,533333;
1996-08-22;2,5;9,3;15,3;27,8;25,04;21;71;4,166667;
1996-08-23;4,4;9,2;0;27,8;25,6;23,6;74,75;3,7;
1996-08-24;3,7;6,8;4,9;27,4;24,52;22;78,25;2,733333;
1996-08-25;3,2;6,8;11,7;27,6;24,44;21,6;82,75;5,266667;
1996-08-26;4,4;3,3;1,8;27,6;24,98;21,3;84;2,4;
1996-08-27;2,5;4,2;7;29;24,78;22,7;86,75;2,3;
1996-08-28;2,4;8,5;13,8;27,9;24,84;22;78;3,25;
1996-08-29;3,8;9,1;0;28;24,48;20,5;76;2,9;
1996-08-30;5,3;7,8;0;27,7;25,02;21,8;72,25;4,533333;
1996-08-31;5,9;9,5;0;28;25,26;22,6;71,25;4,8;
1996-09-01;6,4;9,7;0;28,3;25,02;23,1;75;2,8;
1996-09-02;5;6,3;1,4;28,7;25;22;84,5;1,2;
1996-09-03;3,4;8,2;1;28,4;26,42;23,6;77,75;3,433333;
1996-09-04;5,2;6,9;0;28,8;26;22,9;73;4,033333;
1996-09-05;6,3;8,8;0;28,6;25,14;21,5;72,75;4,033333;
1996-09-06;5,3;7,4;3,2;27,9;24,84;22;79;3,866667;
1996-09-07;4,2;9,9;,6;28,3;24,66;20,2;71;3,5;
1996-09-08;5;5,7;0;28,5;25,52;21,8;78;3,5;
1996-09-09;5,5;5,6;,5;28,4;26,46;23,6;72,5;5,133333;
1996-09-10;7,4;2,4;,2;28;25,74;23,6;76,5;4,1;
1996-09-11;6,5;8,7;2,7;28,8;24,8;22,7;83;3,466667;
1996-09-12;4,9;3,3;6,2;27,9;25,38;22,1;71,5;4,766667;
1996-09-13;7,6;10,1;,3;28,2;25;22;69,5;3,6;
1996-09-14;6,7;9,5;0;28,6;24,56;20,9;73,75;2,666667;
1996-09-15;4,9;8,1;2,2;28,1;25,02;21,3;76,25;3,5;
1996-09-16;4,8;1,2;16,1;27;24,04;22,8;95,75;3,1;
1996-09-17;1,4;0;47,1;24,4;23,14;22,2;95,25;,8;
1996-09-18;,5;10,4;70,7;28,7;25,3;20,8;77;2,066667;
1996-09-19;3,6;5,1;0;28,3;25,44;20,9;77;4,4;
1996-09-20;4,5;9,5;1,5;28,6;25,04;22,4;74,75;3,7;
1996-09-21;4,9;3,8;1,5;27,6;24,88;22;83;3,633333;
1996-09-22;2,6;1,8;17,7;26,9;24,4;22,2;91,25;3,066667;
1996-09-23;2;1,3;9,9;27,2;24,6;22,9;84,75;1,766667;
1996-09-24;2,4;7,4;6,5;28,2;25,48;22,6;76;3,966667;
1996-09-25;3,7;8,1;1;28,3;25,06;21,4;76;3,1;
1996-09-26;3,6;9,1;0;28,8;25,24;19,9;79,75;3,1;
1996-09-27;4;4,4;,7;28,9;26,34;24,8;76;4,433333;
1996-09-28;8,3;10,8;0;28,4;24,16;21,9;75,5;3,6;
1996-09-29;5,3;10,8;0;29;24,92;19;73,5;3,233333;
1996-09-30;4,4;8,8;0;29,4;25,82;21,5;75,25;3,066667;
1996-10-01;4;9;0;29,2;25,68;20,8;81,75;2,733333;
1996-10-02;4,8;9,6;0;29,2;26;20,5;74,75;2,766667;
1996-10-03;5,8;9,7;0;29,4;26,12;24;79,5;3,133333;
1996-10-04;3,9;8,6;1,8;29,1;26,38;23,3;86,75;2,533333;
1996-10-05;5,4;9;0;29,6;26,96;25,2;75,25;3,866667;
1996-10-06;5,2;8,1;,1;29,1;26,92;25,8;73,75;3,566667;
1996-10-07;6,3;8,4;0;29,2;26,8;24,7;73,25;3,766667;
1996-10-08;7,6;10,4;0;29,3;26,56;24,9;72;3,066667;
1996-10-09;6,8;10,5;0;29,5;26,7;24,8;72;3,333333;
1996-10-10;7,1;8,6;0;29,4;26,54;24,5;67,75;4,233333;
1996-10-11;5,3;9,1;,7;29,8;25,92;21,4;70,25;3,5;
1996-10-12;6;10,1;0;29,4;25,7;21,2;69,75;2,9;
1996-10-13;5,4;9,9;0;29,6;26,08;20,9;66,25;2,6;
1996-10-14;5,7;8,7;0;29,4;26,38;22,6;72,5;2,9;
1996-10-15;6,3;9,6;0;30,3;26,66;21,8;70,25;3,566667;
1996-10-16;4,8;6,4;1;29,8;26,62;22,4;74,25;3,533333;
1996-10-17;5,5;9,4;1,8;29,4;26,66;24,8;78;3,533333;
1996-10-18;6;8;0;29,6;25,58;23;81,75;2,8;
1996-10-19;2,6;8;12,6;29,5;25,04;21,6;85,5;2,666667;
1996-10-20;3,6;8,6;1,6;28,9;25,84;22,2;77,25;3,833333;
1996-10-21;4,5;10,1;2;29,3;26,22;21,6;74;4,233333;
1996-10-22;6;10,7;0;29,6;26,84;23,6;68,25;4,066667;
1996-10-23;6,6;8,7;1;29,7;26,5;22,2;73,75;2,933333;
1996-10-24;5,3;10,4;9,5;30;26,98;23,6;76;4,033333;
1996-10-25;5,6;8,6;0;29,2;27,24;25,6;73,75;3,133333;
1996-10-26;5,8;10,1;,1;29,8;26,8;23,5;70;2,566667;
1996-10-27;6,3;8,5;0;29,8;26,34;22,9;71,25;2,866667;
1996-10-28;3,5;10,1;1,2;30,6;26,48;21,2;71;3,933333;
1996-10-29;5,4;10,2;0;30,3;26,5;21,3;69,5;3;
1996-10-30;5,5;10,2;0;30,4;26,94;22,2;67,75;2,766667;
1996-10-31;6,6;7,2;0;31,2;27,56;25,3;73,25;3,066667;
1996-11-01;5,9;3,7;,2;29,9;26,3;22,8;79,25;2,366667;
1996-11-02;5,3;9,9;0;31;27,6;24,3;74,75;2,8;
1996-11-03;6;10;,2;30,3;27,48;25;72,75;4,133333;
1996-11-04;7,6;9;0;30,2;27,36;25,5;69,75;3,366667;
1996-11-05;10,2;10,7;0;30,2;27,6;25,8;67,5;3,866667;
1996-11-06;8,3;7,8;2,8;29,7;26,86;23,8;69;4,266667;
1996-11-07;6,8;10,8;2,8;30,4;27,02;23;65;3,2;
1996-11-08;5,9;5,2;9,1;29,4;26,48;22,8;75,25;4,4;
1996-11-09;3,9;8,6;15,2;29,6;26,3;22,8;75,75;3,033333;
1996-11-10;4,4;1,6;7,7;28,4;25,54;24,2;87,25;3,733333;
1996-11-11;4,1;8,2;2,2;29,6;26,58;23,9;73,25;4,1;
1996-11-12;5,2;6,8;,3;28,8;26,5;21,8;68,75;3,7;
1996-11-13;5,6;10,5;,1;29,5;26,34;22,4;69;3,266667;
1996-11-14;5,3;7,9;0;29,6;26,08;20,4;73,25;2,566667;
1996-11-15;5,7;4,8;6,2;29,5;26,7;23;77,25;3,666667;
1996-11-16;4,7;1,3;7,7;28,6;26,64;24,3;78;4,2;
1996-11-17;5;9,4;4,9;29,5;26,42;23,3;77;3,6;
1996-11-18;5,3;3,8;0;29,5;27,22;25,3;74,25;3,066667;
1996-11-19;4,5;8;,2;29,9;27;22,9;74,25;2,966667;
1996-11-20;4,7;8,7;,3;29,8;27,36;25,1;74,75;3,3;
1996-11-21;7,2;5,2;,2;29,9;27,22;24,2;76,75;3,3;
1996-11-22;3,5;9,6;0;30,6;26,72;21,7;72,75;3,066667;
1996-11-23;4,8;7,6;0;30;26,88;23,8;73,75;2,733333;
1996-11-24;5;8,8;0;31,8;26,96;21,9;74;2,666667;
1996-11-25;4;9,5;0;31,4;27,1;22,6;72,25;3,033333;
1996-11-26;3,8;10,3;0;30,9;25,92;21,9;76;2;
1996-11-27;4,5;11;0;30,1;25,62;21;73,5;2,066667;
1996-11-28;5;10,8;0;30,4;25,84;20;71,75;3,233333;
1996-11-29;7;10,7;0;30,5;26,98;22,3;65,75;3,533333;
1996-11-30;7;9;3,6;30;26,18;21,3;72,25;3,1;
1996-12-01;null;9,4;1,6;30,1;26,5;22,2;70,25;3,133333;
1996-12-02;4,6;7,7;11,2;29,6;25,7;22,2;79,25;2,4;
1996-12-03;5,5;10,6;2,8;29,8;26,36;22,1;77,75;3,4;
1996-12-04;8,1;11,1;0;30,2;26,98;25;70,25;2,633333;
1996-12-05;4,7;7,9;,5;29,9;26,8;22,6;71,25;4,1;
1996-12-06;6,1;10,2;0;30,6;27;22;71,25;3,666667;
1996-12-07;7,6;10,1;0;30,4;27,54;25,7;70,25;2,9;
1996-12-08;6,4;10,4;0;30,8;27;21,4;69,5;2,6;
1996-12-09;6,5;10;0;31,4;27,26;22,2;73;2,933333;
1996-12-10;6,4;9,7;0;30,6;26,74;22;67,75;2,633333;
1996-12-11;5,9;9,8;0;30,7;26,78;22;65,75;2,733333;
1996-12-12;6,2;9,6;0;30,7;26,74;20,6;71,25;1,833333;
1996-12-13;6,2;7,9;0;30,8;27,12;21,9;76,25;2,166667;
1996-12-14;5,8;7,7;0;30,9;27,74;23,6;75;3,866667;
1996-12-15;6;8,4;0;31,4;27,58;22,3;70,5;3,566667;
1996-12-16;8,7;9,4;,2;31,3;28,2;26;69,75;3,933333;
1996-12-17;6,9;6,5;,5;29,9;26,92;23,4;75,5;2,733333;
1996-12-18;4,9;7,7;3,1;30,7;27,26;22,3;76,75;2,833333;
1996-12-19;8,1;10,5;0;30,9;28,14;25,6;68,75;2,633333;
1996-12-20;8,2;10,3;0;30,5;28,02;26,2;68,25;3,4;
1996-12-21;7,2;9,9;1,4;30,2;27,12;23,1;68,5;3,933333;
1996-12-22;5,8;9,8;0;31,5;27,52;22;70,5;2,933333;
1996-12-23;5;9,1;,5;30,8;27,58;22,8;72,75;3,2;
1996-12-24;6,8;8,8;0;30,4;27,54;24;73,25;3,6;
1996-12-25;7,2;9,8;0;30,4;27,34;23,6;66,75;2,666667;
1996-12-26;6,6;1,4;0;30,2;26,74;21,4;74,25;3,4;
1996-12-27;5,1;9,5;,2;30,7;27,7;25;73;3,433333;
1996-12-28;7,4;8,8;0;31,4;27,68;23;70,75;3,333333;
1996-12-29;5,2;6,8;15,9;30,4;27,5;23,8;79,75;2,566667;
1996-12-30;5,5;8,1;,3;30,7;27,78;24,8;75,25;2,133333;
1996-12-31;4,3;8,1;0;30,8;27,52;23;75,75;2,233333;
1997-01-01;4,5;9;,5;31;27,68;23,2;74,75;3,533333;
1997-01-02;6,2;9,8;0;31;28,32;26;70,5;2,9;
1997-01-03;8,3;5;0;30,6;26,58;23,2;88;1,033333;
1997-01-04;2,8;8,5;1,9;30,5;26,96;22,2;78,25;2,133333;
1997-01-05;4,8;7,7;,3;31,2;27,76;24;75;2,7;
1997-01-06;6,2;9,5;0;31,7;28,12;23,7;73;3,6;
1997-01-07;7,8;9,8;0;31,8;28,28;24,5;69,75;2,566667;
1997-01-08;7,7;10,5;0;31,3;28,26;26,2;73;2,866667;
1997-01-09;7,5;7,9;,6;31;28,28;26;69,5;3,9;
1997-01-10;8,3;9,3;3,7;31;28,02;25,8;72,75;3,333333;
1997-01-11;5,3;9,7;0;31,2;27,42;22,7;70,75;2,4;
1997-01-12;8,6;9,9;0;31,5;28,08;22,4;69;2,433333;
1997-01-13;4,6;7,3;,3;31,2;28,2;25;70,75;3,6;
1997-01-14;7,3;9,1;0;31,4;27,78;23,8;66,75;3,6;
1997-01-15;7,7;9,5;0;31,5;27,64;23,2;69,75;2,833333;
1997-01-16;7,4;9,2;,4;30,9;28,18;26,4;66;2,633333;
1997-01-17;8,5;7,4;0;30,8;27,2;21,2;66,25;2,9;
1997-01-18;6,6;8,7;0;31,8;27,66;22,8;68,75;3,466667;
1997-01-19;8,3;7,4;0;31,3;27,56;22,8;71,25;2,1;
1997-01-20;7;8,2;0;31,7;27,86;23,7;72;3,2;
1997-01-21;7;1,4;16,2;30,2;26,84;24;80;1,8;
1997-01-22;3,3;3,4;,4;31,2;27,26;22,9;74;2,133333;
1997-01-23;5,6;5,7;0;31,5;27,84;23,7;69,25;2,8;
1997-01-24;5,7;4,8;0;31,4;27,64;23,7;73,5;2,266667;
1997-01-25;5,3;5,4;0;30,8;27,42;23;70,25;2,966667;
1997-01-26;5,6;7;0;31,2;27,78;23,6;68,75;3,133333;
1997-01-27;10,7;9,6;1;30,9;27,58;23,6;66,5;3,9;
1997-01-28;6,8;9,7;0;31;27,34;21,4;69,5;3,066667;
1997-01-29;7,7;9,8;,8;30,8;28,18;25,5;66,75;4,433333;
1997-01-30;10,5;10;0;31,5;27,8;24,7;64,75;3,2;
1997-01-31;5,9;8,2;4,5;31,2;27,12;21,7;69;2;
1997-02-01;7,4;8;,1;31,2;27,58;22,2;70,5;3,233333;
1997-02-02;8,7;10,4;3,6;31,3;27,74;25;69,75;3,066667;
1997-02-03;7,4;9,1;,1;31,3;27,4;21,5;69;3,8;
1997-02-04;9,6;10,5;0;31,4;28,42;26,2;67;3,8;
1997-02-05;9;11;4;31;27,7;23,4;69,25;3,433333;
1997-02-06;6,8;6;11,6;29,7;26,9;23,2;75,25;2,2;
1997-02-07;4,1;10,5;4,2;30,8;27,22;21,8;69,25;2,766667;
1997-02-08;7,5;1,5;21;28,9;25,18;22,9;86,5;2,7;
1997-02-09;2,7;4,5;30,3;29,8;27,16;23;73,75;4,033333;
1997-02-10;4,7;6,3;10,9;30,2;27,18;22,9;75,75;2,166667;
1997-02-11;3,8;7,5;4;30;26,6;22,4;77,5;2,2;
1997-02-12;3,5;7,3;10,3;29,9;26,74;22,7;74,25;1,966667;
1997-02-13;5,6;6,1;,5;30,2;27,24;22,7;72,25;2,366667;
1997-02-14;6,5;8;0;30,5;27,82;25;72,75;3,966667;
1997-02-15;5,9;4,8;0;29,8;25,84;22,2;84,75;1,866667;
1997-02-16;2,7;8,5;4;30,2;26,7;21,4;72,75;2,433333;
1997-02-17;5,7;5,3;,3;29,9;27,26;23,8;73,25;4;
1997-02-18;3,9;0;30,2;27,3;25,58;23,2;89,5;1,933333;
1997-02-19;4;10,2;3,3;29,8;26,66;23,7;75,75;2,9;
1997-02-20;4,1;,8;1,9;28,7;26;21,7;83,5;3,1;
1997-02-21;3,2;6,2;11,8;29,3;26,82;24,4;82;4,6;
1997-02-22;4,3;8,3;2,4;30,1;27,66;24,8;76,25;4,4;
1997-02-23;5;8,4;2,4;30,6;27,84;25,6;75,5;3,7;
1997-02-24;5,2;9,2;0;30,5;27,48;25,8;75;2,466667;
1997-02-25;5,1;10,2;0;30,4;26,84;22,5;72;2,5;
1997-02-26;6,2;9,8;0;29,9;27,42;25,4;72,75;2,566667;
1997-02-27;4,1;6,9;0;30,2;26,9;21,2;73;3,7;
1997-02-28;5,1;10,3;1,7;30;27,06;22;69,25;2,833333;
1997-03-01;5,4;7,4;,4;30,2;26,76;22,2;76,25;1,833333;
1997-03-02;7,4;7,6;5;30,4;27,26;23;76,5;2,766667;
1997-03-03;8,1;5,3;3,3;30,5;27,84;25,5;79,5;3,066667;
1997-03-04;4,7;,3;4,9;28,3;26,88;25,7;83;2,633333;
1997-03-05;3;7,5;,7;30,2;27,38;24,5;73,75;3,666667;
1997-03-06;5,3;9,1;1;30,1;27,02;23,2;73,5;3,433333;
1997-03-07;4;8,3;1,7;29,8;26,74;23,2;78;2,9;
1997-03-08;4;8,6;3,2;30,3;27,24;23,7;75;2,5;
1997-03-09;5;8,6;,6;30,4;27,38;23,2;75,5;3,266667;
1997-03-10;6,9;7,5;4,1;29,9;27,78;25;73,5;3,766667;
1997-03-11;5,6;3,2;5;29,8;27,32;23,5;76,25;3,666667;
1997-03-12;5,5;8,7;,9;30,5;27,92;25,4;73,75;4,733333;
1997-03-13;4;,2;69,3;27,4;24,78;22;92,5;1,6;
1997-03-14;2,7;4,7;14,4;29,5;26,92;24;81,5;2,566667;
1997-03-15;3,5;9,6;4,6;29,9;27,08;24,4;77,5;2,8;
1997-03-16;3,7;9,9;,1;29,9;26,42;21,9;74,25;2,233333;
1997-03-17;3,6;10,1;0;30,9;26,74;21,4;73,5;2,233333;
1997-03-18;3,2;9,8;0;31;27,54;22,4;75;2,166667;
1997-03-19;8,3;9,8;0;30,6;27,96;24,2;72,75;2,466667;
1997-03-20;4;8,8;7,5;30,3;27,52;23,9;76,5;3,4;
1997-03-21;3,7;7,6;,4;30,4;27,42;23,6;74,75;2,233333;
1997-03-22;4,3;6,9;3,6;30;27,5;24,5;76;2,866667;
1997-03-23;3,2;,2;,2;29,4;26,72;24;89,25;,9;
1997-03-24;1,2;2,9;12,9;30,5;27,14;24,2;83;1,9;
1997-03-25;2,2;,9;2,2;28,7;25,62;24,2;91,5;1,2;
1997-03-26;1;4,9;15,1;30,8;26,18;23,4;84,5;1,1;
1997-03-27;2,4;7,2;0;29,8;26,58;22,7;78,5;1,033333;
1997-03-28;3,3;8,9;0;30,2;25,16;21,8;82,75;2,2;
1997-03-29;3,2;9;,4;30,6;26,92;21,2;73,5;2,8;
1997-03-30;3,4;6,6;4;29,6;26,56;23,4;84,25;3,033333;
1997-03-31;2,6;0;58,9;26,8;23,5;22,1;95,75;1,366667;
1997-04-01;1;,6;30,5;27,3;24,1;21,9;97,25;1,233333;
1997-04-02;,9;,6;28,3;28,7;26,14;23,1;79;2,4;
1997-04-03;3,1;10;,1;30;26,32;21,8;78;2,666667;
1997-04-04;3,4;10,2;0;29,9;26,22;21,8;80,5;2,6;
1997-04-05;3;6,9;,7;30;26,3;22,9;84,5;2,966667;
1997-04-06;3;0;85,6;26,2;24,1;22,4;96;,6;
1997-04-07;,5;8,3;13,3;29,3;25,72;22,5;86,75;2,566667;
1997-04-08;2,1;9,5;5,5;30,3;26,9;22,9;79,75;1,866667;
1997-04-09;3,1;4,8;,3;29,6;25,22;21,9;84,25;3,4;
1997-04-10;2,4;4,6;17,9;29,7;25,68;21,1;78,25;2,366667;
1997-04-11;4,2;5,4;0;29,5;26,64;23;74;3,1;
1997-04-12;4,1;7,8;1,8;29,8;26,68;23,2;74,5;3,866667;
1997-04-13;3,9;,1;8,9;27,7;25,32;23;94,25;2,066667;
1997-04-14;1;2,1;7,7;29,3;25,42;23;94,5;1,633333;
1997-04-15;,8;7,1;60,4;29,6;25,44;22,7;87;1,633333;
1997-04-16;2,2;9,3;16,4;30;26,66;23;79,25;2,6;
1997-04-17;3,5;9;1;30;26,98;23,4;76;3,233333;
1997-04-18;4,1;8,4;0;29,9;25,84;22;83;3,133333;
1997-04-19;3,3;6;59,1;28,8;24,8;21,1;82,75;,8;
1997-04-20;2,6;9,7;2;29,7;26,16;22,2;80;1,3;
1997-04-21;2,7;8,5;0;29,8;26,78;21,8;79;2,3;
1997-04-22;3,8;6,6;2,1;30,1;26,94;23,7;79,75;2,8;
1997-04-23;3;7,5;1,6;30,1;27,08;23;78,25;2,766667;
1997-04-24;3,3;9;0;30,6;26,12;22,6;85;1,266667;
1997-04-25;2,7;4,9;15,5;30;25,92;23,2;87,5;1,3;
1997-04-26;2,6;null;0;30,4;26,28;23;87;1,633333;
1997-04-27;2,4;7,9;3,6;30,6;27,28;23,5;75,5;1,966667;
1997-04-28;4,6;9,8;0;30,2;27,36;23,8;74,25;3,033333;
1997-04-29;3,7;8,5;0;30,8;27,38;23,6;76,25;2,533333;
1997-04-30;3,9;9,3;,4;30,2;26,92;22,8;75,75;3,333333;
1997-05-01;3,5;5;0;28,7;25,26;21,5;89,5;2,8;
1997-05-02;2,5;9,7;15,8;30,1;25,8;22,9;83,5;1,866667;
1997-05-03;3,1;3,4;12,9;29,5;25,72;22,9;88,75;1,366667;
1997-05-04;2,2;4,7;15,7;29,8;25,78;22,3;86,25;,933333;
1997-05-05;2,8;9,3;1;29,7;26,18;22,6;77;2,5;
1997-05-06;3,9;2,6;,2;29,3;25,88;23,4;81,5;3,066667;
1997-05-07;2,6;4,6;,3;28,4;26,22;22,2;78,5;2;
1997-05-08;2,4;3;21,7;27,7;25,4;23;86,75;1,433333;
1997-05-09;2;7,1;10;29;25,84;23,4;78;3,866667;
1997-05-10;4,2;4,9;0;29,2;26,1;21,5;77,5;3,4;
1997-05-11;3,3;7,4;7,7;29;25,32;22,6;84,75;3,3;
1997-05-12;3,2;0;40,2;25;23,1;22,2;95,25;1,233333;
1997-05-13;,7;6,1;52,1;29,1;24,86;21,4;85,5;5,233333;
1997-05-14;2,4;9,9;0;29,4;25,2;22,1;84,25;2,133333;
1997-05-15;3;10,4;0;29;25,42;22,5;77,75;3,366667;
1997-05-16;5;6,7;0;28,8;25,4;22,1;83;3,166667;
1997-05-17;3,4;3,4;13,7;28,9;25,62;23;86,25;3,633333;
1997-05-18;2,4;7,5;2,9;28,5;26,24;23,6;84,25;4,8;
1997-05-19;3,4;null;16,4;29;26,58;24,1;78;2,166667;
1997-05-20;3,7;6,8;1,2;28,8;25,4;21,7;85;1,833333;
1997-05-21;3,5;9,4;10,1;29,1;26,42;23;77,5;4;
1997-05-22;5,4;6,5;,3;29,5;26,66;24,6;80,5;2,966667;
1997-05-23;3,1;0;53,8;26,6;25,54;23,5;84,5;3,866667;
1997-05-24;2,6;5,4;51,1;28,8;26,12;23,2;87,5;3,4;
1997-05-25;3,8;7,5;23,6;28,4;25,32;23,8;85;2,2;
1997-05-26;2,8;2,8;39,6;26,8;24,32;22,8;97;1,533333;
1997-05-27;1,9;2,9;64,2;27,8;23,98;21,5;89,5;1,966667;
1997-05-28;1,8;9;1,8;28,6;25,32;21,8;78,25;3,033333;
1997-05-29;3,4;9,7;0;29;25,44;21,6;82,5;2,5;
1997-05-30;2,9;1;4,7;27,9;24,74;22,9;90,25;1,633333;
1997-05-31;2;7,8;5,3;29,1;25,32;21,7;82;1,3;
1997-06-01;2,4;8,8;0;28,8;23,98;20,6;85,5;1,1;
1997-06-02;2,9;9,5;,1;28,9;25,3;20;78,5;2,366667;
1997-06-03;3,6;6,9;1,1;28,7;25,08;21,1;84,75;2,466667;
1997-06-04;2,5;8,9;3,5;29;24,68;20,8;84,5;1,133333;
1997-06-05;2,9;3,4;0;28,4;24,18;20;86,75;1;
1997-06-06;2,5;8,4;3,6;28,7;24,04;21,5;87,25;1,133333;
1997-06-07;3;3,8;,3;28,8;24,5;20,7;88,75;1,933333;
1997-06-08;1,4;9,2;1,5;30,2;24,84;21;86,5;1,366667;
1997-06-09;4,4;9,3;,1;30,2;24,86;20,4;83,25;2,066667;
1997-06-10;2,5;8,8;0;29,4;25,94;20,4;78,25;2,3;
1997-06-11;4,9;9,8;0;28,9;25,26;21,9;71,75;2,8;
1997-06-12;4,7;7;0;28,5;24,06;21,2;77,75;2,2;
1997-06-13;4;9,1;0;29,4;23,78;19,9;75,75;2,2;
1997-06-14;4,6;9,2;0;28,8;24,62;19;81,25;1,6;
1997-06-15;3;4,5;32,8;28,8;24,84;22,5;88;2,133333;
1997-06-16;3;6,4;7,6;28,5;24,88;21,4;81,75;1,4;
1997-06-17;2,1;6,8;7;28,4;23,44;20,8;92;1,333333;
1997-06-18;2,4;8,9;1,8;28,5;25,5;21;73,5;2,8;
1997-06-19;4;3,7;5,7;27,8;23,28;19,1;86;1,966667;
1997-06-20;1,9;3,2;11;27,7;24,46;21,6;86,5;1,633333;
1997-06-21;2,1;5,9;6,7;28,2;24,52;22,3;83;2,766667;
1997-06-22;2,8;4,1;2;27,8;24,64;20,6;85,25;1,733333;
1997-06-23;2;4,5;20,9;27,2;24,08;22,4;91,25;2,266667;
1997-06-24;2,1;3,6;36,8;27,8;23,38;21,5;86,5;1,533333;
1997-06-25;3;10,2;1,3;27,8;22,94;19,9;79,5;2,6;
1997-06-26;4,7;9,2;0;27,9;22,88;17,4;83,5;1,2;
1997-06-27;3,1;5,4;6,3;28,2;23,8;19,7;85,75;1,933333;
1997-06-28;2;,4;16,9;26,9;23,4;21,6;94,75;,35;
1997-06-29;1,1;2,5;1;27,8;23,08;19,3;92;3,3;
1997-06-30;1,6;0;14,2;23,9;22,16;21;96,75;1,233333;
1997-07-01;,8;8,5;15;27,7;23,66;20,4;81,75;2,233333;
1997-07-02;3;10;0;27,8;23,96;20,3;72,75;3,066667;
1997-07-03;5,1;1,2;,5;26,9;24;19,4;91;1,9;
1997-07-04;2,6;6,6;10,6;28,4;25,5;22,8;81,75;2,033333;
1997-07-05;3,1;6,5;7,2;27,5;24,38;21,9;77,25;2,466667;
1997-07-06;3,1;8,9;5;28;23,7;20,2;82,25;2,166667;
1997-07-07;2,8;8,9;1;28,3;25,24;19,8;76,25;3,3;
1997-07-08;5;6,8;0;27,7;24,28;21,4;77,75;3,8;
1997-07-09;4,4;4,8;3,3;27,8;23,58;19,4;80,25;3,833333;
1997-07-10;3,7;4,3;12,9;27,4;23,4;21,6;89,5;2,4;
1997-07-11;1,9;1,1;14,6;27,1;22,96;20,7;92,5;1,466667;
1997-07-12;1,3;4,4;,5;27,7;23,76;20,2;89;,966667;
1997-07-13;2,3;9,3;2,2;27,7;23,82;20,9;82,25;2,566667;
1997-07-14;3,4;7,4;,9;27,6;23,28;19,6;80,5;2,733333;
1997-07-15;3,7;10,7;0;27,9;23,22;18;78,75;2,166667;
1997-07-16;4,1;3,5;0;26,8;23,42;20,5;90;2,65;
1997-07-17;3,2;8,6;38,3;28,2;25,12;21;72;3,833333;
1997-07-18;4,3;2,4;4,4;27;24,1;21;85,5;1,666667;
1997-07-19;2;5,5;20,1;27,4;24,12;20,7;87,75;1,1;
1997-07-20;3,3;9,9;32,9;27,7;24,28;22;77,5;null;
1997-07-21;4,7;7,4;1,2;27,7;24,6;21,8;79,25;null;
1997-07-22;3;7,6;3,2;27,2;24,78;20,6;75;null;
1997-07-23;4,1;5,6;1,3;27,8;23,78;20,8;82,25;0;
1997-07-24;4,5;9,9;1,5;27,7;23,06;18,9;83,25;null;
1997-07-25;3,6;4;3,3;26,7;23,14;20,8;87,5;null;
1997-07-26;3;9,2;4,5;27,6;23,56;19,7;80,25;null;
1997-07-27;3,6;7,8;7,8;27,2;23,44;20,5;82,5;null;
1997-07-28;3,1;8,4;3,4;27,5;23;19,9;81,5;null;
1997-07-29;3,7;6;1,4;27,7;23,54;19,7;85,75;null;
1997-07-30;2,7;1,5;1,2;27,7;24,26;21;89,25;null;
1997-07-31;1,8;2,1;7,2;27,5;23,56;21,4;88,75;2,25;
1997-08-01;2,9;1,1;3,3;26,7;23,54;21;88;2,733333;
1997-08-02;2,9;9,5;8,1;27,4;23,92;21,7;77;3,666667;
1997-08-03;3;4,7;1,3;28,5;23,18;18,8;81,5;1,933333;
1997-08-04;4,2;,9;3;26;23,44;20,9;85,25;1,733333;
1997-08-05;1,2;1,6;25,3;26,7;24,12;21,4;92,75;,966667;
1997-08-06;1,2;2,2;11;27,4;25,12;22,2;83,75;2,966667;
1997-08-07;4,2;3,9;3,2;27,5;24,42;22;83,25;2,433333;
1997-08-08;2,9;8,3;1;27,9;25,14;21,7;77;2,533333;
1997-08-09;3,5;9,5;1;28;24,6;20,8;78,5;1,766667;
1997-08-10;3;2;0;26,9;23,16;19,8;86,25;2,566667;
1997-08-11;2,2;10;2,3;28;24,58;19,7;78,25;4,266667;
1997-08-12;4,4;3,2;,5;27,9;23,92;22;85,5;3,133333;
1997-08-13;3,1;,9;2,8;25,4;22,82;21;92,75;2,533333;
1997-08-14;2,5;0;17;24,8;23,04;20,8;86,75;2,566667;
1997-08-15;2,3;10,5;14,1;27,3;23,6;19,7;76,75;2,433333;
1997-08-16;4,4;2,2;3,4;25,8;23,98;21,2;85;3,066667;
1997-08-17;3,2;3,6;4,3;27,6;24,6;21;80,25;3,933333;
1997-08-18;4,7;8,7;5,9;27,4;24,96;22,6;74,75;4,6;
1997-08-19;5,2;7,6;5;27,4;24,64;21;73,25;5,4;
1997-08-20;6;7,5;,3;27,6;25,24;22,6;73,75;5,566667;
1997-08-21;5,3;6,2;,3;27,4;25,04;22,5;77,5;2,866667;
1997-08-22;4,2;10,1;0;27,8;23,32;19;79,5;3,266667;
1997-08-23;5,7;6,1;2,2;27,2;24,42;20,5;75,5;3,266667;
1997-08-24;8;5,6;,4;27,7;24,28;21,8;79,25;1,733333;
1997-08-25;4,3;9,1;,4;28,4;25,16;20;74,75;2,2;
1997-08-26;4,5;7,6;,5;28,4;25,96;23,5;75,25;3,433333;
1997-08-27;6,3;10,3;1,3;28,6;25,5;23,3;74;3,133333;
1997-08-28;5,9;9;0;27,9;25,32;22;72,25;3,766667;
1997-08-29;5;7,1;1,3;28;24,4;21,8;81,5;3,866667;
1997-08-30;3,8;5,3;7,5;27,4;23,9;21,3;85,75;2,566667;
1997-08-31;3,1;,2;3,4;26;23,38;21,8;87;1,766667;
1997-09-01;1,8;7,3;8,1;27,6;24,62;20,6;67,25;3,766667;
1997-09-02;5,7;10,1;0;27,4;22,32;17;80,75;1,766667;
1997-09-03;4,1;7,9;0;27,8;24,04;19;73,75;1,033333;
1997-09-04;4,2;7;0;28,7;25,12;20;78,25;3,4;
1997-09-05;4,9;8,1;0;28,4;25,36;20,8;76,5;3,2;
1997-09-06;5,8;8,8;,2;28,2;25,64;23,4;76;3,666667;
1997-09-07;6,1;6,6;0;28,8;25,46;20,4;77;2;
1997-09-08;6,4;6,8;0;29;25,8;23,6;76,25;2,8;
1997-09-09;4,6;9,5;0;28,8;24,6;19,2;76,25;1,7;
1997-09-10;4;10;0;29,4;24,2;19,8;77,25;2,733333;
1997-09-11;3,9;9,4;0;29,7;25,18;20,2;75;2,4;
1997-09-12;4,7;7,3;0;28,7;25,6;20,4;72,75;2,633333;
1997-09-13;7,8;6,1;0;28,6;25,76;21,5;76;4,1;
1997-09-14;7,2;6,2;8,3;28,4;25,4;23;84;3,366667;
1997-09-15;6,4;9,5;0;28,8;25,98;24,5;78,25;2,833333;
1997-09-16;6,2;9,6;0;28,7;24,66;19,6;71,25;2,566667;
1997-09-17;6;10,2;,2;28,8;25,94;23,9;70,5;2,866667;
1997-09-18;7,9;10;0;29;24;19,4;76,5;2,033333;
1997-09-19;4,9;8,2;0;28,7;25,56;21,8;72,75;1,633333;
1997-09-20;6,9;9,7;0;28,9;25,46;19,3;73;2,133333;
1997-09-21;6,2;5,6;2,8;28,7;25,16;21;80,5;1,5;
1997-09-22;6,6;9,9;0;30,2;25,82;20,5;73,5;2,966667;
1997-09-23;4;9,9;0;29,3;25,06;20;76,5;1,533333;
1997-09-24;5,2;9,7;0;29,6;26,2;21,4;70,25;3,366667;
1997-09-25;7,8;8,9;,2;29,7;25,78;20,2;70,5;3,266667;
1997-09-26;9,6;10,5;,2;29,3;26,12;23,9;75,5;2,633333;
1997-09-27;6,2;9,6;0;29,8;25,52;19,7;67,25;2,466667;
1997-09-28;11;9,7;0;29,4;25,84;20,7;67,5;3,6;
1997-09-29;7,9;9,7;0;29,7;25,52;19;67,25;3,3;
1997-09-30;7,7;10,1;,5;29,9;25,56;20,2;71,75;3,366667;
1997-10-01;7,4;8,6;0;29,7;25,44;19,6;74,5;2,866667;
1997-10-02;6,7;9,2;0;30,1;25,66;19,3;74,25;1,066667;
1997-10-03;5;7;0;30,6;25,58;20,6;79,25;,866667;
1997-10-04;3,2;,4;0;30,6;27,08;22;74,25;1,966667;
1997-10-05;1,4;8,3;0;30,5;27,56;25,3;71,5;3,966667;
1997-10-06;8;8,5;0;30,6;27,46;25,2;73;4,066667;
1997-10-07;8,2;9;1;30;26,6;23,9;77,75;3,533333;
1997-10-08;8,1;10,7;11,6;30,2;26,3;22,2;70,75;2,9;
1997-10-09;9,6;6,5;2,4;29,5;25,18;22,5;77,25;2,333333;
1997-10-10;7,9;10,2;0;29,5;26,5;22,8;71,75;3,8;
1997-10-11;8,7;11;0;29,8;26,38;21,6;66,75;3,4;
1997-10-12;9,5;10,8;0;29,8;26,16;21,2;71,5;3,233333;
1997-10-13;8,6;9,6;,1;29,8;26,54;22,7;71,75;3,566667;
1997-10-14;10,9;9,2;0;29,7;27,26;25,2;70,75;2,966667;
1997-10-15;9;9,7;0;29,9;26,62;22,2;71;2,533333;
1997-10-16;10,5;9,8;0;30,4;26,52;21,8;71,5;2,866667;
1997-10-17;8,3;10,1;0;30,9;26,98;22;67;3,633333;
1997-10-18;7,2;8,2;0;30,6;26,74;21,8;75,25;2,9;
1997-10-19;7,3;10,7;0;30,2;27,26;25,6;71,25;4,066667;
1997-10-20;7,4;10,7;,4;29,8;26,56;22,7;70,25;2,966667;
1997-10-21;8,3;7,2;0;29,7;26,9;25;72,75;2,966667;
1997-10-22;8,8;9,2;0;29,7;26,92;25;71,25;2,466667;
1997-10-23;7,9;9,5;0;30,1;26,36;22,2;71;2,933333;
1997-10-24;6,9;9,9;0;30,4;26,42;21,2;63,5;3,166667;
1997-10-25;6,4;9,6;0;30,4;25,84;20;69,5;3,133333;
1997-10-26;7,4;10,4;0;30,7;25,64;20,4;71;2;
1997-10-27;7,8;10,8;0;31,4;26,28;20,9;69,5;2,9;
1997-10-28;6,2;9,7;0;30,7;26,32;20,2;69,75;1,733333;
1997-10-29;5,7;9,4;0;30,5;26,54;21,5;70,5;2,466667;
1997-10-30;7,3;11,1;0;30,4;26,26;21,2;71;3,2;
1997-10-31;7,2;9,8;0;31;26,9;20;70;4,033333;
1997-11-01;8,9;7,1;0;30,5;27,78;25,7;69,25;3,633333;
1997-11-02;8,1;10,4;0;30,8;27,32;25;68;4,166667;
1997-11-03;8;9,5;0;30,8;27,02;22,2;66,25;4,466667;
1997-11-04;8,2;10;0;30,4;26,76;21,4;68,5;3,233333;
1997-11-05;7,8;11,5;0;29,6;26,86;23,4;65,75;3,633333;
1997-11-06;7,3;10,6;0;30,4;26,86;21,6;69;3,833333;
1997-11-07;8,6;11,3;0;30,3;26,5;21,4;67,75;3,066667;
1997-11-08;6,6;8,2;0;29,8;25,92;20;67,75;2,266667;
1997-11-09;6,8;9,7;0;30;26,14;20;70,25;2,233333;
1997-11-10;6,7;9,6;0;31;26,88;21,4;70;3,9;
1997-11-11;6,2;10,7;0;31,7;26,96;21,8;70;2,8;
1997-11-12;6,6;9,9;,1;30,9;26,9;22,3;70,75;2,8;
1997-11-13;7,4;8,1;0;30,8;26,76;22,2;66,75;2,533333;
1997-11-14;7,2;9,8;0;30,5;26,38;20,8;69,25;2,3;
1997-11-15;8,3;7,4;0;30,6;26,36;19,8;70,75;4,433333;
1997-11-16;8,5;10,2;,5;31,2;27,24;23,7;68,75;4,433333;
1997-11-17;8,8;10,8;0;30,5;27,44;25;70;3,733333;
1997-11-18;7,2;3;27,2;28,9;25,48;23;85;1,8;
1997-11-19;3,1;7;2,3;30,3;27,14;23,2;76,5;2,733333;
1997-11-20;9,9;8;0;30,6;27,72;25,7;70,25;2,033333;
1997-11-21;10,5;10,5;0;30,7;27,22;24,4;69,5;2,1;
1997-11-22;6,8;4,2;10,3;29,6;26,08;22,8;77,25;2,8;
1997-11-23;5,2;5;1,6;29,6;27;24;71,75;2,8;
1997-11-24;6,5;10,9;0;30,2;27,02;22,6;73,25;4,033333;
1997-11-25;7;9,8;1;29,7;26,88;23,2;70,25;2,133333;
1997-11-26;9;10,8;0;30,3;27,16;23,2;71,75;2,166667;
1997-11-27;8,6;11,2;0;30,4;27,6;22,4;68,5;2,8;
1997-11-28;4,4;9,8;0;29,9;28,02;25,4;72;3,033333;
1997-11-29;4,2;10,4;0;30,6;27,32;25,7;65,5;3,7;
1997-11-30;5,1;7,6;0;30,4;26,38;21;71,25;3,266667;
1997-12-01;5,4;9,4;0;31,6;27,08;21,4;73;1,933333;
1997-12-02;5,5;10,2;0;31,4;27,16;21,5;71,5;2,666667;
1997-12-03;5,8;11;0;31,4;27,54;22,5;66,75;2,733333;
1997-12-04;7,5;9,9;0;31;27,16;21,8;71,75;3,533333;
1997-12-05;4,8;10;0;31,2;27,18;21,8;70,5;2,733333;
1997-12-06;6,3;9,9;0;31;27,12;22;70,75;2,633333;
1997-12-07;7,9;11;0;30,9;27,5;24,9;71;2,266667;
1997-12-08;7,2;8,7;1,6;30,6;26,12;21,4;75,25;2,233333;
1997-12-09;6,8;11;0;30,5;27,02;22,1;70;2,733333;
1997-12-10;7,4;10,4;0;30,7;27,16;21,2;68;2,3;
1997-12-11;8,2;9,8;0;31,3;28,34;25,8;69;2,733333;
1997-12-12;7,5;9,9;0;30,9;28;25,4;68,25;2,833333;
1997-12-13;6,3;8,4;,7;31;27,32;23,3;75;2,433333;
1997-12-14;6,7;11,5;0;31,4;26,72;24,1;71,75;2,566667;
1997-12-15;5,7;8,4;0;31,7;27,2;21,5;73,25;2,633333;
1997-12-16;5,1;9,5;0;31,7;27,38;22,5;70,25;2;
1997-12-17;6,9;11,3;0;31,4;27,32;22,6;62,5;2,466667;
1997-12-18;7,1;10,6;0;31;26,66;21;70,25;2,7;
1997-12-19;4,9;6,6;0;30,2;26,54;21,1;80,5;2,866667;
1997-12-20;4,4;4,5;34,4;30,2;26,96;24,2;82,5;2,1;
1997-12-21;5,4;4,5;1,6;30,4;27,62;23,5;77,25;3,4;
1997-12-22;5;7;3,5;30,5;27,82;25,3;75,25;3,633333;
1997-12-23;5,4;10,4;,7;30,3;27,08;23,8;75,5;3,033333;
1997-12-24;5,4;7,9;4,8;29,8;26,84;23,4;72;2,3;
1997-12-25;4,4;9,2;0;30,8;27,26;22;77;3,066667;
1997-12-26;4,6;9,5;0;30,8;27,66;23,1;76,25;2,233333;
1997-12-27;4,9;7,4;0;31,3;27,98;24,4;74,25;3,566667;
1997-12-28;7;10,8;,5;30,7;28,04;26;71;2,666667;
1997-12-29;5,4;0;10,5;28;24,46;22,6;91,25;2,4;
1997-12-30;1,3;4;11,1;29,9;26,44;22,6;82,25;1,366667;
1997-12-31;3,1;8,2;2,4;30,5;27,46;24,2;72,25;2,633333;
1998-01-01;5,4;8,6;0;30,6;27,92;25;72,75;2,3;
1998-01-02;5;9,2;,5;null;27,26;23,4;79,75;2,033333;
1998-01-03;4,5;10,2;0;30,5;27,28;22,2;69;2,9;
1998-01-04;5,7;7,3;0;31,3;27,36;23;77,75;1,766667;
1998-01-05;3,3;10,4;0;31,5;27,32;22;74;2,3;
1998-01-06;5,3;7;2,8;30,6;27,4;23,8;76,75;3,433333;
1998-01-07;5,2;10,3;0;31,4;27,56;22;70,5;2,633333;
1998-01-08;4,7;10,2;0;31,6;27,54;22,2;73,25;1,733333;
1998-01-09;4,5;8,6;0;32,5;28,34;22,9;74,25;2,4;
1998-01-10;4,7;10;0;31,9;28,2;23,8;73,25;2,633333;
1998-01-11;6,2;7,3;0;31,4;27,4;23;77,25;3,4;
1998-01-12;5,2;9,1;16,1;30,6;27,22;23,8;77,5;2,166667;
1998-01-13;4,7;9,6;0;31,4;27,92;23,4;73,25;2,4;
1998-01-14;5,8;6,4;0;31,2;28,16;25,8;74,25;3,133333;
1998-01-15;5;9,6;0;32;28,08;23;73,25;3,033333;
1998-01-16;5,7;10,3;0;31,8;28,06;23,8;70;2,8;
1998-01-17;5,3;11;0;31,8;27,84;22,4;77,75;2,65;
1998-01-18;6,4;9,1;0;31,9;28,02;23,2;74;3,033333;
1998-01-19;5,8;3,8;2,1;30,7;28,22;24,4;73,75;2,466667;
1998-01-20;5,1;5,1;5,7;31,4;28,46;25,2;74,5;3;
1998-01-21;7,9;8,3;2,8;31,8;28,54;26,4;75,5;3;
1998-01-22;5,8;3,3;3,6;30,5;28,1;26;76,5;2,733333;
1998-01-23;4;9,7;,3;31,9;28,36;23,7;72,25;2,833333;
1998-01-24;6,9;9;0;31,8;28,38;25,9;75,25;2,3;
1998-01-25;5;3,7;1;31,6;27,24;22,7;81,75;1,8;
1998-01-26;3,9;10,1;14,2;31,5;27,64;23,4;76,5;1,533333;
1998-01-27;4,8;9;2,5;31,5;28,42;24,6;72,5;3,766667;
1998-01-28;5,1;9,6;2;30,2;27,62;24,6;72;2,933333;
1998-01-29;4,9;10,6;0;31,9;27,76;21,7;69,25;2,7;
1998-01-30;5,8;3,8;3,8;30,4;27,5;24,4;79,5;1,8;
1998-01-31;3;6,6;10;31,3;28,02;24;77,5;4,4;
1998-02-01;5,2;10;,8;31,5;28,48;24,9;69,25;2,2;
1998-02-02;5,6;4,3;5,9;30,8;28,3;24,8;75,75;2,633333;
1998-02-03;4,9;9,4;0;32;28,7;25,4;75;3,066667;
1998-02-04;6,1;9,9;0;32;29,22;27,4;76;4,033333;
1998-02-05;7,3;10,1;1;32,1;29,04;26,7;71;3,166667;
1998-02-06;6,9;10;,1;32,9;29,34;26,8;71,75;2,866667;
1998-02-07;6;9;0;32,6;28,96;24,4;73;2,733333;
1998-02-08;6,3;10;0;32,5;29,3;26,8;74,5;3,6;
1998-02-09;6,6;10,5;0;32,5;29,38;27,5;71;3,3;
1998-02-10;6,7;9,7;0;32,5;28,26;22,8;70;2,3;
1998-02-11;6,1;10,3;0;32,5;28,24;22,6;66,25;3,133333;
1998-02-12;5,9;10;0;32,4;28,26;22,8;70,25;2;
1998-02-13;7,2;8,6;0;32,6;29,16;25,4;67,25;2,633333;
1998-02-14;7,4;11,1;0;32,5;29,2;26,8;66,5;3,866667;
1998-02-15;7,2;11,1;0;32,5;28,32;22,8;69;2,166667;
1998-02-16;7,7;10,3;3,3;32;28,36;24,9;73,25;2,466667;
1998-02-17;5;6,4;2;32,1;28,2;24;73,25;2,666667;
1998-02-18;7;5,5;0;31,9;28,56;26,6;71,75;2,6;
1998-02-19;5,1;10,6;0;32,8;28,42;22,2;65,5;1,966667;
1998-02-20;8,1;8,6;0;32,1;29,04;26,4;69,75;3,4;
1998-02-21;6,5;6,8;14,6;31,9;28,44;24;70,75;2,9;
1998-02-22;6,6;7,3;,3;32;28,46;25,4;72,5;3,433333;
1998-02-23;5,3;5,8;0;32,3;28,34;23,3;74,25;2,633333;
1998-02-24;3,5;8,6;10,2;30,9;27,54;23,4;79;3,233333;
1998-02-25;4,6;10,3;0;31,7;28,38;24,7;65,75;2,733333;
1998-02-26;5;10,6;0;31,7;27,74;21,8;68;2,4;
1998-02-27;6,1;6,8;0;31,5;28,04;21,9;70,75;2,966667;
1998-02-28;4,9;7,3;4;32,6;28,68;24,9;71,25;2,566667;
1998-03-01;5,4;3,9;0;31,8;28,22;23,4;76,25;3,133333;
1998-03-02;5;6,9;,3;32,3;28,76;24,9;75,25;3,7;
1998-03-03;5,8;9,5;1,5;32,4;29,16;26;68,5;3,7;
1998-03-04;5,2;9,3;,3;32,7;28,3;22,6;68,75;3,5;
1998-03-05;5,8;11,3;0;32,9;28,96;24,5;65,5;4,533333;
1998-03-06;5,2;10,3;0;32,6;27,86;21;68,75;2,966667;
1998-03-07;5,6;9,4;1,7;32,1;28,04;24,2;69,25;3,533333;
1998-03-08;6,1;10,1;0;32,5;27,68;20,8;68,5;3,233333;
1998-03-09;5,5;9,9;0;32,4;28,66;24,7;68,5;2,466667;
1998-03-10;6,7;4;0;31,7;26,98;23,6;84;1,633333;
1998-03-11;2,4;10,8;4;32,7;28,24;22;72,25;2,566667;
1998-03-12;5,8;9,6;0;32,9;29,2;24,8;70,75;3,433333;
1998-03-13;6;9,8;1,2;32,7;29,1;24,8;68,75;3,6;
1998-03-14;6,6;10,5;0;32,3;28,9;26;66,75;2,633333;
1998-03-15;5,7;10,8;0;33,3;29,26;25,4;69,75;1,966667;
1998-03-16;7,8;6,7;9,7;32,6;28,9;25;75,5;3,133333;
1998-03-17;4;8,8;8;32,3;28,8;25,4;79;1,4;
1998-03-18;5,7;8,4;5,3;32,1;27,38;24,7;83;2,766667;
1998-03-19;3,9;8,7;9;32;28,26;24;78;2,3;
1998-03-20;,5;9,2;6;32,1;28,52;24,6;77,5;2,666667;
1998-03-21;4,5;10,1;0;32,2;29,06;25;73,25;3,466667;
1998-03-22;6;9,9;0;32,5;28,98;24,3;71,5;3,3;
1998-03-23;6,3;9,6;0;32,5;28,94;24,2;71,25;3,733333;
1998-03-24;5,4;9,7;1;32,6;28,9;25,2;74;2,866667;
1998-03-25;5,5;9,9;,8;32,9;29,16;25,4;69,25;3,033333;
1998-03-26;5;9,9;0;33,2;28,92;23;71,5;2,733333;
1998-03-27;6,5;10,4;0;32,9;29,14;24,5;74,75;3,966667;
1998-03-28;5,7;1,4;24,4;30;26,96;24,2;76,25;4,333333;
1998-03-29;4,3;9;4,9;31,9;27,38;23,7;76,75;2,466667;
1998-03-30;4,8;9,9;5,2;31,5;27,82;23,5;76;2,233333;
1998-03-31;4,1;9,9;,3;31,9;28,64;24;73,75;2,8;
1998-04-01;5,7;7,1;,6;32,3;28,9;23,5;75;3,533333;
1998-04-02;5;8,5;7;31,7;28,7;25;76,5;3,966667;
1998-04-03;4,5;9,2;3,4;31,5;28,56;24,9;75,5;5,5;
1998-04-04;6;4,5;2,1;31,5;27,94;24,7;77,25;3,8;
1998-04-05;4,3;10,5;2,9;30,6;27,9;24,2;77,75;3,333333;
1998-04-06;3,8;10,7;7,6;31,9;27,86;23,8;78,75;3,2;
1998-04-07;5,7;3,4;,2;31,5;27,8;25,4;88,5;2,733333;
1998-04-08;2,2;9;12,8;31,8;28,62;24,7;76;2,233333;
1998-04-09;5,1;8,5;2,9;31,3;27,88;23,7;74,5;2,833333;
1998-04-10;3,6;9;3,1;31,5;27,58;22,3;71,5;3,866667;
1998-04-11;5,4;9,6;0;31,5;27,46;21,6;78,5;2,966667;
1998-04-12;4,9;9,8;0;32,6;28,68;24,5;73,5;3,366667;
1998-04-13;6,2;8,2;1;31,9;28,84;25,4;71,25;3,233333;
1998-04-14;4,4;8,6;3,3;31,9;28,4;24,9;76,25;3,6;
1998-04-15;5;7,1;,2;31,9;28,56;23,7;69,25;3,8;
1998-04-16;6;6,4;8,8;31,3;28,14;23,6;69,75;3,133333;
1998-04-17;5,7;8,6;,3;32,3;28,72;24,1;71,25;2,733333;
1998-04-18;4,9;6,5;2,3;32,3;28,58;23,8;75,75;2,633333;
1998-04-19;4,9;9,7;0;32,3;28,5;24,3;69,75;3,966667;
1998-04-20;7,4;6,8;,2;31,9;29,1;26;67,5;3,033333;
1998-04-21;6,3;5,1;0;32,1;27,82;22,4;77,25;1,866667;
1998-04-22;4,5;9,9;6,1;31,5;26,98;23,8;78,5;2,633333;
1998-04-23;5;6,5;1;30,5;26,76;24;90,25;2,633333;
1998-04-24;2,5;,1;41,4;27,9;25,26;24;92;2,033333;
1998-04-25;1,4;7,6;6,6;30,2;25,92;23,3;83,75;1,933333;
1998-04-26;3,2;9,1;0;31,4;27,68;22;73,25;1,666667;
1998-04-27;5;10;0;31;27,84;22,8;68,75;5,066667;
1998-04-28;5,2;10;0;31,5;27,48;21;72,25;2,3;
1998-04-29;4,8;4,8;,5;30,6;27,94;24;72;3,633333;
1998-04-30;5,6;8,5;1,6;31,3;27,66;22,8;69,25;2,866667;
1998-05-01;4,9;9,8;0;31,5;25,94;21,2;72,25;2,1;
1998-05-02;5,6;9;0;31,7;27,7;21,5;70,75;2,466667;
1998-05-03;4,6;8,2;0;31,7;27,68;21,5;70;2,8;
1998-05-04;5,5;9;0;31;27,58;21,3;67,75;3,366667;
1998-05-05;5,4;9,2;0;31,5;27,7;22;70,25;2,4;
1998-05-06;5;9,3;0;31,9;27,34;21,7;72,5;3,3;
1998-05-07;5;9,4;0;30,9;26,6;23,9;73,5;2,133333;
1998-05-08;5,8;7,3;0;31,4;27,4;22,1;75,25;3,466667;
1998-05-09;4,9;0;20,7;29;26,52;23,2;78;3,633333;
1998-05-10;3,7;4,6;13,5;29;26,28;24,2;83,5;3,2;
1998-05-11;2,9;4,6;11,5;30,2;25,92;23,5;92,75;2,1;
1998-05-12;1,8;7,9;7,7;30,3;27,42;23,5;74,75;3,766667;
1998-05-13;5,4;9,2;1,3;31,3;27,98;24,2;71,75;2,733333;
1998-05-14;6,1;8,7;0;30,8;27,54;25,7;82,75;2,133333;
1998-05-15;4;1,7;7,8;29;25,56;22,8;86;3,433333;
1998-05-16;3,3;7;9,6;29,6;25,44;21,2;79,25;1,5;
1998-05-17;4;4,6;0;29,8;25,58;21,9;85;1,4;
1998-05-18;1,9;4,2;10,2;29,8;26,72;23;80,75;3,133333;
1998-05-19;4,1;5,8;5,2;29,5;26,26;23,8;77,25;3,866667;
1998-05-20;4,2;9,3;4,1;29,5;25,5;22,5;82,5;2,766667;
1998-05-21;4;6,3;,7;29,4;25,62;21,8;82;2,8;
1998-05-22;4,2;,5;,2;27,4;25,66;22,5;81,5;1,733333;
1998-05-23;3,9;,4;3,6;28,8;26,32;24,6;83,25;3,233333;
1998-05-24;3,1;2,4;11,9;28;25,08;22,6;91,5;2,866667;
1998-05-25;1,5;2;40,8;28;25,82;24;87,5;2,7;
1998-05-26;2;4,5;12,4;29,2;25,22;23;89;1,633333;
1998-05-27;2,7;1,7;2,6;28,9;25,52;20,5;84,5;3,2;
1998-05-28;2,3;8,2;3,7;29,8;25,44;22,5;84;2,2;
1998-05-29;3;2,6;0;29,8;25,66;20,5;86,75;2,333333;
1998-05-30;3;6;19,4;29,8;27,22;24,2;77,5;3,3;
1998-05-31;3,3;8,9;,7;29,3;24,76;21,7;82,75;1,633333;
1998-06-01;3,4;9,7;0;29,6;25,42;20,3;75,25;2,9;
1998-06-02;4,4;9,9;5,5;29,8;26,12;22,2;67,5;3,3;
1998-06-03;6,1;9,6;0;29,8;26,34;21;66,75;3,833333;
1998-06-04;4,7;3,7;11,2;28,8;25,4;21,3;79,25;1,6;
1998-06-05;3,3;9,7;,2;29;24,24;20,3;82,5;2,366667;
1998-06-06;3,5;8;,3;29,2;26,12;22,4;77,5;2,166667;
1998-06-07;3,7;5,3;1,7;28,7;24,78;20,8;88,75;1,966667;
1998-06-08;2,3;4,2;7,7;29;25,54;22,7;84,25;2,4;
1998-06-09;2,7;6,7;1,5;29,3;26,12;21,5;78,25;2,1;
1998-06-10;5;4,1;3,6;29,4;26,54;22;77,75;5,066667;
1998-06-11;3,4;6,9;33,4;29,2;25,18;22,2;84,75;3,466667;
1998-06-12;2,7;8,9;0;29;24,76;20,5;80,25;2,533333;
1998-06-13;3,2;3,1;0;29;25,64;22,4;76,5;3,333333;
1998-06-14;4;6,2;4,6;28,9;25,38;22,6;85;4,233333;
1998-06-15;3,6;8,2;3,4;28,8;25,64;22,5;78,5;4,366667;
1998-06-16;5,6;3,4;2,1;28,6;25,32;23;87,5;1,766667;
1998-06-17;2,3;4,2;18;28,8;25,56;22,1;82,75;2,9;
1998-06-18;2,7;4,2;,2;29;25,72;20,3;81,25;3,3;
1998-06-19;3;3,2;19,1;28,4;24,56;22,2;89,75;1,3;
1998-06-20;2,4;5,8;29,2;27,9;25,2;22,2;83,75;1,833333;
1998-06-21;2,8;6,8;0;28,4;25,86;22,6;77;3,966667;
1998-06-22;3,4;7,8;1,2;28,5;24,88;21,7;76,75;3,9;
1998-06-23;3,9;8,2;1,6;28,5;24,82;21,6;82,75;3,6;
1998-06-24;4,4;8,9;7,6;29;24,98;20,6;80,5;3,266667;
1998-06-25;3;7;8,4;28,3;24,36;22;86;2,533333;
1998-06-26;2,3;3,7;2,4;27,4;25,34;22;75,25;3,666667;
1998-06-27;4;9;0;28,2;24,5;22,4;74,5;3,233333;
1998-06-28;4,4;8,2;,3;28,6;24,9;21,3;81;3,766667;
1998-06-29;3,7;5,4;,9;28,2;24,54;22,5;88,75;2,766667;
1998-06-30;2,1;9,5;2,5;29;24,94;20,7;84;2,333333;
1998-07-01;2,8;8,4;1;28,8;24,96;21,7;82,75;2,3;
1998-07-02;4;8,1;,7;28,7;25,76;21,4;74;2,733333;
1998-07-03;3,6;6,7;1,2;29;26,02;20,6;67,75;3,533333;
1998-07-04;5,7;2,3;,1;28,2;24,72;22,5;81,5;3,833333;
1998-07-05;4,6;7,3;7,5;28,5;24,9;21;76,75;4,3;
1998-07-06;3,3;1,9;,6;28,2;23,72;20;82,25;2,966667;
1998-07-07;2,6;9,3;,6;28,9;24,4;19,8;83,75;2,066667;
1998-07-08;3,7;8,2;2,4;28,9;25,64;20,9;79,25;1,8;
1998-07-09;2,6;,1;7,5;26,8;24,22;22,6;93;,666667;
1998-07-10;,8;5,6;17,7;28,6;25,54;22,8;85,75;2,4;
1998-07-11;2,1;8,4;1,1;28,7;25,44;22,4;84;3,933333;
1998-07-12;3,3;8,7;4,3;28,4;25,16;21,3;78,25;3,166667;
1998-07-13;3,4;9,2;,9;28,9;24,48;20;84;2,4;
1998-07-14;2,9;5,6;25,7;28,1;23,96;21,5;87;1,966667;
1998-07-15;2,5;10;4,1;28,7;25,18;20;74,25;4,533333;
1998-07-16;4,1;7,6;0;28,7;24,56;21,2;77,75;2,766667;
1998-07-17;3,6;9,2;,3;28,5;24,58;18,2;79;1,166667;
1998-07-18;3,4;7,9;,5;28,8;24,78;20,4;80;3,833333;
1998-07-19;3,9;2,7;11,7;27,9;24,8;21,5;73,5;2,733333;
1998-07-20;4,6;9,9;0;28,6;24,84;19,5;76,75;2,7;
1998-07-21;3,8;3,1;,7;27,3;24,48;20;79,25;3,8;
1998-07-22;1;8,1;4,7;28,6;25,4;20,6;72;3,533333;
1998-07-23;5,5;10;2,4;28,5;24,8;22;75,25;3,666667;
1998-07-24;4,5;10,3;,2;28,5;23,96;19;83,75;3,433333;
1998-07-25;3,4;1,4;6,7;26,8;23,82;21,8;89;2,666667;
1998-07-26;1,7;3,3;8,2;28;23,74;20,9;86,75;1,666667;
1998-07-27;1,8;2,6;5,4;27,6;23,96;21;91;3,2;
1998-07-28;1,4;6,2;25,9;28,1;25,38;22,8;82,5;3,633333;
1998-07-29;3,2;2,7;3,8;28,1;24,5;22,7;88,25;1,933333;
1998-07-30;1,4;6,9;23;28,2;25,08;22,4;83,25;2,4;
1998-07-31;2,6;4,5;,2;28;24,58;21,6;81,5;2,533333;
1998-08-01;3,4;2,6;5,6;27,8;24,2;21,4;89,75;3,433333;
1998-08-02;1,8;2,2;9,8;27,8;23,38;21;83,25;2,433333;
1998-08-03;2,9;6,3;2,1;28,1;23,96;20;85,5;3,433333;
1998-08-04;3,9;8,5;1,6;28,5;24,54;21,8;78,75;2,533333;
1998-08-05;4,6;9,9;1,6;28,7;23,68;20,6;82,75;1,966667;
1998-08-06;3,8;1,5;2,6;27,6;23,16;20;90,5;1,433333;
1998-08-07;2,1;9,7;7,1;28,7;24,98;20,5;76,25;1,766667;
1998-08-08;3;,9;2,5;26,4;23,88;22,1;97,5;1,966667;
1998-08-09;,2;0;31,2;25,2;22,78;21,5;93,25;1,966667;
1998-08-10;1,4;9,3;9,1;28,3;24,34;19,7;77,25;3,266667;
1998-08-11;3,4;5,4;0;28;25,1;20;71,25;3,533333;
1998-08-12;3,7;7,5;,3;28,8;25,06;19,8;75;3,8;
1998-08-13;3,4;2,6;37,8;27,7;24,36;22,4;93,25;2,4;
1998-08-14;2,7;9,9;18,9;28,5;25,24;21,7;73,25;3,133333;
1998-08-15;5,5;5,9;12;28,5;25,62;22;72,5;4,133333;
1998-08-16;5,2;7,5;,5;28,5;24,1;20,9;79;3,133333;
1998-08-17;4,5;2,2;1,2;27,2;23,42;20,6;90;3,566667;
1998-08-18;3,1;9,4;11,3;28,3;24,8;22;78,25;3,133333;
1998-08-19;3,9;2,9;7,4;27,9;24,86;20,9;77,5;1,933333;
1998-08-20;4,6;8,6;,5;28,4;25,72;23,4;70;2,733333;
1998-08-21;4,6;9,1;,3;28,6;25,16;19,4;67,25;5,133333;
1998-08-22;6,7;6,2;,4;28,2;24,64;22,5;80,5;4,066667;
1998-08-23;4,3;7,6;28,1;28,2;24,32;21,6;86,25;4,633333;
1998-08-24;3,2;1,6;20,1;27,2;24,24;22,2;91,75;3,066667;
1998-08-25;2,3;7,3;50,9;27,8;24,18;22;89,5;1,733333;
1998-08-26;2,4;7;6,2;28,2;24,5;20,2;77,75;1,733333;
1998-08-27;4,3;2,7;2,6;27;22,6;20,6;87,25;2,766667;
1998-08-28;2,9;9,1;1,2;28,5;24,62;18,8;74,5;2,9;
1998-08-29;5,8;2;0;27,9;23,88;20,2;82,5;2,766667;
1998-08-30;3,5;1,1;2,3;28,6;25,44;21,3;81;3,566667;
1998-08-31;4;8,9;2,6;28,8;25,58;23,9;79,5;2,166667;
1998-09-01;3,4;5,9;2,8;28,3;24,66;22,6;82,75;3,3;
1998-09-02;4,8;9,1;4,6;28,3;25,5;21,3;71,5;4,366667;
1998-09-03;6,2;6,8;1,9;28,3;24,98;21,6;72,5;3,633333;
1998-09-04;8,3;4,9;1;28,3;24,06;20,5;88,25;2,866667;
1998-09-05;4,3;8,3;2,6;28,4;24,04;21,6;79,5;3,166667;
1998-09-06;3,5;4,7;,2;28,5;24,76;19;79,25;2,466667;
1998-09-07;2,4;8,7;1,7;28,6;25,44;20,3;78;3,933333;
1998-09-08;3;9,6;1;28,9;26,3;24,2;73,25;4,1;
1998-09-09;6,5;6,7;,2;28,9;24,78;20,5;77,25;2,8;
1998-09-10;4,7;5,5;3,4;28,4;24,94;21,9;80,75;3,533333;
1998-09-11;4,2;8,6;3,4;28;25,58;21,3;70;3,366667;
1998-09-12;6,2;7,6;,4;28,7;26;23;75,5;2,966667;
1998-09-13;4,9;10,1;2,4;28,8;25,82;22;72,25;2,966667;
1998-09-14;4,8;9,9;,1;29,2;25,64;21;72,75;4,466667;
1998-09-15;5,8;10;1,5;29,3;25,88;22,6;73,75;3,733333;
1998-09-16;4,8;10,4;,2;28,8;25,34;21;70,5;2,966667;
1998-09-17;5,3;10,1;0;28,8;25,02;20;70,25;2,966667;
1998-09-18;5,5;3,8;0;28,8;24,6;19,4;74;3,033333;
1998-09-19;4,5;1,1;8,6;27,9;25,44;22;77,75;3,233333;
1998-09-20;5;7,8;2,5;29;26,06;23,4;68,25;4,466667;
1998-09-21;7,5;11;,1;28,6;24,18;21,7;75;3,133333;
1998-09-22;5,2;10,3;0;28,7;24,84;18,5;70,75;3,2;
1998-09-23;5,1;9,2;0;29;25,48;19;73,5;3,8;
1998-09-24;5,7;9,6;0;29,3;26,44;22,6;71,25;3,933333;
1998-09-25;7;10,1;,7;29,4;26,5;23,4;84,25;4,2;
1998-09-26;6,1;6,6;12,6;28,8;26,1;22,8;76,5;4,033333;
1998-09-27;5,3;8,5;,4;28,9;26,4;23,7;73,75;3,933333;
1998-09-28;5,3;8,7;0;28,9;25,66;19,9;70,75;5,8;
1998-09-29;7,3;10,1;0;28,9;26,3;22,7;67,75;3,933333;
1998-09-30;6,7;9,7;0;29;25,44;20;68,75;3,866667;
1998-10-01;5,3;10,2;0;28,8;25,36;19,7;69,5;3,8;
1998-10-02;6,7;10;0;29;26,34;23,5;73,25;3,166667;
1998-10-03;5,8;6,9;0;29,2;25,42;21,6;82,5;2,733333;
1998-10-04;4,5;8,5;13;28,8;25,88;22;74,25;3,866667;
1998-10-05;6,3;8,7;5,4;28,6;26,22;23,8;73;4,433333;
1998-10-06;6,6;10,5;,3;29,1;25,66;21,1;74,25;2,966667;
1998-10-07;6,8;7,6;0;29,5;26,38;24,2;74,5;2,633333;
1998-10-08;4,7;1,2;6,1;28,5;25,9;23,6;79,5;4,266667;
1998-10-09;5,4;10,7;0;29,3;26,38;24,3;70,25;4,033333;
1998-10-10;5;9,6;0;29,2;26,5;24;67,25;2,833333;
1998-10-11;5,6;9,9;0;29,4;25,66;20,1;70;1,9;
1998-10-12;5,4;9;0;29,2;26,06;21;70,25;2,733333;
1998-10-13;5,8;10,1;1;29,3;26,52;24;72,75;2,333333;
1998-10-14;5,8;10,2;0;29,6;26,16;21,6;70,25;3,3;
1998-10-15;5;9,4;0;30,2;24,72;21,4;78,5;2,7;
1998-10-16;4,5;9,1;0;29,8;25,84;19,4;70,25;3,233333;
1998-10-17;5;2,2;0;30,8;26,36;21;73,75;3,3;
1998-10-18;4;10,1;0;30,7;26,4;20,7;72,75;3,433333;
1998-10-19;6,9;9,6;0;29,7;26,68;22,7;69,25;2,9;
1998-10-20;6,9;9,8;0;30,2;26,86;24,4;69,5;4,566667;
1998-10-21;8,2;9,5;,4;29,9;26,8;23,6;68,75;4,066667;
1998-10-22;5,8;1,2;10,2;28;23,96;21;88;2,666667;
1998-10-23;2,9;9,5;6,1;29,5;26,44;21,9;72;4,7;
1998-10-24;3,9;9;0;29,6;26,9;22,9;72;4,033333;
1998-10-25;7,2;4,7;0;29,5;27,18;24,9;74,75;4,166667;
1998-10-26;6,8;8,6;2,4;30;27,06;25;74,75;4,833333;
1998-10-27;7,7;8,3;,1;30,2;27,06;24,5;74,25;3,9;
1998-10-28;4,8;8,2;9;29,7;26,58;23,2;74,5;3,866667;
1998-10-29;6,7;2,3;0;29,7;26,64;22,1;74,75;3,1;
1998-10-30;6;6,8;0;29,7;27,46;24,5;71;2,633333;
1998-10-31;6,1;8,7;1,4;29,8;26,72;23,7;72,25;2,733333;
1998-11-01;6,6;6,5;0;29,9;27;23,6;70,25;3,4;
1998-11-02;7,8;7,4;0;30,6;28,24;23,4;64;3,533333;
1998-11-03;5,6;9,5;0;30,8;27,14;23,6;70,5;3,4;
1998-11-04;6,2;9,2;0;30,6;27,12;23,6;67;2,9;
1998-11-05;6,8;9,8;0;30,5;26,54;20,3;67,75;3,7;
1998-11-06;5,9;4;0;29,7;26,46;22,2;70;2,866667;
1998-11-07;4,7;9,3;0;30,5;26,42;21;72;2,733333;
1998-11-08;7,5;6,7;0;30,6;26,58;21,4;78,75;3,533333;
1998-11-09;7,7;9,9;0;30,7;27,3;23;72,5;3,666667;
1998-11-10;8;7,7;0;30,8;26,82;21,5;72,5;3,066667;
1998-11-11;5,4;9,7;0;30,6;26,58;20,6;71,75;3,3;
1998-11-12;5,2;9,7;0;31,4;26,8;20;70;2,733333;
1998-11-13;7,8;10;0;29,9;26,8;22,5;71,25;4,133333;
1998-11-14;6,5;9,5;7,9;30;26,74;22,6;71,5;4,233333;
1998-11-15;6,5;7,5;1,1;30;26,84;23;73,25;4,133333;
1998-11-16;5,2;9,2;0;30,5;26,92;21,6;73,5;3,466667;
1998-11-17;6,5;9,9;0;30,5;27,5;24,5;70;2,966667;
1998-11-18;6,3;7,6;0;30,3;26,4;20,8;70;1,633333;
1998-11-19;4,6;7;,3;30,6;26,86;21,6;71;2,966667;
1998-11-20;5,4;8,9;0;null;null;22,8;74;3,866667;
1998-11-21;5,3;6,5;0;31;27,88;25,4;74,75;3,733333;
1998-11-22;5,3;8,2;0;30,5;27,74;25,7;77,75;2;
1998-11-23;5;8,3;2;30,8;27,84;26,2;70,25;2,533333;
1998-11-24;7,4;8,9;0;30,4;27,56;24,8;72;3,333333;
1998-11-25;7;4,5;,4;30,2;26,54;23;81,75;3,866667;
1998-11-26;4,6;6,6;3;30,8;26,86;24;80,5;2,3;
1998-11-27;4,4;9,9;0;31;27,3;25;73,75;3,533333;
1998-11-28;6,2;8,7;1;30,6;27,24;24;74,5;2,233333;
1998-11-29;7,5;10;,1;30,8;27,38;23,2;70,75;3,8;
1998-11-30;7,4;10,8;0;31,3;27,18;22;74,5;2,966667;
1998-12-01;6,2;8,6;0;31,9;27,46;22;70,75;2,533333;
1998-12-02;4,4;8,5;0;32;27,64;22,6;70,5;3,333333;
1998-12-03;4,9;10,1;0;31,9;27,34;22,4;71;3,466667;
1998-12-04;5,8;10,1;0;31,2;26,98;20,4;68,75;3,3;
1998-12-05;7,6;10,2;0;30,8;27,54;25;71;2,966667;
1998-12-06;5,5;10,3;3,8;30,6;27,16;22,3;69,25;2,733333;
1998-12-07;8;9,4;0;31,5;27,86;24,6;66;2,733333;
1998-12-08;6,5;10,2;0;30,8;27,42;22,6;69,25;3,066667;
1998-12-09;7,6;11,3;0;30,9;27,74;24,8;68;3,466667;
1998-12-10;8,2;10,4;0;30,8;26,9;21,5;66;2,666667;
1998-12-11;6,6;10,7;0;30,9;26,84;20,8;68,75;3,066667;
1998-12-12;7,8;10,8;0;30,6;27,82;25,4;72,25;3,7;
1998-12-13;7,9;9,8;0;31;27,64;24,8;69,25;2,333333;
1998-12-14;6,3;8,4;0;31,2;27,66;24,6;73;3;
1998-12-15;6,3;9,3;,2;30,8;27,78;24;70,25;4,1;
1998-12-16;6,7;10,6;0;31,4;27,58;21,9;69,5;3,766667;
1998-12-17;6,1;9,4;0;31,7;29,26;25;62;2,9;
1998-12-18;4,4;7,2;0;30,4;27,52;25,6;67,25;2,833333;
1998-12-19;3,9;6,7;0;31;26,74;21;72;3,4;
1998-12-20;6,3;7,6;0;30,8;27,06;21,4;74;3,433333;
1998-12-21;6,1;11;1,6;31,7;27,76;24,5;67,75;3,866667;
1998-12-22;6,5;7,9;,4;31,2;27,3;24,2;71;3,833333;
1998-12-23;7,1;10,2;2,7;31;27,56;22,8;71,75;3,633333;
1998-12-24;6,4;8,9;1,7;31,5;27,42;23;67,75;4,033333;
1998-12-25;6,5;3;3,7;29,8;26,34;23;71,25;4,033333;
1998-12-26;4,7;6,8;,8;30,5;26,88;23,4;66,5;3,966667;
1998-12-27;6,5;9,4;,3;30,9;26,78;20;68,25;4,133333;
1998-12-28;6,5;10,3;0;30,8;27,12;21;70,75;4,133333;
1998-12-29;6,5;8,3;,4;30,5;27,8;25,4;75,5;3,666667;
1998-12-30;6,5;2,5;,4;30,7;27,98;24,8;67,25;2,166667;
1998-12-31;6,2;1,6;0;30;27,54;25,6;72;3,3;
1999-01-01;5,5;10,1;0;30,9;27,5;23,5;71;3,866667;
1999-01-02;6,5;10,3;0;30,8;27,62;25;70;3,3;
1999-01-03;6,9;10,9;0;31,8;27,46;22,2;65,5;3,933333;
1999-01-04;6;8,8;0;31,2;27,12;21,5;72,5;3,1;
1999-01-05;6,1;10;0;30,9;27;21,7;72,5;2,966667;
1999-01-06;7,3;9,4;0;30,8;27,14;22,2;71;4,133333;
1999-01-07;6,5;7,1;0;30,4;27,06;22,8;68,25;2,4;
1999-01-08;5,2;2,2;0;31,3;26,98;22,6;77,25;2,033333;
1999-01-09;4,7;3,7;0;30,4;26,86;22,8;74,75;2,533333;
1999-01-10;5;5,7;3,9;31,3;27,9;24,2;73,25;3,633333;
1999-01-11;6;8,4;1,4;30,7;27,84;25,2;69;3,166667;
1999-01-12;6,5;9,8;0;30,9;27,52;22,7;71,25;2,633333;
1999-01-13;6,9;9;0;31,3;27,92;25,8;73,5;3,3;
1999-01-14;7,1;10,4;,3;31,7;27,8;24,8;68,25;4;
1999-01-15;6,6;10,5;0;30,8;26,98;21;66,5;3,7;
1999-01-16;6;10,6;0;31,3;27,02;20,8;67,5;2,966667;
1999-01-17;5,6;10,4;0;31,6;27,52;21,6;68,25;3,633333;
1999-01-18;6,6;3,6;18,7;29,4;26,1;23,3;74;1,566667;
1999-01-19;2,9;9,9;9,9;30,4;26,7;21,8;73;2,633333;
1999-01-20;5;9,9;0;30,8;26,98;21,7;71;2,233333;
1999-01-21;4,9;10;2;30,4;26,78;22,8;74,75;2;
1999-01-22;5,8;4,9;0;30,8;27,94;25;69,25;3,2;
1999-01-23;8;9,5;,4;31,3;27,52;22,4;74,75;3,366667;
1999-01-24;6,5;10,1;,7;31,3;27,88;24,2;72;2,9;
1999-01-25;6,4;9,2;,7;30,4;27,52;24;72,5;3,2;
1999-01-26;5,7;9,4;6,7;30,6;27,22;22,8;67;3,233333;
1999-01-27;6,2;6,7;0;31,3;27,28;22,7;70,5;3,1;
1999-01-28;5,4;4,4;0;31,4;27,38;21,6;70,25;1,866667;
1999-01-29;4,1;7,2;0;31,6;28;22,2;70,25;2,3;
1999-01-30;7;7,3;0;31,3;28,22;25,6;68;3,3;
1999-01-31;7,1;8,4;0;31,5;27,7;22,7;68,25;2,533333;
1999-02-01;6,1;8,2;0;31,6;27,6;22,8;73,25;2,866667;
1999-02-02;7,4;9,2;0;32,3;27,38;20,6;68;4,066667;
1999-02-03;8,5;10;0;31;28,24;26;65;3,6;
1999-02-04;6,4;9,5;0;31,4;27,3;20,8;64,5;3,366667;
1999-02-05;10,1;3,3;1;30,5;27,72;24;68;3,9;
1999-02-06;8;5,6;3,4;30,6;27,7;25;72,25;3,966667;
1999-02-07;6,3;4,8;1,7;30,1;27,4;25;76,5;3,5;
1999-02-08;7,3;6,9;2,4;31,3;28,1;26,2;66;3,633333;
1999-02-09;7,4;7,5;0;31,3;27,16;22,6;76,75;3,8;
1999-02-10;6,3;10,5;0;31;27,22;22,8;64,25;3,2;
1999-02-11;7,4;9,9;0;31;27,22;20,6;66;2,733333;
1999-02-12;7,1;1,5;,6;30,6;27,86;26,2;79,25;2,5;
1999-02-13;5,1;8,7;2;30,6;28,4;26,7;71,5;4,133333;
1999-02-14;7,8;9,9;0;30,9;28,22;26,3;72;4,033333;
1999-02-15;7,4;7,9;,8;31,3;27,9;24;70,75;2,933333;
1999-02-16;6,2;11;,5;31,5;27,86;23,4;70,75;3,066667;
1999-02-17;7;9,6;0;31,5;28,58;26,9;67,25;3,933333;
1999-02-18;6,5;3,6;,3;31,5;27,76;24;71;3,133333;
1999-02-19;5,5;9,6;,2;31,8;28,3;23,8;66,75;3,866667;
1999-02-20;7,4;9,9;0;31,2;28,4;26,8;70,5;2,6;
1999-02-21;6,9;8,3;0;31,7;28,9;26,3;69;4,533333;
1999-02-22;8,8;1,9;0;30;27,58;25,5;72,25;3,6;
1999-02-23;7,2;4,9;1,4;31,5;28;25,2;74;3,8;
1999-02-24;9,2;8;0;31;27,3;21,4;67,5;4,266667;
1999-02-25;6,4;5,1;0;30,8;27,1;21,6;74,75;3,066667;
1999-02-26;5,8;6,8;4,5;31;27,78;24,2;77,5;4,133333;
1999-02-27;8,4;10,4;0;31,3;28,26;26;69,5;4,766667;
1999-02-28;7,6;9,1;0;31,3;27,5;21,4;67,5;3,033333;
1999-03-01;8;9,2;0;31,3;27,84;23,2;67,25;4,333333;
1999-03-02;7,8;9,1;0;31,5;27,76;23;69,25;4,066667;
1999-03-03;6,2;8,8;4,2;31,3;27,84;23,6;73,5;3,166667;
1999-03-04;6;9,1;0;31,5;27,52;23,2;70,75;2,966667;
1999-03-05;8;9,7;0;31,3;27,6;22,8;72;2,9;
1999-03-06;7,9;9,7;0;31,6;28,28;25,4;68,5;3,166667;
1999-03-07;6,6;8,4;0;32,1;28,1;22,6;68,75;4,7;
1999-03-08;9;8,6;0;31,5;28,68;27,2;72,5;4,766667;
1999-03-09;8,7;10,7;0;31,9;28,82;27;67;3,366667;
1999-03-10;7,8;10,5;0;31,6;28,46;26,4;66,5;3,666667;
1999-03-11;8,6;10,7;,1;31,7;28,8;26;65;3,433333;
1999-03-12;5,8;3,7;81,3;29,8;26,16;23,5;83,5;2,066667;
1999-03-13;1,8;8,9;4;31,3;27,68;23,8;74,75;1,9;
1999-03-14;4,2;2,4;3;29,5;26,68;24,7;79,5;2,166667;
1999-03-15;3,2;9,1;8,6;30;27,26;23,2;67,5;2,833333;
1999-03-16;5;10,3;0;30,8;26,9;21,2;75,75;3,133333;
1999-03-17;3,4;2,3;4,5;29,5;25,96;23,4;88,5;2;
1999-03-18;3,4;4,2;70,7;29,7;26,22;22,7;81,75;1,3;
1999-03-19;3,8;7,5;0;30,2;27,28;23,6;73;2,833333;
1999-03-20;7;8,8;0;30,2;27,02;22,3;68,5;3,333333;
1999-03-21;5,2;1,5;13,7;29;26,5;24,4;87,75;2,433333;
1999-03-22;5;10,6;1,2;30,3;27,68;25;72;3,866667;
1999-03-23;5,8;9,4;0;30,2;26,74;21,4;74,5;2,966667;
1999-03-24;5,7;7,6;1;30,2;27,02;22;73,25;2,366667;
1999-03-25;4;7,1;3,2;30,6;26,92;23,2;79;2,533333;
1999-03-26;5,3;8;0;30,1;28,06;26;74;3,7;
1999-03-27;5;10,2;0;30,4;27,5;23,6;74,25;2,4;
1999-03-28;5,2;6,2;0;29,8;27,08;23,6;75,5;3;
1999-03-29;4,1;9,2;0;30,5;27,22;22,5;73,25;2,9;
1999-03-30;6;10,1;0;30,4;27,32;22,8;67,5;3,533333;
1999-03-31;5,7;8,2;1,4;30;27,04;22;70,75;2,833333;
1999-04-01;5,4;6,4;1,8;30;26,8;21,8;72,75;2,666667;
1999-04-02;5,8;9,8;0;30;26,9;20,8;67,25;2,033333;
1999-04-03;5,9;10,2;0;31,6;27,36;21,5;67;3,866667;
1999-04-04;6,2;9,7;0;31,4;27,62;22,7;72,5;3,5;
1999-04-05;5;5,3;0;30,6;27,66;24,8;74;3,033333;
1999-04-06;5,2;9,4;0;30,2;27,68;25,9;70,5;3,166667;
1999-04-07;5,4;9,5;0;30,5;27,26;22,4;73;3,7;
1999-04-08;5,7;10;0;30,6;27,2;21,8;70;3,3;
1999-04-09;6,7;10;0;30;26,62;21,3;70,25;3,9;
1999-04-10;5,2;9,8;0;30,8;27,26;21,4;68,25;3,3;
1999-04-11;5,3;8,6;2;30,8;27,46;22,6;75,75;3,433333;
1999-04-12;5;2,1;9,8;30;26,62;24,4;85,75;3;
1999-04-13;3,2;4,6;,3;29,6;26,8;23;79,5;2,866667;
1999-04-14;3,1;9,6;4;30,5;27,22;22,7;72,75;2,066667;
1999-04-15;4,6;8;4;30,2;27,16;22,5;76,5;4,033333;
1999-04-16;4,1;9;0;30,2;27,2;23,2;70;2,533333;
1999-04-17;5,8;9,8;0;30,8;26,92;21,4;74,25;2,233333;
1999-04-18;5,9;7,8;0;30,4;27,84;24,8;70;3;
1999-04-19;4,7;7,3;0;30,8;27,4;23,2;70;2,633333;
1999-04-20;5,6;10,1;0;30,6;27,24;22,6;65,5;3,566667;
1999-04-21;7,5;9,2;0;30,6;26,72;20,6;70,75;2,2;
1999-04-22;4,9;9,6;0;31,3;27,38;22,2;72,25;2,4;
1999-04-23;4,6;8,7;14,6;30,3;27,14;23,6;73;3,566667;
1999-04-24;5;7,5;1;30,4;27,08;22,2;72,5;3,233333;
1999-04-25;7,7;9,6;,5;30,6;27,8;24,8;67;4,3;
1999-04-26;5,7;10,1;0;30,7;26,9;23;74,5;3,966667;
1999-04-27;5,8;8,9;4;30,2;25,86;22;84,75;2,633333;
1999-04-28;4;3,6;21,6;29,8;25,32;23;86,5;2,2;
1999-04-29;7,2;4,5;18,9;29,2;26,64;23,4;76,75;2,7;
1999-04-30;3;4;20,9;28,8;25,1;23;90,5;2,933333;
1999-05-01;1,5;2,4;42,7;29;24,82;23;92,75;1,2;
1999-05-02;1,8;9,3;2,7;29,8;26,9;22,2;73,75;3,033333;
1999-05-03;3,7;6,7;1,7;30;26,42;22,6;76,5;3,2;
1999-05-04;5;7,8;4;29,7;26,98;22,2;77,25;2,633333;
1999-05-05;4,3;4,1;1,2;29,2;25,72;22,6;86;2,366667;
1999-05-06;1,7;5,5;75,1;29,2;24,82;22,6;82;1,7;
1999-05-07;2,3;1;8,1;28,5;24,92;23,3;87,5;1,9;
1999-05-08;2,1;9,3;0;29,5;25,4;21;83,25;1;
1999-05-09;2,6;4,1;,2;27,7;25,7;22;85,5;1,966667;
1999-05-10;2,5;8,7;10,6;29,2;26,3;24,2;80,5;3,3;
1999-05-11;3,1;9,8;,6;29,5;25,52;21,6;83,75;2,566667;
1999-05-12;2,9;8,5;,4;29,5;25,96;22,4;80,75;1,433333;
1999-05-13;2,5;9,8;,1;29,9;26,66;22;76,75;2,2;
1999-05-14;3;9,6;0;30,4;27,24;23,2;77,5;2,166667;
1999-05-15;3,2;3,7;8,8;28,6;26,12;23,9;80,25;1,766667;
1999-05-16;2,4;7,7;,2;29,4;26;22,9;85;2,633333;
1999-05-17;3,7;6,3;0;30,4;26,56;23,7;81;2,533333;
1999-05-18;2,3;8,7;,6;29,8;25,8;22;84;1,933333;
1999-05-19;2,7;7,2;2;29,7;26,64;22,2;75;3,366667;
1999-05-20;4,3;3,8;7,2;29,6;25,18;23;92,25;2,233333;
1999-05-21;1,7;3,7;79,8;28,5;24,7;23,3;93,5;1,166667;
1999-05-22;1,5;8,6;,4;29,9;26,82;22,3;80;2,166667;
1999-05-23;4;8,1;2,6;29,1;25,68;23;83,5;3,966667;
1999-05-24;4,1;8,5;10,7;29,3;25,36;21,2;81,75;3,033333;
1999-05-25;3,5;8,8;3,7;29,1;24,82;20,8;86,5;2,633333;
1999-05-26;3,3;1,4;11,6;28;26,14;23;77,75;3,166667;
1999-05-27;3,2;8,8;29,8;29,3;25,38;23;77;4,2;
1999-05-28;3,4;10,1;1;29,2;25,58;22,2;71;2,333333;
1999-05-29;5,9;9,9;,2;29,5;24,48;19,3;79,75;2,766667;
1999-05-30;4,1;10;,1;29,4;25,98;22,4;76,5;2,6;
1999-05-31;4,2;8,3;0;29,8;26,34;23;75;2;
1999-06-01;3,8;9;0;29,4;24,88;20,7;81,75;2,433333;
1999-06-02;3,9;8;3;29;25,16;21,9;81;2,9;
1999-06-03;5;,9;9;28;24,48;22,2;87,75;1,533333;
1999-06-04;,9;8,6;18;28,6;24,48;22;85,5;3,233333;
1999-06-05;3,6;6,2;5;28,6;24,28;22;85;2,7;
1999-06-06;2,7;10,3;,3;28,7;24,64;20,2;83,25;2,133333;
1999-06-07;3,3;9,7;0;29,2;25,2;22,2;80,75;3,033333;
1999-06-08;3,9;9,3;,7;29,1;25;21,4;82,5;2,5;
1999-06-09;4,1;7,8;2,2;28,8;25,84;22;80,5;3,666667;
1999-06-10;4;0;7;26,4;25,22;23,5;86,25;3,3;
1999-06-11;3;9,4;6,3;28,8;26,44;23,6;74,5;3,766667;
1999-06-12;5,4;9,3;1;28,6;25,74;23,4;74,25;3,533333;
1999-06-13;3,8;9,4;0;29,2;24,8;22,2;85;1,6;
1999-06-14;2,9;8,1;0;28,8;25,14;20;81,5;3;
1999-06-15;3,5;2,6;0;29;25,96;20,6;76,5;1,766667;
1999-06-16;3,1;7,1;0;28,7;25,76;22;75;3,233333;
1999-06-17;3,4;9,2;0;29;25,72;21,6;76,75;2,7;
1999-06-18;4;9;0;28,8;24,1;21,5;82,5;1,766667;
1999-06-19;3;6,5;0;29;24,68;20,6;88,25;2,2;
1999-06-20;2,4;7,1;2,7;28,9;25,86;21,3;76,75;3,5;
1999-06-21;4;9,3;1;28,8;26,04;23;75,25;2,4;
1999-06-22;4;7,6;,4;28,4;24,46;21,4;81;2,833333;
1999-06-23;4;9,3;2,8;28,8;25,48;21,2;66,75;2,3;
1999-06-24;3,5;8,1;0;28,7;24,92;19;77,5;3,133333;
1999-06-25;4,5;3,6;0;28,7;26,04;23,4;75,25;2,966667;
1999-06-26;3,9;9,1;0;28,9;25,62;21,5;74,5;3,866667;
1999-06-27;4,5;7,2;0;28,8;25,16;22,5;80,75;3,533333;
1999-06-28;3,8;3;53,3;27,7;23,98;21,9;90,5;3,266667;
1999-06-29;2,3;8,8;9;28,4;24;20;83,5;1,6;
1999-06-30;3,1;9,7;3,6;28,3;23,46;20;81,75;1,3;
1999-07-01;3,5;9,2;0;28,2;23,68;18,6;82,5;1,766667;
1999-07-02;3,7;8;4;28,4;25,3;20,6;64;4,233333;
1999-07-03;5,5;8,5;0;28,5;25,38;21,5;69,25;4,7;
1999-07-04;4,8;8,3;2;27,9;23,66;20,2;87;3,166667;
1999-07-05;2,5;1,9;2,7;27,7;23,88;21,6;83,75;2,533333;
1999-07-06;2,7;1,9;1;26,7;23,22;21;94,25;2,333333;
1999-07-07;,8;6,1;56,7;27,8;24,04;21,4;85,5;2,033333;
1999-07-08;4,1;10;4,4;28,4;23,84;20,6;77,5;2,666667;
1999-07-09;4,2;9,8;0;28,6;23,88;19,6;81,5;2,533333;
1999-07-10;4;10;0;27,5;23,1;19,4;77;2;
1999-07-11;3,5;9,2;0;28,4;24,9;23;80,25;3,433333;
1999-07-12;4;7,1;15,4;28;23,92;22;86,75;3;
1999-07-13;4;8,7;1,8;27,8;25,06;21,8;78;3,4;
1999-07-14;3,7;8,9;10;28,2;25,62;21,8;71,5;3,833333;
1999-07-15;5,3;9,1;0;28,4;24,24;18,8;83,75;2,966667;
1999-07-16;5,5;5,5;15,9;28,4;24,9;22,4;79,75;2,766667;
1999-07-17;2,7;2;45,4;28,1;24,5;21;82,5;2,9;
1999-07-18;3,2;4,9;35,6;28,4;26,18;24,8;74,75;4,433333;
1999-07-19;4,2;1;1;27,6;23,82;21,6;86,5;5,266667;
1999-07-20;3;2,9;5,2;27,7;24,9;22,4;75,25;3,866667;
1999-07-21;5,4;8,4;0;27,6;23,82;21,9;75,5;3,533333;
1999-07-22;5;8,1;,2;27,6;24,38;20,2;74,75;3,3;
1999-07-23;3,8;7,3;,2;27,9;23,78;20;80,5;2,966667;
1999-07-24;3,9;4,1;1,1;27,2;25,16;22;72,25;5,1;
1999-07-25;6,3;8,1;0;28,2;25,18;22,7;76,75;2,966667;
1999-07-26;5,5;5,8;11,3;27,6;24,6;22;75,75;5,833333;
1999-07-27;5;4,6;24,7;27,8;25,12;21,6;75,5;3,966667;
1999-07-28;4,6;9,5;0;28,1;24,1;20,6;78,75;2,566667;
1999-07-29;4,3;,7;10;25,9;23,76;19;80,75;4,166667;
1999-07-30;3,4;6,1;7,8;27,5;23,3;19,6;86,25;2,533333;
1999-07-31;2,7;9,3;3,2;27,5;21,94;17;80,5;2,2;
1999-08-01;4,7;10,1;0;27,6;22,54;16;76,25;3,733333;
1999-08-02;3,8;9,1;0;27,7;23,04;18;75,75;3,366667;
1999-08-03;5,6;8,7;1,5;27,4;22,38;18;74,25;3,366667;
1999-08-04;4,4;9;,4;27,6;21,82;15;76,5;2,766667;
1999-08-05;4,3;8,1;1;27,6;22,94;16,2;78,5;3,966667;
1999-08-06;4;5,1;4,6;27;23,72;18;79,5;2,933333;
1999-08-07;4,7;9,5;,2;28;25,12;23,4;74,25;3,6;
1999-08-08;3,9;9;,1;27,9;23,82;19,6;84,75;1,433333;
1999-08-09;4;9,3;,5;27,9;24,68;20;70;4;
1999-08-10;3,9;8,6;1,9;27,8;25,54;23,2;69,25;2,533333;
1999-08-11;4,3;6,2;0;27,5;24,16;22,2;77,25;4,6;
1999-08-12;3,4;9,3;1;28,3;23,8;19,9;78,75;2,8;
1999-08-13;3,8;3,1;,5;28;23,4;19,4;85,5;2,233333;
1999-08-14;1,5;,2;25,8;26;23,16;20;89,75;2,633333;
1999-08-15;1,5;9,8;6,9;28,4;23,8;21;78;2,466667;
1999-08-16;4,4;5,8;0;26,6;23,64;21;85;2,833333;
1999-08-17;4;8,8;5,6;27,8;24,44;22,7;81;2,266667;
1999-08-18;3,8;9,5;18,4;28,1;23,82;20;79,75;3,766667;
1999-08-19;5,2;9,3;0;27,8;23,92;20,5;74;3,966667;
1999-08-20;5;7,3;3,6;28;24,48;20;75,75;3,533333;
1999-08-21;2,6;5,2;14,5;27,6;23,86;20,1;80,75;4,1;
1999-08-22;4;5,7;5,6;27;24,12;22;81;4,066667;
1999-08-23;3,8;7,3;12,4;26,9;23,84;21,3;80,5;4,233333;
1999-08-24;4;10;4,6;28;24,82;20,8;79,5;3,333333;
1999-08-25;3,2;,9;8;26,9;24,6;22,6;82,75;3,5;
1999-08-26;4,3;7,6;6,9;27,4;22,96;20,4;85,25;2,2;
1999-08-27;3,5;7;0;27,4;24,04;18,2;74;3,766667;
1999-08-28;4,6;6,8;1,1;27,6;24,22;21;78,75;3,033333;
1999-08-29;3,7;0;1;25,4;23,22;21;92,25;2,233333;
1999-08-30;1,7;4,3;7,1;27,7;23,92;21;83,75;2,5;
1999-08-31;2,8;3,4;9;27,7;24,8;22,2;72,25;4,9;
1999-09-01;5,8;7,3;,1;27,4;23,66;19,6;81,5;2,666667;
1999-09-02;2;3,5;18,4;27,7;24,74;20,4;75,5;4,133333;
1999-09-03;5;9,8;,7;27,8;25,1;22,4;71,75;4,033333;
1999-09-04;5;5,7;3,6;27,8;24,08;21,5;76,5;3,333333;
1999-09-05;4,3;4,1;,2;26,7;24,28;20,5;80,25;3;
1999-09-06;2,1;1;8,5;26,9;23,26;21,2;90,25;2,433333;
1999-09-07;1,6;6,2;2,7;27,8;24,56;20;79,5;2,9;
1999-09-08;3,7;7,8;,6;28;25,58;22,3;76,5;3,533333;
1999-09-09;4,3;9,6;0;28,2;25,88;24,4;73,25;3,3;
1999-09-10;7;10,1;0;28,2;25,74;23;71;4,1;
1999-09-11;6,3;6,8;0;27,9;25,7;24,5;75,75;4,1;
1999-09-12;4,3;,7;,8;27,1;25,02;21,8;78;3,7;
1999-09-13;4,5;6,4;11,8;28,2;25,82;24;76,25;3,433333;
1999-09-14;4,9;8,9;1,4;28;25,44;23;71,75;4,1;
1999-09-15;4,6;4,3;0;27,9;25,1;21,4;76,5;2,433333;
1999-09-16;4,5;5,9;,5;27,9;25,8;23,6;77;4,366667;
1999-09-17;4,5;2;4,4;27,9;25,18;22,4;77,75;2,166667;
1999-09-18;3,7;7,7;5,5;27,8;25,46;23;75,75;4,3;
1999-09-19;4,2;8,2;4,8;27,5;24,14;21,7;79,5;3;
1999-09-20;3,6;5,8;2,5;27,6;25,12;21,5;72,5;3,766667;
1999-09-21;4;9,3;0;28,6;24,8;20;77,5;3,3;
1999-09-22;4,2;8,6;0;29,3;25,6;21,4;71;3,433333;
1999-09-23;5;8;0;29,4;25,58;20,6;76,75;2,1;
1999-09-24;4,5;10;0;29,9;26,6;23,4;73,5;3,4;
1999-09-25;5,5;7,1;0;30,1;26,52;22,6;71,75;4,066667;
1999-09-26;7,6;9,6;0;29,6;26,7;24,6;69,5;5,366667;
1999-09-27;6;2,7;2,4;28,6;25,74;24,2;79,75;4;
1999-09-28;3,6;7,7;1,4;29,1;26,08;22;75,5;3,833333;
1999-09-29;4,4;9,2;2,5;29;26,48;24,8;73;2,733333;
1999-09-30;5;9,7;0;29;25,46;20,2;68,25;3,4;
1999-10-01;4,8;8,9;0;29,7;25,58;20;74;3,6;
1999-10-02;5,8;10,4;,3;29,9;26,42;22,3;72;4,066667;
1999-10-03;6,2;8,8;0;29;26,42;24,8;68,75;3,966667;
1999-10-04;6;8,2;0;29,6;24,46;20;74,75;4,4;
1999-10-05;5;7,6;8,1;28;25,3;22;73,25;3,433333;
1999-10-06;6,2;7,3;2,2;28,9;24,76;19,7;63,25;4,233333;
1999-10-07;6,5;9,5;0;29,2;24,7;19,4;74,5;3,866667;
1999-10-08;5,5;2;28,3;26,9;23,94;21;85,5;3,8;
1999-10-09;2,2;10,2;17;28;24,8;20,2;77;2,833333;
1999-10-10;4,5;10,5;0;28,6;25,62;20,5;72,75;3,066667;
1999-10-11;5,5;9,5;0;29,2;25,84;21,6;73,75;2,533333;
1999-10-12;4;2,1;5,4;27,8;25,54;23;84,25;3,4;
1999-10-13;3,8;10,9;4,4;28,4;25,92;24,2;70,25;3,866667;
1999-10-14;6,4;10,4;0;28,7;26,16;24;68,25;2,433333;
1999-10-15;6,3;10,3;,3;28,7;25,64;21,8;70,25;4,3;
1999-10-16;6,1;9,9;2,6;28,4;25,22;21,2;66,75;3,866667;
1999-10-17;5,6;9,7;0;28,8;25,34;19,8;70;2,533333;
1999-10-18;6,3;7,4;0;29,7;26,6;24;71;3,5;
1999-10-19;6,5;8,9;0;29,2;26,8;24,8;70,75;3,033333;
1999-10-20;6,2;8,6;0;29;26,62;24,4;72;2,3;
1999-10-21;5,3;8,8;13,6;28,6;25,76;23;78,25;3,1;
1999-10-22;4;7,2;0;30,7;26,08;21;77,25;2,6;
1999-10-23;5;4,3;0;29,4;26,66;24,2;72;2,866667;
1999-10-24;4,2;9,8;0;29,5;26,2;21,7;68;2,666667;
1999-10-25;4,8;9,9;0;30,1;26,1;21,4;73,25;2,166667;
1999-10-26;4,5;2,3;0;28,8;26,64;24;71;2,466667;
1999-10-27;3,8;7;3;29,6;26,04;22,6;80,25;1,9;
1999-10-28;3,9;7,4;1,1;29,4;26,22;22;78,5;2,333333;
1999-10-29;4,3;10,7;4;29,6;26,76;24,6;71;2,8;
1999-10-30;5;8,3;0;29,5;26,44;22;76,25;2,966667;
1999-10-31;5;10,5;0;29,7;27,02;25;74,25;2,966667;
1999-11-01;6,5;8,7;0;29,8;27,12;25;75,75;3,233333;
1999-11-02;5,2;8,7;,2;29,9;27,1;25,2;71;3,633333;
1999-11-03;5,3;7,9;1,5;29,8;26,96;23,8;74,5;2,166667;
1999-11-04;5,6;8,4;0;29,6;26,68;23,8;73,75;3,133333;
1999-11-05;8;9,1;,4;29,4;26,38;22;70,5;3,3;
1999-11-06;6,6;11,2;,7;30,4;26,7;21,7;69,25;3,233333;
1999-11-07;5,7;4,3;,5;29,6;26,76;22;76,25;3,633333;
1999-11-08;5,5;6,5;,3;30,3;27,36;25;75,75;4,2;
1999-11-09;7,7;2,6;,9;29,4;26,36;24;79;3,433333;
1999-11-10;3,5;8;3,2;29,2;26,06;22,8;75,75;2,866667;
1999-11-11;5;2;6,2;28,6;25,7;22,9;78,5;2,333333;
1999-11-12;4,8;9,9;0;29,3;26,6;21,9;69,5;3,533333;
1999-11-13;6,8;8,1;2;30;26,94;23,5;74,25;3,333333;
1999-11-14;6,8;8,8;0;30,1;26,96;24,5;72,5;3,466667;
1999-11-15;4,4;8,8;0;30,8;26,52;22;75,25;2,533333;
1999-11-16;4,8;10,4;0;31,8;26,96;21,8;72;3,133333;
1999-11-17;4,5;10,3;0;30,7;26,96;21,2;71,25;3,5;
1999-11-18;7;10,7;0;30,8;27,3;23;70,5;2,8;
1999-11-19;6;10,8;3;30;27,08;25;65,25;2,433333;
1999-11-20;6,2;10,8;0;30,6;26,34;19,7;63;3,066667;
1999-11-21;7;9,7;0;31,5;26,86;20,2;69,25;2,733333;
1999-11-22;6,7;10,7;0;30,6;27,7;26;67,5;3,6;
1999-11-23;5,9;10,8;0;30,1;26,4;20,4;69;3,566667;
1999-11-24;8;10,1;0;29,8;26,62;23;66,5;3,4;
1999-11-25;6,9;9,7;0;29,9;26,22;20,6;66,25;3,733333;
1999-11-26;6,7;8,6;0;30,5;26,82;21,3;67,75;3,4;
1999-11-27;8;5,1;0;30,8;27,7;26;72;3,233333;
1999-11-28;4,3;8;0;31,3;27,14;22;69,5;3,266667;
1999-11-29;5,9;10,2;0;30,7;27,14;22,4;71,5;3;
1999-11-30;7;8,6;0;30;26,3;21,6;71,5;2,733333;
1999-12-01;6,4;9,8;0;30,2;26,76;21,2;69;3,8;
1999-12-02;7;8,4;,3;30,1;26,92;22,6;71,25;3,533333;
1999-12-03;8,1;10,9;,7;30,3;27,44;25;70,5;4,2;
1999-12-04;5,9;4,4;11;28,8;26,42;22,5;76,5;4,3;
1999-12-05;5,7;8,8;,5;29,7;27,22;24;70,25;3,8;
1999-12-06;7,1;10;,7;30,1;27,36;25;70,5;3,233333;
1999-12-07;9;6,8;,1;30,2;27,66;25,6;69,75;4,666667;
1999-12-08;8;6,8;6;29,7;26,78;24,4;72,5;3,866667;
1999-12-09;6,8;9,3;1;29,8;27,3;24,6;69,5;3,766667;
1999-12-10;7,2;9,5;,4;30;27,18;24;74,5;4,7;
1999-12-11;5,2;9,8;,5;30,5;27,32;24;76;3,566667;
1999-12-12;5,8;9,4;1;30,4;27,44;24;70,5;3,833333;
1999-12-13;5,5;9,2;,3;30,2;27,48;24,9;71,5;4,066667;
1999-12-14;6,7;8;0;30,1;27,08;23,8;72,75;3,133333;
1999-12-15;4,7;8,3;0;31,6;27,1;21;73,75;2,433333;
1999-12-16;3,6;6,9;,5;32,1;27,8;23;71,5;3,966667;
1999-12-17;5;4,3;0;31,5;27,62;23,8;74,5;3,433333;
1999-12-18;4,5;5,9;0;31,5;27,46;25;72,25;2,366667;
1999-12-19;4;4,8;5,3;30,7;27,06;22,7;70,75;2,933333;
1999-12-20;3,5;,1;3;30,6;26,64;24,3;75,5;4,3;
1999-12-21;4,4;,2;2;29;27,28;25;75,25;3,366667;
1999-12-22;5;5,5;0;30,7;27,56;25,8;76;3,966667;
1999-12-23;7;7,5;1;30,7;27,86;26;73;2,866667;
1999-12-24;6;7,5;1,6;30;27,58;25;72;3,933333;
1999-12-25;5,4;,8;4,5;29,6;27,1;25;74,75;4,633333;
1999-12-26;5,2;9,7;,9;30;26,84;22,2;71,5;4,3;
1999-12-27;4,4;10,3;1,9;30,2;27,18;23,9;73,25;2,566667;
1999-12-28;4,6;9,3;3,4;31,4;27,12;22,6;73;2,633333;
1999-12-29;3,3;0;1,4;29,2;26,1;22,8;86,25;2,5;
1999-12-30;1,6;0;56,5;28,7;26,24;22;83,75;2,466667;
1999-12-31;4,5;8,4;,4;29,7;27,08;23,6;69,75;2,366667;
2000-01-01;4,2;10,1;4,2;29,6;26,42;22,4;73,75;2,633333;
2000-01-02;5;7;3,1;29,6;26,98;22,6;71;3,7;
2000-01-03;5,2;2,8;3,4;28,7;25,94;24;89,25;1,2;
2000-01-04;2;3,7;16,2;29,6;26,72;23;77;2,733333;
2000-01-05;3,8;2,5;13,1;28,9;25,58;22,8;86,5;2,4;
2000-01-06;2;4,2;27,3;28,9;24,66;22,9;89,75;1,733333;
2000-01-07;1,6;,7;117;27,2;24,12;22,4;93,25;1,066667;
2000-01-08;1,5;,3;25,2;27,8;25,7;23;85,75;3,066667;
2000-01-09;2;8,4;24,8;29,4;26,78;24,4;76;3,366667;
2000-01-10;4;9,3;4,6;29,4;26,54;24;68,5;2,833333;
2000-01-11;4,5;11,5;0;29,4;26,04;21,6;75,25;2,966667;
2000-01-12;5,7;10;,3;29,5;26,56;22,3;73,25;2,233333;
2000-01-13;2,3;5,8;0;29,8;26,88;22,8;78;2,633333;
2000-01-14;4,1;4,8;2,4;29,7;26,34;23,4;84,5;3,533333;
2000-01-15;3,7;11;11,3;30,3;26,62;24,7;76,25;2,166667;
2000-01-16;4,4;9;0;30;27;21,6;72,75;2,3;
2000-01-17;3,7;7;0;29,9;27,18;23,4;76;3,5;
2000-01-18;3,4;6,7;12,5;29,8;26,92;22,4;74,75;3,566667;
2000-01-19;5,5;9,9;1,4;30,2;26,9;23,3;68,25;2,166667;
2000-01-20;3,6;11;0;31,9;27,06;21;73,75;2,633333;
2000-01-21;3,4;8;0;31,9;27,64;23,2;75;3,233333;
2000-01-22;2,7;6,4;0;31;27,96;24,2;71,75;2,6;
2000-01-23;4,4;7,2;0;30,2;26,66;22,7;77,75;1,9;
2000-01-24;3,8;10,3;0;31,2;28,48;22,6;64,75;2,3;
2000-01-25;3,7;9,4;0;31,5;27,5;22,4;73;2,533333;
2000-01-26;4;9,8;4,3;30,4;27,14;22,7;75;2,733333;
2000-01-27;4,5;8,2;0;30,6;27,16;23;71,5;2,166667;
2000-01-28;4,3;9,5;0;30,6;27,2;22,4;72,5;2,9;
2000-01-29;5,6;8,7;0;30,8;27,72;22,8;71,25;2,866667;
2000-01-30;6,9;8;0;30,4;27,2;23;81;3,266667;
2000-01-31;5,5;7,6;5,3;30,1;26,9;22;74;3,533333;
2000-02-01;4,7;6,2;7,7;29,6;27,02;23;75,5;3,8;
2000-02-02;5;10,7;0;31,6;27,36;22,8;76;1,366667;
2000-02-03;4;10;0;31,9;27,48;23,4;75,75;2,733333;
2000-02-04;3,8;8,6;0;32;27,68;23,4;74,75;3,233333;
2000-02-05;4,3;10,5;0;31,9;27,8;22,6;73,5;2,766667;
2000-02-06;5,6;6,4;0;30,4;27,62;23,4;73,75;3,366667;
2000-02-07;6;11,1;1;31,2;27,6;23,8;71;2,966667;
2000-02-08;6;8,7;15,3;30,2;27,58;23,6;72,5;3,433333;
2000-02-09;6,2;7;0;30,4;27,04;22,5;76;3,4;
2000-02-10;5,8;5,2;,4;30,6;27,54;24,6;75;2,866667;
2000-02-11;6,7;10,7;0;30,4;27,42;23,8;69,75;3,866667;
2000-02-12;5,9;11;0;30,8;27,12;21;69,25;2,8;
2000-02-13;6,4;7,7;0;30,1;26,6;22,2;79;3,033333;
2000-02-14;4,2;2;7;30,2;26,12;23;78,5;2,9;
2000-02-15;4,1;6,5;0;31,4;26,62;23;83,75;2,2;
2000-02-16;3,3;3,2;6;29;26,42;23,7;84,5;2,7;
2000-02-17;2,4;10,2;9;30,1;27,18;22,5;78;4,933333;
2000-02-18;5,8;11,2;0;30,8;28,14;26,4;70;3,766667;
2000-02-19;7;7,9;0;31,4;27,58;23,7;72,25;2,733333;
2000-02-20;5,6;0;,6;28,5;26;24,4;82,25;1,966667;
2000-02-21;2,4;9,3;1,1;30,4;27,22;22,2;76,5;2,566667;
2000-02-22;4,4;2,4;12,2;28,9;26,02;23,3;87;,966667;
2000-02-23;2,8;,4;6,2;26;24,2;23,5;92,75;1,633333;
2000-02-24;,9;9,3;12,1;29,9;25,96;22,6;84;2,466667;
2000-02-25;3,2;4,8;0;30,3;26,64;21,8;78,75;1,066667;
2000-02-26;4,4;,3;0;29,8;26,98;23,2;84,25;3,3;
2000-02-27;4,1;10,5;9,3;30,2;27,8;24,8;71,75;3,3;
2000-02-28;5,6;6,7;0;30,4;27,18;22,7;73;3,566667;
2000-02-29;5,8;6;0;30,5;27,64;23;70,25;3,5;
2000-03-01;5,7;4,3;5,2;30;27,04;22,8;77,75;2,733333;
2000-03-02;5,7;8,6;1;30,7;27,86;24,7;72;2,366667;
2000-03-03;5,4;3,4;13;29,8;26,38;22,9;77,75;2,866667;
2000-03-04;5,2;7,5;1,7;30,4;27,4;22,1;73;4,333333;
2000-03-05;6;8,5;4,6;30,2;27,4;23,2;75;3,3;
2000-03-06;6,8;9,6;,1;30,4;27,74;23,5;71,5;3,233333;
2000-03-07;4,7;3;16;29,5;25,76;23,6;90,5;2,133333;
2000-03-08;2,2;8;,9;30,7;27,44;22,4;76,75;3,366667;
2000-03-09;5,3;8,1;4,8;30,4;27,32;24;78;2,933333;
2000-03-10;4,8;0;1,9;29,4;27,36;24;75,75;3,233333;
2000-03-11;4,2;9,3;1,2;30,5;27,36;23;71,25;2,166667;
2000-03-12;5,1;10,1;0;31;27,38;22;67,25;2,7;
2000-03-13;6;7,8;0;31,5;27,96;24;70,25;2,866667;
2000-03-14;4;7,9;1,6;31,3;27,6;23,1;77,5;3;
2000-03-15;5,4;9,2;0;30,9;27,96;24,9;67,75;2,866667;
2000-03-16;7,9;6,1;0;30,7;27,86;24;66;3,233333;
2000-03-17;6,3;9,5;0;30,8;27,62;22,9;67,5;3,6;
2000-03-18;6;9,3;0;30,9;27,8;23,2;70,5;2,166667;
2000-03-19;6;9,2;0;31;27,8;23,6;71,25;2,866667;
2000-03-20;6,9;9,3;2,6;30,7;28,02;24,7;69,75;1,966667;
2000-03-21;6,2;7,5;14,2;30,2;26,86;23;70,5;2,8;
2000-03-22;5,6;10,6;0;30,7;27,1;21;65,5;2,733333;
2000-03-23;5,9;10;,7;30,6;27,7;22,9;70,25;3,866667;
2000-03-24;6;7,1;10,7;30,2;27,28;23,9;78,5;2,833333;
2000-03-25;5;8;19;30,2;25,04;20,2;85,25;2,766667;
2000-03-26;3,6;9,5;10;30;27,42;23,4;74,25;2,3;
2000-03-27;3,8;8;23;30;27,38;23,6;76;4,733333;
2000-03-28;4,2;6,6;10,4;29,9;26,92;23,8;79,75;3,3;
2000-03-29;4;3,7;1;29,7;27,2;24,5;80;1,566667;
2000-03-30;3,4;,2;27,8;27,8;24,36;22,5;90,75;2,2;
2000-03-31;2,8;2;2,7;29,7;26,1;22,4;82,75;1,5;
2000-04-01;3;3,8;21;30;26,7;23,1;84,5;2,4;
2000-04-02;4,3;9,6;1,5;30,3;28,12;26,2;72,5;3,3;
2000-04-03;4,9;8,6;1,2;30;26,2;23,6;84;3,3;
2000-04-04;3,4;9,6;41,4;29,9;27,56;23,8;68,5;4,8;
2000-04-05;4,3;10,4;0;30,1;27,4;22,8;74;3,766667;
2000-04-06;5,5;8,1;18;29,9;27,3;23,5;77,5;2,733333;
2000-04-07;5,5;10,4;,3;30,2;26,12;22,2;81;3,466667;
2000-04-08;3,7;1,3;19,9;27,5;24,42;22,6;96,75;1,3;
2000-04-09;,8;1,6;117;28,4;25,38;22;86;2,3;
2000-04-10;2,4;2,2;,6;29;25,96;24,7;86,5;1,566667;
2000-04-11;2,1;5,6;15,8;29,4;25,68;22,8;92,5;1,666667;
2000-04-12;3,2;2,7;23;29,2;26,66;23,6;86;2,133333;
2000-04-13;2,4;6,4;20,1;29,5;26,66;23,9;81,75;2,566667;
2000-04-14;4;8,6;3,2;30;26,76;23,4;84,75;1,3;
2000-04-15;2,4;1,9;4,6;30;26,44;23,8;86;1,633333;
2000-04-16;2,6;6,7;,2;29,7;26,78;24,6;85;2,466667;
2000-04-17;2,4;0;25,8;26,8;24,78;23;92,5;1,366667;
2000-04-18;1;7,7;3,3;29,5;25,56;22,4;88,75;1,1;
2000-04-19;2,3;6,3;9,6;30,1;24,86;19,4;90,5;1,1;
2000-04-20;2,5;8,7;,3;30,2;27,16;23,9;81,25;2,233333;
2000-04-21;3;9,4;4;30,1;27,24;23,8;79;1,9;
2000-04-22;3,5;10,2;0;31,2;26,8;22,6;80;1,066667;
2000-04-23;2,7;9,1;0;30,9;27,46;22,2;76,5;2,6;
2000-04-24;4,3;8,5;6,3;30,1;26,72;24;81;3,266667;
2000-04-25;3,3;4,9;15,4;29,6;25,46;23;86,25;3,133333;
2000-04-26;3,3;1,6;51,6;28,4;24,76;22,2;84,25;2,4;
2000-04-27;1,2;10,4;1,2;29,6;25,96;21,4;82,5;3,233333;
2000-04-28;3,1;4;13;29,8;26,76;23,6;78,75;2,133333;
2000-04-29;3,4;5,9;16,8;29,5;27,18;24;74;4,3;
2000-04-30;5,4;5,6;,3;29,6;26,38;23,5;83,75;2,5;
2000-05-01;3,6;9;7;29,8;26,42;20;73,5;2,766667;
2000-05-02;4,3;,7;9,3;27,8;24,2;22,2;93,25;3;
2000-05-03;1,2;7,9;25,7;29,4;25,22;21,6;92;2,4;
2000-05-04;3,5;7,3;21,1;29,4;25,82;22;87,5;2,166667;
2000-05-05;3;2,6;5,6;29,3;24,86;22,8;93,25;2,133333;
2000-05-06;2;2,7;42,1;28,6;25,56;22,7;94,25;2,233333;
2000-05-07;1,3;5,4;39,1;29,3;26,04;23;89,75;1,966667;
2000-05-08;1,9;9,4;14,2;29,9;26,74;23,7;82,5;2,933333;
2000-05-09;3,8;7,1;0;29,4;25,88;20,2;79,75;2,633333;
2000-05-10;3,4;3,1;3,6;29,4;25,56;23;87,75;1,866667;
2000-05-11;2,4;8,1;,3;29,7;26,2;22,6;79;3,3;
2000-05-12;4,9;8,4;,4;29,6;25,68;22,9;84;4,633333;
2000-05-13;4;4,2;3,4;29;25,6;22,5;83;3,633333;
2000-05-14;3,6;2,7;11,4;29;25,52;23,6;81,5;4,733333;
2000-05-15;3,9;7,3;2,3;28,7;25,92;22,6;74;3,866667;
2000-05-16;5,4;1,7;6,7;27,8;24,76;23,4;93,5;1,033333;
2000-05-17;1,1;8,9;40,7;29,4;26,08;23,4;89,75;2,2;
2000-05-18;2,3;9,1;,6;29,6;26,58;22,9;78,5;2,733333;
2000-05-19;3,5;8,4;0;30;26,3;21,8;75;2,3;
2000-05-20;3,7;10;0;29,5;25,14;21,2;79,25;1,933333;
2000-05-21;3,7;8,2;1,3;28,7;25,7;21,6;75,25;2,9;
2000-05-22;4,8;7,9;0;29,1;25,62;22,8;80,25;3,033333;
2000-05-23;6;5,9;7;29,2;25,36;23,8;85,25;3,633333;
2000-05-24;4;7,9;17,6;28,7;24,64;22,3;81;1,533333;
2000-05-25;4,1;9,8;0;29,1;25,84;20,9;76;2,3;
2000-05-26;3,6;7,6;1;29,4;26,26;22,4;73,75;3,2;
2000-05-27;4,7;8,7;0;29,3;25,52;20,4;78,5;3;
2000-05-28;4,1;9,6;0;29,5;24,94;21,6;80,5;1,633333;
2000-05-29;3,2;8,8;0;29,4;26,62;21,6;71,75;2,566667;
2000-05-30;4,3;3,5;0;29,2;26,12;22,4;80,5;3,666667;
2000-05-31;3,4;3,6;5;28,9;25,16;23;93;1,766667;
2000-06-01;1,8;8,9;38,5;29,7;26,52;22,7;80;1,233333;
2000-06-02;2,9;8;0;29,5;26,36;21,8;73;3,966667;
2000-06-03;6,1;4,7;,5;28,5;24,62;22,7;85,25;3,766667;
2000-06-04;4,8;8,9;8;29;24,5;21;84;3,333333;
2000-06-05;3,1;8,4;,3;29,2;25,24;20,5;82,5;2,566667;
2000-06-06;3,6;,1;17,3;26,6;24,02;21,9;95,25;2,866667;
2000-06-07;1,5;,1;46,3;26,3;24,44;21,9;88,5;3,3;
2000-06-08;1,5;0;41,4;26,2;23,52;19,4;93,5;2,233333;
2000-06-09;1,3;2,4;77;28,2;24,78;22,9;85,75;3,533333;
2000-06-10;3;,9;16;27;23,96;21,3;90,75;2,2;
2000-06-11;1,7;6,8;15,1;28,4;24,04;21,3;90,25;1,633333;
2000-06-12;2,6;8,2;,2;28,7;24,86;21,4;86,75;2,666667;
2000-06-13;3,3;4,1;9,6;27,9;25,08;22,4;86,5;3,766667;
2000-06-14;2,6;0;27,7;27,2;23,44;19,8;87,5;3,7;
2000-06-15;2,5;,5;5,6;27;23,74;21,7;95,75;1,166667;
2000-06-16;1;,8;73,6;25,8;23,08;21,5;93,75;1,233333;
2000-06-17;1,5;8,4;2,6;28,8;25,1;21,2;84,5;2,366667;
2000-06-18;3,2;6,3;0;28,8;24,96;21,9;86,5;2,633333;
2000-06-19;1,3;6,4;7,4;28,5;25,68;23;82,25;2,666667;
2000-06-20;3,5;4,6;15,7;28,4;24,44;22,6;86,75;2,2;
2000-06-21;2,2;1,6;13;27,4;24,16;21,6;92,75;1,166667;
2000-06-22;1;7,1;10,6;28,3;25,12;22;86;2,1;
2000-06-23;2,8;8,1;10,2;28,5;25,98;23,2;76,5;4,3;
2000-06-24;5,9;10;0;28,5;26,4;25,4;73,5;3,866667;
2000-06-25;5;0;7,2;25,9;23,54;22,5;96,5;,6;
2000-06-26;1;3,5;105,2;28,5;24,34;22,6;89,25;2,2;
2000-06-27;3;,9;3;28,1;25,64;22;77,5;2,9;
2000-06-28;4,1;4;5,8;28,2;25,62;23;73;4;
2000-06-29;6,9;9,3;0;28,4;25;21;79,5;2,2;
2000-06-30;5;,2;5,1;26,4;24,54;23;97;1,4;
2000-07-01;1,2;3,8;69;27,9;24,2;22;89,75;2,066667;
2000-07-02;2,8;6,6;11;28;24,32;21,6;80,75;3,533333;
2000-07-03;3,2;0;53;24,4;22,86;21,7;94,75;1,466667;
2000-07-04;1,2;4,2;25;27,3;23,72;22;88;3,4;
2000-07-05;5,2;8;16,4;27,6;24,12;22,2;83;2,666667;
2000-07-06;1,9;3,4;3,4;26,7;24,02;21;86,5;2,1;
2000-07-07;2,5;0;15,4;25,6;23,18;21;87,5;2,066667;
2000-07-08;1,9;3;8,7;27,4;24,52;21,3;79;3,666667;
2000-07-09;4,4;9,9;,5;28,2;24,66;20,5;78,75;3,3;
2000-07-10;3,2;,2;8,2;25,9;23,9;21;92,75;1,133333;
2000-07-11;1,3;0;53,7;26,2;24,58;22,6;89,25;2,333333;
2000-07-12;1,7;3,3;45,3;27,5;24,6;23;87;2,566667;
2000-07-13;2,8;8,3;4,7;27,7;24,46;21,6;85,5;3,4;
2000-07-14;3,2;,1;22,4;25,8;23,68;22,2;96;1,233333;
2000-07-15;2,3;,3;59;26,2;23,76;22;null;,933333;
2000-07-16;2,1;6,7;3,1;27,5;23,58;20,7;88;2,3;
2000-07-17;2,6;8,6;0;28,6;24,28;20,8;86,75;1,1;
2000-07-18;2,2;9;0;28,7;24,8;20,4;82,5;1,8;
2000-07-19;3,5;1,8;,7;27,9;24,38;22,2;90,75;2,233333;
2000-07-20;1,5;6,8;57;28,2;24,5;20,6;87,5;1,566667;
2000-07-21;2,8;1;5,3;28,6;25,5;22;79,5;2,733333;
2000-07-22;4,7;8,1;,3;28;25,5;23;84,25;1,333333;
2000-07-23;3,7;3,5;5,4;27,7;23,92;21,6;87,25;2,333333;
2000-07-24;2,9;8;,4;28;24,78;21,4;81,5;2,866667;
2000-07-25;3,8;2,7;12;28,8;24,8;22,8;87;2,166667;
2000-07-26;2,1;0;3,2;25;23,08;21,4;93,25;,366667;
2000-07-27;,8;5,2;27,7;27,4;23,96;22,2;83;2,366667;
2000-07-28;3,9;8,3;10,6;27,7;24,76;22;77,5;3,566667;
2000-07-29;4,8;,7;,6;26,9;22,86;20,6;85;1,1;
2000-07-30;4;0;27,1;24;22,02;20;96;2,233333;
2000-07-31;,7;0;25,9;22,7;22,1;21,6;97;,366667;
2000-08-01;,6;0;185,9;25,7;24,04;21,6;88,5;1,666667;
2000-08-02;1,7;,9;55,5;26,8;23,72;21;88,25;,666667;
2000-08-03;1,3;8,9;19,8;27,7;24,06;21,2;85;1,333333;
2000-08-04;2,5;7,9;0;28;24,26;20,7;82,75;1,466667;
2000-08-05;3;,9;4;26;23,6;22;90,75;1,766667;
2000-08-06;1,2;5,6;9,6;27,8;24,4;21,4;86;1,666667;
2000-08-07;3,4;4,4;20,6;27;24,5;22,6;83,5;3,166667;
2000-08-08;1,6;0;11,3;24,9;23,28;21,5;94,75;1,1;
2000-08-09;1,7;9,3;28,3;28;24,78;22,4;82,25;3,2;
2000-08-10;3,6;9,6;2;28,1;24,84;22;79,5;3;
2000-08-11;4,7;9,1;4,4;27,7;24,22;21,5;81,75;2,266667;
2000-08-12;3,7;10,3;0;28,4;23,14;19;81,75;1,2;
2000-08-13;3,3;10;0;28,5;24,44;19,8;77,5;2,933333;
2000-08-14;4,1;,3;0;26;23,62;20,2;77,75;4,466667;
2000-08-15;4,6;5,5;6,3;27,5;23,92;20,9;77,5;3,466667;
2000-08-16;4,8;10;0;28,1;24,44;20,8;71,75;3,433333;
2000-08-17;6,3;2,3;1,8;26,6;22,44;20;89;1,966667;
2000-08-18;2,2;2,1;46,2;26,6;23,56;21,4;89,75;3,466667;
2000-08-19;3,3;8,6;18;27,7;25,36;22;76,5;3,933333;
2000-08-20;5,2;7,8;,1;28;25,52;23,7;75,25;2,766667;
2000-08-21;5,3;6,3;3;27,8;24,6;21,4;78,5;2,066667;
2000-08-22;4,5;9,4;,1;28,3;25,14;20,6;73,75;2,833333;
2000-08-23;6;9,2;0;28,4;25,3;23,4;79,25;2,9;
2000-08-24;3,7;,3;11,3;26;23,74;22;93;,333333;
2000-08-25;1,2;8,6;3,4;28,4;24,42;20,2;83,75;3,233333;
2000-08-26;5,6;10,8;10,7;28,2;24,04;20;74;1,633333;
2000-08-27;5,1;9,2;0;28,3;25,24;20;78,75;2,366667;
2000-08-28;4,9;6,4;0;28,2;25,2;20;73,75;3,366667;
2000-08-29;4,6;8,4;0;28,5;25,42;20;75,75;2,633333;
2000-08-30;6,4;6,9;1,1;28,4;25,76;21;71,25;3,3;
2000-08-31;8,5;9;0;28,7;26,36;24,4;72,75;2,466667;
2000-09-01;6;7,6;7,2;28,2;25,54;22;73,5;3,866667;
2000-09-02;5,9;9,1;13,5;27,8;25,48;22,3;68,5;3,733333;
2000-09-03;6,6;9,7;0;28,2;23,52;18,8;80;1,433333;
2000-09-04;3,4;9,2;,2;29,4;25,66;20;76,25;1,866667;
2000-09-05;5;2,4;5,8;28,6;23,94;19,4;88,5;,533333;
2000-09-06;1,3;8,3;2,4;29;25,36;21,4;80,5;2,3;
2000-09-07;3,7;1,3;4,7;28;25,54;22;81;,866667;
2000-09-08;3,3;2,3;5,1;26,9;24,28;22;88,25;2,2;
2000-09-09;2,2;2,4;4;27,5;23,3;21;93,5;1,233333;
2000-09-10;1,8;1,4;35,8;27,6;24,46;22;89;,333333;
2000-09-11;2,2;2,4;6,1;27,7;25,14;22;81;1,933333;
2000-09-12;3,2;7;9,6;28,7;26,16;22,6;76,25;1,3;
2000-09-13;5,3;6,6;13,7;28,8;25,14;20,2;85,75;3,3;
2000-09-14;3,6;1,6;23,2;28;25,28;23;83,5;2,566667;
2000-09-15;4;5;4,9;28,9;25,9;22;82,75;1,633333;
2000-09-16;3,2;4,9;30,1;28,1;25,82;23,5;86,5;3,566667;
2000-09-17;2,3;0;108,9;26,9;23,98;20,4;86,75;3,733333;
2000-09-18;2,5;4,2;15,7;27,9;24,98;22;87;3,866667;
2000-09-19;3;6,8;26,1;28,3;24,26;19,2;82;1,633333;
2000-09-20;3,5;9;,3;27,7;24,8;21,8;78,5;4,4;
2000-09-21;5;6,8;4;28,1;24,72;21;78;2,733333;
2000-09-22;3,7;2;3;28;24,26;21;83,75;3,233333;
2000-09-23;3,8;4,1;2,6;27,8;24,76;21;77;2,7;
2000-09-24;3,8;9,8;,6;28,6;25,3;20,6;77;3,233333;
2000-09-25;4,9;2,2;2,2;28,4;25,28;23,2;78;1,566667;
2000-09-26;5,9;10;0;28,6;26,1;24;74,75;3,133333;
2000-09-27;6,1;8,9;,6;29;25,8;20,6;73,75;2,3;
2000-09-28;5;6,4;3,6;28,4;25,78;22,6;73,5;4,233333;
2000-09-29;7;5,4;0;28,6;25,76;21,6;73,75;3,4;
2000-09-30;8,4;6,2;2,2;28,8;26,38;24,9;72,25;4,933333;
2000-10-01;7,6;9,8;0;29;25,58;20,7;72;3,3;
2000-10-02;7,8;9,9;,2;29,6;27,34;24,4;67,25;4,3;
2000-10-03;2,8;10,8;0;29,5;27,48;null;69,5;2,033333;
2000-10-04;2,4;9,8;0;29,8;26,34;22,4;72,75;1,6;
2000-10-05;4,6;8,7;0;30;25,22;21,6;79,25;2,2;
2000-10-06;4,7;10;0;29,4;25,76;20,5;69,5;3,3;
2000-10-07;6,1;9,6;1,1;29;26,06;21,4;68;2,966667;
2000-10-08;7,7;8,8;3,3;29;26,1;22,6;69,5;3,133333;
2000-10-09;8,3;8,8;0;29;26,16;22,8;70,25;null;
2000-10-10;7,6;7,3;,9;29,3;26,68;25;68,5;5,433333;
2000-10-11;6,4;,5;16,8;28;25,1;23;86,5;3,3;
2000-10-12;5,6;6,5;8,8;28,8;25,9;21,3;69;3,866667;
2000-10-13;4,7;5,9;6;28,2;25,5;22;75,5;4,2;
2000-10-14;4,9;7,4;5,8;28,5;25,52;21,6;72,75;4,2;
2000-10-15;5,4;6;0;29;25,4;20;73,75;2,666667;
2000-10-16;4,2;6,3;1,2;29,2;26,06;22,4;74,5;4,366667;
2000-10-17;5,8;3,7;,1;28,6;25,6;20,6;74;3,3;
2000-10-18;5,3;5,9;7,4;28,9;25,64;23,2;75,75;3,866667;
2000-10-19;7;9,4;1,3;28,7;25,7;21,9;70;3,133333;
2000-10-20;6,8;5,1;,3;28,7;26,46;25;73;3,2;
2000-10-21;7,9;5,8;0;29,9;26,78;25;72,5;2,4;
2000-10-22;7,8;4;0;29,5;26,76;25;72,75;3,166667;
2000-10-23;7,2;5,9;0;29;26,14;22,5;76;3,2;
2000-10-24;9;6,9;0;29,2;26,8;25;72,25;3,866667;
2000-10-25;8,8;5,1;,9;29;25,58;20,9;74;1,733333;
2000-10-26;5,8;9,8;,4;29,2;26,62;24,4;70,25;3,666667;
2000-10-27;5,7;7,1;3;28,9;26,34;23,5;76;2,866667;
2000-10-28;5,8;5,1;,6;29,5;26,6;24,8;76,75;2,8;
2000-10-29;7;5,5;0;29,4;26,08;21,8;73,25;2,733333;
2000-10-30;6,3;5,9;,1;29;26,82;24,4;71,75;4,066667;
2000-10-31;6,7;8,2;0;29,7;26,48;23,9;75,75;2,533333;
2000-11-01;5,4;8,3;0;29,9;26,52;22,4;72,75;3,333333;
2000-11-02;6,8;9,8;0;29,7;26,42;21,6;73,5;3,3;
2000-11-03;5,7;7,6;1,8;29,3;26,7;24,5;80,75;2,466667;
2000-11-04;5,4;10,3;0;29,6;26,3;21,2;68,5;3,466667;
2000-11-05;5,5;7,6;0;30;26,54;21,8;71;3,3;
2000-11-06;5,6;8,4;0;29,4;26,58;23,2;72,75;2,066667;
2000-11-07;5;9,8;0;30,4;26,3;21;67,25;2,733333;
2000-11-08;4,9;6,3;0;30,2;26,44;21,4;69,25;2,866667;
2000-11-09;4,5;,6;0;29,2;26,38;22,8;74,75;2,433333;
2000-11-10;5,3;,6;13,6;28,2;25,04;20,4;83;1,533333;
2000-11-11;3,2;9,4;,4;30,1;26,4;22;73,25;3,133333;
2000-11-12;4,3;9,1;0;30;25,6;21,5;77,5;1,866667;
2000-11-13;3,9;10;0;29,9;25,94;21;71,25;2,166667;
2000-11-14;4,8;9,8;0;30,8;25,52;20;73,25;2,2;
2000-11-15;4,9;7,7;0;30,1;26,16;20,6;68,75;2,333333;
2000-11-16;5,5;7,7;0;29,4;26,36;20,9;70,25;2,966667;
2000-11-17;6,8;8,5;,2;30;26,96;23,8;74;4,533333;
2000-11-18;6,2;10;6,2;29,6;26,74;23;67,25;3,233333;
2000-11-19;6,3;6,4;,3;29,8;26,48;21,5;74,75;3,466667;
2000-11-20;8,1;10,4;0;30;26,92;22,9;71,5;3,066667;
2000-11-21;7,6;6,9;0;29,6;27,08;25,4;70,5;2,733333;
2000-11-22;8,2;10,3;0;29,9;27,1;24,6;68,25;3,566667;
2000-11-23;8,3;10,2;0;30;26,78;23,5;71,75;3,033333;
2000-11-24;6,5;9,9;0;30,2;26,62;22;71,25;3,3;
2000-11-25;10,4;8,2;0;29,8;26,68;22,4;72,25;3,6;
2000-11-26;7,8;6,5;6;29,2;26,72;23,8;76,25;2,8;
2000-11-27;5,5;6,5;8;29;25,58;23,2;85,75;2,933333;
2000-11-28;6,3;8,8;5,6;29,7;26,7;23,6;75,75;3,366667;
2000-11-29;8,1;10,6;0;29,8;27,16;25;70,75;3,633333;
2000-11-30;7,1;8,6;3;29,6;26,04;20;73;3,3;
2000-12-01;11;9,2;0;29,6;26,44;22;72,25;2,733333;
2000-12-02;6,9;9,3;0;30,2;26,3;20,3;71,75;1,6;
2000-12-03;6,5;10,8;0;30;26,46;20,8;66,5;2,166667;
2000-12-04;6;10,5;0;30;26,72;22,4;67;2,733333;
2000-12-05;5,2;9,5;0;30,2;26,46;20,8;72;3;
2000-12-06;5,3;9,5;0;30,2;26,78;22,2;72;2,166667;
2000-12-07;6,4;10,2;0;30,4;27,06;22;71;2,233333;
2000-12-08;7,2;8,7;0;30,2;27,08;23,6;73,75;3,066667;
2000-12-09;7,2;9,9;0;30,1;27,18;24;70,25;2,466667;
2000-12-10;6,7;10,5;0;30,1;26,6;22;70,5;2,666667;
2000-12-11;6,7;8,4;0;30,6;26,58;21;71,75;3,233333;
2000-12-12;5,5;,2;1;27,4;25,52;21,2;83,5;1,6;
2000-12-13;2;1,3;18,9;28,7;24,7;22;85;2,066667;
2000-12-14;1,8;0;,9;27,2;24,34;22,5;87,5;1,7;
2000-12-15;1,5;0;53;25;22,5;21;93;1,066667;
2000-12-16;,3;,1;22,7;27;23,34;21;96,25;1,2;
2000-12-17;,7;0;76,9;26,8;24,1;21,2;93,75;,7;
2000-12-18;1,5;2,9;,1;29,4;26,34;23;85;2,2;
2000-12-19;6,9;6,3;0;29,1;25,72;23,8;82;1,466667;
2000-12-20;4,3;10,9;0;29,8;25,62;20,4;73;2,3;
2000-12-21;4,8;9,3;0;29,8;26,3;20,8;75,75;2,633333;
2000-12-22;5,6;10,1;0;29,9;27,18;24,6;76,25;3;
2000-12-23;8;9,3;0;29,8;26,68;23;74,5;3,3;
2000-12-24;8;10,2;0;29,8;26,36;22;74;2,733333;
2000-12-25;6;10;0;29,8;26,74;23;74,75;2,3;
2000-12-26;7,4;9,2;1;29,8;26,82;24;72,75;3,266667;
2000-12-27;7;8,7;0;29,9;26,54;22,9;71,25;2,5;
2000-12-28;5,2;7,8;0;30,4;26,34;21;72,75;2,133333;
2000-12-29;4,4;3,3;0;29,2;26,28;20,6;74,25;2,433333;
2000-12-30;4,2;7,6;1,5;29,7;26,74;23;77;2,8;
2000-12-31;5,3;10,6;0;29,4;26,44;22,5;71,25;3,6;
2001-01-01;4,9;9,8;,5;29,8;26,48;21,6;70,75;2,966667;
2001-01-02;5,1;9,3;0;30,3;26,24;20,4;73;3,133333;
2001-01-03;7,4;,7;0;29,5;26,32;21;75,25;2,233333;
2001-01-04;5,6;2,1;5,6;28,9;26,5;24;76;2,266667;
2001-01-05;5,7;4,2;2,6;29;26,18;23,2;81,25;2,566667;
2001-01-06;5,6;5,7;10,5;29,3;26,68;24,2;null;3,966667;
2001-01-07;7,4;8,3;0;29,7;26,6;22,8;70,5;3,366667;
2001-01-08;7,6;10,8;0;29,7;25,86;21;69,25;1,5;
2001-01-09;6;7,3;0;29,8;25,6;20,5;81;3,866667;
2001-01-10;6,8;9,1;2,3;29,9;27,28;24,4;67,75;3,3;
2001-01-11;10,2;,9;3,6;28,6;26,12;22,8;82;1,733333;
2001-01-12;4,2;2;15,7;29;26,9;25;77,25;4,166667;
2001-01-13;7,7;8,4;1,2;29,5;27,06;24,7;73,25;4,933333;
2001-01-14;7,2;8;2,3;29,8;27,02;24;70,25;4,966667;
2001-01-15;7,8;8,6;1;29,7;27,16;25,2;71;4,233333;
2001-01-16;8,4;10,4;0;29,7;26,7;23,4;70,25;3,3;
2001-01-17;7;10,8;0;30;26,4;21;67,25;4,433333;
2001-01-18;8,4;8;,5;29,5;26,92;24,4;73,25;2,8;
2001-01-19;6,6;8,3;11,4;29,5;26,56;22;73,75;4,1;
2001-01-20;10,4;10;0;29,7;26,34;21,8;71;2,733333;
2001-01-21;8,4;9,4;0;29,8;25,94;20;69,75;2,733333;
2001-01-22;8,6;10;0;30,1;26,3;20,4;69;3,5;
2001-01-23;6,9;9,2;0;30,2;26,82;22;72,25;3,3;
2001-01-24;8,9;8,6;0;30,5;26,84;22;70;3,8;
2001-01-25;8,4;10;0;30,2;26,58;21,4;67,25;3,233333;
2001-01-26;8,6;8,4;0;30;26,68;21,7;69,75;2,466667;
2001-01-27;8,2;8,2;0;30,4;26,72;22;72,75;2,6;
2001-01-28;10,1;9,2;0;30,5;27,56;25;72;3,466667;
2001-01-29;5,9;9;0;30,7;26,48;20,4;70,5;2,466667;
2001-01-30;7,6;9,5;0;30,4;26,62;20,9;72,5;3,466667;
2001-01-31;8;10,3;1,6;30,9;27,1;22,6;72,25;2,5;
2001-02-01;8;10,7;0;30,7;27,04;22,4;71,5;2,933333;
2001-02-02;7,5;9,6;0;31,3;27,24;22,2;71;2,566667;
2001-02-03;8,8;7,4;0;31,4;27,26;22,4;72,75;2,966667;
2001-02-04;5,2;5,3;20;29,8;26,72;23;78;2,733333;
2001-02-05;7,6;10,6;0;30,4;26,74;22;72,25;2,766667;
2001-02-06;7,2;9,5;,3;30,6;27,18;22,4;72;2,3;
2001-02-07;9,3;10,6;0;30,9;27;22;78,25;2,733333;
2001-02-08;6,1;8,7;3;30,4;27,68;25,6;71,75;4,033333;
2001-02-09;9;9,6;0;30,5;27,52;25;66,25;3,2;
2001-02-10;6,2;10,8;0;30,5;26,44;20,7;68;3,133333;
2001-02-11;8,2;10,7;0;30,7;27,16;21,6;70;3,4;
2001-02-12;7;7,1;4,4;30,8;27,5;23,2;76,75;3,233333;
2001-02-13;7;9,1;0;30,6;27,94;25,8;70;4,1;
2001-02-14;7,4;9,7;,2;31;27,76;25,4;69,75;2,733333;
2001-02-15;6,2;7,9;2,8;30,7;26,54;22,1;75,5;2,8;
2001-02-16;5,5;9,5;0;31;27,22;21,4;69,5;3,866667;
2001-02-17;7;9,9;0;31,5;27,86;23,4;70,25;3,733333;
2001-02-18;5;8,2;5;30,7;27,2;23,4;73,75;2,866667;
2001-02-19;6;4,8;0;30,8;27,04;21,7;70,75;2,866667;
2001-02-20;5,7;9,5;0;30,6;27,1;21,9;68,25;3,833333;
2001-02-21;6,8;8,7;,2;31,2;27,14;22;71,5;3,366667;
2001-02-22;9,8;10,2;0;31,9;28,34;25;66,25;3,633333;
2001-02-23;6,8;8;0;31,4;27,8;23,8;73;4,433333;
2001-02-24;7,8;8,1;0;31,8;28,7;26,2;68,75;4,533333;
2001-02-25;6,7;10,5;,2;31,5;27,76;23,4;70,75;4;
2001-02-26;5,6;6,1;14;30,4;27,14;24,4;76;2,2;
2001-02-27;4,3;4,2;4;30,5;27,14;22,4;74,25;2,766667;
2001-02-28;5,6;2,9;2,4;30,8;27,14;23,6;79,25;2,666667;
2001-03-01;5,4;6,5;1,3;30,6;27,26;22,8;73,5;4,033333;
2001-03-02;7,6;6,8;0;31;27,6;23,4;75,25;3,3;
2001-03-03;7;9,8;2,4;30,8;28,18;26;73;4,233333;
2001-03-04;7,6;9,6;1;30,5;27,78;23,8;71,75;3,3;
2001-03-05;9;9,8;0;31;28,08;25;73,5;3,533333;
2001-03-06;6,6;10,5;0;31;27,56;22,8;67,25;2,9;
2001-03-07;null;10;0;31,2;28,38;26;70,75;3,9;
2001-03-08;6,4;7,1;0;31,7;28,14;23,4;74,5;3,466667;
2001-03-09;5,9;,4;12,6;28,4;25,62;23,6;91,5;1,066667;
2001-03-10;1,8;8,5;5,8;30,6;27,3;22,8;71,75;2,2;
2001-03-11;7,1;1,8;0;29,4;26,8;23,3;77,25;2,433333;
2001-03-12;5,4;3,6;4,4;30,1;27,7;25,2;75,5;3,2;
2001-03-13;5,7;4,1;4;30,6;26,02;23,5;85,25;2,066667;
2001-03-14;4;2,6;10,3;29;25,44;22,6;85,75;1,966667;
2001-03-15;2,4;8,7;7,7;30,4;26,14;22;78,5;2,2;
2001-03-16;4,4;10,5;0;31,3;27,06;21,8;72;2,6;
2001-03-17;4,9;10,4;0;31;27,28;21,7;74,75;3,3;
2001-03-18;4,9;9,5;3,8;30,8;26,58;23,6;77,5;1,9;
2001-03-19;4,3;10,1;0;30,9;27,16;21,4;67,75;2,4;
2001-03-20;5,7;10,5;0;31,3;27,62;22,4;71;3,3;
2001-03-21;5,7;7,5;4;30,6;27,14;24,2;80,25;3,833333;
2001-03-22;5;2,5;2,3;30,2;26,98;23;72;2,166667;
2001-03-23;3,5;7,6;,1;30,8;26,94;21,6;73,5;3,133333;
2001-03-24;5,4;10,1;0;31,6;27,54;21,5;69;3,8;
2001-03-25;5,5;10,1;0;31,5;27,72;21,9;70,75;2,866667;
2001-03-26;5,5;6,9;7,6;30,5;27,18;23;79;3;
2001-03-27;3;8,4;1,2;31;27,52;23,1;75,25;3,9;
2001-03-28;4,9;6,6;4,3;30,6;27,44;23,6;75,5;3,533333;
2001-03-29;3,3;,1;33,6;27,7;24,76;23,4;96,5;,933333;
2001-03-30;1,2;,7;7,2;27,8;25,16;22,2;93,25;1,133333;
2001-03-31;,9;,5;20,1;28,5;25,6;23,4;88;1,633333;
2001-04-01;1,9;0;6,8;27,5;24,92;23,4;89,5;,766667;
2001-04-02;1;5,1;3,5;30,1;25,54;22,4;88,5;1,433333;
2001-04-03;2,5;8,2;15,1;30,1;25,76;22,6;81,5;2,9;
2001-04-04;3,7;4,5;1,6;29,6;24,66;21,2;80,75;2,333333;
2001-04-05;3,4;10,1;0;30,6;25,78;20,9;81,75;3,4;
2001-04-06;4,6;5;5,7;30,3;26,24;22;79,75;1,766667;
2001-04-07;3,8;8,5;,5;30,4;27,16;23;72,5;4,033333;
2001-04-08;4,8;5,9;0;30,2;26,6;22;73,25;2,633333;
2001-04-09;5,3;6,2;0;30,3;27,08;21,2;72,25;4,2;
2001-04-10;4,9;9;0;30,2;26,96;22;66,75;3,533333;
2001-04-11;5,2;0;0;28,8;26,16;23,8;87;1,533333;
2001-04-12;1,9;5,7;6,1;30,5;27,28;23,2;77;3,866667;
2001-04-13;3,6;6,2;1;29,5;27;23,2;75,25;3,166667;
2001-04-14;3,8;8,1;5;30;27,18;23;74;3,066667;
2001-04-15;4,7;0;52,2;27,4;23,96;22,7;98,25;,666667;
2001-04-16;,4;4,5;24,3;30,2;25,44;22;88,5;1,766667;
2001-04-17;1,9;,7;72,1;28,1;24,84;22,8;87,5;1,033333;
2001-04-18;1,4;4;,8;29,7;25,68;23;84;1,3;
2001-04-19;2,9;6,7;2;29,9;25,78;22,4;85,75;1,966667;
2001-04-20;3;8,4;0;30;26,96;22;76,25;2,666667;
2001-04-21;5,2;9,3;0;30,5;26,26;22,7;86,75;2,8;
2001-04-22;3,2;8,3;7;29,8;27,04;22,6;75,75;3,233333;
2001-04-23;6;9,9;3,2;30;26,26;23,6;82,75;5,266667;
2001-04-24;4,4;7,4;17,3;29,8;26,16;23,4;87,25;3,1;
2001-04-25;3,6;5,6;7,5;29,8;26,48;24,2;82,25;2,533333;
2001-04-26;2,8;5,4;4,9;29,5;26,04;23,1;87;1,766667;
2001-04-27;1,9;8,6;8,6;30;26,86;23;75,5;3,633333;
2001-04-28;3,3;0;7,1;27;24,4;23;92,5;2;
2001-04-29;1,5;2,4;74,6;28,8;24,86;22;87,75;3,033333;
2001-04-30;2,3;9,6;,9;29,6;25,58;21,8;80,75;3,033333;
2001-05-01;3,5;9,5;2;29,9;25,74;21;82,75;2,9;
2001-05-02;4;7,6;0;29,8;26,2;22,8;80,25;2,166667;
2001-05-03;4,1;5,7;0;29,3;26,12;23;83,5;3,4;
2001-05-04;3,6;2,8;20;29;25,1;22,8;88,25;2,633333;
2001-05-05;2,6;5,6;6,6;29,7;25,74;22,2;85,25;3,033333;
2001-05-06;3;8,5;9,6;29,7;26,76;22,6;77,25;2,633333;
2001-05-07;3,1;10,2;0;30,6;26,9;22;81,5;2,533333;
2001-05-08;2,7;4,9;0;30,2;26,62;22,2;81,75;1,433333;
2001-05-09;2,3;8,1;0;29,7;26,56;22,2;78;2,2;
2001-05-10;3,3;9,2;0;30,4;26,84;22;74,25;1,566667;
2001-05-11;3,5;9,7;0;30,4;26,34;22;78,25;1,8;
2001-05-12;3,5;8,9;0;30,4;26,78;21,2;79;2,866667;
2001-05-13;3,5;8,2;0;30,5;27,16;22,8;75,25;1,666667;
2001-05-14;4,3;8,3;0;30;25,78;21,8;81,5;2,2;
2001-05-15;3,5;9,5;0;30,1;25,28;20,2;78,75;2,966667;
2001-05-16;3,9;8,5;,5;29,6;26,48;21,8;76,5;2,866667;
2001-05-17;3,8;9,3;0;30,7;26,4;21,5;72;1,566667;
2001-05-18;4,1;8,8;0;29,6;26,2;20,3;73,25;2,466667;
2001-05-19;4,5;9,2;0;30;26,58;21,6;73,75;1,733333;
2001-05-20;2,9;9,1;0;30,3;26,08;22,5;74;2,066667;
2001-05-21;5;10,5;0;30,3;26,48;22;68,25;3,533333;
2001-05-22;5,7;10,1;0;30,3;26,32;20,6;68,25;2,9;
2001-05-23;5;9,3;0;30;25,9;21,2;77,25;2,133333;
2001-05-24;3,7;5,1;8,7;29,5;26,16;22;79;2,466667;
2001-05-25;3,6;4,5;0;29,8;25,82;22,6;83,5;1,666667;
2001-05-26;2,4;9,7;2,9;29,7;24,96;22;81;2,366667;
2001-05-27;3;8,1;0;29,9;26,22;19,9;74,25;2,466667;
2001-05-28;3,7;9,8;0;30,3;26,44;20,6;75;1,866667;
2001-05-29;3,6;8,1;,2;30,4;26,96;23,6;75,25;2,4;
2001-05-30;3,2;8;6,6;29,7;26,54;22,5;84,25;2,5;
2001-05-31;2,2;5,1;2,4;29,2;25,12;21,6;86,5;1,866667;
2001-06-01;1,9;1,1;25,9;27,6;23,78;22;94;1,433333;
2001-06-02;1,6;8,4;15,9;29,5;24,46;20,6;84,75;2,066667;
2001-06-03;2,1;6,7;16,6;29,5;25,56;21;81,75;2,9;
2001-06-04;3,4;7,2;,9;29,4;25,2;21,6;82,75;3,766667;
2001-06-05;4,6;7,1;18;29,4;24,88;22;84,75;3,133333;
2001-06-06;2,4;9,7;3,2;29,2;25,18;21,6;83;2,466667;
2001-06-07;2,7;2,5;24,4;28,7;25,76;22,4;73,5;3,433333;
2001-06-08;5,3;5,5;4,9;28,8;24,48;21,2;85,25;,833333;
2001-06-09;4,8;8;3,8;29,3;24,74;20,7;82,5;1,533333;
2001-06-10;3,6;8,2;52;29;25,76;21,5;77,75;3;
2001-06-11;4,2;5,7;0;28,9;24,16;21,8;85,75;3,5;
2001-06-12;2,7;4,6;25,3;28;24,18;21,6;93,25;3,2;
2001-06-13;1,3;2,3;34,7;27,6;24,3;22,2;91,5;1,633333;
2001-06-14;1,6;1,3;66,5;27,2;23,16;21,4;92,5;1,166667;
2001-06-15;1,7;7,2;8,1;28,5;24,44;20,6;83,5;2,733333;
2001-06-16;2,9;6,4;9,1;28,6;25,34;21,4;79,75;3,066667;
2001-06-17;3,6;4,3;0;28,5;25,62;22,5;75,75;3,4;
2001-06-18;4,2;9;0;28,8;24,98;21,7;78,5;3;
2001-06-19;3,3;5,8;5,8;28,1;24,26;21,5;85,5;3,1;
2001-06-20;2,9;6;6;28,6;25,42;22;79,75;2,533333;
2001-06-21;3,1;4,1;8;28,7;24,44;22;93,75;2,333333;
2001-06-22;1,9;1,8;32;28,4;24,66;22;87,25;1,766667;
2001-06-23;3;6,2;7,8;28;23,62;20;87;,766667;
2001-06-24;2,4;1,4;10,8;27;23,04;20;91,25;1,733333;
2001-06-25;1,5;3;4,4;27,5;24,28;22;86,25;3;
2001-06-26;2,4;3,1;7,1;27,2;24,12;21,8;92,25;2,033333;
2001-06-27;1,1;2,4;33,4;28,2;25,16;22,5;89,25;2,2;
2001-06-28;2,9;9,1;,7;28,4;25;21,3;80,25;2,533333;
2001-06-29;3,1;7,4;0;28,9;24,78;20,8;83;4,366667;
2001-06-30;3,2;,4;7,1;26,6;23,46;21,9;97;2,133333;
2001-07-01;,5;9,3;52;28,4;24,48;21;86,25;2,566667;
2001-07-02;3,1;5,3;6,7;27,8;25,04;21,8;79,5;2,8;
2001-07-03;2,7;3,3;3;27,7;24,04;20,6;88;2,7;
2001-07-04;1,7;9,6;9;28,4;24,14;20,7;86,5;1,033333;
2001-07-05;3,2;5,5;2,8;28,2;24;21;87,25;1,633333;
2001-07-06;2;6,4;26,6;28,4;24,56;22;85,5;1,8;
2001-07-07;3,7;4,5;2,4;28;25,18;20,4;81,25;2,433333;
2001-07-08;3,2;7,4;11;28,1;25,36;22,9;82,5;4,533333;
2001-07-09;4,2;4,4;4,6;27,7;24,7;22;80,25;2,4;
2001-07-10;3,5;6,4;4,9;27,8;23,62;21;85,25;2,633333;
2001-07-11;2,5;8,9;5,4;28,2;24,84;21;85;2,033333;
2001-07-12;2,5;1,9;4,8;27,6;24,22;22,7;91;1,6;
2001-07-13;1,5;4;24,6;27,8;24,68;22,3;85,75;3;
2001-07-14;2,6;10,1;9;28;24,22;20;79,5;2,366667;
2001-07-15;3,2;6,7;7,4;27,6;23,7;20,4;86,25;2,066667;
2001-07-16;2,6;6,3;5,6;27,5;24,34;21,2;86,75;2,733333;
2001-07-17;3,4;7,8;18;28;25,48;21,8;76,5;3,866667;
2001-07-18;5,1;10,3;1,4;28,4;25,24;22,6;79,5;3,233333;
2001-07-19;3,7;0;14,7;24,4;23,56;21,8;93,75;3,366667;
2001-07-20;1,4;1;47,1;26,9;24,52;23,1;93,25;2,533333;
2001-07-21;,8;3,8;24,2;27,2;24,02;21,8;91,25;,9;
2001-07-22;1,6;6,7;2,3;28,8;24,36;20,2;88,25;1,833333;
2001-07-23;2,2;7,9;3,8;28,5;24,6;22;84;3,633333;
2001-07-24;3,6;8,5;1,4;27,7;24,14;21;82,5;1,7;
2001-07-25;2,6;9,1;3;28,1;24,4;20,2;84;2,7;
2001-07-26;3,6;8,3;4,5;28,2;24,16;21,6;79,25;4,366667;
2001-07-27;4,7;6,5;2,2;27,9;23,74;21;83,5;3,633333;
2001-07-28;3,2;9,2;38,1;27,8;23,96;20,5;83;3,066667;
2001-07-29;3,5;3,7;6,7;27,5;24,14;21,3;83,25;2,966667;
2001-07-30;3,4;4,3;7,1;27,6;25,06;21,6;77,5;4,6;
2001-07-31;4,1;9,9;1,2;27,9;25,08;21;68,75;4,366667;
2001-08-01;6,5;9,9;,3;28,1;24,72;21;72,75;4,3;
2001-08-02;5;3,3;4;27,4;23,1;20,8;90;3,966667;
2001-08-03;3,1;8,3;30,2;27,7;24,56;21,2;76,75;3,733333;
2001-08-04;6,1;9,9;2,6;27,8;25,16;22,6;68,5;3,3;
2001-08-05;6,8;8,5;0;27,9;24,66;22;77,75;3,866667;
2001-08-06;4,2;6,4;6,2;27;23,68;21,3;77,75;3,133333;
2001-08-07;3,4;1,6;8,7;26,2;24,38;21;79,25;3,466667;
2001-08-08;4,8;9,9;10;27,9;25,16;22,6;67,5;4,4;
2001-08-09;5,6;6;8,6;27,2;23,96;20,9;80,5;2,9;
2001-08-10;4;9,7;4,3;27,8;23,94;21;77,75;3,466667;
2001-08-11;3,7;9,5;0;27,9;24,02;21,7;82,75;1,666667;
2001-08-12;3,7;5,9;20,2;27,6;24,18;20,9;79,5;2,633333;
2001-08-13;4,6;8,4;2,6;27,7;24,28;21;72,5;5,533333;
2001-08-14;5,3;9,8;0;27,8;23,68;18,7;81,5;2,7;
2001-08-15;4,5;4,9;43,4;27,7;24,92;21,5;72,25;2,8;
2001-08-16;5,1;2,5;9,4;26,8;22,76;20,6;85,75;2,533333;
2001-08-17;3;10,4;7,2;27,7;24,32;19,4;70,25;4,633333;
2001-08-18;4,7;8,4;0;27,9;24,64;20;77;2,9;
2001-08-19;4;7,9;10;27,5;24,44;21,7;84,25;3,3;
2001-08-20;5,3;9,7;2;28;25,02;23,4;77,25;4,7;
2001-08-21;4,1;9,6;,6;28,6;25,06;20,6;79,5;2,166667;
2001-08-22;2,6;1;16,4;26,9;24,36;21,2;82,75;4,433333;
2001-08-23;3,9;7,7;1,7;27,8;24,64;20,9;77,75;4,133333;
2001-08-24;4,3;3,7;1,6;27,7;24,84;19,8;80,75;3,933333;
2001-08-25;3,9;10,2;3,6;28;24,64;21,7;83;3,3;
2001-08-26;5,2;7,6;5,7;27,5;25,04;22,4;77,5;3,566667;
2001-08-27;4,3;3,5;0;28,3;25,28;22;79,25;3,933333;
2001-08-28;4,1;1,3;,5;27,4;25,06;22,4;80;2,833333;
2001-08-29;3,8;10;,7;28,4;25,24;22,6;73;2,866667;
2001-08-30;4,8;1,7;10,5;27,9;25,24;22,3;77,25;4,066667;
2001-08-31;5,6;10;0;28,3;25,66;23,3;76,5;4,666667;
2001-09-01;5,7;3,9;2;27,8;25,34;22,4;77,75;3,733333;
2001-09-02;3,5;0;20,5;25,4;22,94;21,7;95;2,9;
2001-09-03;1,8;9,4;50,7;27,8;25,2;22,5;82;3,566667;
2001-09-04;4,3;4,1;4,3;27,6;24,8;22,6;82;2,466667;
2001-09-05;4,3;10,5;1,1;28,2;25,26;22,7;73;3,766667;
2001-09-06;3,9;10;,8;27,9;24,18;21,5;76,25;3,033333;
2001-09-07;4,5;9,5;0;28,1;23,94;19,8;75,75;2,1;
2001-09-08;3,5;10;0;28,4;24,92;19,5;76,25;2,9;
2001-09-09;4,4;9,4;0;28,5;25,38;20,7;78,5;2,366667;
2001-09-10;5,2;7,2;0;28,2;26,04;24,1;78;3,8;
2001-09-11;4,9;4,5;,4;28,2;25,48;22,7;74,5;2,766667;
2001-09-12;3,3;7,3;0;28,4;24,32;20,5;80,25;2,1;
2001-09-13;3,9;2,3;0;28,5;25,46;22;78;2,5;
2001-09-14;3,1;8,6;2,4;28,9;24,96;22,3;81,25;2,733333;
2001-09-15;5;8,5;1;28,8;25,5;22,3;73,5;3,3;
2001-09-16;4,5;7,4;0;28,1;25,46;20,1;79,5;2,4;
2001-09-17;3,1;8;,3;29,8;26,26;22,2;79,25;3,366667;
2001-09-18;5;4,8;0;28,8;26,48;25,1;77,25;2,8;
2001-09-19;5,1;9,3;3,3;29;26,22;24;76;4,866667;
2001-09-20;6,4;9,1;2,5;28,9;25,96;22,6;72,5;5,133333;
2001-09-21;7,4;9,1;0;28,8;26,32;23,7;70;4,233333;
2001-09-22;6,1;8,6;,4;29,1;26,26;23,7;71;4,266667;
2001-09-23;6,7;8,7;0;28,5;25,44;21,5;70,25;3,633333;
2001-09-24;6,7;5,3;1,7;28,5;24,38;20,1;85;3,266667;
2001-09-25;3,6;1;14,7;27;24,96;21,9;78;4,533333;
2001-09-26;4,4;7,6;0;28,2;24,92;20,1;75,25;3,233333;
2001-09-27;4,9;9,5;0;28,9;25,46;20,7;73,75;3,233333;
2001-09-28;7;9,2;0;28,5;26,4;24,7;70,25;2,733333;
2001-09-29;5,8;8,4;,2;29,7;25,94;21,7;75,75;4,766667;
2001-09-30;5,4;6,2;0;28,9;26,12;22,7;73;4,433333;
2001-10-01;5;6,9;0;29;25,78;21;71,25;4,366667;
2001-10-02;5;9,5;,2;29,6;26,86;24,5;74;4,533333;
2001-10-03;7,2;5,9;0;29,7;26,4;24,3;80,25;3,4;
2001-10-04;6,7;8,5;0;28;26,36;25;75,5;3,766667;
2001-10-05;6,7;6,9;0;29,4;26,4;23;74,5;3,4;
2001-10-06;6,3;8,2;0;29,6;26,52;24;77;3,866667;
2001-10-07;7,9;7,6;0;29,6;25,62;23,5;81,75;2,3;
2001-10-08;4,6;7,3;0;30;26,32;21,2;77;2,966667;
2001-10-09;5,9;8,4;0;30,1;26,34;21;75;4;
2001-10-10;7,6;9,2;0;29,8;26,74;24,2;73,25;3,666667;
2001-10-11;8,9;9,6;0;29,9;26,94;24,8;73,75;3,8;
2001-10-12;5,5;,1;59;27,2;24,04;23;93;1,766667;
2001-10-13;1,2;5,2;12,6;28,8;24,64;22,2;86;1,366667;
2001-10-14;4,6;2,8;,3;29,5;26,46;24;75,5;1,6;
2001-10-15;5;8,4;0;29,4;26,92;25;74,75;2,966667;
2001-10-16;6,7;5,3;2,7;29,4;26,54;24,8;77,75;2,9;
2001-10-17;6,7;7,7;0;29,5;26,78;25;78,5;2,6;
2001-10-18;6,3;6,8;0;29,7;26,94;25;72,25;2,233333;
2001-10-19;4,9;5,8;0;29,1;25,96;21;75,25;3,6;
2001-10-20;7,4;7,4;0;29,6;26,66;24;78,5;3,3;
2001-10-21;7,2;8,6;0;29,4;25,98;22;74,25;2,9;
2001-10-22;6;7,2;0;29,7;26,2;21,2;75,75;3,366667;
2001-10-23;4,8;6,8;0;30,6;27,62;25,4;76,25;3,533333;
2001-10-24;6,9;6,8;0;29,8;26,48;24,8;77;2,8;
2001-10-25;5,7;2,7;4;28,4;24,42;21,8;85,75;2,033333;
2001-10-26;2,1;3,3;5;29,2;25;21;84,25;,7;
2001-10-27;2,9;,6;7,6;27,6;24,44;22,8;88,75;2;
2001-10-28;1,9;0;6,1;27,2;24,52;23;92;1,533333;
2001-10-29;1,2;2,5;5;28,8;25,94;23,2;79,5;2,733333;
2001-10-30;4,3;2;1,2;28,8;26,38;24,3;73,75;3,066667;
2001-10-31;6;6,7;0;29,4;25,86;21;74;3,3;
2001-11-01;6,4;8,3;,3;30;26,5;21,9;72,75;3,866667;
2001-11-02;6,8;7,1;0;29,4;26,32;22,1;73;2,7;
2001-11-03;6,2;8,2;0;29,7;26,88;24,9;73;2,966667;
2001-11-04;6;7,6;0;29,9;26,18;19,9;73;3,3;
2001-11-05;6;9,6;0;30,5;26,56;21,7;75,75;2,9;
2001-11-06;5,4;8;0;30,4;26,48;20,9;73,5;3,2;
2001-11-07;6,2;9;0;30,4;26,84;24,4;72;2,5;
2001-11-08;7,3;3,8;0;29,7;26,26;21,3;75,25;1,833333;
2001-11-09;5;7;4,5;28,7;25,28;23,3;83,5;3,1;
2001-11-10;4,3;5,8;19,4;29,1;25,82;22,6;79,25;2,5;
2001-11-11;3,6;8;2,6;29,5;25,96;21,2;79,5;2,633333;
2001-11-12;5,4;10,4;0;29,9;26,38;21,3;73,25;3,466667;
2001-11-13;7,2;10,1;0;29,9;26,5;21,9;72,5;2,966667;
2001-11-14;6;8;0;30;26,52;22,2;74;2,966667;
2001-11-15;5,4;7,7;0;30;26,74;21,6;72;3,533333;
2001-11-16;7,4;8,1;0;30,4;27,24;24,9;74,5;2,3;
2001-11-17;7,1;6,6;0;30,8;27,04;22,1;76,25;3,266667;
2001-11-18;5,9;9,4;2,2;30;27,08;23,7;74;3,5;
2001-11-19;9;9,8;0;30,2;27,22;24,7;71,5;3,333333;
2001-11-20;8,9;9,2;0;29,9;26,82;24,7;71,25;2,966667;
2001-11-21;7,7;5,6;0;30;26,62;22,6;71;4,133333;
2001-11-22;8,4;7;0;29,6;27,1;25,3;73,25;4,4;
2001-11-23;7,7;9,8;0;30,3;27,28;24,7;71,75;3,233333;
2001-11-24;8,1;10,4;0;30,4;27,44;24,7;70,5;3,8;
2001-11-25;6,9;6,8;0;30,3;27,2;25;77,75;3,333333;
2001-11-26;7,7;5,3;,6;29,4;27,28;25,3;75;3,033333;
2001-11-27;7,6;5,6;,6;29,6;27,14;25,5;72,5;3,8;
2001-11-28;6,9;8,6;1;30,6;27,2;24,7;75;3,5;
2001-11-29;7,4;7,2;0;30,9;27,58;25;76;2,3;
2001-11-30;5,6;9;,9;30,6;27,7;24,7;77;3,633333;
2001-12-01;6,6;6,2;1,4;30,1;27,44;24,7;79;2,466667;
2001-12-02;5,8;10,2;0;30,9;27,58;25,1;74,75;3,2;
2001-12-03;7,4;10,3;0;30,6;27,78;25,9;74;3,966667;
2001-12-04;6,3;9,8;0;30,6;27,4;23,3;72,75;3,866667;
2001-12-05;6,7;9,7;3;30,2;27,62;25,2;73,5;4,433333;
2001-12-06;7,2;10,7;0;30,4;27,8;26,1;72;3,966667;
2001-12-07;8,7;6;9,2;29,6;26,06;23,7;78;2,9;
2001-12-08;6,4;6,7;0;30,9;27,3;22,9;74,75;4,1;
2001-12-09;6,1;3,1;3,7;30,2;27,04;24,3;77,75;3,066667;
2001-12-10;7,2;8,6;,3;30;27,48;25,3;73;3,966667;
2001-12-11;5,8;4,1;7,2;29,7;26,48;23;80,5;3,566667;
2001-12-12;5,5;,7;,4;29,7;26,94;24;78;2,533333;
2001-12-13;5,7;9,4;1,3;30,5;26,92;21,3;76,5;4,4;
2001-12-14;8,9;8;0;30,5;27,74;25,7;74,25;4,466667;
2001-12-15;8,7;5,7;,1;30;26,86;23,7;80,5;3,4;
2001-12-16;5,1;6,3;20,7;29,6;26,86;23,9;81;3,3;
2001-12-17;4,3;7,8;12,6;30;27,06;23,2;79;4,1;
2001-12-18;5,6;4;,5;29,7;27,2;25;78,5;3,8;
2001-12-19;5,6;9,4;0;30,1;27,28;23,7;78;2,9;
2001-12-20;5;8,8;3,4;30,2;27,74;25,9;79,25;3,833333;
2001-12-21;5,9;6,6;2;30;27,48;25,2;80;4,3;
2001-12-22;4,4;7,9;0;30,3;27,02;22,7;78,5;3,466667;
2001-12-23;4,8;4,9;3;30,7;27,3;23,7;76,25;3,2;
2001-12-24;5,9;8;0;30,4;27,58;25;77;4,133333;
2001-12-25;6,7;8,9;2,3;30,2;26,94;24,7;78,5;3,766667;
2001-12-26;4,5;7,9;3,4;30,2;26,84;23,7;80,75;3,033333;
2001-12-27;4,8;7,4;4,2;30;27,36;24,7;78,5;4,166667;
2001-12-28;5,3;7,2;24,4;30,4;27,7;24,7;82,25;3,833333;
2001-12-29;5,8;5,4;1;30;27,4;25,3;82;4,733333;
2001-12-30;6,4;3,7;,2;29,9;27,66;25,7;78,75;3,566667;
2001-12-31;5,1;,1;4,7;29,5;27,36;24,7;80,75;3,233333;
2002-01-01;4,9;,1;2,3;28,8;26,68;24,7;84,5;2;
2002-01-02;3,2;,9;4,8;30,1;26,78;23,7;81,25;2,566667;
2002-01-03;2,6;0;46,3;29,6;25,94;21,2;85,75;2,066667;
2002-01-04;2,4;4,7;,5;30,9;28,04;24,7;76,25;2,2;
2002-01-05;4,4;0;4,9;29,3;26,08;23,9;88,25;1,966667;
2002-01-06;2,4;,1;42,9;27,4;24;22,2;95,25;2,2;
2002-01-07;,8;0;21,1;28,9;25,86;22,2;82,5;2,733333;
2002-01-08;2,8;5,1;,5;29,7;25,66;23,2;91,5;1,2;
2002-01-09;1,9;10,6;11,5;30;26,52;22,3;80;1,6;
2002-01-10;3,8;2,2;18,2;28,6;24,4;22,2;90,75;1,366667;
2002-01-11;2,3;4,4;25,8;29,5;25,96;22,7;86;1,9;
2002-01-12;4,4;7,4;2,9;29,9;27,3;24,9;76,75;4,366667;
2002-01-13;4,8;8,7;0;29,7;26,66;22,7;77,5;2,4;
2002-01-14;5;10,3;3,4;29,8;26,9;23,1;76,75;2,933333;
2002-01-15;4,8;4,5;0;30,4;27,46;23,1;73,5;1,866667;
2002-01-16;5;1,8;1;29;26,3;24,4;87,25;1,2;
2002-01-17;2,3;,8;7,3;29,3;26,28;23,7;83,75;2,066667;
2002-01-18;4,1;,9;3,7;27,7;24,96;22,4;87,75;,333333;
2002-01-19;1,8;10;15,7;29,9;26,84;23,1;76,5;2,166667;
2002-01-20;5,1;9,8;6,7;30;26,4;22;81;2,9;
2002-01-21;4,2;,4;,5;28,6;26,58;24;79;1,566667;
2002-01-22;3,8;8;6,2;29,8;26,96;23;77,5;2,9;
2002-01-23;5,2;3,3;0;29,7;26,3;23,9;83;2,566667;
2002-01-24;3,2;6,2;,6;29,9;26,46;22,7;82,5;1,033333;
2002-01-25;4,4;11;,8;30;27,26;23,7;72,5;2,733333;
2002-01-26;4,9;6,5;4;30;27,08;24,2;79,75;3,966667;
2002-01-27;5,3;8,7;0;30,3;27,12;23,2;75,75;3,433333;
2002-01-28;5,8;7,2;0;30;26,9;23,4;73,5;3,3;
2002-01-29;5;8,3;0;30,2;26,98;21,9;72;4,3;
2002-01-30;5,3;5,9;0;30,2;27,16;23,9;74,25;2,466667;
2002-01-31;7,4;9,2;0;30,6;27,54;24,7;75;3,633333;
2002-02-01;6,7;5,5;0;30,6;27,18;25;74,5;3,466667;
2002-02-02;6,2;9,8;0;30,6;27,34;23,9;67;3,633333;
2002-02-03;6,1;9,2;0;31;27,26;22,1;77,75;2,166667;
2002-02-04;4,6;2;34,8;28,6;25,54;23,4;86,5;1,2;
2002-02-05;2,5;8,9;1,9;30,7;27,22;22,5;78,25;2,266667;
2002-02-06;5,4;8,1;,6;30,1;27,36;23,5;75,5;4,2;
2002-02-07;6,4;10,2;0;30,4;26,92;23,3;71,25;3,666667;
2002-02-08;5;8,4;0;30,2;27,78;25,5;71,5;3,466667;
2002-02-09;1,2;6,2;7,2;30;26,64;23;76,5;2,633333;
2002-02-10;,7;,6;2,2;26,9;23,76;22,4;94,75;,533333;
2002-02-11;,5;3,2;53,8;29,6;25,38;21,4;85;2,433333;
2002-02-12;,9;8,1;2,3;30,4;26,36;23,6;79,75;4,3;
2002-02-13;4,5;1,5;6,2;29,6;25,96;22,5;86,25;2,466667;
2002-02-14;1,8;3,9;20,3;30;26,66;22,1;83,5;3,133333;
2002-02-15;3,4;7,7;5;30,2;27,26;23,7;77,5;2,233333;
2002-02-16;3,7;1;1;29,5;26,22;22,7;82;1,766667;
2002-02-17;2,4;1,9;13,6;29,5;26,84;22,7;78,5;2,366667;
2002-02-18;3,6;9,1;0;30,4;26,32;23,2;83,25;4,233333;
2002-02-19;4,8;7,6;17;30;26,8;23,3;81;3,3;
2002-02-20;3,9;9,3;26,6;30,2;27,16;23,3;76,75;2,533333;
2002-02-21;5,9;10,2;0;30,7;27,52;23,7;74;2,866667;
2002-02-22;4,8;10,3;0;30,4;27,22;23,4;73,25;2,1;
2002-02-23;6,2;9,9;0;30,5;27,48;23,3;76;4,3;
2002-02-24;6,8;9,3;0;30,5;28;26,1;74,5;3,4;
2002-02-25;5,2;8,9;0;30,7;27,62;23,6;72,5;2,733333;
2002-02-26;5,3;7,5;6,6;30,2;27,02;23,7;77;2,2;
2002-02-27;5,7;7,4;,4;30,3;27,92;25,7;74,5;2,733333;
2002-02-28;7,3;9,5;0;30,1;27,9;25,8;68,75;4,966667;
2002-03-01;6,2;7,5;4,3;30,4;26;23,5;84;2,633333;
2002-03-02;3,9;9,5;9;30,5;26,9;23,3;74,75;3,066667;
2002-03-03;4,1;,1;7,8;27,5;25,12;23,6;94,25;2,066667;
2002-03-04;1,9;0;68,8;27,7;25,32;23,7;90,25;1,833333;
2002-03-05;1,3;0;14,7;26,5;24,34;23,4;96,5;,666667;
2002-03-06;,7;4,2;14,5;29,9;25,64;22,7;85,25;1,766667;
2002-03-07;2;2,7;62,4;29,5;26,06;23,7;88,25;3,9;
2002-03-08;2,9;8,1;7,7;30;26,92;23,9;75,25;2,8;
2002-03-09;3,1;7,1;5,4;29,5;26,48;23,1;74,5;3,033333;
2002-03-10;1,4;3,4;,2;29,8;27,06;23,2;74,75;3,233333;
2002-03-11;1,3;8,2;0;30,3;27,44;25,7;78,5;2,766667;
2002-03-12;1,3;10;1,4;30,6;27,42;23,3;72,5;3,8;
2002-03-13;2,1;9,6;,4;30,3;26,8;22,4;73,25;3,066667;
2002-03-14;,7;10,8;0;30,2;26,7;21,1;72;2,066667;
2002-03-15;1,1;8,9;14;29,9;26,66;22,7;78;2,033333;
2002-03-16;3,9;9,8;0;30,5;27,28;22,5;77,75;2,133333;
2002-03-17;4,2;9,3;15,4;30,2;27,34;23,7;80,75;2,8;
2002-03-18;3,8;4,4;20,3;30,2;26,34;24;86;2,166667;
2002-03-19;2,6;8,7;98;30,3;27,36;23,4;78,75;2,233333;
2002-03-20;4,1;10;7;30,1;27,42;24,1;75,25;3,133333;
2002-03-21;4,1;6,7;2;30,2;26,78;23,7;85,25;2,2;
2002-03-22;3,1;10,5;0;30,2;27,14;22,1;76,75;1,966667;
2002-03-23;4,5;,2;10,4;28,4;25,92;24,4;90,75;1,166667;
2002-03-24;1;4,2;26,7;29,4;26,24;23,6;82,75;1,9;
2002-03-25;3;9,5;2;30,2;26,9;23;80,75;3,233333;
2002-03-26;5,3;6,1;3,6;29,8;26,74;21,8;81,5;2,6;
2002-03-27;2,7;8,2;2;30,4;27,04;24,7;79,25;3,3;
2002-03-28;3;6,2;9,8;30,4;27,34;23,9;76,5;4,533333;
2002-03-29;3,9;7,8;2;30,4;27,04;23,6;77;2,633333;
2002-03-30;4,2;9,6;0;30,7;27,26;23,3;75,5;3,033333;
2002-03-31;6,5;4,7;0;30,4;26;22,9;90,75;2,633333;
2002-04-01;2,3;5,6;25,6;29,7;27,34;22,9;80,75;3,066667;
2002-04-02;3,4;8,4;7,2;29,7;27,54;25,1;79;4,333333;
2002-04-03;5,6;7,5;2,6;30;27,34;23,3;74,5;3,733333;
2002-04-04;4,6;7;0;30,3;27,46;23,3;74;3,3;
2002-04-05;5,2;5,1;9,4;29,7;26,84;24,1;78,25;2,833333;
2002-04-06;5,3;1,3;0;29,3;25,38;23,2;85,25;1,933333;
2002-04-07;4,3;9,8;0;30,2;24,84;21,7;87;1,6;
2002-04-08;4,4;9,8;0;30,2;26,24;20,9;75,75;2,9;
2002-04-09;4,8;9,9;0;30,2;26,94;21,1;75,75;2,733333;
2002-04-10;5,4;7,5;2,2;30,2;26,88;22,6;81,5;1,133333;
2002-04-11;3,6;3,3;,2;30,8;27,28;22,4;74,75;3,233333;
2002-04-12;4,1;,3;0;28,8;26,04;23,7;85,5;1,133333;
2002-04-13;1,2;4,7;2,7;30;26,84;22,5;81,25;2,766667;
2002-04-14;4,1;3,6;2,2;30,1;26,1;23,4;80,25;1,7;
2002-04-15;2,1;6;3;29,8;26,88;23,1;77,25;2,833333;
2002-04-16;2,7;9;,4;30,9;26,52;22,7;80,75;2,733333;
2002-04-17;1,8;2,8;12;29,5;25,76;23,1;86,5;1,4;
2002-04-18;,8;5,1;6,8;30;26,96;23,3;71,75;4,633333;
2002-04-19;1,4;9,2;6,4;30;26,56;23,7;78;4,833333;
2002-04-20;1,4;7,8;20,4;29,8;26,72;22,1;81;4,633333;
2002-04-21;1,5;9,7;6,8;29,8;26,08;23,9;83;3,4;
2002-04-22;1,1;8,1;5,5;29,9;27,04;23,4;74,5;3,866667;
2002-04-23;1,3;3,7;1,8;29,2;25,78;23,2;84,5;3,3;
2002-04-24;,7;3,8;15,6;28,7;25,06;22,7;88,75;2,066667;
2002-04-25;2,8;8,5;1,4;29,6;26,6;22,3;75,75;3,866667;
2002-04-26;4,9;10,2;0;30,2;27,12;23,7;72,5;3,233333;
2002-04-27;4,6;8,4;,1;29,6;26,06;23;82;1,7;
2002-04-28;3,7;4,5;7,3;28,8;25,8;23,3;82,5;2,933333;
2002-04-29;4,1;9,4;,1;30,4;26,6;22,3;80,25;4,4;
2002-04-30;4;4,9;,5;29,6;26,1;23,6;88,25;1,966667;
2002-05-01;2,1;0;22,2;26,3;25,58;23,7;88;2,733333;
2002-05-02;1,6;8,8;21,6;30;26,58;23,1;71;3,866667;
2002-05-03;4,1;9,3;,4;29,6;26,42;22,7;74,75;3,9;
2002-05-04;3,7;10,4;0;29,9;24,92;21,3;82,5;1,633333;
2002-05-05;3,7;9;0;30,5;25,92;21,3;83,75;2,766667;
2002-05-06;3,5;4,1;34;29,6;25,8;23,7;91;2,033333;
2002-05-07;2,4;7,5;38,9;29,6;25,72;21,5;80,5;2,366667;
2002-05-08;3,7;9,4;,3;29,2;26,32;22,7;80,25;3,466667;
2002-05-09;3;1,5;24,4;29,2;25,3;22,7;88,25;2,666667;
2002-05-10;2,1;6,6;4;30;27,4;23,9;78;3,133333;
2002-05-11;2,9;4;20,9;29,2;26,66;24,1;80,25;3,866667;
2002-05-12;4,8;9,8;0;29,4;26,86;25;75,25;3,766667;
2002-05-13;5;1,1;,3;28,6;25,46;21,8;78;4,6;
2002-05-14;4;2;0;29,2;26,4;22,7;78;3,433333;
2002-05-15;3,4;4,9;8,5;29,4;25,86;22,9;85,25;3,666667;
2002-05-16;2,2;0;70,7;26,4;25,02;23,7;94,25;1,366667;
2002-05-17;1,1;8;22;29,3;26,58;23,3;80,75;2,7;
2002-05-18;3;9,3;0;29,5;25,7;22,5;82,75;1,933333;
2002-05-19;3,3;8,6;,4;29,7;26,84;22,2;79,5;2,666667;
2002-05-20;5,2;9,6;0;29,7;27,56;25,9;77,25;3,1;
2002-05-21;3,5;5,3;17,7;29,4;26,46;23,5;84,25;1,833333;
2002-05-22;3,3;7,9;1,6;29,6;26,94;24,1;81,25;2,4;
2002-05-23;3,4;6,1;1,7;29,6;26,86;23,7;79,5;2,366667;
2002-05-24;3,4;7,5;0;29,4;26,12;22,1;80,25;2,433333;
2002-05-25;3,4;4,1;0;29,3;25,96;23,2;79,5;2,9;
2002-05-26;3,5;1,5;1;27,4;25,22;22,9;83;3,333333;
2002-05-27;2,7;6;,2;29,4;25,62;23,3;76,75;3,566667;
2002-05-28;4,8;2,4;0;29,3;25,82;22,9;77;3,866667;
2002-05-29;4,6;,7;0;27,9;24,82;23,1;86;3,833333;
2002-05-30;2;4,4;9,7;28,8;25,14;22,2;89,75;2,266667;
2002-05-31;1,9;,7;3,7;27,6;25,38;23,2;93,5;2,2;
2002-06-01;1,5;4,9;33,9;29,1;25,9;23,8;81,25;4,133333;
2002-06-02;3,6;9,7;,1;29,5;25,42;21,7;77,25;2,2;
2002-06-03;3,8;8,8;0;28,8;25,1;21,7;80,5;2,866667;
2002-06-04;3;8,8;0;29,4;25,56;21;82,25;2,966667;
2002-06-05;3,8;7,7;6,7;28,9;26,44;23,4;80;3,466667;
2002-06-06;3,1;,2;7,2;25,9;24;22,6;94,25;1,766667;
2002-06-07;,6;,1;92,9;26,4;23,8;22;94,75;2,5;
2002-06-08;1,3;4,4;141,1;28,8;25,36;22,1;90,5;2,566667;
2002-06-09;1;,5;22,4;28;24,5;22,7;90;1,366667;
2002-06-10;2,1;10,1;7;28,6;24,68;21,7;83,25;3,2;
2002-06-11;2,5;8,8;0;29,1;25,06;20,8;83;2,033333;
2002-06-12;2,8;0;14,9;24,6;23,7;22,7;95,75;1,9;
2002-06-13;,8;7,6;36,7;28,7;25,64;22,7;83,5;3,3;
2002-06-14;3,3;7,8;5;28,7;25,2;21,7;82,5;3,233333;
2002-06-15;2,7;0;52,7;25,8;24,9;22,9;85,75;3,466667;
2002-06-16;2,3;6,2;24,4;28,2;24,84;22,2;76,75;2,033333;
2002-06-17;3,6;,3;6,8;26,2;23,94;22,3;90,75;3,7;
2002-06-18;2,4;6,6;34,3;28,2;25,08;22,4;78,25;3,666667;
2002-06-19;3,9;0;3;24,2;22,7;22,1;94,75;1,933333;
2002-06-20;3,3;8,1;25,3;28,8;25,96;21,7;81;2,633333;
2002-06-21;5,4;9;0;28,7;26,94;25,5;69,75;4,633333;
2002-06-22;6,6;9,4;0;28,6;25,56;23,7;77,25;2,733333;
2002-06-23;4;4,6;6,2;27,6;23,38;21,7;87,5;1,933333;
2002-06-24;1,7;6,5;9,4;28,4;23,88;21,4;87,25;1,366667;
2002-06-25;2,5;9,4;,4;28,3;25,02;21,4;83,25;3;
2002-06-26;2,5;,7;6,7;27,4;24,64;22,4;83,5;3,133333;
2002-06-27;2,3;3,2;1;26,9;23,68;20,7;86,5;2,7;
2002-06-28;2;7;11;28;24,62;21,3;82;2,9;
2002-06-29;2,4;4,9;18;27,5;24,32;22,5;88,75;2,966667;
2002-06-30;1,5;,1;16,4;26,8;25,02;22,3;87,75;2,466667;
2002-07-01;2,3;1,3;20,7;26,5;24,42;23,4;86,75;3,166667;
2002-07-02;2,5;6;7,2;27,7;24,08;20,7;81;3,8;
2002-07-03;2,8;,4;6,7;27;23,92;22;87,25;4,4;
2002-07-04;2,6;0;19,4;24,2;22,56;21,6;95,75;,666667;
2002-07-05;,2;1,5;40,1;26,9;24,32;22;81;2,866667;
2002-07-06;4;9,4;0;27,5;24,7;23;77,5;3;
2002-07-07;2,4;5,4;,5;27,7;24,04;20;79,5;2,733333;
2002-07-08;3,2;1;0;27,2;24,78;23;85,25;1,733333;
2002-07-09;1,8;,6;,3;27,7;24,28;22,3;93,5;2,3;
2002-07-10;1,1;2;48,4;27,7;24,34;21,9;86,75;3;
2002-07-11;3;8,4;4,2;28,4;24,6;22,2;79;2,1;
2002-07-12;3,1;7,6;4,4;28,4;23,38;21,1;86,75;1,533333;
2002-07-13;2,2;4,6;,5;27,4;23,48;19;88;1,266667;
2002-07-14;1,9;7,9;,3;28,4;25,66;21,6;79,75;1,766667;
2002-07-15;3,9;9,4;0;28,7;24,76;22,5;82;3;
2002-07-16;3,9;8,5;0;28,1;25,24;21,4;73,5;2,833333;
2002-07-17;4,1;4;0;27,6;22,82;19,8;90,75;1,8;
2002-07-18;2;10,3;4,5;28,2;24,34;18,8;78;3,133333;
2002-07-19;3,3;3,5;12;27,2;24,2;22;83,75;2,933333;
2002-07-20;2,4;4,3;18,6;27;23,74;21,8;82;2,566667;
2002-07-21;2,7;5,5;2,9;27,9;24,24;21,3;83;1,8;
2002-07-22;7,3;9,4;0;28,2;24,96;21;76;2,433333;
2002-07-23;3,7;9,7;0;28,7;25,34;20,7;76,5;3,733333;
2002-07-24;4,2;1,2;,5;28;25,8;23,4;74,25;2,4;
2002-07-25;3,7;9,2;1,7;28,6;24,92;21,6;83,25;3,066667;
2002-07-26;3,4;,9;6,6;26,2;24,06;23;97;2,3;
2002-07-27;1,4;3,6;51;28,1;25,26;23,7;88,5;2,166667;
2002-07-28;2,9;7,8;10,3;28,3;25,62;23,4;85,5;2,733333;
2002-07-29;3,1;6,8;8,7;28,2;25,9;23,4;85,5;3,266667;
2002-07-30;3,8;7,4;5,6;28,4;25,6;23;77,5;3,466667;
2002-07-31;4,2;5,9;7,2;27,7;24,94;22;77,75;2,833333;
2002-08-01;3,2;6;11,7;28,1;25,06;21,6;83,5;1,6;
2002-08-02;2,7;7;0;28,4;26,06;22,9;78;4,366667;
2002-08-03;4,9;9,3;0;28,5;25,78;24;78,25;3,233333;
2002-08-04;3,7;7,9;,4;28,4;25,5;21,1;70;4,766667;
2002-08-05;6,5;10;0;28,6;25,66;22,3;63;3,3;
2002-08-06;6,6;9,6;0;28,8;24,36;17,8;68,5;2,566667;
2002-08-07;4,5;2,9;0;28,3;24,86;19,8;78,25;2,733333;
2002-08-08;2,9;,7;1;26,6;24,14;21,5;80,25;2,266667;
2002-08-09;4,8;8,2;1,5;28,5;24,9;22,5;71,75;3,3;
2002-08-10;5,2;8,9;1,2;28,3;24,82;20,4;73,25;3,566667;
2002-08-11;4,4;1;3,2;26,5;23,24;20,1;94,25;1,3;
2002-08-12;2,4;5,4;11,8;27,7;24,58;21,7;86;3;
2002-08-13;2,9;10,1;7;27,9;24,34;20,9;81,25;2,466667;
2002-08-14;3;7;1;28,8;24,72;20,4;80,5;2,333333;
2002-08-15;2,9;3,5;11,4;27,1;25,16;20,9;76,5;3,7;
2002-08-16;5;1,4;,3;27,9;25,24;23,2;77;4,1;
2002-08-17;3,4;,3;7;25,4;23,88;21,7;87,25;3,7;
2002-08-18;2,8;6,6;15,9;27,5;24,58;22,5;82,5;3,933333;
2002-08-19;3,8;4,7;6;27,5;25,26;21,1;73,5;5,366667;
2002-08-20;4,8;3,7;1,4;27;25,24;23,4;74;5;
2002-08-21;6;8,7;2,5;28,1;25,64;23,5;68,75;4,966667;
2002-08-22;4,8;4,7;,2;27,3;23,98;19,2;83,5;3,466667;
2002-08-23;3,2;9,2;10,2;27,9;24,24;21,3;74,25;3,866667;
2002-08-24;3,8;9,6;4,3;27,9;24,18;18,8;74,5;2,933333;
2002-08-25;4,6;8,9;2,6;27,8;24;18,8;73,75;3,366667;
2002-08-26;4;10,5;0;28,6;24,5;20,3;78;3,866667;
2002-08-27;3,6;4,7;10;27,5;24,16;21,7;82,25;3,333333;
2002-08-28;8,2;8,9;4,4;28;23,84;21,1;80;6,033333;
2002-08-29;5;7,8;1,8;27,4;24,98;21,7;73,5;4,6;
2002-08-30;4,2;4,5;1;28;24,12;19,6;79,75;3,9;
2002-08-31;2,5;9;6,4;28,3;24,14;20,1;81,5;2,2;
2002-09-01;3,3;10;0;28,6;25,28;20;74,5;2,4;
2002-09-02;4;10,1;0;29,6;25,74;20,1;72;2,566667;
2002-09-03;4,8;3;0;28;25,48;21,9;73,25;2,7;
2002-09-04;3,8;9;1,2;28,7;25,42;20,9;74,75;2,366667;
2002-09-05;4;7,2;5;28,2;25,08;21,5;83;2,5;
2002-09-06;3,9;6,8;,1;27,9;25,2;21,2;73,5;2,466667;
2002-09-07;3,4;4,7;3,6;27,9;24,92;20,7;75;1,833333;
2002-09-08;4;7,4;11,2;29,1;25,58;22;74,75;1,9;
2002-09-09;5,6;10,1;0;28,7;26,36;24,5;70,5;4,566667;
2002-09-10;7,5;6,3;0;28,4;24,9;22,7;73,25;3,566667;
2002-09-11;5,2;9,8;,8;28,2;25,2;21,3;68,75;3,966667;
2002-09-12;5,8;8,5;0;28,3;24,88;19,6;70,5;4,233333;
2002-09-13;5,9;10,6;,2;28,6;25,2;19,6;65,25;3,733333;
2002-09-14;6,3;9,9;0;28,4;24,9;19;66,75;2,966667;
2002-09-15;5,7;9,1;0;28,6;25,04;18,8;69,75;3,533333;
2002-09-16;5,1;8,4;7,8;28,7;25,7;22,5;74,5;3,133333;
2002-09-17;4,8;2,9;0;29,3;25,96;22,9;80,25;3,2;
2002-09-18;2;4,9;11,1;27,6;25,78;24,3;73;3,633333;
2002-09-19;2,3;8,8;,2;28;25,44;23,7;72;2,633333;
2002-09-20;5,1;9,5;0;28,6;24,78;20;71,75;3,266667;
2002-09-21;4,6;10,3;0;28,5;24,88;19,1;72,25;2,766667;
2002-09-22;4,7;9,4;0;29,3;25,48;20,3;73,5;3,066667;
2002-09-23;4,4;4,7;0;28,7;25,4;20,2;74;2,633333;
2002-09-24;3,5;7,2;0;29,6;25,76;20,9;74,75;2,633333;
2002-09-25;3,9;8,5;0;29,6;25,58;20,2;72,25;2,1;
2002-09-26;3,8;7,6;0;29,8;26,38;20,2;69;3,966667;
2002-09-27;4,7;9,2;1;28,8;26,1;23,7;71;2,833333;
2002-09-28;5,2;10,2;0;28,8;26,24;23,7;70,25;3,566667;
2002-09-29;7;9,7;0;28,5;25,78;23,8;70,5;3,133333;
2002-09-30;5;9,7;,3;28,7;25,44;23,5;71,75;2,066667;
2002-10-01;4,7;6;0;28,9;25,64;20,7;73,5;3,866667;
2002-10-02;4,6;7,8;0;29,4;26,14;21,9;72;2,666667;
2002-10-03;5,6;9,1;0;29;25,96;22,1;70;3,3;
2002-10-04;6,7;5,7;0;28,8;25,8;22,9;72,25;3,3;
2002-10-05;5,6;3,6;0;29,3;26,24;21,5;71;2,333333;
2002-10-06;3,9;2,5;5,3;28,4;25,72;23;80,25;2,666667;
2002-10-07;4,7;6,4;4,6;28,8;26,16;23,2;77;3,966667;
2002-10-08;4,3;,9;10,3;27,4;24,3;22,9;89,5;2,566667;
2002-10-09;2,4;3,5;16,3;28,3;25,72;22,7;77,25;2,733333;
2002-10-10;5,1;8,5;0;28,8;26,06;24,1;72,5;3,966667;
2002-10-11;6,9;8,6;0;28,9;26,24;23,8;69,5;4,033333;
2002-10-12;7,3;9,3;,7;29,3;25,94;22,2;68,75;2,666667;
2002-10-13;5,1;5,4;5;29,4;24,92;21,4;79,75;1,066667;
2002-10-14;3,1;2,7;2,3;28,2;25,54;22,1;77;2,866667;
2002-10-15;5,2;1,8;,2;28,4;25,64;24,3;76;2,633333;
2002-10-16;5,3;8,4;0;28,7;26,06;24,1;71,25;3,233333;
2002-10-17;5,8;7,5;1;28,6;25,48;21,3;76,75;3,1;
2002-10-18;5;8,1;0;29,4;26,82;23,5;70,75;2,533333;
2002-10-19;6,7;3,8;0;28,5;26,72;25,1;71,25;3,1;
2002-10-20;6,6;6,4;0;28,8;25,76;23,2;74,25;3,466667;
2002-10-21;6,3;5,2;2,7;28,3;25,96;22,5;74,5;3,3;
2002-10-22;4,7;2;0;29,4;26,66;23,7;75,25;2,833333;
2002-10-23;5,5;8;0;29,7;26,94;24,9;71,75;3,366667;
2002-10-24;7,1;7,9;0;29,2;26,84;24,9;69;2,8;
2002-10-25;6,7;6,7;,4;29,2;26,08;23,7;72,75;3,4;
2002-10-26;6,1;8,1;0;29,1;25,8;21,1;71,5;3,3;
2002-10-27;4,6;6,7;,2;29,6;26,04;21,1;75,75;3,566667;
2002-10-28;5,2;5,6;0;29,4;26,2;22,1;72,25;3,233333;
2002-10-29;4,6;8,1;0;30;26,28;21,3;73,75;2,666667;
2002-10-30;5;6,4;0;29,9;26,44;21,4;75,5;2,6;
2002-10-31;5;8,4;0;30,6;26,9;23,1;75;3,1;
2002-11-01;4,6;6,5;0;30,3;26,46;21,7;72,25;2,833333;
2002-11-02;4,3;9,1;0;30,5;25,76;19,9;72;2,7;
2002-11-03;5;9,3;0;30,4;26,04;20,7;70,75;2,3;
2002-11-04;4;9;0;30,1;26;20,1;72,75;2,866667;
2002-11-05;4,8;9,6;0;30,6;26,48;21,7;72,25;2,766667;
2002-11-06;5,2;8,2;0;30,2;26,4;21,3;71;2,733333;
2002-11-07;5;9,5;0;30,4;25,96;20,3;76,25;3,066667;
2002-11-08;5,3;2,5;17,3;29,2;26,06;22,7;73,75;2,266667;
2002-11-09;4,7;8,9;0;29,6;24,62;21,1;78;2,466667;
2002-11-10;4,8;9,8;0;30,1;25,74;21,1;79;2,866667;
2002-11-11;5,8;3,4;0;29,4;26,3;22,7;76,25;3,966667;
2002-11-12;3,6;7;9,2;29;25,88;21,3;69,5;3;
2002-11-13;5,8;9,5;1,2;29,4;26,14;21,5;70,75;2,466667;
2002-11-14;6,6;6,1;0;29,7;26,32;24,2;76;3,566667;
2002-11-15;5,9;9,1;,6;29,4;25,92;20,7;66,25;2,9;
2002-11-16;6,4;8,4;0;29,5;25,94;20,1;68,5;3,466667;
2002-11-17;7;8,4;0;30,1;26,94;23,9;70,25;1,966667;
2002-11-18;7,3;9;0;30;27,16;24,7;71;3,066667;
2002-11-19;7,4;5,4;0;30,1;27,1;24,9;73,25;2,966667;
2002-11-20;6,1;3,7;0;30,1;27,04;23,9;72;3,4;
2002-11-21;6,3;4;,2;30,2;27,18;24,7;72,75;3,4;
2002-11-22;5,8;3,2;1,4;28,9;26,16;24,3;85;2,9;
2002-11-23;2,6;5,5;13,7;29,8;26,2;23,9;87,75;2,4;
2002-11-24;4,3;7;6,4;29,5;26,74;24,9;77,5;3,966667;
2002-11-25;6;4,1;4,2;29,2;25,66;23,2;80,75;3,966667;
2002-11-26;2,5;3,5;9,5;28,6;25,62;23,1;85,25;2,966667;
2002-11-27;3;6,5;22;29,4;26,36;23,4;78;2,566667;
2002-11-28;3,3;5,2;1,4;29,9;26,34;23,3;84,25;2,566667;
2002-11-29;3,4;6,6;,6;29,7;26,18;22,3;73,5;3,033333;
2002-11-30;5,8;1;0;28,9;25,62;24,7;79;2,6;
2002-12-01;3,7;3,9;0;29,3;26;21,7;75,5;2,433333;
2002-12-02;4,4;5,6;,4;29,2;25,78;21,6;79,75;2,5;
2002-12-03;4,7;5,2;0;30;26,98;24,3;74,75;2,666667;
2002-12-04;4,9;5,2;,2;29,5;27,1;25,3;76,25;3;
2002-12-05;5;9,4;1,3;29,5;26,48;23,1;72,25;3,633333;
2002-12-06;5,1;10,8;0;29,8;25,86;20,7;66,25;2,633333;
2002-12-07;4,5;9,6;0;31,4;26,52;20,4;72,5;3,233333;
2002-12-08;5,4;9,7;0;32,3;27,82;23,5;74,25;3,3;
2002-12-09;3,7;8,4;0;31,6;27,86;23,7;74,25;2,9;
2002-12-10;4,9;9;0;30,6;27,34;25,6;81,5;3,066667;
2002-12-11;5,6;10,4;1,9;30,3;27,5;25,7;71;2,966667;
2002-12-12;6,1;7,4;0;30,4;26,7;21,5;73;2,266667;
2002-12-13;5,5;2,7;3,5;28,9;26,3;24;82,75;1,766667;
2002-12-14;2,6;6,7;16;30,2;27,44;25,1;76;3,133333;
2002-12-15;4,4;4,8;3;29,9;27,32;25,3;80,25;2,666667;
2002-12-16;4,1;5,6;0;29,8;27,42;25,7;75,75;3,366667;
2002-12-17;5,1;8,4;0;30,6;27,48;24,3;76,5;2;
2002-12-18;4,7;8,1;0;30,4;27,18;23,1;74,75;3,066667;
2002-12-19;4,9;9,8;0;30,8;27,96;24;72,5;2,533333;
2002-12-20;5,7;10,8;1,4;30,6;27,62;25,1;73,25;2,733333;
2002-12-21;5,6;10,4;0;30,6;27,02;21,7;68,5;2,833333;
2002-12-22;5,2;9,3;0;31,3;26,9;22,7;76;1,633333;
2002-12-23;4,2;7,8;0;32,1;27,6;23,3;74;2,4;
2002-12-24;9,5;6,8;0;32,1;27,72;23,5;72,75;3,166667;
2002-12-25;4,4;9,9;0;32,2;27,86;23,7;75,75;3,366667;
2002-12-26;5,6;4,3;0;31,7;27,96;23,9;72,75;3,533333;
2002-12-27;3,1;5,1;0;32;27,76;23,6;75,5;2,4;
2002-12-28;6,1;8,5;0;31,4;28,02;25,5;69,5;2,7;
2002-12-29;5,4;9,6;5,2;30,9;28,06;23,3;69,25;1,933333;
2002-12-30;5,8;9,2;,2;31,3;27,36;22,7;70,5;3,166667;
2002-12-31;7;9,9;0;30,8;26,9;21,1;67,25;2,733333;
2003-01-01;6,2;7;0;31,5;26,78;21,1;72,75;2,8;
2003-01-02;5,8;11,2;0;31,4;27,18;22,6;65,75;1,766667;
2003-01-03;5,3;9,4;0;31,3;26,74;21,5;68,5;2,333333;
2003-01-04;5,1;9,3;0;31,7;26,66;19,5;72;2,733333;
2003-01-05;6,8;10,5;0;31,7;27,38;21,8;70,25;1,6;
2003-01-06;6,6;9,3;0;31,9;27,6;22,5;70,75;1,966667;
2003-01-07;5,3;9,4;0;32,5;27,82;22,9;72,5;2,866667;
2003-01-08;5,3;7,3;0;32,5;28,04;23;71;3,066667;
2003-01-09;6,6;10,9;0;31,9;28,02;23,3;67;3,533333;
2003-01-10;7;10,8;0;31,7;27,88;23,6;67,5;2,4;
2003-01-11;7,3;10,4;0;31,6;27,18;21;69,5;3,233333;
2003-01-12;7,4;10;0;31,5;27,3;21,3;66,5;1,9;
2003-01-13;5,6;9,5;0;32,3;27,28;21,2;67,25;2,3;
2003-01-14;5,4;10,1;0;32,3;27,3;21,1;67;2,833333;
2003-01-15;7,2;10,9;0;32,5;27,46;21,4;64,75;2,633333;
2003-01-16;8,1;9,8;0;31,4;27,12;22,1;72,25;2,466667;
2003-01-17;5,9;5,8;,2;31,8;27,76;22,5;72,25;2,466667;
2003-01-18;6,4;7,8;12;32;27,84;23,7;74;2,733333;
2003-01-19;6,6;8,1;0;32,1;27,78;22,5;70,75;3,366667;
2003-01-20;3,2;4,3;0;31,3;27,26;22,9;78;1,7;
2003-01-21;4,8;9,7;3;31,4;27,76;23,4;75,25;2,9;
2003-01-22;5,4;,2;4;30,3;27,28;25,1;78,5;2,666667;
2003-01-23;4,2;7,6;3,4;31,4;27,72;23,1;75,25;2,566667;
2003-01-24;4,2;1,8;10,6;30,3;27;23,2;80,25;2,566667;
2003-01-25;3;8,2;0;31;27,44;24;75,75;2,8;
2003-01-26;5,4;10,7;,6;31,2;27,46;22,7;73;2,833333;
2003-01-27;4,9;2,7;4,7;30,6;26,18;23,4;85;1,8;
2003-01-28;3,5;,2;2,1;30,8;27,2;23,1;76,5;1,633333;
2003-01-29;3,2;,7;5;29,4;26,88;23,7;84,25;1,733333;
2003-01-30;3,1;5;1,2;30,7;26,94;23,4;82,25;2,3;
2003-01-31;3,6;0;6,5;30,6;27,22;23,5;78,25;2,733333;
2003-02-01;3,8;,7;,4;30,2;27,68;25,1;77,25;2,966667;
2003-02-02;4,8;4,3;1,8;30,1;27,5;24,7;82,75;3,233333;
2003-02-03;5,3;5,1;5,3;30,8;26,12;23,5;83,75;2,833333;
2003-02-04;3,2;,5;27,5;29,8;26,74;24,1;81,25;2,333333;
2003-02-05;4;7,9;6,3;30,3;27,46;23,6;72,5;3,2;
2003-02-06;4,4;3,8;4,7;30;27,02;23,3;79,75;2,866667;
2003-02-07;4,3;8,2;,5;30,1;27;22,6;74,25;3,266667;
2003-02-08;5;1,1;0;29,5;26,24;22,2;77;2,733333;
2003-02-09;4,4;8,8;,4;30,6;26,8;21,9;71,25;3,466667;
2003-02-10;5,2;9,4;0;30,7;27,22;23,4;70;2,733333;
2003-02-11;5,1;10,5;0;31,4;27,44;21,7;82,25;1,933333;
2003-02-12;4,9;4,6;0;31;27,44;23,1;71,5;2,733333;
2003-02-13;4,6;6,1;1;31,2;27,5;23,3;70;2,733333;
2003-02-14;4,7;10,4;,2;30,9;26,36;21,2;74;2,033333;
2003-02-15;4,3;8,5;2,2;30,5;27,34;23,7;70,5;3,166667;
2003-02-16;5;10,2;0;31,4;27,36;21,6;70,5;2,5;
2003-02-17;4,8;10,7;,3;31,8;27,9;24,1;69;3,866667;
2003-02-18;6,6;9,8;0;31,5;26,98;21,7;75;3,033333;
2003-02-19;4,4;8,9;37,9;32;26,92;23,6;84,25;2;
2003-02-20;3,3;2,2;5,4;29,8;26,4;23,7;81;2,733333;
2003-02-21;3,1;4,1;2;30;25,44;21,3;85,25;1,633333;
2003-02-22;2,8;7,3;2,4;30,7;26,84;22,4;79;2,866667;
2003-02-23;4,2;3,6;4;30,7;25,8;21,8;89,25;2,833333;
2003-02-24;2,8;,6;46,2;28,2;24,96;22,7;92,75;,866667;
2003-02-25;1,2;9,3;6,2;30,7;27,18;23,3;74,5;2,3;
2003-02-26;4,5;8,6;0;30,5;27,12;22,4;72;2,233333;
2003-02-27;4,8;1;,5;29,4;26,88;23,3;80,25;2,1;
2003-02-28;3,9;8,9;3,3;30,6;27,78;24,7;73,75;2,166667;
2003-03-01;3,4;3,5;1;29,7;26,46;22,1;77,75;2,333333;
2003-03-02;2,9;10,4;2,2;30,8;26,74;21,9;75,75;2,333333;
2003-03-03;3,8;9,7;0;30,5;27,08;21,9;71,75;2,166667;
2003-03-04;2,5;0;42;28,1;25,48;23;91,25;1,233333;
2003-03-05;1;9,5;9,9;30;27,04;23,1;75,75;3,4;
2003-03-06;2,4;7,3;0;30,5;27,38;23,9;76,75;2,666667;
2003-03-07;1,7;7,8;12;30,6;27,04;22,4;76,5;2,3;
2003-03-08;1,7;3,9;,7;29,8;26,2;22,7;79;1,8;
2003-03-09;1,6;6,9;0;30,8;27,12;22,9;82;2,766667;
2003-03-10;3;9,9;,9;30,9;27,62;24,6;76,5;1,866667;
2003-03-11;1,2;9,1;0;30,3;26,8;23,5;80,75;2,266667;
2003-03-12;2;4,4;1;30,9;26,66;22,8;82;2,333333;
2003-03-13;3;9,4;1;31,6;27,8;23,4;75,25;1,5;
2003-03-14;4,2;7,3;4,6;31;28;24,5;78;2,8;
2003-03-15;7,6;2,4;17,9;29,4;25,54;23,3;92,25;2,966667;
2003-03-16;1,8;7,7;19;31,3;26,66;21,7;84,5;1,866667;
2003-03-17;2,4;2,5;18,2;30,2;25,34;21,8;85,75;1,666667;
2003-03-18;2,6;6,4;0;30,6;27;22,3;81;3,133333;
2003-03-19;2,6;4,3;145,7;30,3;24,58;22,3;93,25;1;
2003-03-20;2;,5;25;29;25,1;23,5;91,75;1,366667;
2003-03-21;1,5;6,2;27,9;30,1;25,58;22,3;86,25;1,2;
2003-03-22;3,6;7,5;1,6;30,5;26,12;22,2;88;,8;
2003-03-23;2,4;7,5;25,6;30,6;26,48;23,5;83,5;2,533333;
2003-03-24;3;3,4;3,4;29,5;25,48;22,6;88;,7;
2003-03-25;1,6;9,3;26;30,7;27,22;23,1;80,5;2,6;
2003-03-26;3,4;9,6;2;30,6;27,14;22,7;71,25;2,6;
2003-03-27;3,3;5,9;,2;30,4;26,44;22,3;83,25;1,033333;
2003-03-28;2,3;6,1;5,9;29,9;26,5;22,9;82,5;2;
2003-03-29;2,9;5,6;1,2;31;27,72;23,1;75,75;2,166667;
2003-03-30;3,1;7,3;0;30,8;27,38;23,7;81,75;1,8;
2003-03-31;3,3;6,6;3;30,9;27,58;24,6;79,25;2,066667;
2003-04-01;3,1;6,9;,4;30,8;26,9;23,3;80,25;2,366667;
2003-04-02;3,1;8,5;0;30,4;26,86;22,6;76,5;2,9;
2003-04-03;3,3;10,2;0;30,8;26,98;22,2;82,25;2,2;
2003-04-04;3,7;10,3;2,6;30,6;26,64;24,1;78,25;2,6;
2003-04-05;4,4;7;0;31;25,96;22,6;83,25;1,6;
2003-04-06;2,6;6,6;0;31,8;27,3;22,7;80;1,766667;
2003-04-07;3;6,9;0;31,8;27,9;23,1;76,75;2,633333;
2003-04-08;1,9;10;6;30,6;27,66;24,1;72,75;2,733333;
2003-04-09;2,8;7,2;4;30,2;27,04;22,1;77;3;
2003-04-10;3,1;8,4;3,9;30,4;26,7;21,7;74,75;2,633333;
2003-04-11;3,8;10,2;0;31,2;27,04;21,7;71,75;2,2;
2003-04-12;4,7;9,8;0;31,4;27,56;22,2;72,75;2,533333;
2003-04-13;4,7;9,5;0;31,2;27,68;23,1;75;2,5;
2003-04-14;4,5;10,3;0;31;27,46;23,3;71,5;3,266667;
2003-04-15;4,2;10,1;,6;30,8;25,98;22;79,25;1,933333;
2003-04-16;4;10;0;30,6;27,02;22,2;72,25;3,066667;
2003-04-17;4,9;7,6;0;30,7;25,96;21,9;85;1,666667;
2003-04-18;2,4;6,5;8,9;29,5;25,76;23,1;90;,966667;
2003-04-19;1,5;9,7;5;30,4;26,26;23;82,75;2,3;
2003-04-20;3,2;8,8;6;30,6;26,66;23,3;80;2,233333;
2003-04-21;3,6;1,6;25,2;28,6;25,32;23,1;94,25;2,166667;
2003-04-22;1,4;5,3;25,4;30;26,94;23,2;71,75;3,1;
2003-04-23;4;8,4;2,6;30,1;26,84;21,7;74,5;3,233333;
2003-04-24;4;6,7;,1;30,4;26,46;22,3;76;2,466667;
2003-04-25;3,5;5,1;,8;30;27,04;24,1;80;2,466667;
2003-04-26;3,5;3,7;,7;29,8;26,18;23,8;87;2,533333;
2003-04-27;1,5;,6;22;29,4;25,2;22,7;89;1,266667;
2003-04-28;2,3;10,1;,3;30;26,1;22,3;79,25;1,866667;
2003-04-29;3,7;9,8;0;30,2;26,68;21,7;75,25;2,433333;
2003-04-30;3;6,9;1,6;29,4;25,94;22,7;87,25;1,6;
2003-05-01;2;1,1;24,6;28,2;25,22;23,7;93,5;1,533333;
2003-05-02;,4;1,3;51,1;28,7;25,1;22,9;91,5;1,066667;
2003-05-03;1,2;9,8;2,4;31,9;26,96;22,8;84;1,966667;
2003-05-04;2,5;8,4;0;31,9;27,48;23;76;1,9;
2003-05-05;2,9;9;0;31;27,36;24,3;79,25;1,9;
2003-05-06;3,3;9,7;0;30,8;25,92;22,3;83,5;1,533333;
2003-05-07;3,2;9,9;0;30,7;25,6;22;81,25;1,733333;
2003-05-08;3,3;8,5;0;30,4;25,5;21,9;83,25;2,3;
2003-05-09;3,2;10,1;0;30,5;25,08;21,3;82,25;1,366667;
2003-05-10;3,6;10,2;0;30,8;25,3;21,1;82;1,033333;
2003-05-11;2,8;7,4;13,8;30,4;25,24;21,7;87,75;1,433333;
2003-05-12;2,4;7,2;7,8;29,4;26,28;22,9;81,5;2;
2003-05-13;2,6;9,3;3,6;29,8;24,68;21,7;82;2,5;
2003-05-14;3,2;1,5;0;28,6;24,98;21,7;90,5;1,2;
2003-05-15;1,1;,2;84,8;28,4;25,04;22,7;86,75;3,1;
2003-05-16;2,7;6;18;29,8;26,74;23;73,5;3,3;
2003-05-17;4;8,3;,3;29,9;25,84;22,7;85;2,066667;
2003-05-18;3,4;3,7;2,5;29,6;26,9;22,7;75,25;2,633333;
2003-05-19;3;4,5;6,1;29,5;26,32;22,8;83;2,333333;
2003-05-20;3,4;7,9;1,6;30;27,4;24,7;77,25;2,8;
2003-05-21;3,4;5,2;,3;29;25,68;22,7;86,75;2,633333;
2003-05-22;2,4;6,3;,6;29,6;26,38;23,3;78;3,166667;
2003-05-23;2,9;9,4;,3;30;25,26;22;84,75;1,933333;
2003-05-24;3,2;6,8;1,3;30,3;26,78;22,7;78,25;2,066667;
2003-05-25;3,3;8,9;0;30,4;25,9;22,7;81,25;1,8;
2003-05-26;2,7;8,7;0;31;27,4;22,6;78;2,466667;
2003-05-27;2,7;8,6;0;30,4;27,2;22,7;74,25;2,5;
2003-05-28;3,1;6,9;2,8;29,8;26,42;22,7;81,25;1,533333;
2003-05-29;3,8;8;0;31;26,82;23,7;74,5;2,333333;
2003-05-30;3;null;,5;29,2;25,22;22,1;84;2,133333;
2003-05-31;2,8;9,8;3,5;29,4;24,72;21,7;80,5;2,2;
2003-06-01;4;7,9;,2;29,2;24,18;20,2;84,75;1,8;
2003-06-02;2,6;9,2;,5;29,4;25,86;22,1;77,5;2,266667;
2003-06-03;3,4;1,1;3,1;28,2;24,54;23,1;95,5;1,333333;
2003-06-04;,9;1,9;30,1;28,4;24,44;22,7;96,75;1,466667;
2003-06-05;1,5;8,4;24,3;29;25,72;22,5;81,25;3;
2003-06-06;3,2;6,5;5;28,1;24,8;21,7;89,5;2,4;
2003-06-07;2;,8;58,4;26,9;23,94;22,3;88,5;2,633333;
2003-06-08;3,1;9;1,8;28,4;24,34;20,6;84;1,833333;
2003-06-09;2,2;,6;4,4;26,5;24,08;21,2;90,5;1,766667;
2003-06-10;,3;4,1;27,3;28,6;25,06;22,3;89,75;1,633333;
2003-06-11;2,7;7,3;7;28,6;25,22;22,1;85,25;2,133333;
2003-06-12;2,1;3,5;1,6;28,8;25,66;23,6;83,75;2,733333;
2003-06-13;2,6;4,1;,4;28,5;24,86;22,3;84;2,533333;
2003-06-14;2,2;,6;10,2;27,7;24,7;22,7;91,25;1,866667;
2003-06-15;1,4;0;67;27,8;24,04;22,1;93,5;1,433333;
2003-06-16;,2;0;99,4;24,4;22,68;21,7;98;1,266667;
2003-06-17;,6;10,3;24,6;28,6;24;20,1;81,25;2,133333;
2003-06-18;3,4;,1;0;27,4;23,46;21,1;85,5;2,166667;
2003-06-19;1,1;0;35,4;25,6;23,02;20,7;95,5;,7;
2003-06-20;,2;1,4;17,1;26,4;23,8;21,5;91;1,333333;
2003-06-21;1,3;1,9;15,7;28,2;23,52;21,7;89,75;,633333;
2003-06-22;1,4;10,5;2;28,4;23,64;21,2;83,5;,666667;
2003-06-23;2,8;10,2;0;28,6;24,56;19,4;81,25;1,766667;
2003-06-24;2,2;7,2;,4;28,8;25,4;21,3;79,5;1,1;
2003-06-25;2,8;7,4;0;28,2;24,04;20,7;83,75;2,3;
2003-06-26;2,6;9,1;0;28,9;23,48;19,4;81,5;1;
2003-06-27;4;10,2;0;28,5;23,18;18;79,5;1;
2003-06-28;4;8,7;0;28,4;24,58;19,8;81;2,433333;
2003-06-29;3,5;,6;38,1;27,2;24,62;21,7;80,5;,833333;
2003-06-30;2,5;5,5;,5;27,9;25;21,3;71,25;2,166667;
2003-07-01;4,4;4;0;27,6;23,72;21,4;88,75;2,6;
2003-07-02;1,6;0;71,9;23,7;22,1;21,1;98,25;1,366667;
2003-07-03;,4;5,1;15,8;27;23,84;20,9;91;1,066667;
2003-07-04;1,6;9,3;3,3;27,4;23,56;19,9;78,75;2,2;
2003-07-05;4,1;6,5;0;27,2;23,12;18,8;83;2,8;
2003-07-06;2,5;3,2;33;27,6;24,1;21,3;80,25;1,3;
2003-07-07;2,8;2,6;2,8;27;23,9;21,3;93,25;1,8;
2003-07-08;1,9;8,7;17,8;27,8;24,54;22,4;82,5;2,466667;
2003-07-09;3,1;9,9;1;28,6;24,26;20;79;1,633333;
2003-07-10;3;4,7;1;28,4;24,36;21,5;82;1,7;
2003-07-11;1,9;0;24;26,1;23,86;22,3;92,75;1,466667;
2003-07-12;1,4;7,7;15,6;28,4;24,42;21,7;85,5;1,933333;
2003-07-13;3;9,3;15,2;28;24,24;21,7;80,5;1,033333;
2003-07-14;3;9,5;0;28;23,94;19,2;78;1,066667;
2003-07-15;3,3;8,8;0;28;23,76;21,3;84,25;1,8;
2003-07-16;4,3;9,4;1,3;28;24,82;21,3;73,25;2,233333;
2003-07-17;4,7;9,6;,8;27,9;24,74;20,7;76,5;2,733333;
2003-07-18;2,9;9,4;3,8;27,8;24,14;20,8;84;1,533333;
2003-07-19;3,3;5,7;12,8;27,8;24,64;22,1;84,25;1,333333;
2003-07-20;2,5;5,3;4,9;26,4;22,12;18,9;91;,533333;
2003-07-21;2,3;8,9;4;27,9;23,9;19,4;87,75;1,833333;
2003-07-22;3,7;5,9;,6;27,5;24,7;22,5;84;1,9;
2003-07-23;3,5;7,7;2,9;27,4;24,32;21,7;80,5;2,8;
2003-07-24;3,5;2,4;6,6;27,4;25,26;22,6;84;3,033333;
2003-07-25;3,1;9,5;6,9;28,5;24,6;22,5;82;2,633333;
2003-07-26;5;10,4;4,4;27,6;24,6;22,6;79;2,566667;
2003-07-27;3,4;8,5;,3;27,7;24,5;21,3;78,75;2,633333;
2003-07-28;2,9;1,3;6,3;25,9;23,46;21,7;94;1,7;
2003-07-29;1,7;8,6;24,8;27,6;23,74;21,3;78;2,133333;
2003-07-30;3;5,3;,4;27;23,66;19,8;74,5;1,8;
2003-07-31;2,9;8,7;0;27,6;23,22;19,6;82,25;1,633333;
2003-08-01;3,3;7,6;0;27,8;23,94;19,8;83,25;2,266667;
2003-08-02;2,2;8,5;25;27,7;23,98;21,5;84;1,533333;
2003-08-03;2,5;7,1;1,3;27;23,44;21,4;81,5;1,866667;
2003-08-04;2;9,4;,2;27,4;23,38;19,6;83;2,533333;
2003-08-05;1,9;8;1,4;27,5;23,24;21;84,25;1,9;
2003-08-06;2;5,6;1,3;27,6;24,54;20,7;75,5;1,566667;
2003-08-07;2;7;2,6;27,6;24,26;20,5;78,75;1,366667;
2003-08-08;1,7;7,6;3,3;27,2;24,72;21,7;77,25;3,566667;
2003-08-09;2,2;2,6;1;27,4;23,82;21,2;87,5;1,633333;
2003-08-10;1,3;10,2;7,6;28,2;23,16;19,6;79,5;3,333333;
2003-08-11;3,1;9,9;0;28;23,4;19,4;82,75;1,066667;
2003-08-12;3;10,2;,4;28,1;23,36;19,6;81;1,466667;
2003-08-13;2,8;8,9;0;28,2;23,7;19;80,75;1,766667;
2003-08-14;3,6;10,1;4;28;24,22;20,3;80,75;2,366667;
2003-08-15;3,1;8;20,6;28,4;24,4;22,3;84,25;,7;
2003-08-16;2;4,2;14,2;28,2;24,92;21,7;82,75;2,1;
2003-08-17;2,7;9,1;,2;28,7;24,88;19,8;78,5;2,466667;
2003-08-18;3,2;10,2;0;28,4;24,34;21,3;76,25;2,366667;
2003-08-19;4,1;10,4;0;28,2;24,3;19,8;75,25;3,4;
2003-08-20;5,6;10,2;1,5;27,8;24,76;21,7;72,5;2,566667;
2003-08-21;3,8;1,7;5,3;26,4;23,04;20,5;92,5;1,633333;
2003-08-22;1,6;8,8;12,9;27,8;24,32;20,5;77,75;2,666667;
2003-08-23;3,2;1;44,5;27,2;23,16;21,7;90,5;2,766667;
2003-08-24;2,2;9,4;11,8;27,7;23,84;21;82,25;,833333;
2003-08-25;3,6;9,7;0;28,1;24,56;19,6;78,5;1,8;
2003-08-26;2,9;1,5;,6;28,3;24;19,9;91,75;,433333;
2003-08-27;1,1;3,2;11;27,9;25,38;22,3;83,25;2,366667;
2003-08-28;2,9;8,2;23;28;24,5;22,4;81,75;2,3;
2003-08-29;3;8,6;,1;27,8;25;20,9;76;2,1;
2003-08-30;3,6;8,2;0;27,9;24,9;20,3;77,75;2;
2003-08-31;3,3;9,7;1;28,1;24,7;21,7;79,75;2,2;
2003-09-01;3,8;8,7;4,6;28,3;25,1;22,6;77,5;1,633333;
2003-09-02;3,6;9;,6;29;25,32;21;74,5;3,533333;
2003-09-03;4,9;9;1,4;28;24,78;22;81,5;3;
2003-09-04;2,2;6,9;5,5;28;25,02;22,2;84,75;2,533333;
2003-09-05;1,3;4,2;9,4;27;24,48;21,7;80;2,9;
2003-09-06;1,2;6,4;24,4;27,9;24,92;23,3;81,25;3,233333;
2003-09-07;,8;3,3;29;26,4;23,86;22,9;86,75;2,3;
2003-09-08;,2;3,1;38;27,2;24,04;22,3;89,5;1,633333;
2003-09-09;,8;9,9;3,2;28,2;23,96;19,9;82,25;2,466667;
2003-09-10;,8;9,1;,4;28,5;24,3;20,3;81;2,366667;
2003-09-11;3,9;7,6;1,2;27,6;25,22;21,7;78,5;2,833333;
2003-09-12;1,6;6,7;8,1;28,5;24,94;21,7;80,25;2,366667;
2003-09-13;3,9;4,9;2;27,6;24,34;22,5;84,5;2,133333;
2003-09-14;2,1;8,5;4,8;28,4;25,56;22;77,75;2,633333;
2003-09-15;3,8;8;0;28,6;25,2;21,7;76;3,9;
2003-09-16;3,9;9,6;,7;28,7;24,94;20,9;74,25;2,333333;
2003-09-17;3,3;9,9;0;29,7;25,56;20,3;73,5;2,633333;
2003-09-18;5,4;8,5;0;28,9;25,86;22,2;76;2,633333;
2003-09-19;3,6;9,8;0;28,6;24,7;21;83,5;2,1;
2003-09-20;4;10,5;2;28,4;25,34;22,7;70;2,6;
2003-09-21;5,3;10,1;0;28,6;25,2;20,1;69;2,933333;
2003-09-22;4,2;8;,3;28,1;24,34;21,9;76,5;2,9;
2003-09-23;4,6;9,6;0;28,6;24,82;20,3;67,25;2,566667;
2003-09-24;5;7,9;0;29;25,18;19,6;73;1,666667;
2003-09-25;4,4;8,5;,4;29;25,62;21;75,5;3,033333;
2003-09-26;4,6;8,2;0;29,3;25,7;21,7;75,25;2,133333;
2003-09-27;5,4;9,8;0;29,7;26,6;24,2;70,75;2,633333;
2003-09-28;4,2;9,5;0;30,5;26,46;21,8;73;2,366667;
2003-09-29;5;7,2;0;30,2;26,9;24,9;71,75;2,1;
2003-09-30;3,7;8,6;0;29,5;25,92;21,9;75,25;2,066667;
2003-10-01;4,5;9,6;0;29,7;26,28;22,7;72,5;2,766667;
2003-10-02;5,6;10,2;0;31,7;27,1;24;71,5;3,766667;
2003-10-03;5,8;7,9;0;29,7;25,98;21,7;74,75;2,1;
2003-10-04;3,6;9,7;2,2;29,2;25,88;22,3;76;2,466667;
2003-10-05;4;9,7;2;29;25,98;22,5;74,75;2,366667;
2003-10-06;2;10,3;,5;29,5;26,34;22,7;72,75;2,733333;
2003-10-07;7,2;10,4;0;29,8;26,58;23,1;69,75;2,966667;
2003-10-08;6,2;8,9;0;30,1;26,1;24;76,25;2,433333;
2003-10-09;5,1;6,5;1,8;29;25,98;22,3;71,75;3,3;
2003-10-10;5,8;8,9;0;29,8;26,46;23,7;70,75;2,8;
2003-10-11;6,6;,5;,4;29,5;26,44;24,1;70,75;2,366667;
2003-10-12;5,8;9,2;0;29,6;26,9;24,3;73;2,966667;
2003-10-13;5,3;8,2;0;29;26,38;24,7;71;1,7;
2003-10-14;4,7;3,6;0;29,4;25,82;20,8;72,75;2,1;
2003-10-15;3,5;9,8;2,1;30;25,6;20,7;70;2,466667;
2003-10-16;5;10,7;0;29,6;25,56;20,1;71,5;2,233333;
2003-10-17;4,2;0;,8;27;23,82;21,7;86;1,133333;
2003-10-18;1,7;6,9;13,8;29,5;25,74;21,3;81;1,366667;
2003-10-19;2,9;10,6;,4;29,6;26,8;23,5;71,75;3,866667;
2003-10-20;5,9;10,9;0;29,4;26,78;24,1;69;2,466667;
2003-10-21;5,6;8,6;,3;30,1;25,94;20,7;73,75;2,266667;
2003-10-22;5,6;8,3;1,6;30;26,64;24,3;71,75;3,033333;
2003-10-23;5,2;10,5;0;29,5;26,52;22,6;76,25;3,8;
2003-10-24;4,8;5,8;,6;29,5;26,76;24,1;81,75;3,033333;
2003-10-25;3,8;8,5;4,6;29,1;25,6;22,3;73,5;3,366667;
2003-10-26;5,1;6,5;1;29,6;24,74;20,7;80;1,533333;
2003-10-27;4,9;9,1;2;29,4;25,5;21,4;72,5;2,1;
2003-10-28;3,7;1,6;6;27;23,98;21,7;92,5;1,366667;
2003-10-29;1,1;9;11;29,2;26,38;21,7;72;2,7;
2003-10-30;4,5;8,7;0;30,5;26,62;21,7;71,75;3,8;
2003-10-31;3,5;9,8;1,2;30;26,26;22,4;71;2,233333;
2003-11-01;5,5;1,2;0;29;25,86;21,8;74;1,5;
2003-11-02;4,1;7;0;30,2;26,82;23,5;69;2,433333;
2003-11-03;4,6;9,5;0;31,1;27,12;22,3;72,25;3,066667;
2003-11-04;3,9;10,5;0;31,9;27,5;23,1;69,25;2,033333;
2003-11-05;3,9;9,7;0;30,9;26,76;22,5;73,75;1,1;
2003-11-06;4,2;9,4;0;30,6;26,88;22,9;75,25;2,766667;
2003-11-07;4,2;8,4;,6;30,7;27,04;22,7;70;2,566667;
2003-11-08;4,9;8,9;,6;30,4;27,06;22,9;72,75;2,4;
2003-11-09;2,9;11,1;0;31,9;27,92;25,5;68,5;2,733333;
2003-11-10;1,3;10,7;1,3;30,3;26,92;23,5;72,25;2,966667;
2003-11-11;,7;,5;2,7;27,9;23,58;21,7;94;,933333;
2003-11-12;,5;9,4;1;30,3;26,5;21,3;69,75;2,533333;
2003-11-13;,8;8,1;0;31,2;26,54;22,3;74,25;1,8;
2003-11-14;5;9,9;0;30,9;26,8;21,7;71,75;2,133333;
2003-11-15;6,4;9,4;0;30,5;27,2;23,7;72,5;3,233333;
2003-11-16;5,6;2,7;4;31,1;26,82;23,7;83,75;2,533333;
2003-11-17;2,7;8,4;4,2;30,5;27,2;24,5;73,75;2,666667;
2003-11-18;4,8;6,3;1,7;30,5;25,92;23,5;83,25;1,633333;
2003-11-19;5,7;10,3;5,7;29,9;26,66;22,7;71,5;3,133333;
2003-11-20;5,8;10;0;31,5;27,38;23,7;71,75;2,633333;
2003-11-21;6,2;11,1;0;30,8;27,78;25,5;74,25;2;
2003-11-22;6,5;10,7;4,6;30,4;27,1;23,9;68,75;1,966667;
2003-11-23;6,6;11,2;0;30,3;26,9;22,7;67,25;2,4;
2003-11-24;7;11;0;30,7;27,06;23,1;65,25;3,2;
2003-11-25;6,7;10;0;30,4;27,12;22,9;70,25;2,566667;
2003-11-26;5,9;9,3;0;31;27,66;24,9;69,5;1,466667;
2003-11-27;6,1;10,4;,4;31,5;27,28;24,3;65,25;2,1;
2003-11-28;5,9;10,8;0;31,4;26,84;19,7;66,75;2,466667;
2003-11-29;6,2;10,5;0;31;27,74;25,5;69,75;3,4;
2003-11-30;8;9,4;0;31,9;28,12;25,7;70;3,4;
2003-12-01;7;10,6;0;31,2;27,94;null;68,25;2,766667;
2003-12-02;6;9,9;0;31,2;27,64;24,9;70;1,633333;
2003-12-03;6,2;10,7;0;31,4;27,54;22,9;68;2,466667;
2003-12-04;6,5;10,5;0;33,1;27,92;22,5;68,5;2,5;
2003-12-05;6;9,7;0;33;28,3;25;69,5;3,133333;
2003-12-06;5,5;11;0;32,2;28,06;24,7;70;null;
2003-12-07;6;9,3;1,5;31,6;28,12;25,3;69,25;2,6;
2003-12-08;7,2;11,1;0;30,6;27,8;25,7;70,25;3,266667;
2003-12-09;6,2;11;0;31,5;27,28;22,6;64,75;2,766667;
2003-12-10;6,6;10,5;0;31,3;26,88;20,7;72,25;2,366667;
2003-12-11;5,2;8,9;5,6;32;27,44;23,7;73,75;2,633333;
2003-12-12;5,9;10,9;,8;32,7;27,6;23,1;68,25;2,9;
2003-12-13;6,2;9,8;4;30,9;27,24;22,3;73,75;3,133333;
2003-12-14;5,2;7,1;1;30,4;27,18;23,3;75;3,3;
2003-12-15;4,7;8,7;,6;31,3;27,6;24,3;69,25;5,7;
2003-12-16;5,7;1;22;27;25,36;23,1;77,5;,8;
2003-12-17;2,7;8,4;1,7;30,3;26,5;21,5;68,5;2,733333;
2003-12-18;5,8;8,6;0;30,8;27,06;22,7;70;3,133333;
2003-12-19;6,8;4,2;0;31,1;27,46;25,4;74,75;2,266667;
2003-12-20;5;3,9;0;29,9;25,92;23,9;75,75;2,033333;
2003-12-21;4,6;11,1;,3;32,4;27,3;22,3;67,25;1,866667;
2003-12-22;4,7;9,2;3,8;31;26,94;23,7;80;1,533333;
2003-12-23;3,8;9,1;1,6;30,6;27,46;24,7;70;2,2;
2003-12-24;4,7;10,9;0;31,3;26,86;20,9;70,75;1,466667;
2003-12-25;5,8;9,9;0;31,3;27,46;23,1;73,5;3,2;
2003-12-26;6,4;10,5;1;32;27,86;25;71;3,2;
2003-12-27;6,6;10,4;0;32,9;28,08;23,7;71,5;3,066667;
2003-12-28;6,4;3,8;2,7;30,5;27,44;24,3;76,25;3,433333;
2003-12-29;5,8;,9;3;31,5;26,34;23,1;83;1,966667;
2003-12-30;3,4;6,9;1,4;32,8;27,52;22,6;75;2,733333;
2003-12-31;5,2;8,2;,5;30,7;27,3;24,7;74;3;
2004-01-01;6,1;5,5;0;31,4;27,2;21,9;68,25;2,333333;
2004-01-02;5,6;8,3;0;31,5;27,36;21,3;70;2,733333;
2004-01-03;5,2;9,8;0;31,9;28,64;26,8;73;2,633333;
2004-01-04;5,6;10,1;,3;31,1;27,86;25,3;70,75;3,233333;
2004-01-05;5,2;11,3;0;31,5;27,62;24;68,75;2,366667;
2004-01-06;4;6,8;,4;31,1;27,6;25,3;71,25;2,8;
2004-01-07;5,6;10,2;0;31,4;27,5;25,2;78;2,733333;
2004-01-08;4,1;7,4;9,3;30,6;27,54;23,9;74,5;2,633333;
2004-01-09;4,8;10,8;0;31,7;27,84;25,7;70,75;2,433333;
2004-01-10;3,2;1,5;1,4;29,7;26,96;23,9;78,75;1,1;
2004-01-11;3;4,3;1,6;31,3;28;24,3;76,5;1,9;
2004-01-12;4,7;4,8;0;29,7;28,14;26;74,75;1,933333;
2004-01-13;4,9;5,7;0;32,4;29,06;26,7;74,5;2,966667;
2004-01-14;4,6;7,1;1;31,4;27,54;25,7;80,75;1,866667;
2004-01-15;2,8;2,6;2,5;31,9;27,68;22,9;84,5;1,3;
2004-01-16;1,7;2,9;52,9;31,4;27,1;23,1;82,5;1,733333;
2004-01-17;3;2,2;,4;29,9;27,8;24,5;75;2;
2004-01-18;2,7;,4;0;30,9;26,04;23,1;82,5;2,133333;
2004-01-19;2,3;,8;7,4;31,1;26,46;22,5;71,75;,8;
2004-01-20;2,6;,3;3,4;28,4;25,2;22,7;87,75;1,1;
2004-01-21;1,7;8,5;5,2;31,9;27,04;21,9;76,75;1,633333;
2004-01-22;3,7;2,1;5;30,4;25,78;22;83,5;1,633333;
2004-01-23;1,6;9,4;11,8;30,3;26,96;22,7;75,5;2,233333;
2004-01-24;3,6;6,1;4;30,9;26,48;22,9;82,25;1,366667;
2004-01-25;3,5;,7;1;29,6;25,5;23,2;86,5;1,4;
2004-01-26;1,2;2,3;36;30;26,1;22,6;83,75;1,633333;
2004-01-27;2,9;,1;11,3;28,4;24,6;23,2;91,75;0;
2004-01-28;1,1;,4;6;30,3;24,92;22,5;90,75;,4;
2004-01-29;,8;3;21;29,5;25,04;21,3;91,25;1,4;
2004-01-30;2,3;2,3;11;31;25,58;23,5;89,5;1,533333;
2004-01-31;1,2;,5;57;27,9;26,04;23,3;88,5;1,466667;
2004-02-01;1,5;4,8;29,5;30,3;26,28;23,3;84,25;2,1;
2004-02-02;1,9;0;38,3;25,4;24,24;23,7;96;0;
2004-02-03;,6;4,9;28,8;30,3;25,76;22,5;89,5;2,3;
2004-02-04;2,3;3,9;25,6;30,8;26,22;22,9;91,75;,5;
2004-02-05;1,4;,8;14,9;29,9;26,12;23,1;89,75;1,55;
2004-02-06;1,6;1,2;19,2;29,4;26,02;23,1;84,25;,533333;
2004-02-07;1,9;8,4;9,9;30,9;27,48;23,3;75,75;2,166667;
2004-02-08;3,1;9,7;0;32,4;27,22;23,1;78;2,133333;
2004-02-09;3,6;9,9;0;31,4;26,5;23,7;76,5;1,633333;
2004-02-10;3,8;8,7;,4;30,8;26,6;22,1;73;1,533333;
2004-02-11;4,1;10,6;0;31,9;26,52;21,3;77,75;2,266667;
2004-02-12;4,8;2,6;25,6;29,9;26,04;21,1;77,75;2,7;
2004-02-13;3,7;5,1;0;30,6;26,14;21,8;77,25;2,333333;
2004-02-14;3,5;4,3;,9;30,7;25,88;22,3;88;1,766667;
2004-02-15;2,5;7;2,1;30,4;27,38;22,7;78,25;2,933333;
2004-02-16;4,1;8,1;1,5;32,3;27,68;22,7;75,75;2,3;
2004-02-17;3,6;9,1;0;31,2;26,78;22,7;76,5;1,7;
2004-02-18;3,9;4,6;,6;31,5;26,36;22,7;81,5;2,633333;
2004-02-19;2,2;9,7;7,1;32,4;27,22;22,7;79;2,2;
2004-02-20;3,8;,4;13;29,4;26,74;23,1;75,75;2,633333;
2004-02-21;3,8;10,8;2;30,7;26,92;23,3;75,25;2,466667;
2004-02-22;2,3;9,4;0;31,4;27,28;22,3;74,25;1,533333;
2004-02-23;1,4;7,9;0;30,4;27,66;23,7;74,25;2,1;
2004-02-24;4,2;4,5;6,6;31;26,9;23,1;77,25;2,4;
2004-02-25;3,3;8,1;0;30,9;26,64;22,7;78,5;2,033333;
2004-02-26;3,5;9,9;0;30,4;27,34;23,1;69,75;2,1;
2004-02-27;4;7;0;30,7;27,44;24;73,5;1,5;
2004-02-28;3,2;5,5;0;31,3;27,72;23,7;76;1,233333;
2004-02-29;2,8;8,5;0;30,9;27,82;23,4;71,5;1,7;
2004-03-01;5;9;0;32;27,02;23,7;75,25;2,2;
2004-03-02;4;9,1;1;30,6;25,98;22,2;82,25;1,833333;
2004-03-03;3;9,2;1,5;32,1;27,36;23,9;73,25;1,466667;
2004-03-04;3,7;3,7;4,2;32,4;27,1;22,5;74,25;1,633333;
2004-03-05;7,5;9,2;2,6;30,6;27,24;23,7;74,75;1,766667;
2004-03-06;4,4;5,3;6,5;32,4;26,7;23,1;81,75;1,533333;
2004-03-07;3;6,5;27;30,4;26,58;23,1;82,25;2,1;
2004-03-08;3;7,3;4,6;30,5;26,14;22,7;78,5;2,2;
2004-03-09;3,8;9,9;0;30,4;26,3;22,5;80,25;1,766667;
2004-03-10;3,3;7,6;54;30,5;26,18;22,2;84;2,433333;
2004-03-11;2,7;2,5;8;29,5;26,08;23,4;87,5;1,266667;
2004-03-12;2,2;8,3;1;30,4;27,42;23,5;76;1,566667;
2004-03-13;3,2;9,3;5,6;31,4;27,3;22,9;75,25;2,3;
2004-03-14;3,2;9,1;0;30,6;26,86;22,2;75;1,566667;
2004-03-15;3,4;4,7;10;31,4;26,9;23,5;83;1,533333;
2004-03-16;1,9;,3;26;28,9;25,12;23,1;92,5;1,1;
2004-03-17;1,7;8,2;11;31,5;27;23,2;78,25;2,066667;
2004-03-18;3;8,2;0;30,4;27,26;22,5;73,75;2,133333;
2004-03-19;3,6;8,4;0;30,2;26,26;22,1;74;1,8;
2004-03-20;4,3;9,4;0;30,7;27,06;21,5;72,25;2,633333;
2004-03-21;5,1;8,5;,2;29,9;27,32;25,7;80,25;2,1;
2004-03-22;3,5;8,7;,8;30,5;27,28;21,7;74,5;2,9;
2004-03-23;4,1;6,1;2,2;30,4;27,8;24,7;78,25;2,233333;
2004-03-24;4;7,6;2,2;30,1;27,48;25;76;2,866667;
2004-03-25;4,5;8,5;0;30,9;27,12;22,3;73,25;3,033333;
2004-03-26;4,5;8,8;,4;31,2;27,7;23,5;73,25;2,966667;
2004-03-27;6;10,3;0;31,5;27,92;24,5;71,25;3,233333;
2004-03-28;5,8;0;0;30,1;27,38;25,5;69,75;3,533333;
2004-03-29;5,9;10,5;0;30,4;26,96;24;68,75;3,233333;
2004-03-30;4,3;9,6;0;31;26,94;21,9;73;2,1;
2004-03-31;4,2;4,8;0;29,9;26,68;22,7;80;2,833333;
2004-04-01;3,6;6,8;,2;30,6;27,32;23,7;74,5;2,466667;
2004-04-02;3,7;8,9;0;30,9;27,36;23,3;71,75;3,233333;
2004-04-03;4,4;6,2;38;30,5;27,2;23,7;77,75;2,566667;
2004-04-04;3,6;9;,4;30,5;27,36;22,9;77,25;2,4;
2004-04-05;3,5;6,3;8,6;30,6;27,16;24,5;80,25;1,9;
2004-04-06;3,5;9,8;2,4;29,9;27,28;23,3;70,75;3,466667;
2004-04-07;4,3;3,3;0;30;26,78;23,7;82,75;1,9;
2004-04-08;2,3;2,1;36,3;28,3;26,24;24,5;85,75;2,133333;
2004-04-09;1,9;5,9;2;31,6;26,54;23,4;79,75;,233333;
2004-04-10;2,5;5,4;,8;30,3;26,88;23,9;80,5;1,466667;
2004-04-11;2,5;8,9;6,8;30,4;27,54;24,5;78,75;2,333333;
2004-04-12;3,3;6,2;,2;29,9;26,54;22,7;81;2,3;
2004-04-13;3,1;7,4;,3;31;26,4;21,7;83,75;1,533333;
2004-04-14;1,9;3,8;102;29,4;25,54;22,9;91,25;1,2;
2004-04-15;1,4;,5;8,8;28,4;24,78;22,3;94;1,3;
2004-04-16;1;0;15,8;31;26,04;22,7;86;1,4;
2004-04-17;2,4;7,9;6,6;30,9;26,64;23,9;85;1,9;
2004-04-18;2,4;8,2;8,8;29,5;26,68;23,1;78,75;2,9;
2004-04-19;3,7;7,4;1,1;30,9;26,3;23,5;81,5;2,8;
2004-04-20;2,5;1,7;4,8;30,2;26,34;22,3;78,25;1,566667;
2004-04-21;2,3;,1;9,9;29,7;24,74;22,4;94,75;1;
2004-04-22;,3;4,3;74,7;29;24,84;22,1;91,25;1,7;
2004-04-23;1,7;2,9;13;29,4;25,5;23,7;87,75;1,533333;
2004-04-24;1;6,1;13,5;29,5;25,52;22,2;86;,766667;
2004-04-25;1,9;9,8;3,3;30,9;26,28;22,2;84,75;1,6;
2004-04-26;3,2;6,7;3,4;29,6;27,02;23,5;79,5;2,166667;
2004-04-27;2,8;9,3;2;29,6;25,8;23,1;80,75;1,633333;
2004-04-28;3;9,5;0;29,9;25,5;20,7;80,5;1,1;
2004-04-29;2,8;9,5;0;30,9;26,58;20,8;73,75;2;
2004-04-30;2,9;4,3;14,5;29,4;25,66;21,7;81,75;2,466667;
2004-05-01;3,3;8,1;,4;31,4;27,16;22,1;75;2,233333;
2004-05-02;4,6;10;2,2;30,4;26,42;22,7;70;2,733333;
2004-05-03;3,2;1,1;,4;29,7;25,16;21,7;82;2,4;
2004-05-04;5,4;,4;3,4;28,9;25,2;22,6;88,75;,7;
2004-05-05;,6;,5;12,3;29;25,38;22,7;83,75;1,666667;
2004-05-06;2,4;,2;13,3;26,9;24,68;22,9;90;1,233333;
2004-05-07;,6;,8;9,4;28,9;25,52;23,2;89,5;1,366667;
2004-05-08;1,3;3,3;6,8;28,9;25,48;22,9;87,75;1,533333;
2004-05-09;2,1;4,3;,2;29,9;25,58;22,9;88;,766667;
2004-05-10;1,3;1,5;8,6;28,7;25,1;22,7;87,25;1,133333;
2004-05-11;1,1;5,5;7,2;30;25,64;23,7;85,75;1,266667;
2004-05-12;2;9,7;0;30,4;25,72;22,7;80,75;1,633333;
2004-05-13;2,7;9,9;0;30,3;25,74;21,1;82,25;1,3;
2004-05-14;2,9;9,9;0;29,9;25,4;22,1;81;1,533333;
2004-05-15;2,5;9,5;,2;30;26;21,7;77,75;1,633333;
2004-05-16;3;7,8;1;30,9;25,74;22,7;84,75;2,1;
2004-05-17;2,1;7,7;14,3;29,9;25;21,7;87;1,1;
2004-05-18;2,1;8,9;7;30,9;25,74;22,6;83,75;1,766667;
2004-05-19;2,3;3,3;16;28,2;24,86;23;92,75;1,366667;
2004-05-20;,7;,7;57;28,9;26,64;22;88,5;1,233333;
2004-05-21;2,2;10;1,2;29,2;24,78;21,7;83;1,866667;
2004-05-22;2,4;7,6;6,4;28,9;24,8;21,7;89,75;1,033333;
2004-05-23;1,7;7,4;7,4;29,2;24,72;21,5;87,5;,8;
2004-05-24;1,9;,8;20;27,5;24;22,6;95,5;,333333;
2004-05-25;,3;2,3;67,6;27,1;23,72;22;93,75;2,533333;
2004-05-26;,9;3,1;30;28,4;24,56;21,9;93,25;1,366667;
2004-05-27;,8;9,7;4;29,8;24,8;21;86;1,233333;
2004-05-28;1,8;4,9;15;28,9;24,44;22,5;90,25;1,1;
2004-05-29;1,7;5,9;5;30,3;24,94;21,1;89,75;1,1;
2004-05-30;1,9;7,9;4,8;29,9;25,9;22,5;85,5;1,533333;
2004-05-31;1,5;3,9;6,6;28,3;24,56;21,2;89,25;1,333333;
2004-06-01;1,6;,4;29,2;28,8;24,48;22,5;90;,766667;
2004-06-02;1,3;null;0;29;25,04;20,7;84,75;1,766667;
2004-06-03;2;6,5;16;28,7;24,74;22,6;84;2,433333;
2004-06-04;2,7;,4;0;27;24,26;20,6;91,75;,866667;
2004-06-05;1,1;5,9;20,4;28,9;25,32;22,9;87,75;1,3;
2004-06-06;1,5;8,6;5,7;29,1;25;22,2;78,25;1,833333;
2004-06-07;2,8;5,9;2,8;29,8;25,46;21,3;78,75;1,2;
2004-06-08;3,2;4;2,4;30;25,62;21,2;75,5;1,6;
2004-06-09;3,3;4,6;3;28,9;25,62;23,1;78,5;1,5;
2004-06-10;2,8;6,6;0;28,9;25,5;20,2;80,25;1,8;
2004-06-11;4,1;8,9;17,4;29,4;25,32;22,9;80;2,533333;
2004-06-12;2,7;4;7,3;28,9;24,32;22,1;92,25;,7;
2004-06-13;1;null;16,4;28,7;24,44;21,7;92;2,033333;
2004-06-14;1,3;,9;44,7;28,2;24,4;null;90;1,8;
2004-06-15;1,1;0;14;29,2;24,06;22,1;95,75;1,066667;
2004-06-16;,4;0;21,4;28,8;24,24;22,4;97;1,1;
2004-06-17;,2;,4;113,2;26,5;23,42;22,1;97;2,633333;
2004-06-18;,8;0;49,8;28;23,98;21,7;94;1,366667;
2004-06-19;,6;0;8,9;26,4;23,48;22,1;96;1,266667;
2004-06-20;,7;1,3;26,2;26,9;23,96;21,2;96;2,066667;
2004-06-21;1,3;2,3;16,1;28,1;24,92;23,3;86,5;2,966667;
2004-06-22;2,2;2;5,4;28,9;24,16;21,7;89,75;1,233333;
2004-06-23;,9;5,4;7;28,5;24,9;20,7;79,75;2,533333;
2004-06-24;2,5;4,8;3,7;28,2;23,78;21,1;89;1,633333;
2004-06-25;1,9;0;1,7;25,7;23,2;20,7;93;1,966667;
2004-06-26;,5;0;47,9;25,9;22,9;21,5;97,25;0;
2004-06-27;,7;6,7;21,9;28,9;23,7;20,7;82,75;1,866667;
2004-06-28;2,5;7,9;,3;28,9;24,64;20,9;85,5;1,633333;
2004-06-29;2,1;,7;13,2;27,4;23,6;21,7;91,75;,766667;
2004-06-30;1,1;4,4;21,3;28,2;24,5;22,2;85,25;2,633333;
2004-07-01;2,1;8,5;4,6;30,4;24,82;21,3;84,5;1,2;
2004-07-02;2,1;4,6;7,8;27,5;24,08;21,6;90,75;2,833333;
2004-07-03;1,6;0;37,9;25;22,72;20,9;96,25;1,8;
2004-07-04;,4;,9;10,8;28,4;24,14;21,1;88,75;1,133333;
2004-07-05;2;,7;0;28,9;25,16;22,5;83,25;1,966667;
2004-07-06;1,6;5,5;1;27;24,46;22;86,5;1,1;
2004-07-07;2;8,7;2,6;28,6;24,8;21,9;86,5;1,7;
2004-07-08;2;,3;8,3;26,5;24,08;22,3;94,75;,933333;
2004-07-09;,6;8,9;39,7;28,4;24,22;21,5;84;1,233333;
2004-07-10;2,1;9,2;0;28,5;24,04;20,5;84;1,233333;
2004-07-11;2,5;9,9;,5;29,6;23,76;20,5;76,25;1,533333;
2004-07-12;3,2;6,9;,2;28,3;24,58;19,8;78,5;1,733333;
2004-07-13;2,6;0;11,7;26,8;24,06;22,1;89,75;2,533333;
2004-07-14;1;2,3;18,2;29,4;23,88;19,8;88,25;1,133333;
2004-07-15;1,9;,9;6,1;26,6;24,12;22,1;91,5;1,1;
2004-07-16;2;3,1;46,4;29,1;24,42;21,4;88,5;2,133333;
2004-07-17;1,3;4,1;7,4;28,1;23,52;20;88,5;,966667;
2004-07-18;2,1;4,2;42,8;28,8;24,92;20,9;81,5;1,366667;
2004-07-19;null;8,9;1;29,2;23,6;20,9;81;1,8;
2004-07-20;1,2;10;0;27,9;23,66;18,8;83,75;1,8;
2004-07-21;2,5;4,5;,2;27,4;23,42;21,3;83,75;1,8;
2004-07-22;2,4;8,5;0;29,5;23,66;18,6;78,75;2,266667;
2004-07-23;3,1;10,1;0;27,4;23,72;20,5;78,25;2,733333;
2004-07-24;3,5;7,2;0;28,4;24,12;20,9;84,25;2,633333;
2004-07-25;2,3;0;18,8;24,9;21,86;20,1;97;2,833333;
2004-07-26;,7;0;32,8;25,9;23,42;19,8;84;2,7;
2004-07-27;1,9;0;8,5;25,9;22,18;19,8;88,25;2,166667;
2004-07-28;2,4;7,5;,4;29,3;23,38;18,5;88,25;1,866667;
2004-07-29;,5;0;44,4;25,5;22,32;20,9;92,25;,833333;
2004-07-30;,1;10,1;7,7;28,4;23,78;17,3;81,25;1,133333;
2004-07-31;3,9;3,8;0;29;23,98;19,8;86;1,166667;
2004-08-01;1,1;7,7;9,8;27,9;24,3;20,7;81,25;2,05;
2004-08-02;2,7;9,6;,2;29;23,78;18,9;84,5;2,1;
2004-08-03;2,3;8,8;1,4;28,4;23,94;20,9;83,75;1,766667;
2004-08-04;5;1,6;,7;27,2;23,92;20,3;84,25;1,4;
2004-08-05;2,4;8,2;2;28,4;23,72;18,8;84;2,533333;
2004-08-06;1,8;3,3;16,9;28,2;23,42;19,8;90,5;,966667;
2004-08-07;1,6;7,7;8,8;28,5;24,16;19,9;82,25;1,866667;
2004-08-08;2;7,9;,6;28,4;23,76;19,8;85,25;1,266667;
2004-08-09;2,6;10;,2;28,9;24,5;19,1;80,5;1,633333;
2004-08-10;2,9;6,2;1;29,5;24,76;21,4;86,25;2,266667;
2004-08-11;2,5;3,2;22,6;27;22,44;18,4;90,25;2,2;
2004-08-12;1,8;1,4;4,1;29,3;23,66;20,5;82,75;2,466667;
2004-08-13;3,2;5,7;0;26,9;23,14;20,1;82,75;2,266667;
2004-08-14;2,8;10,4;,2;27,5;23,14;17,7;77,25;2,5;
2004-08-15;3,8;4,7;12,6;28,1;23,14;20,3;91;1,566667;
2004-08-16;1,1;2,7;19,2;27,1;23,12;21;90;1,866667;
2004-08-17;1,6;5,2;2,6;27,4;23,38;20,3;89,25;1,833333;
2004-08-18;1,3;9;1,6;29,4;24,66;21,4;83,75;2,066667;
2004-08-19;2,8;6,5;5,2;28,4;24,62;21,3;82;2,833333;
2004-08-20;3,4;9,4;0;28,1;24,12;19,8;76;2,2;
2004-08-21;3,1;9,8;0;28,9;24,96;20,2;73,25;2,3;
2004-08-22;3,7;9,2;16,2;29,6;24,18;21,2;80,5;2,766667;
2004-08-23;2,8;9,7;1;27,9;23,32;20,5;81,5;2,2;
2004-08-24;3,1;10,2;0;28,4;23,02;18,7;81,75;1,033333;
2004-08-25;2,9;9,7;0;28,9;24,66;18,1;76,5;2,333333;
2004-08-26;3,6;4,8;0;28,3;24,98;21,7;77,75;2,2;
2004-08-27;3;9,3;5,6;28,9;24,28;20,1;80,75;1,966667;
2004-08-28;3;7,5;6;29,3;24,18;21,3;86,25;1,3;
2004-08-29;2,8;9,6;0;28,9;24,46;18;77;,8;
2004-08-30;2,7;7,8;0;29,2;24,84;20,1;76,25;1,933333;
2004-08-31;3,1;8,8;,4;28,4;23,74;20,1;77,25;1,633333;
2004-09-01;3,6;9,1;0;28,9;24,54;19,7;84,5;1,866667;
2004-09-02;3,6;8,4;4;29,5;25,48;19,8;74,5;2,9;
2004-09-03;4,5;9,1;0;28,5;25,22;23,1;79,5;2,633333;
2004-09-04;3,3;9,6;1;29,3;24,62;20,7;80,75;2,466667;
2004-09-05;3;6,5;0;28,5;24,74;20,7;77,75;2,2;
2004-09-06;3,5;3,5;,4;29,7;24,36;19,8;77;2,6;
2004-09-07;3,2;9,5;0;29,2;23,68;19;76,75;2,2;
2004-09-08;3,5;8,8;,4;28,9;24,76;18,8;71,75;3,166667;
2004-09-09;5,3;9,5;0;30;25,14;22;82,75;2,433333;
2004-09-10;3,1;3,8;26,3;27,6;24,3;21,2;87,75;1,8;
2004-09-11;2,8;9,3;5,2;28,5;25,1;21,7;75,75;2,633333;
2004-09-12;4,2;10,1;0;28,7;25,28;20,4;69,75;3,633333;
2004-09-13;6,6;9,4;0;28,4;25,12;22,9;82,5;2,1;
2004-09-14;3,2;5,7;5,4;28,6;25,7;22,6;70;2,866667;
2004-09-15;4,5;8,8;0;29,5;24,24;21,2;77,75;2,366667;
2004-09-16;3,6;5,1;0;28,3;24,2;17,7;76,5;2,433333;
2004-09-17;3,6;8,6;0;29,9;25,6;21,1;74,25;2,733333;
2004-09-18;5,1;7,8;0;29,2;24,56;22,1;83,25;3,266667;
2004-09-19;3,4;9,7;7,3;29,3;25,16;22,1;79,75;3,133333;
2004-09-20;2,5;5,8;,3;28;24,42;21,4;85,25;1,766667;
2004-09-21;2,3;2,2;2,2;27,5;25,42;21,7;81;2,166667;
2004-09-22;4,5;9,3;3,5;28,5;25,62;23,3;72,25;2,133333;
2004-09-23;4,3;8;1,8;28,2;25,32;22,5;78,75;3;
2004-09-24;4;2,1;1,9;27,9;24,18;21,7;88;1,033333;
2004-09-25;2,8;6,7;9,8;28,2;24,44;22,2;81;2,2;
2004-09-26;2,6;2,1;4,8;27,2;24,12;20,9;82,25;2,133333;
2004-09-27;2,1;9,4;1;28,2;25,08;20,7;75,5;3,133333;
2004-09-28;4,1;7,8;5;28,4;25,62;22,1;72,75;3,033333;
2004-09-29;4,2;8,3;,8;28,2;25,18;21,4;72,75;3,633333;
2004-09-30;4,2;8,8;0;28,5;25,06;20,7;73;2,633333;
2004-10-01;4,7;10,2;0;28,5;25,72;21,7;78,25;3,366667;
2004-10-02;5;9,5;,2;29;25,8;22,9;78,25;3,366667;
2004-10-03;5,1;8,9;0;29,1;25,82;22,7;74,75;2,733333;
2004-10-04;4,5;4,9;0;28,9;25,92;23;73,5;2,766667;
2004-10-05;5,2;9,2;0;29,2;26,24;23,3;69,75;2,933333;
2004-10-06;4,2;5,6;,6;30,2;26,02;22;70;2,133333;
2004-10-07;4,2;5,2;0;30,1;26;20,7;72,25;2,233333;
2004-10-08;3,6;9,2;0;30,6;25,9;20,8;72,75;2,2;
2004-10-09;3,8;9,2;0;29,9;26,18;21,2;72;2,866667;
2004-10-10;4,7;8,7;0;31,7;27,04;23,7;71,75;3,466667;
2004-10-11;5,7;9;,6;29,9;26,36;24,2;72,25;2,966667;
2004-10-12;5,8;9,8;0;29,4;25,78;23,2;72,5;2,366667;
2004-10-13;4,1;4;23,4;28,4;24,92;20,2;77,5;2;
2004-10-14;4,2;9,9;0;28,9;26,22;22,9;71,75;3,466667;
2004-10-15;5,2;10,6;0;29;26,08;22,7;72,5;3,133333;
2004-10-16;6;10,4;0;30,9;26,48;23,2;67,5;3,6;
2004-10-17;5,1;10,7;0;30;24,48;19,8;72,75;2,2;
2004-10-18;4,4;5,9;1,2;29,5;25,48;20,4;80,75;2,966667;
2004-10-19;4,1;9,5;0;29,4;26,7;24,2;78,25;2,8;
2004-10-20;4,4;10,3;0;30,5;26,16;21,3;72,75;2,666667;
2004-10-21;4,1;10,7;0;29,5;25,84;20,7;70,75;2,78592;
2004-10-22;3,8;3,5;2;29,1;25,24;21,1;81,75;1,633333;
2004-10-23;2,7;10,3;2;27,4;24,48;22,1;82,5;2,066667;
2004-10-24;2,4;10,5;2,6;29,4;25,66;21,2;71,75;2,333333;
2004-10-25;3,3;4;1;29,1;24,98;21,2;76;1,633333;
2004-10-26;3,8;10,1;0;30,2;25,86;19;71;2,466667;
2004-10-27;4;10,2;0;31,9;26,76;21,2;74,25;2,1;
2004-10-28;4,8;10,6;0;30,3;27,12;24,3;72,25;2,733333;
2004-10-29;5,8;10,4;0;30,2;27,38;24,7;75;3,6;
2004-10-30;5,9;10;0;30,2;27;24,7;71;3,466667;
2004-10-31;6;1,3;0;28,5;25,98;22,7;71,25;3,466667;
2004-11-01;5,2;9,6;,2;30,7;26,36;22;69,25;3,633333;
2004-11-02;6,3;10,7;0;29,4;26,04;22,2;73,25;3;
2004-11-03;7,1;10;0;30,1;27,04;24,7;68,75;3,966667;
2004-11-04;7;10,8;0;29,9;26,96;24,7;73,25;3,966667;
2004-11-05;5,4;7,7;0;30,9;26,68;24;76,5;2,1;
2004-11-06;3,1;,5;3;30,3;25,92;21,7;78,75;2,2;
2004-11-07;3,5;8,7;5,8;30,4;26,18;22,9;78;2,2;
2004-11-08;5;10,5;0;30,9;26,66;23,3;69,5;2,2;
2004-11-09;7;10,8;0;29,9;26,24;23,7;65;3;
2004-11-10;6,1;9,5;0;29,9;26,38;21;71,75;3,666667;
2004-11-11;5,9;10,4;0;29,9;26,8;24,2;72,75;3,133333;
2004-11-12;6,3;3,8;0;29,9;27,04;24,2;75,75;2,533333;
2004-11-13;3,7;6,9;,6;30,7;26,84;23;74,75;2,766667;
2004-11-14;4,6;9,4;0;30,5;26,86;22,2;68;2,5;
2004-11-15;6,4;9,3;0;30,4;26,8;23,7;68,5;3,466667;
2004-11-16;7,8;10,7;0;30,4;26,2;22,9;66,75;3,033333;
2004-11-17;5,2;null;0;30,9;25,9;19,3;71,5;2,366667;
2004-11-18;4,2;9,4;0;30,5;26,62;21,2;72,5;2,3;
2004-11-19;4;10,6;0;31,4;26,76;21,9;70,75;2,833333;
2004-11-20;4,3;9,9;0;31,6;26,94;21,4;66,25;3;
2004-11-21;4,7;8,2;0;30,9;27,02;22,2;67;2,066667;
2004-11-22;4,2;8,3;0;31,9;27,2;22,7;68;3,1;
2004-11-23;6;11;0;31,5;27,26;24,5;66,25;2,866667;
2004-11-24;5,4;9,3;0;30,8;27,02;22,7;68,75;2,866667;
2004-11-25;6,5;7,8;0;30,6;27,32;24,9;71,75;2,966667;
2004-11-26;4,8;10,6;0;30,3;26,42;22,2;67;2,633333;
2004-11-27;4,7;7,9;4;30,4;26,42;21,7;74,5;1,033333;
2004-11-28;2;8,2;0;30,7;27,86;25,7;72,25;3;
2004-11-29;2;7,2;0;29,9;27,2;24,4;72;3;
2004-11-30;3,7;8,2;4,6;30,9;26,48;21,7;72,75;1,8;
2004-12-01;4,1;9,9;0;31,6;26,38;20,2;68,5;2,966667;
2004-12-02;4,3;10,5;,5;30,9;26,8;22,7;73,25;2,3;
2004-12-03;5,7;7,1;,5;30,4;26,36;23,7;80;2,2;
2004-12-04;4,6;10,7;2,2;30,2;27,28;23,7;67;2,433333;
2004-12-05;6,2;11;,6;30,4;27,12;22,5;64,5;3,233333;
2004-12-06;5,6;7,7;,2;30,9;26,46;21,7;74;3,3;
2004-12-07;6;10,2;,2;31,1;26,86;22,1;71,5;2,4;
2004-12-08;5,2;10,2;0;31,4;27,08;21,8;69,75;2,833333;
2004-12-09;7;6,3;0;30,9;27,66;25,3;68;2,866667;
2004-12-10;5,3;8,3;0;30,9;26,9;21,7;68,5;2,1;
2004-12-11;4,4;9,4;0;32,5;27,34;21,2;69;2,666667;
2004-12-12;4,3;7,9;0;31,6;27,2;21,8;73,75;2,866667;
2004-12-13;6,6;10,3;0;31,9;27,38;22,3;67,25;1,833333;
2004-12-14;7,4;7,2;0;30,2;26,34;23,9;80,75;2,3;
2004-12-15;5;10,6;,8;31,4;27,2;24,1;64;3,166667;
2004-12-16;8;11,4;0;30,8;26,82;23;64,25;2,9;
2004-12-17;7;10,5;0;30,4;26,34;21;67,25;2,8;
2004-12-18;6,5;8,9;0;30,9;26,86;20,3;69,25;2,966667;
2004-12-19;6;7,2;0;31,3;27,94;25,7;69,75;2,733333;
2004-12-20;8,5;9,8;0;31,1;27,9;26,2;70,75;3,866667;
2004-12-21;7;10,4;0;30,5;27,08;23,2;67,5;2,9;
2004-12-22;6,1;10,3;0;31,8;27,16;21,2;67,25;3,366667;
2004-12-23;6,5;9,9;0;30,9;27,48;24,7;66,75;3,8;
2004-12-24;8,2;9,2;0;31,5;27,62;23,3;68,5;3,533333;
2004-12-25;6,2;3,6;4;30,1;27,02;23,5;73,25;2,933333;
2004-12-26;5,9;10;0;30,5;27,4;25,5;65;2,233333;
2004-12-27;6;10,4;0;30,7;26,52;19,6;66,25;2,566667;
2004-12-28;6,6;6,1;0;31,4;27,2;21,7;70;2,933333;
2004-12-29;4,1;10,2;0;31,5;27,62;22,8;68,5;2,766667;
2004-12-30;5,5;10,4;0;31,4;27,52;22,7;68,75;3,466667;
2004-12-31;6;9,9;4,2;30,9;26,82;21,7;69,25;3;
2005-01-01;5;10;0;30,9;26,86;21,7;66,75;3,033333;
2005-01-02;7;9,2;0;31;27,1;22;70,75;2,733333;
2005-01-03;6;10,9;0;30,7;27,24;22,4;68,75;3,2;
2005-01-04;7;6,2;7,2;29,5;26,34;22,7;77;3,066667;
2005-01-05;5,3;10,6;2,2;30,6;26,92;23,3;68,75;2,9;
2005-01-06;5,7;10,2;0;30,5;26,54;20,7;65;2,633333;
2005-01-07;7;6,7;0;30,9;26,1;20,7;80;2,1;
2005-01-08;4;8,1;3,8;31,6;27,3;22,2;74,25;2,233333;
2005-01-09;5,7;9,5;0;31,4;28,06;23,8;70,75;3,233333;
2005-01-10;6,2;9,8;0;31,1;27,9;24,7;66;2,2;
2005-01-11;5,6;4,7;,6;30,9;27,18;23,2;71,5;1,966667;
2005-01-12;4,7;10,1;0;31,6;27,42;22;70,75;2,633333;
2005-01-13;4,6;9,6;0;32,4;28,04;22,1;70,5;2,466667;
2005-01-14;4,7;2,4;0;30,4;27,48;24,7;74,75;3,366667;
2005-01-15;5,4;8,8;0;31,5;28;25,7;74,25;2,566667;
2005-01-16;5,8;9,8;0;31,9;27,82;22,7;71,25;2,633333;
2005-01-17;5,9;5,8;,2;31,5;27,96;24;68,5;3,033333;
2005-01-18;5,9;4,7;,3;31,4;27,86;25;74,25;2,966667;
2005-01-19;5,8;6,3;0;31,4;28,16;25,7;69,25;3,3;
2005-01-20;4,5;7,5;0;29,9;27,18;21,6;72;2,233333;
2005-01-21;4,8;9;0;32;28,06;23,7;73,25;2,533333;
2005-01-22;6,2;9,5;0;31,9;28,38;26,2;75,25;2,666667;
2005-01-23;4,8;7,6;0;31,5;27,76;24;69,25;1,466667;
2005-01-24;5,1;9,4;0;32;28,22;23,9;71,25;1,5;
2005-01-25;4,9;6,2;0;32,1;28,62;24,7;72;3,2;
2005-01-26;4;9,6;0;34,7;28,78;24,6;73,75;3,033333;
2005-01-27;5,2;10;0;32,6;28,52;24,5;69,25;2,933333;
2005-01-28;5,8;10,2;0;31,6;27,98;22,6;63,75;2,466667;
2005-01-29;5,6;10,3;0;32;27,78;22,7;66,25;3,166667;
2005-01-30;6,1;9,9;0;32,1;27,52;21,8;64,5;3,033333;
2005-01-31;6,5;10,3;0;31,9;27,5;21,7;66;2,466667;
2005-02-01;5,4;2,8;,2;31,4;27,76;23,2;70,5;3,4;
2005-02-02;6;7,5;,8;33,9;28,76;null;76,5;3,7;
2005-02-03;6,3;7;,7;33,3;28,16;24,4;74,25;2,733333;
2005-02-04;5,5;9,9;10,5;30,8;27,88;24,2;70,25;3,033333;
2005-02-05;4,7;9,9;0;31,9;28,02;23,3;72;3,1;
2005-02-06;6,1;10,5;0;31,6;27,5;23,2;68;2,433333;
2005-02-07;6,1;8,9;0;31,9;26,86;22,4;71,75;2,3;
2005-02-08;4,1;3,8;1,4;31,5;26,2;22,8;78;1,2;
2005-02-09;3,3;2,7;22,2;29,4;24,98;22,3;86,5;,8;
2005-02-10;1,9;7,8;1;30,9;26,8;22,9;78,75;1,233333;
2005-02-11;4,5;2,4;7,5;29,9;26,76;24,6;80,5;1,966667;
2005-02-12;3,4;6,9;1,4;31,4;27,62;null;75,5;2,2;
2005-02-13;3,5;9,9;0;31,5;27,68;22,9;73,5;1,766667;
2005-02-14;5,1;5,5;0;31,9;28,22;23,7;74,5;1,9;
2005-02-15;4,2;2,9;,2;31,9;28;23,9;75,5;2,066667;
2005-02-16;2,6;2,2;3,6;29,4;25,62;23,7;89,5;1,566667;
2005-02-17;2,2;8,9;14,4;30,9;28,16;24,7;73,75;3,533333;
2005-02-18;6,2;10,6;0;31,9;28,46;25,7;72;2,4;
2005-02-19;5,2;10,6;,6;31,8;28,46;25,1;70,5;3,366667;
2005-02-20;6,4;10,7;0;32;28,36;25,7;67,5;3,066667;
2005-02-21;5,8;10,3;0;31,9;27,48;22,3;68,5;1,566667;
2005-02-22;4,3;10,3;0;33,4;27,66;21,7;76,25;1,566667;
2005-02-23;5,5;9,3;0;31,9;28,36;25,7;76,5;2,566667;
2005-02-24;5,7;9,6;1,3;32,4;28,56;25,1;72,75;3,166667;
2005-02-25;5,3;8,3;,8;33,4;28,88;25,2;76,75;2,9;
2005-02-26;4,5;9,9;13,8;31,5;27,92;23,6;73,25;3,133333;
2005-02-27;6,1;8,7;0;31,4;28,44;24,7;73,25;3,666667;
2005-02-28;4,9;6,9;0;32;27,92;23,1;73;2,733333;
2005-03-01;4,7;9,7;0;32,8;28,46;23,3;70;3,2;
2005-03-02;5,4;9,9;0;32,3;28,54;23,7;71,5;2,633333;
2005-03-03;6;9,9;0;32,4;28,86;25,8;70,5;3,6;
2005-03-04;7;10,6;0;31,9;28,96;25,8;65;3,2;
2005-03-05;6,5;6,7;0;32;28,44;24,7;71;3,066667;
2005-03-06;5,5;9,3;0;31,6;27,92;23,1;69,25;3,066667;
2005-03-07;6,2;9,8;0;31,9;27,98;23,2;68,25;2,733333;
2005-03-08;4,9;6,8;0;31,9;27,92;22,2;65,75;2,866667;
2005-03-09;5,2;10,3;0;32,5;27,62;20,1;65,5;3,1;
2005-03-10;5,6;8,8;0;32,5;28,38;23,2;71,75;2,433333;
2005-03-11;5,2;9,4;0;32,4;28,78;24;null;2,45;
2005-03-12;5,5;9;,6;32;28,44;24,7;68,75;2,666667;
2005-03-13;5,5;5,4;0;32;27,88;22,7;75,75;2,5;
2005-03-14;5,8;8,7;,2;32,1;28,46;24,7;69,75;2,733333;
2005-03-15;6,1;7,8;0;32,5;28,7;25,1;68,75;2,733333;
2005-03-16;6,5;10,4;,6;31,9;28,48;24,3;69,75;2,866667;
2005-03-17;6,4;10,5;0;32,4;28,5;23,7;73,5;3,3;
2005-03-18;6;9,7;1,3;32,4;28,22;23,8;72,75;2,633333;
2005-03-19;5;6,6;0;33,5;29,06;24,7;72;2,5;
2005-03-20;4;7,2;9,2;31,5;27,94;23,7;74,75;1,566667;
2005-03-21;4,3;7,5;3;31,5;27,92;22,4;71;3,066667;
2005-03-22;4,6;8,8;15,8;29,4;28,22;22,7;72;2,233333;
2005-03-23;5,5;9,9;0;31,9;27,98;null;71,25;2,466667;
2005-03-24;5;8,4;2,8;31,9;28,06;23,3;71,75;1,766667;
2005-03-25;3,9;7,6;0;31,9;28,1;24,2;73;2,4;
2005-03-26;4,6;5,9;1;32,5;28,1;23,7;74,25;1,8;
2005-03-27;3,5;1,9;9;30,3;27,16;23;82;1,8;
2005-03-28;2;0;0;30,9;27,12;24,7;85,25;,066667;
2005-03-29;2;2,9;5;31,4;27,66;24;79,75;,533333;
2005-03-30;2,3;2,2;13,2;30,7;27,2;23,2;83,25;1;
2005-03-31;2,3;7,7;14,2;30,9;27,54;23,7;80;1,433333;
2005-04-01;3,1;10,3;,2;31,6;27,2;23,6;75,5;1,7;
2005-04-02;3,6;4,8;16;30,3;25,64;22,7;93,75;,266667;
2005-04-03;1,7;6,5;15,7;30,5;26,16;23,5;88,25;1,033333;
2005-04-04;3;9,5;0;30,5;27,74;24,3;71,75;2,733333;
2005-04-05;5,5;10,1;0;31,1;27,54;21,8;74,75;2,733333;
2005-04-06;5,1;9,2;,4;31,5;28,4;25,7;72,5;2,566667;
2005-04-07;4,9;8,1;0;30,4;27,66;25,2;79,25;3,2;
2005-04-08;3,8;9;3,3;30,2;27,7;24,7;76,75;3,566667;
2005-04-09;4,6;,3;,2;29,4;26,84;23,7;85;1,4;
2005-04-10;1,9;8,7;15,6;30,3;27,28;23,2;76,5;2,633333;
2005-04-11;3,3;8,1;,8;30,5;25,86;21;80,25;1,733333;
2005-04-12;2,8;9,7;0;31;27,12;20,7;73,75;2,633333;
2005-04-13;3,9;9,3;,4;30,9;27,62;23,2;74,5;2,1;
2005-04-14;4,5;5,7;2;31,1;27,88;23,7;75,75;2,066667;
2005-04-15;3,6;9,4;31,7;30,4;27,4;23,7;78,75;2,1;
2005-04-16;4;1,6;11,4;30,1;27,12;23,6;80,5;2,066667;
2005-04-17;3,1;9,3;7;30,4;27,06;22,7;75,75;1,7;
2005-04-18;3,8;8,1;0;30,4;26,4;22,2;79,25;2,8;
2005-04-19;3,1;8;5,6;29,7;27,72;24,2;75,5;2,833333;
2005-04-20;4,3;7,8;,2;29,9;27,38;23,2;76,75;2,833333;
2005-04-21;5;9,9;1,2;30,5;27,7;24,7;77,5;3,066667;
2005-04-22;4,5;7,3;,2;30,5;27,24;23,2;74,25;2,133333;
2005-04-23;3,8;8,1;0;30,6;27,02;21,4;76,5;2,533333;
2005-04-24;3,7;8,4;6;30,6;27,2;22,2;79,5;1,666667;
2005-04-25;3,6;9,8;0;30,6;27,24;23,5;80,75;1,9;
2005-04-26;3,7;9,5;0;31,4;27,6;22,1;74,5;1,533333;
2005-04-27;3,7;9,4;0;32;27,96;22,1;72,25;1,566667;
2005-04-28;2,8;6,4;23,4;30,9;26,52;22,4;86,25;1,633333;
2005-04-29;2;8,1;25,8;30,9;27,1;22,7;82,75;1,833333;
2005-04-30;2,3;8,7;1;30,4;27,38;23,9;80,25;1,733333;
2005-05-01;3,1;10;0;30,9;26,08;22,2;82,25;,766667;
2005-05-02;2,7;9,1;0;31,4;26,88;21,8;79,25;,866667;
2005-05-03;3;8,7;0;30,7;27,22;22,7;76,5;1,466667;
2005-05-04;3;2,6;,8;29,7;26,42;23,7;83;1,733333;
2005-05-05;2;2;0;28,1;25,3;21,7;83,75;1,666667;
2005-05-06;1,8;8,1;4;30,1;25,74;22;83,25;1,9;
2005-05-07;2,3;6,7;2,8;29,5;26,28;23,2;89;1,733333;
2005-05-08;1,7;5,8;20,8;29,9;26,12;22,1;81,5;1,866667;
2005-05-09;3;7,6;0;30,4;25,78;21,4;87,25;1,3;
2005-05-10;1,9;8,1;10,4;30,6;26,36;22,2;86,5;1,933333;
2005-05-11;3,1;2,8;15;29,9;26,06;22,7;90,5;1,2;
2005-05-12;1,6;,2;48,8;27,2;24,18;21,7;92,5;1,133333;
2005-05-13;,9;6,9;5,1;29,9;25,74;22,7;90,25;2,066667;
2005-05-14;1,9;1,7;17,7;28,7;25,8;22,7;83;1,7;
2005-05-15;3,1;3,9;1,7;28,9;25,78;24,7;91,25;2,233333;
2005-05-16;,7;1,5;35,3;28,3;25,12;22,7;94,25;,7;
2005-05-17;,7;3,7;64,6;29;25,56;22,7;90;3,8;
2005-05-18;2;7,5;14,1;29,4;25,96;21,8;81,75;1,933333;
2005-05-19;2,1;5,1;25,7;29,9;25,48;21,8;84,5;1,4;
2005-05-20;1,2;5,3;9;29,6;25,9;22,5;86,5;1,5;
2005-05-21;2,3;4,5;0;29,6;25,6;22,7;86,5;2,033333;
2005-05-22;,9;6,4;1,7;30,4;26,22;22,1;84,25;1,566667;
2005-05-23;2,3;,7;130;28,4;24,28;21,7;92;1,033333;
2005-05-24;,6;5,2;,5;29,6;25,72;22,2;86,5;1,033333;
2005-05-25;1,9;1,8;,3;28,4;25,2;21,6;88,75;,666667;
2005-05-26;1;8,9;2,1;30,6;26,1;22,3;86,5;1,6;
2005-05-27;2,2;8,1;8,6;29,7;26,02;22,7;85,5;2,166667;
2005-05-28;3,3;8,4;10,5;29,4;26,88;23,3;78,75;2,533333;
2005-05-29;3,3;1,3;3,9;28,5;24,96;21,7;89,75;2,733333;
2005-05-30;1,4;3,2;69,2;28,4;25,88;22,7;83;2,466667;
2005-05-31;1,6;6;4,5;29,4;25,54;20,6;90,75;2,366667;
2005-06-01;1,8;4,2;96,6;28,9;24,6;21,7;90;2,2;
2005-06-02;1,9;0;76,4;26,9;24,62;22,5;96,25;1,9;
2005-06-03;,7;3,3;56,6;28,9;25,76;21,7;78,25;2;
2005-06-04;2,8;4,4;2,4;29,1;25,08;21,6;90,5;1,3;
2005-06-05;2,6;,8;11,6;28,1;25,74;22,7;78,75;2,533333;
2005-06-06;2,5;1;4,4;28,4;24,42;21,2;87;1,3;
2005-06-07;2;,8;7,8;28,2;24,92;22;88,5;1,9;
2005-06-08;2,3;3,9;68,6;28,6;24,68;22,2;91;1,3;
2005-06-09;2,1;8,6;8,3;28,9;24,98;22,2;85,5;1,8;
2005-06-10;2,3;1,2;,2;28,9;24,8;21,7;87;2,4;
2005-06-11;1,5;1,4;13;28,4;25,66;21,7;81;1,666667;
2005-06-12;2,7;,3;7,1;28,7;26,02;23,1;82,5;1,966667;
2005-06-13;2,2;,4;41,2;27,9;25,18;23;90,25;1,2;
2005-06-14;,6;0;26,4;25,8;24,02;22,7;96;1,033333;
2005-06-15;,9;7,5;60,3;28,7;24,86;22,4;85,25;1,366667;
2005-06-16;2,5;9,9;,8;29,1;25,34;21,7;85,5;1;
2005-06-17;1,6;2,8;8,8;28,4;25,3;22,7;92,25;,7;
2005-06-18;,8;0;55,9;28,3;23,68;22;95,25;1,366667;
2005-06-19;,2;5,8;35;29,6;24,86;20,7;90,5;,266667;
2005-06-20;1,4;9,2;4,7;29,3;25,8;23,2;86,75;1,833333;
2005-06-21;2,1;7,7;15;29,4;24,9;21,5;87,5;1,366667;
2005-06-22;2,2;8,3;,2;29;25,26;21,7;82,25;2,433333;
2005-06-23;2,3;0;7,6;26;23,88;21,6;88,5;1,133333;
2005-06-24;1,4;,9;11,2;27,9;24,22;21,7;92,75;1,066667;
2005-06-25;,6;7,3;49,2;29,4;24,96;21,2;85,75;1,366667;
2005-06-26;2;7,5;1;28,3;24,22;21,1;87;1,566667;
2005-06-27;2;1,1;4,4;27,5;23,76;20,7;91;1,3;
2005-06-28;1,6;4,8;17,2;27,9;24,08;21,7;88,5;2,966667;
2005-06-29;3;7,4;13,8;28,3;24,68;22,1;79;3,3;
2005-06-30;3,7;6,5;3,3;28,2;24,54;21,7;84,25;1,633333;
2005-07-01;1,7;0;36,3;25;22,84;21,2;93,5;1,6;
2005-07-02;1;2;1;27,2;24,48;21;85,75;2,466667;
2005-07-03;1,4;5,2;10;28;25,34;22,7;81;2,733333;
2005-07-04;3,1;9,3;9,6;30,4;24,76;21,7;80,25;1,733333;
2005-07-05;2,2;8,9;0;28,9;24,14;19,9;83,75;1,133333;
2005-07-06;2,2;8,6;0;28,9;24,88;20,1;81,5;1,366667;
2005-07-07;2,2;6;20;27,1;25,06;23,2;86,5;2,066667;
2005-07-08;2,8;9,4;9,2;27,9;24;21,3;81,5;2,066667;
2005-07-09;2,1;6;2,9;28,4;24;20,9;92,25;1,466667;
2005-07-10;1,9;9;10,7;28,7;24,24;null;83;2,1;
2005-07-11;3,6;7,3;3;29,4;25,98;22,2;77,75;3,766667;
2005-07-12;3,3;8,8;2,2;27,6;23,52;19,6;79,5;1,633333;
2005-07-13;2,8;5,4;4;28,4;22,66;19,3;92,25;,6;
2005-07-14;1,8;7,8;,2;28,9;23,94;19;82,25;2,066667;
2005-07-15;3,4;10,2;,7;27,9;25,14;22,2;64,25;4,466667;
2005-07-16;5,3;9;0;28,9;23,42;17;75,75;2,033333;
2005-07-17;2,7;5,3;1,6;28,9;23,94;17,8;82,75;2,366667;
2005-07-18;2,8;,6;1,6;25,9;22,94;20,7;96,25;1,1;
2005-07-19;,2;8,6;30,8;29,4;25,2;20;83,25;1,9;
2005-07-20;2,2;7,8;15,2;28,4;25,44;21,7;78,5;2,966667;
2005-07-21;4,5;10,3;,5;29;25,14;22,9;75,5;3;
2005-07-22;4;1;1,4;27,4;24,64;20,7;80,5;2,133333;
2005-07-23;3;9,8;,6;28,9;23,72;19,1;79,5;2,733333;
2005-07-24;3,3;9,9;,2;27,9;24,5;19;73,5;3,3;
2005-07-25;4,5;7,8;0;28,4;25,38;22;73,25;1,633333;
2005-07-26;4,3;5,5;,8;28,1;24,24;21;78;1,533333;
2005-07-27;2,5;9,4;1,2;29,5;23,94;20;81,5;2,3;
2005-07-28;3,2;3,9;1;26,9;23,34;20;91,25;1,466667;
2005-07-29;1,2;10;4;28,1;23,22;20,2;81,5;1,633333;
2005-07-30;3;2,3;12,6;26,7;23,76;20,7;77,75;3,133333;
2005-07-31;3,4;7,7;1,4;27,4;23,82;20;79,25;2,7;
2005-08-01;3,6;5;0;26,7;23,26;19,8;88,75;2,9;
2005-08-02;null;3,1;18,8;26,9;23,24;19,8;87,25;2,033333;
2005-08-03;null;2,1;7;27,9;24,48;20,7;86;2,366667;
2005-08-04;2,7;5,4;10,7;27,6;24,6;21,7;84;2,466667;
2005-08-05;2;1,1;7;26,9;24;21,7;89,75;1,466667;
2005-08-06;2,8;9,4;8,6;28,4;24,58;21;79;2,633333;
2005-08-07;2,7;2;1,8;26,3;23,64;18,8;73,5;3,366667;
2005-08-08;3,5;5,7;2,3;28,2;23,4;20,3;80,5;1,533333;
2005-08-09;2,7;8,3;,6;28,6;23,94;21,1;82,75;1,2;
2005-08-10;2;6,2;,6;27,9;23,88;20,2;84,25;1;
2005-08-11;2,5;9,1;0;28,5;24,66;20,2;79,25;1,9;
2005-08-12;2,7;3,4;14;27,3;24,66;21,7;82,75;2,5;
2005-08-13;1,9;10;1,3;27,9;24,14;19,3;78,5;1,433333;
2005-08-14;3,1;10,1;0;28,6;24,56;20;83;1,366667;
2005-08-15;2,4;1,5;23;27,4;23,54;21,7;93,25;,966667;
2005-08-16;1;6,2;27,8;27,3;24,46;22,7;76,75;1,766667;
2005-08-17;3;6;7,2;27,5;23,96;20,3;84,5;1,533333;
2005-08-18;4,1;4,2;4;26,7;23,98;21,4;87,25;1,3;
2005-08-19;3,4;9,6;9,8;29,9;24,44;21,6;80,25;2,033333;
2005-08-20;3,6;5,3;17,3;26,9;23,36;20;85,25;,533333;
2005-08-21;1,2;4,7;8,4;27,2;23,62;20,7;89;1,066667;
2005-08-22;2,1;9,2;10,9;27,9;24,52;22,2;81,5;2,533333;
2005-08-23;2,6;1,3;27,1;26,9;23,16;20,7;94,75;1,3;
2005-08-24;1,1;0;21,6;25,5;23,3;20,6;95,5;1,8;
2005-08-25;,9;4,6;52,1;27,4;23,4;21,7;91,25;1,266667;
2005-08-26;2,2;8;2,4;27,5;24,58;21,7;80,5;2,733333;
2005-08-27;3;9,3;,3;28,9;24,46;19,2;78,5;2,7;
2005-08-28;3,1;6,2;2,3;27,9;24,56;22,4;84,5;2,766667;
2005-08-29;3,4;7,2;1,9;27,9;25,44;22,7;75,75;2,733333;
2005-08-30;2,3;8,4;2;28,5;25,38;20,5;75,5;2,466667;
2005-08-31;6,9;8,5;0;28,3;25,32;21,7;73;3,633333;
2005-09-01;4,4;8;,2;28,4;25,46;22,2;78,5;3,266667;
2005-09-02;4,2;3;,2;28;24,58;21;81,75;2,633333;
2005-09-03;3;9,6;13,2;28,2;25,2;22;80;2,966667;
2005-09-04;3,4;9,1;1;28,9;25,3;20,8;76,5;2,933333;
2005-09-05;3,4;7,7;11,4;28,3;24,54;21,3;83;2,533333;
2005-09-06;2,8;7,6;4,4;28,3;24,98;21,2;83,25;2,466667;
2005-09-07;2,8;4,6;0;28,7;25,52;20,7;75,75;1,6;
2005-09-08;3,6;9,2;0;28,9;25,68;22,7;76,5;2,966667;
2005-09-09;5;9,9;,2;28,9;26,1;23,3;69,25;4,3;
2005-09-10;5,5;10;0;28,4;24,96;22;74;3,366667;
2005-09-11;4,5;6,7;7,8;29,4;25,68;22,3;71,5;2,466667;
2005-09-12;4,1;8,5;,4;28,9;25,64;21,7;70,5;3,033333;
2005-09-13;4,4;3,3;,4;28,1;25,6;22,7;79;2,566667;
2005-09-14;3;9,4;,5;28,4;24,78;22,1;78,5;3,233333;
2005-09-15;3,2;4,6;3,8;28,5;25,32;21,9;72,5;3,2;
2005-09-16;4;1,4;0;27,3;24,02;18,6;75,75;2,466667;
2005-09-17;5;9,7;,7;29,6;24,8;19,8;69,75;2,566667;
2005-09-18;3,6;10,1;0;28,5;24,5;18,1;75,5;1,866667;
2005-09-19;4;10,2;0;28,5;24,8;19,8;78,5;2,333333;
2005-09-20;3,6;10,2;,3;28,9;24,06;19,8;77;1,366667;
2005-09-21;3,2;9,2;0;28,7;23,94;18,1;77,5;1,233333;
2005-09-22;2,7;7,6;0;29,4;24,64;21;79;2,166667;
2005-09-23;2,9;8,6;0;28;25,66;24;73,75;1,7;
2005-09-24;3,5;9;0;29,6;25,62;20,1;75;2,9;
2005-09-25;5;9,8;0;29,1;25,94;21,2;77,25;2,466667;
2005-09-26;5,6;6,8;0;29,7;26,38;24;75,25;2,866667;
2005-09-27;4,6;7,5;,2;29;26,36;24,3;75;3,066667;
2005-09-28;4,2;6,7;0;28,4;25,6;21,8;71,5;3,433333;
2005-09-29;5,4;6,9;,6;29;26,26;23,7;73,75;2,733333;
2005-09-30;4,1;9,4;0;29,5;24,48;20,9;78;2,2;
2005-10-01;4,1;10,3;,4;30,3;25,78;21,3;75,25;3;
2005-10-02;3,7;8,9;0;29,7;25,54;20,2;72,5;2,8;
2005-10-03;4;9,8;0;29,5;25,58;20,7;71,75;2,566667;
2005-10-04;5;5,4;0;29,5;26,52;24,3;81,25;2,233333;
2005-10-05;3,4;6,7;4,8;29,6;26,28;24,1;81,5;3,066667;
2005-10-06;4,5;8,1;,4;30;26,54;22,5;72,75;3,233333;
2005-10-07;3,3;4,7;3;28,5;24,74;22,3;91;1,3;
2005-10-08;1,6;9,8;36,8;28,5;25,52;21,9;73;3,733333;
2005-10-09;,8;7,5;,2;28,5;24,96;20;73;3,3;
2005-10-10;2,7;4,2;2;28,8;24,62;20,5;82,5;1,8;
2005-10-11;4;2,1;1,1;29,5;24,3;20;84,25;2,166667;
2005-10-12;,6;9,5;1,9;28,9;25,72;21,7;75,25;3;
2005-10-13;1;10,5;0;29;25,62;20;74;2,666667;
2005-10-14;1;10,4;3;29,6;26,02;21,9;71,25;3,3;
2005-10-15;1,2;10;0;29,1;25,12;21;74,25;2,666667;
2005-10-16;,7;10;0;29,2;25,92;21,4;73;3,4;
2005-10-17;,5;10,3;5,7;29,3;26,08;23,2;74,25;3,3;
2005-10-18;1,2;9,4;0;30,2;26,46;22,9;72;3,233333;
2005-10-19;1,1;10,5;0;30;26,48;22,7;70,5;1,233333;
2005-10-20;1;10,1;0;29,4;26,44;23,2;70;3,2;
2005-10-21;1,7;9,7;,4;30;26,74;23,7;73,25;2,466667;
2005-10-22;1,3;10,4;0;29,9;26,56;23,7;71;3,866667;
2005-10-23;2,3;11;0;30;26,38;21,7;66;3,133333;
2005-10-24;4,6;10,5;0;29,7;26,02;21,4;73,5;2,633333;
2005-10-25;6;10,1;0;29,4;25,6;22,7;75,25;2,133333;
2005-10-26;4,4;9,9;0;29,9;26,4;22,1;73,75;3;
2005-10-27;4,4;9,1;0;30,5;26,88;22;71;2,5;
2005-10-28;4;9,9;0;31;26,46;21,7;67,5;2,633333;
2005-10-29;3,8;9,2;0;30,9;25,46;20;73;1,966667;
2005-10-30;2,1;10,3;0;30,6;26,42;20,5;69,5;1,7;
2005-10-31;3,9;9,1;0;30,9;26,72;21;67,75;2,666667;
2005-11-01;3,9;9,9;0;31,4;26,58;21,2;66,25;2,933333;
2005-11-02;4,6;10,2;0;30,4;26,46;21,7;70,75;2,966667;
2005-11-03;5;11;0;31,2;27,2;24;70,25;4;
2005-11-04;6,5;10,3;1,4;29,5;26,1;22,7;70;2,733333;
2005-11-05;4,2;3,9;3,2;29;24,58;20,7;80,75;1,966667;
2005-11-06;3,7;9,9;1;30;26,14;22,3;68,25;2,566667;
2005-11-07;5,4;9,8;0;29,7;25,98;21,5;73;3,2;
2005-11-08;6,4;11;0;30,6;27,04;23,7;71;2,3;
2005-11-09;5,4;9,5;1;30,2;26,9;23,7;73;2,566667;
2005-11-10;5,2;10,8;0;29,9;26,46;23,1;69,5;2,7;
2005-11-11;5,3;10,1;0;30,5;26,24;20,3;68,75;2,7;
2005-11-12;5;10;0;31,6;26,9;21,7;66,75;2,8;
2005-11-13;4,2;9,8;0;31,5;26,6;21,2;71,25;1,666667;
2005-11-14;4,4;10,8;0;30,3;26,98;22,7;67,25;1,833333;
2005-11-15;4,4;8,3;0;30,6;26,74;20,7;65,5;2,866667;
2005-11-16;5,6;7,3;0;30,9;26,5;23,5;78;2,633333;
2005-11-17;5,7;8,4;,7;30,1;27;24,3;71,25;2,8;
2005-11-18;6,7;9,2;,2;30,7;27,36;24,4;67;2,733333;
2005-11-19;5,7;6,2;,2;30,9;27,22;24,7;71;3,8;
2005-11-20;4,6;7,8;0;30,4;26,34;null;72,75;2,633333;
2005-11-21;5,5;9,7;0;30,2;26,96;23,2;70,75;2,466667;
2005-11-22;4,9;10;,6;30,5;26,98;22,7;72,5;2,4;
2005-11-23;5;10,1;0;30,4;27,32;24;73,5;2,566667;
2005-11-24;5;8,3;0;31,3;27,94;25;72,25;3,166667;
2005-11-25;5,5;3;0;31,4;27,88;25,7;67,75;2,6;
2005-11-26;5,6;1,4;0;30,4;27,32;24,7;70,25;2,633333;
2005-11-27;3,9;9,9;0;31,2;27,74;24,7;72;3,3;
2005-11-28;4,6;9,1;0;31,4;28,2;26,1;66,25;3,233333;
2005-11-29;7;8,9;,4;30,4;27,12;25,2;74,75;3,566667;
2005-11-30;7,3;7,5;0;30,8;27,68;25;65,75;2,666667;
2005-12-01;6;8,4;0;30,4;27,2;24,7;69,25;3,2;
2005-12-02;6,6;11,1;0;31,4;26,68;20,3;71;2,766667;
2005-12-03;4,6;5,9;1,4;32,1;27,48;22,9;72,5;2,366667;
2005-12-04;3,4;9,2;0;31,8;27,58;23,2;74,25;3;
2005-12-05;4,5;7,6;,6;31,4;27,88;23,2;69,75;2,866667;
2005-12-06;3,2;0;141,1;28,5;25,44;21,8;84,5;1,7;
2005-12-07;1,2;3,1;0;29,9;26,74;23,7;79,25;1,833333;
2005-12-08;3,8;9,3;0;30,4;27,04;21,4;71;2,333333;
2005-12-09;4,7;8,3;0;30,4;27,18;24,7;72;2;
2005-12-10;4,1;7,8;0;29,6;26,6;22,2;74;2,466667;
2005-12-11;4;7,1;4,2;29,9;25,88;null;84,75;1,4;
2005-12-12;2,9;10,7;6,8;30,3;27,02;23,3;71,25;3,033333;
2005-12-13;5,7;9,4;0;29,9;27;24;71;3,3;
2005-12-14;4,7;4,9;,4;29,7;25,08;23,1;85,25;1,033333;
2005-12-15;2,1;9,7;4,2;30,3;26,46;21,4;72;2,833333;
2005-12-16;4,5;9,8;0;29,4;26,44;22,7;74;3,1;
2005-12-17;5;4,1;0;29,5;26,72;22,9;74,25;2,666667;
2005-12-18;4,6;10,2;,4;30,1;27,34;23,7;71;3,233333;
2005-12-19;5,6;6,7;1,4;30,3;27,1;23,7;76,75;3,6;
2005-12-20;6,1;8,4;,2;29,4;27,08;24,7;70,5;3,166667;
2005-12-21;6,1;10;0;30,1;27,08;24,7;70;3,466667;
2005-12-22;5,5;9,1;,3;29,9;26,32;21,2;68;2,666667;
2005-12-23;5,5;10,6;0;29,9;26,64;21,9;70;3,066667;
2005-12-24;6;10,5;0;29,6;26,58;22,7;65,75;2,733333;
2005-12-25;5;null;0;30,8;26,28;null;68,25;2,8;
2005-12-26;5,6;10,8;0;29,9;26,4;20,1;67,25;2,433333;
2005-12-27;4,9;6;,4;30,4;27,02;22,7;71;3,366667;
2005-12-28;5;4,8;2,2;29,5;26,9;24,7;74;3,133333;
2005-12-29;3,5;6,3;3;29,3;26,22;24;76,25;2,233333;
2005-12-30;4,1;3,6;0;29,6;26,58;22,2;73;2,633333;
2005-12-31;4,4;9,3;7,6;29,4;26,66;22,7;73;3,3;
2006-01-01;5,2;6,3;0;29,6;25,82;22;74,5;2,433333;
2006-01-02;3,4;6,2;0;29,6;25,88;20,4;74,5;2,033333;
2006-01-03;4;8;0;30,2;26,38;22,2;74,75;2,066667;
2006-01-04;4,6;10,6;,3;29,9;26,94;24,2;72,75;3,266667;
2006-01-05;6,4;10,6;0;30,4;27,3;24,3;69,75;3,033333;
2006-01-06;5,3;7;0;30,2;26,74;22,3;69,25;2,766667;
2006-01-07;4,7;8,4;,2;30,3;26,46;22,1;67,25;2,633333;
2006-01-08;4,6;6,9;0;31,4;27,1;20,7;63,25;2,71444;
2006-01-09;6;4,7;,6;30;26,86;22,1;73,75;2,6;
2006-01-10;5,4;7,2;1,6;30,4;27,24;24,8;70,25;3,166667;
2006-01-11;5,2;5,5;0;32,7;27,66;23,3;70,75;3,109627;
2006-01-12;6,2;5,4;0;30,6;27,48;24,7;71,75;3,433333;
2006-01-13;6;9,5;,7;30,4;27,44;24,7;69,75;2,6;
2006-01-14;6;8,8;,8;30,4;26,78;25,5;68,5;3;
2006-01-15;5;8;0;30;25,98;20,2;68;1,75;
2006-01-16;4,6;6,3;4,1;30,4;26,62;22,7;75,25;2,3;
2006-01-17;4,8;7,4;,2;30,7;27,36;23,7;73,5;3,333333;
2006-01-18;4,8;9,2;2;30,4;27,36;24,7;70,25;3,5;
2006-01-19;5,4;3,1;0;29,9;26,26;22,2;72,5;2,333333;
2006-01-20;4,4;8;1,2;30,4;26,42;20,9;70,75;2,5;
2006-01-21;5,4;10,2;0;29,8;27,06;22,7;70;3,033333;
2006-01-22;7,2;7,8;0;31,3;27,74;24,6;70;3,133333;
2006-01-23;5,8;9,6;0;30,8;27,46;23,2;70,5;2,6;
2006-01-24;5,7;7,8;0;29,4;27,16;24,7;70,5;2,733333;
2006-01-25;6,3;8,4;0;31,5;27,78;24;70,5;2,5;
2006-01-26;5,7;10,5;0;32,4;28,1;24,7;68,5;2,966667;
2006-01-27;6;10,5;0;31;28,24;25,7;69,5;3,066667;
2006-01-28;6,5;10,1;0;31,1;27,68;24,9;69;3,2;
2006-01-29;6,1;9,2;0;31,4;27,54;22,7;70,25;2,366667;
2006-01-30;4,3;9,7;,6;31,4;27,64;22,7;68,25;2,566667;
2006-01-31;6,3;10,2;0;30,9;27,8;25,2;68,75;3,266667;
2006-02-01;5,5;10,5;0;30,9;27,22;22;63,5;2,633333;
2006-02-02;5,7;7,4;1,8;31,1;27,74;25,9;70,75;2,833333;
2006-02-03;5,9;10,7;0;31,4;27,84;24,7;70,25;3,133333;
2006-02-04;5,6;9,4;0;32,5;27,58;22,7;69,5;3,933333;
2006-02-05;6,6;11;0;31,4;27,96;24,7;67;2,933333;
2006-02-06;5,8;7,2;0;31,4;27,78;24;71;2,166667;
2006-02-07;4,6;9;0;32,3;27,5;22;71;1,366667;
2006-02-08;4;6,9;0;31,4;27,46;22,2;66,75;2,166667;
2006-02-09;4,7;9,2;0;31,9;28;23,7;67;2,533333;
2006-02-10;4,8;5,5;0;32,1;27,78;22,7;67,25;2,2;
2006-02-11;4,4;5,5;0;32,4;27,4;23,7;71;1,866667;
2006-02-12;3,2;1,2;0;32,1;26,94;22,7;71;1,633333;
2006-02-13;4,4;5,1;,4;31,9;27,84;22,7;73,75;2,766667;
2006-02-14;4;8,4;3,4;31,9;27,9;23,7;70,75;1,966667;
2006-02-15;4;10,4;0;32,1;27,5;21;67,5;2,966667;
2006-02-16;5,2;8,2;2;31,4;27,58;23,7;70,25;1,866667;
2006-02-17;5,2;9,5;0;31,9;28,1;23,7;70;2,9;
2006-02-18;4,4;9,9;,6;32,2;27,8;22;70,25;2,2;
2006-02-19;5,2;10;,2;32,1;28,2;24,7;70,75;2,533333;
2006-02-20;6;10,7;0;31,9;27,5;22,7;66,25;2,3;
2006-02-21;5,4;1,8;0;30,9;27,2;22,7;77,5;1,833333;
2006-02-22;3,9;1,6;0;31,2;26,66;23,7;79,75;0;
2006-02-23;1,7;9,3;1;32,7;28,1;22,7;71,75;1,733333;
2006-02-24;4;8,7;23;31,4;28,08;24,3;70,5;2,633333;
2006-02-25;3,2;7,9;0;31,5;27,38;22,7;75,75;1,6;
2006-02-26;2,9;9,7;0;32,4;28,18;23,2;73;1,666667;
2006-02-27;4,5;9,8;0;31,9;28,04;22,7;71,5;2,566667;
2006-02-28;5,1;7,4;0;31,1;28,1;23,7;68,5;2,5;
2006-03-01;3,9;8,3;0;31,9;28,02;23,3;71,75;2,566667;
2006-03-02;4,4;3,9;8,4;31,4;27,18;23;78;1,666667;
2006-03-03;2,7;3,2;38,3;30,2;26,12;21,8;85,25;,933333;
2006-03-04;2,1;7,6;1;30,4;27,48;22,7;75,75;2,2;
2006-03-05;3,1;10,3;0;31,4;27,68;22,7;71,75;1,8;
2006-03-06;6,3;10,1;0;32,4;27,94;22,6;73,5;2,066667;
2006-03-07;2,1;10;0;31,9;28,32;24;66,75;2,5;
2006-03-08;,9;10,1;,2;32,1;27,96;22,7;70;2,966667;
2006-03-09;4;10,1;0;32;28,02;22,7;71,75;2,366667;
2006-03-10;2,1;8,4;0;31,9;28;23,2;71,5;2,733333;
2006-03-11;,7;7;4,2;31,8;27,4;24;76,75;1,866667;
2006-03-12;,7;9,4;0;31,4;27,98;23,7;69;2,6;
2006-03-13;,9;9,7;0;31,8;27,98;23,2;67,75;2,966667;
2006-03-14;2,2;9,9;,6;32,5;28,2;23,4;68,75;2,733333;
2006-03-15;1,8;9,7;1;32,7;28,14;22;69;2,466667;
2006-03-16;2,4;9,2;0;32,4;28,38;23,2;70,25;3,9;
2006-03-17;2,2;10,1;15;31,6;28,3;24,4;72,5;2,366667;
2006-03-18;1,4;7,4;0;31,8;27,96;23;73;1,633333;
2006-03-19;1,1;6,8;12,7;30,9;26,66;21,7;79,25;2,166667;
2006-03-20;4,5;6,6;10,8;30,7;26,52;23,7;82,5;2,7;
2006-03-21;3,4;9,5;,9;31,5;27,34;22,2;72,75;1,966667;
2006-03-22;4,1;6,6;,6;31,3;27,24;23,2;76,5;1,866667;
2006-03-23;4;3,7;0;30,9;26,4;22,7;84,25;1,933333;
2006-03-24;2;9,2;54,8;31,9;26,72;22,7;77,25;1,1;
2006-03-25;2,7;8,9;1,1;31,4;27,68;22,7;77;2,066667;
2006-03-26;3,2;5,6;6;31,4;27,2;22,7;80,5;,8;
2006-03-27;2,5;9,4;2;31,5;28,22;24,2;80,5;1,733333;
2006-03-28;5,7;9,3;0;31,9;27,96;23,2;74,5;2,333333;
2006-03-29;3,1;9,7;0;32;27,84;23,3;74;1,466667;
2006-03-30;3,4;9,3;0;31,8;27,82;22,3;74,25;1,833333;
2006-03-31;3,4;6,9;,6;31,9;27,48;23,2;79,5;1,8;
2006-04-01;1,1;1,4;1,8;29,5;25,5;22,7;88;,533333;
2006-04-02;1;5,6;2,8;29,9;26,3;22,7;80,5;,866667;
2006-04-03;2,2;10,9;,2;31,3;27,22;22,1;73,75;1,366667;
2006-04-04;3,8;9,8;0;31,9;27,68;22,7;72;,333333;
2006-04-05;3,6;8,7;4,8;31;27,04;22,5;80,5;2,333333;
2006-04-06;2,5;9;3,6;31;27,82;22,9;74,25;2,466667;
2006-04-07;3,5;6,1;0;31,9;28,08;23,7;75,5;2,8;
2006-04-08;2,7;8,7;,4;32,4;27,96;24,7;71,25;2,466667;
2006-04-09;1,9;2,3;93,4;29,5;25,26;22,7;88;,533333;
2006-04-10;1,4;9,4;0;31,4;26,08;22,7;80,75;1,266667;
2006-04-11;2,9;9,9;,2;31;27,24;22,8;79,25;1,9;
2006-04-12;2,5;6;0;31;27;22,2;79,75;1,2;
2006-04-13;2,6;5,6;1,7;30,4;26,94;23,3;82,5;1,8;
2006-04-14;2;8;23;30,5;27,58;25,7;83;1,9;
2006-04-15;2,4;5,3;31,2;29,9;26,38;23,7;84,75;2,8;
2006-04-16;3,1;10,2;0;31,5;26,62;21,7;73,75;2,1;
2006-04-17;3,1;5;0;31,2;26,82;22,2;75,75;1,566667;
2006-04-18;2,5;1,1;,5;30,5;25,88;22,7;77,75;1,533333;
2006-04-19;1,8;4,9;0;30,9;26,12;22,7;75;1,466667;
2006-04-20;2;7,4;7;31,6;27,14;22,3;81,5;2,333333;
2006-04-21;2,3;8,1;0;30,9;27,14;22,4;77,5;2,566667;
2006-04-22;3;9,6;,8;30,7;27,3;22,7;79;2;
2006-04-23;3,1;,4;27;27,5;25,06;23,9;92,25;,533333;
2006-04-24;,5;3,9;19,4;29,9;25,94;22,7;87,75;1,366667;
2006-04-25;1,2;5,6;9,8;30;26,34;23,5;85;1,6;
2006-04-26;1,4;8,9;10;30,5;26,4;23,2;84;1,4;
2006-04-27;2,2;8,1;1;30,4;26,76;22,7;81,5;,933333;
2006-04-28;2,7;4;,2;30,9;26,56;23,2;83,25;1,3;
2006-04-29;1,9;8,9;1,2;30,9;27,28;22,7;77,5;2,233333;
2006-04-30;2,7;,6;82,2;28,1;24,74;21,7;91;1,1;
2006-05-01;,8;2,6;15,8;28,9;25,74;23,1;87,25;1,3;
2006-05-02;,9;8,2;2;30,5;26,48;23,7;86,25;1,533333;
2006-05-03;2,3;7,8;2,1;30,4;27,28;23,7;80;2,466667;
2006-05-04;2,6;4,6;4,9;30,4;25,78;22,7;86,25;1,1;
2006-05-05;1,1;6,2;10,2;30;26,5;22,6;85,5;1,9;
2006-05-06;1,8;8,5;4,2;30,4;26,34;23,2;84;1,4;
2006-05-07;2,9;9,5;0;29,6;26,4;23,2;79,5;2,3;
2006-05-08;3,2;4,2;0;29,5;26,04;22,6;84,25;2,166667;
2006-05-09;2,3;6,8;,4;29,9;25,82;22,7;84,25;1,833333;
2006-05-10;2,4;3,3;33,8;29,4;24,76;22;84,5;1,633333;
2006-05-11;1,7;10,3;0;30,7;25,94;22;81,5;1,533333;
2006-05-12;3;10,2;0;30,5;26,52;22,2;83,25;1,733333;
2006-05-13;2,3;10;0;31,4;27,18;23,2;81;1,366667;
2006-05-14;2,4;6,7;31,2;31,6;26,7;25,1;86;,966667;
2006-05-15;1,8;8,9;26,2;30,4;26,56;22,7;82,75;1,866667;
2006-05-16;2,7;1,4;28,8;29,1;24,86;22,3;90;1,3;
2006-05-17;1,2;2,6;8,4;28,4;24,44;22,1;90,5;1,4;
2006-05-18;1,1;1,3;10,2;27,5;24,18;21,7;88,25;2,5;
2006-05-19;1,5;,1;2,1;27,5;23,82;22,2;95,25;1,833333;
2006-05-20;1,3;6,8;13,2;29;25,54;21,2;76,75;2,766667;
2006-05-21;3,1;8,1;0;29,8;26,34;23;80,25;3,066667;
2006-05-22;2,7;2,5;28,6;28,9;24,8;22,7;88,75;1,8;
2006-05-23;1,2;7,4;10;29,9;25,26;22;85,25;1,9;
2006-05-24;2,3;9,5;18,2;30,9;25,54;20,7;84,5;1,2;
2006-05-25;2,4;4,5;28,7;30,4;26,16;22,7;85;2,3;
2006-05-26;2,1;6,7;2,6;30,2;26,14;22,7;84,5;1,466667;
2006-05-27;2,4;1;10,8;28,9;24,36;22;94,75;1,7;
2006-05-28;4;6,5;17,6;29,9;25,86;23,7;90,25;,533333;
2006-05-29;2,1;8,4;1,6;29,5;25,72;22;87;1,633333;
2006-05-30;2;9,3;25,4;28,3;26,3;23,7;75,5;3,9;
2006-05-31;4,4;8;1;29,9;25,2;22,7;83,75;2,133333;
2006-06-01;3,3;10,1;0;30,1;25,1;20,3;78,25;1,4;
2006-06-02;3,1;3,1;0;28,4;24,16;20,7;89,5;1,533333;
2006-06-03;2,3;9,8;1;29,4;26,1;21,2;75;3,066667;
2006-06-04;3,4;,9;9,7;29,3;25,42;22;81,5;3,633333;
2006-06-05;3,1;5,6;1,7;28,9;25,26;22,7;85,75;1,933333;
2006-06-06;2,8;6,8;0;29,4;25,38;23;84;2,1;
2006-06-07;1,7;0;30,6;27,1;24,26;22,4;90,25;1,3;
2006-06-08;,5;1,3;46,2;27,4;24,8;21,9;84,25;2,366667;
2006-06-09;2;4,6;,8;27,9;25,56;22,6;80,5;2,366667;
2006-06-10;2,4;8,9;1,8;29,5;25,46;21,7;79;2,633333;
2006-06-11;3;,7;1,2;25,9;24,64;22,2;82,25;1,433333;
2006-06-12;1,5;5,7;62,3;29,5;25,52;21,3;82,25;2,066667;
2006-06-13;2;2,1;21;27,6;24,38;22,3;87,25;1,3;
2006-06-14;2,2;8;1,6;28,9;25,78;21,7;80;5,333333;
2006-06-15;3,7;4;3,2;27,9;24,14;21,4;88,5;2,666667;
2006-06-16;1,3;9,5;12,7;29,7;25,68;22,9;81,25;1,833333;
2006-06-17;2,6;6,4;0;28,9;25,3;21,9;88,75;1,466667;
2006-06-18;2,2;7,2;11,6;28,7;25,12;22,3;87,5;3,2;
2006-06-19;3,7;9,8;10,8;30,4;26,54;23,1;69;3,633333;
2006-06-20;5,6;6,3;,2;28,4;24,96;23,3;83,75;2,9;
2006-06-21;2,7;0;82,8;27,9;25,18;22;86,5;2,3;
2006-06-22;1,6;5,2;46,5;28,4;25,14;21;79;2,866667;
2006-06-23;2,4;4,3;11,6;27,9;24,18;21,7;85,75;1,733333;
2006-06-24;2,1;1,3;1,2;27,7;25,28;21,1;84,25;3,266667;
2006-06-25;2,6;5,3;9,6;28,4;24,7;21,7;85;2,2;
2006-06-26;2,1;1;6,6;28,3;24,58;22,7;87,75;,966667;
2006-06-27;,7;0;9;26,9;24,28;21,9;89,5;,266667;
2006-06-28;,6;2;40,4;28,3;24,7;22;86;1,566667;
2006-06-29;1,6;9,1;4;28,4;24,58;22,2;82,25;2,833333;
2006-06-30;2,9;8,4;4;28,9;25,22;21,7;81,5;2,733333;
2006-07-01;2,7;9,4;1;29,2;24,98;21,7;81,5;3,3;
2006-07-02;4,2;7,4;1,4;28,3;25,68;23,1;81;2,366667;
2006-07-03;4,1;9,4;0;29,3;25,1;22,7;78,5;3;
2006-07-04;3,2;9,6;,4;28,3;24,24;21;79,5;1,966667;
2006-07-05;3,7;4,5;,4;29,1;24,36;19,7;83,75;1,633333;
2006-07-06;1,6;4,2;14,8;28,2;25,26;21,9;76;2,633333;
2006-07-07;2,7;3,8;,6;28,4;24,2;20,5;90,5;1,766667;
2006-07-08;1;0;36;25;22,72;21,2;92,75;3,5;
2006-07-09;1,3;6,5;7,6;28,9;24,66;21,8;82,25;2,3;
2006-07-10;2,8;7,1;2,9;29,4;25,88;21;70,75;3,033333;
2006-07-11;1,9;1,5;11,7;29,3;25,66;22,3;87;1,966667;
2006-07-12;1,3;7,9;15,6;28,2;25,38;23,3;80,25;2,3;
2006-07-13;2,5;7,3;5,6;29,1;24,44;21,7;77,5;3,3;
2006-07-14;3,1;8,6;7,2;28,2;24,3;20,3;77,75;2,466667;
2006-07-15;2,4;7,6;1,4;29,4;24,1;20,7;82,5;1;
2006-07-16;1,4;8,4;4;28,5;24,52;20,7;87,5;1,766667;
2006-07-17;1,9;0;35,2;28,2;23,74;21,7;90,25;2;
2006-07-18;1,4;8;12;29,3;24,14;21,2;83,25;1,933333;
2006-07-19;2,8;8,7;,6;27,8;24,04;20,9;78,25;1,966667;
2006-07-20;2,2;10,3;0;27,5;23,34;19,7;81,75;2,166667;
2006-07-21;2,7;9,8;0;28,3;24;19,9;80,5;2;
2006-07-22;2,3;8,8;0;28,6;24,32;19,8;78,75;1,866667;
2006-07-23;2,8;1,7;4,6;27,4;24,6;20,7;80,25;2,566667;
2006-07-24;2,2;1,8;12,4;26,5;23,04;19,8;94,5;1,2;
2006-07-25;,8;1,5;1,6;28;23,8;21,2;88,75;2,566667;
2006-07-26;,9;,5;41,4;27,5;24,64;21,7;80;2,3;
2006-07-27;2,1;7,1;2,7;28,1;23,52;19,8;80;1,7;
2006-07-28;2,4;9,7;,2;28,3;24,26;21,3;83,75;1,633333;
2006-07-29;2,5;9,7;,2;30,4;24,66;20,5;83;1,033333;
2006-07-30;1,9;,1;0;29,6;25,3;20,5;83;1,633333;
2006-07-31;2,2;9,3;1;28,8;25,22;21,7;81,75;2,166667;
2006-08-01;3,2;8,6;1,4;28,5;24,4;22,2;79,5;2,6;
2006-08-02;2,8;9;,2;28,1;24,04;20,3;77,5;2,466667;
2006-08-03;2,8;3,1;,3;28,1;23,52;19,7;87;2,233333;
2006-08-04;1,3;0;13,7;26,4;23,04;21,1;84,5;1,966667;
2006-08-05;3,8;9,6;10;27,7;24,7;19,7;70;3,133333;
2006-08-06;4,8;7,7;0;28,5;24,44;22,2;76,75;2,966667;
2006-08-07;2,3;8,4;6,4;28,4;25,04;21,1;73,5;3,066667;
2006-08-08;4,2;5,8;0;28,5;24,2;19,7;84;3,533333;
2006-08-09;1,8;3,1;30,3;28,1;25,4;23,2;84,5;2,533333;
2006-08-10;2,2;7;4,8;28,4;25,34;22;79,5;3,433333;
2006-08-11;4;5,7;1,2;27,9;24,16;20,7;81,25;1,7;
2006-08-12;1,1;,2;7,6;26,9;23,68;21,1;89;2,133333;
2006-08-13;1,8;5,2;7,1;30,2;24,74;21,8;81,75;2,3;
2006-08-14;3,2;9;,6;28,9;24,12;20,7;78,25;1,966667;
2006-08-15;3,2;7,4;4,8;29,6;25,26;20,9;76;2,466667;
2006-08-16;2,9;0;37,2;25,9;24;22;90,5;1,966667;
2006-08-17;1,6;9,8;15,8;27,9;24,4;22,2;80,75;1,933333;
2006-08-18;3;2;7,4;27,7;24,22;21,4;83;2,133333;
2006-08-19;2,4;9,6;0;27,9;23,62;20,1;82,25;1,433333;
2006-08-20;3,1;9,7;0;30,1;25,12;19,9;80,5;1,866667;
2006-08-21;2,2;7,5;1,2;29,4;25,3;21,4;80,5;1,266667;
2006-08-22;2,6;9,4;0;29,4;25,66;22,6;77,5;2,233333;
2006-08-23;4,9;8,9;0;28,4;25,32;22,2;75,5;2,4;
2006-08-24;3,9;5;1,8;28,5;25,2;22,2;72,75;2,666667;
2006-08-25;4,5;3,5;0;27,4;25,26;22,6;71,5;3;
2006-08-26;6;10;0;29,8;24,96;22,4;72;2,2;
2006-08-27;4,7;9,5;,8;30,4;24,92;19,4;75,75;2,2;
2006-08-28;3,1;7,4;5,6;28,4;24,04;21,1;76,25;1,7;
2006-08-29;3,6;8,9;0;28,9;24,64;19,7;76,5;1,6;
2006-08-30;2,9;8,2;0;29,7;25,46;20,4;79,25;2,333333;
2006-08-31;2,6;0;27,6;25,7;22,92;21,6;93,25;1,233333;
2006-09-01;,4;4,6;39,4;27,5;24,04;21,1;80;1,9;
2006-09-02;2,6;8,1;,8;28,4;24,76;21,8;80;1,933333;
2006-09-03;2,5;5;,2;28,9;25,34;20,6;76,75;1,966667;
2006-09-04;2,8;8;0;29,4;25,82;21,4;73,25;2,066667;
2006-09-05;3,8;9;0;29,4;25,44;21,1;76,75;2,566667;
2006-09-06;2,9;9,3;0;28,9;25,48;21,1;72,75;2,4;
2006-09-07;4,3;7,2;2,8;28,4;25,24;21,1;70,25;3,466667;
2006-09-08;5,1;7,7;5;28,2;25,14;21,4;79,5;2,833333;
2006-09-09;3,2;6,2;4;27,9;24,58;22,2;86,75;1,966667;
2006-09-10;2,1;9;12;28,9;25,76;22,1;76;2,333333;
2006-09-11;3,9;3,8;,2;29;24,66;22,7;86,75;3,366667;
2006-09-12;4,1;10;8;28,9;24,74;22,4;72,5;2,633333;
2006-09-13;3,9;7,1;,8;28,4;23,8;19,8;79,25;2,166667;
2006-09-14;3,4;5,5;2,8;28,8;25,56;21,4;69,5;3,4;
2006-09-15;2,6;9,8;0;29,9;25,48;20,9;74,75;1,7;
2006-09-16;3,7;10,9;0;30,4;27,04;24,5;72,75;2,2;
2006-09-17;4,3;7,9;0;29;26,3;23,8;75,75;2,4;
2006-09-18;4,5;9,8;0;29;24,9;22,7;79;2,1;
2006-09-19;3,8;9,1;,2;28,9;26,12;22,6;71,5;2,7;
2006-09-20;4,2;8,6;,6;28,6;25,62;21,4;70,25;2,633333;
2006-09-21;4;9;,6;28,5;26,22;22,2;71,25;2,6;
2006-09-22;4,3;8;0;29,1;26,16;22,8;74,75;2,533333;
2006-09-23;3;9,8;0;30,5;26,14;21,3;70,75;2,5;
2006-09-24;3,7;7,9;0;29,4;25,62;21,1;70;2,233333;
2006-09-25;3,8;9,7;0;29,4;24,92;21,4;74,75;2,3;
2006-09-26;3,8;7,9;0;29,1;25,72;21,1;74,5;2,8;
2006-09-27;3,5;7;1,6;28,9;25,76;22,2;73;2,5;
2006-09-28;5;9,9;0;28,9;25,42;22,5;70,25;2,1;
2006-09-29;4,9;9,9;0;29,2;24,8;21,4;76;1,933333;
2006-09-30;3,6;9,8;0;30,9;26,38;21,4;71,25;2,933333;
2006-10-01;4;8,7;,4;29,4;26,2;24;76,75;2,966667;
2006-10-02;4,5;9,6;0;29,4;26,24;23,8;71,25;3,033333;
2006-10-03;4;9,8;0;29,4;25,4;20,5;71,25;2,666667;
2006-10-04;4,5;10,3;0;29,9;25,76;20,3;69,5;2,4;
2006-10-05;5;10,6;0;29,9;26,94;25;68,5;3,2;
2006-10-06;5;8,9;0;29,5;26,6;23,2;71;2,8;
2006-10-07;6;4,4;0;29,4;26,86;25;72,25;3,033333;
2006-10-08;5;9,3;0;29,5;26,56;24,6;71,75;2,8;
2006-10-09;5;9,5;1;28,8;26,52;23,8;70,75;2,866667;
2006-10-10;6,2;9,5;,4;29,7;27,1;24,2;69,5;3,733333;
2006-10-11;5,6;6,7;2;29;26,42;23,8;74;2,733333;
2006-10-12;4,4;9,4;,2;29,9;26,56;24,2;70,75;3,133333;
2006-10-13;5,9;9,1;0;29,8;26,3;21,8;68;1,9;
2006-10-14;2,1;7,8;0;29,1;26,16;21,1;69,25;3,033333;
2006-10-15;4,2;6,7;0;31;26,36;21,1;76,25;2,466667;
2006-10-16;5,4;10,9;0;30,4;26,7;22,6;68,75;2,266667;
2006-10-17;5,3;8,6;,4;30,9;26,98;23,8;71,75;2,733333;
2006-10-18;4;9,3;0;31,4;27,26;22,8;70;2,833333;
2006-10-19;4,5;10,3;0;31,5;27,28;23,2;68;3,633333;
2006-10-20;3,8;10;0;31,4;26,52;20,7;67,75;2,633333;
2006-10-21;5;9,2;0;31,5;26,96;22,2;68,75;1,933333;
2006-10-22;7,9;10,2;0;32;27,28;22,6;67,5;2,3;
2006-10-23;4,8;10,1;0;30,9;27;21,8;66,25;2,433333;
2006-10-24;5,3;9,9;,6;30,9;26,96;23,4;70,25;2,066667;
2006-10-25;4,7;7,5;2;30,5;26,5;22,8;72,75;1,933333;
2006-10-26;4,7;9,9;,3;30,9;26,82;22,6;69,75;2,8;
2006-10-27;6,6;9,7;0;30,9;26,64;22,2;67,75;2,033333;
2006-10-28;4;10,2;0;30,9;26,6;20,3;67;2,733333;
2006-10-29;4,6;8,7;0;30,9;26,74;21,1;64,25;2,4;
2006-10-30;4,3;9,8;0;30,9;27,24;23,2;66;3,5;
2006-10-31;5,6;10,2;1,4;30,1;26,72;24,4;71,25;2,8;
2006-11-01;4,9;10,7;,2;30,9;26,58;20,7;68,25;2,733333;
2006-11-02;4,8;8,5;3,2;29,9;26,88;24,4;75,25;2,666667;
2006-11-03;6,7;9;,3;29,9;26,42;24;66,25;3,766667;
2006-11-04;5,9;9,9;0;30,3;null;25;null;2;
2006-11-05;5,9;10,5;0;31;27,18;22,6;68,25;3,366667;
2006-11-06;5,5;10,5;0;31,4;27,54;23,7;69,25;3,3;
2006-11-07;3,9;10,1;0;31,8;27,28;22,4;69,25;3,266667;
2006-11-08;3,8;9,8;0;31,9;27,62;23,8;70;2,633333;
2006-11-09;3,8;10,6;0;31,9;27,38;22,2;67,5;2,9;
2006-11-10;4;10,3;0;31,9;27,3;22,4;67,75;3,133333;
2006-11-11;3,9;9,8;0;32,2;27,24;21,1;66;3,866667;
2006-11-12;4,6;10,3;0;31,9;27,24;22,3;67,75;3,1;
2006-11-13;4,5;10,2;0;31,7;27,6;23,3;68,25;3,033333;
2006-11-14;5,3;10,9;0;31,5;27,52;24;68,5;2,733333;
2006-11-15;5,6;7,2;2,2;30,4;26,36;23,4;79;2,4;
2006-11-16;2,4;8,5;38;30,2;26,68;22,8;73;4;
2006-11-17;4,5;10;4;29,7;26,52;22,2;73,5;2,866667;
2006-11-18;3,7;9,4;2,4;31,4;27,32;22;72,25;2,98592;
2006-11-19;3,1;0;22,8;29,5;26,66;22,4;82,25;1,7;
2006-11-20;4,2;5,6;1;30,5;26,98;23,2;75;3,3;
2006-11-21;4,4;9,7;0;30,9;27,56;24,4;69,5;2,8;
2006-11-22;4;8,2;0;30,6;26,94;22,1;67,75;2,666667;
2006-11-23;4,2;10,7;0;30,4;27,02;23;71,5;3,466667;
2006-11-24;3,8;10;0;29,9;27,24;25,2;71,25;2,033333;
2006-11-25;5,4;10,1;0;30,1;26,76;22,8;74,75;1,9;
2006-11-26;3,6;9,3;10,6;29,9;26,6;22,8;70,5;2,633333;
2006-11-27;4,5;7,7;0;29,9;26,36;21,5;73;2,333333;
2006-11-28;3,9;8,8;0;30,4;27,1;23,2;72,5;2,766667;
2006-11-29;5,2;10,1;0;30,9;27,56;24,8;71,75;3,1;
2006-11-30;3,7;8,3;0;30,4;26,72;22,6;70,25;2,733333;
2006-12-01;3,5;8,2;0;31,4;26,8;21,1;69,5;3,533333;
2006-12-02;3,3;7,7;0;29,9;null;23;null;3;
2006-12-03;4,3;null;0;29,9;27,06;24,6;70,75;2,9;
2006-12-04;4,5;7,2;1,2;30,6;25,14;21,9;75,5;1,666667;
2006-12-05;2,7;8,9;2;30,5;26,72;22;71;2,633333;
2006-12-06;5,2;10,4;0;30,9;25,68;21,1;74,5;2,3;
2006-12-07;3,8;10,1;0;31,6;26,94;21,4;77,75;2,433333;
2006-12-08;3,8;9,6;0;31,9;28,2;25,2;70,25;2,4;
2006-12-09;3,2;9,4;0;32,3;27,54;22,2;71;2,366667;
2006-12-10;3,5;9,3;0;31,9;27,48;22;70,5;1,9;
2006-12-11;2,5;9,9;0;31,9;27,56;22,4;71,5;3,2;
2006-12-12;5;9,4;0;31,4;27,66;22,9;69,25;2,7;
2006-12-13;5,6;5,9;0;31,1;28,02;25,2;70;3,066667;
2006-12-14;5,7;5,8;0;30,4;27,26;25;70,75;3,133333;
2006-12-15;5,7;10,8;0;30,4;27,04;22,6;76;2,4;
2006-12-16;4,8;10,9;1,2;31,9;27,74;23,4;71;3,2;
2006-12-17;4,9;9,5;,2;30,4;27,58;23,8;71,5;3,033333;
2006-12-18;4,3;9,4;0;31,4;27,94;24,6;70,25;2,466667;
2006-12-19;3,6;0;15;29,5;24,88;22,2;96,5;,366667;
2006-12-20;,5;null;78;30,4;26,86;21,9;76;2,466667;
2006-12-21;4,4;10,7;0;31;27,5;24,9;71;3,033333;
2006-12-22;5,2;10,9;0;30,6;27,36;24,4;68;2,233333;
2006-12-23;3,8;9,6;0;30,9;26,56;22;74;2,233333;
2006-12-24;3,5;10;0;30,9;26,76;22;68;2,1;
2006-12-25;3,2;8,5;0;31,1;26,78;21,8;73;1,533333;
2006-12-26;3,9;9,4;0;31,4;26,98;22;70,75;2,133333;
2006-12-27;3,2;10,7;0;32,1;27,68;22,1;69,25;2,466667;
2006-12-28;3,5;1,6;5,8;29,4;26,52;22,8;82,25;1,9;
2006-12-29;2,2;3,6;,2;29,4;26,02;22,2;80;2,3;
2006-12-30;1,7;6,3;2,8;29,9;26,58;22,3;73,75;2,333333;
2006-12-31;2,9;4,2;0;30,3;26,7;22,2;73,75;2,066667;
2007-01-01;3,4;11,3;,4;30,8;27,02;23,2;68,75;2,762213;
2007-01-02;2,7;2,2;14;28,9;25,44;23,4;93;1,566667;
2007-01-03;1,4;9,4;14,5;30,3;25,82;22,4;84,5;2,1;
2007-01-04;3,6;7,5;25,8;30;26,36;21,1;77,5;2,833333;
2007-01-05;2,6;7,5;6;30,1;26,16;23,2;85,5;2,2;
2007-01-06;2,6;4,3;10,8;29,9;26,96;23,6;77,5;2,566667;
2007-01-07;3,3;9,8;3;29,9;26,72;21,6;73,25;1,633333;
2007-01-08;3,9;4,8;,4;29,4;26,28;24;80;1,866667;
2007-01-09;3,4;5,7;,4;30,8;26,58;23,2;85;1,533333;
2007-01-10;1,5;4,5;5,6;30,4;27,26;24;73;2,1;
2007-01-11;3;9,8;0;30,9;27,84;23,8;72,25;2,5;
2007-01-12;3,5;5,9;,8;29,9;27,52;25,2;76;1,833333;
2007-01-13;2,5;8,5;,2;30,9;27,16;24,2;75;2,633333;
2007-01-14;2,1;8,6;,2;31,3;27,02;22;76,75;1,466667;
2007-01-15;3,2;8,4;,2;31;26,98;21,1;75,25;1,833333;
2007-01-16;3,4;9,2;0;30,5;27,76;24,8;76,25;2,7;
2007-01-17;5,3;9,8;0;30,9;28,04;25,2;72,75;2,666667;
2007-01-18;5,7;10,1;,6;30,9;27,28;24,2;71;2,466667;
2007-01-19;4,5;10,1;0;31;27,42;22,4;75,5;3,066667;
2007-01-20;4,3;10,1;0;31,9;28,02;25,2;73,25;2,5;
2007-01-21;4,5;10,9;0;31,4;27,8;25,2;70,75;1,733333;
2007-01-22;3,8;10,6;0;31,5;27,2;22,6;67;1,5;
2007-01-23;3,8;8,1;0;31,4;26,86;21,1;69,25;1,866667;
2007-01-24;4,4;6,6;0;31;26,72;21,8;70;1,433333;
2007-01-25;3,5;8,8;0;31,2;27,42;22,8;77;2,381107;
2007-01-26;3,1;10,6;0;31,8;28,2;25,2;73,5;3;
2007-01-27;4,6;9,9;,6;31,6;27,4;22,1;71,25;1,733333;
2007-01-28;4,1;8,5;0;31,5;27,02;21,1;69;2,2;
2007-01-29;3,9;5;0;31,4;27,34;21,6;72,25;2,133333;
2007-01-30;3,2;10,1;0;32,4;27,76;22,2;70,25;2,733333;
2007-01-31;4,2;10,1;0;32;27,32;22,2;72,25;1,4;
2007-02-01;3,3;7,4;0;32,1;27,54;22,4;73;2,066667;
2007-02-02;4,7;7,7;0;32,2;28,24;24,8;72;2,733333;
2007-02-03;3,6;8,7;0;32,3;28,22;23,8;72;1,733333;
2007-02-04;3,4;8,9;0;31,9;28,36;23,2;71;2,333333;
2007-02-05;3,9;8,7;0;31,9;28,7;25,7;71,5;3,266667;
2007-02-06;4;9,3;,4;31,8;27,9;23,6;70,75;2,5;
2007-02-07;4,3;10,4;0;31,9;27,54;22,2;68;3,3;
2007-02-08;3,9;8,5;0;32,3;27,98;22,6;71,25;3,033333;
2007-02-09;4,6;9,8;,7;31,8;27,92;25,2;71;2,8;
2007-02-10;3,9;7;,4;32,3;27,82;22,6;70,5;3,566667;
2007-02-11;2,5;10,2;0;31,9;27,34;20,7;66;2,633333;
2007-02-12;3,5;10,6;0;33,3;28,24;22,2;68;1,866667;
2007-02-13;3,3;5,1;0;34,3;28,98;24,4;72;2,633333;
2007-02-14;2,3;1,5;22,2;30,3;25,8;22,5;84,25;,9;
2007-02-15;1,1;8;2,8;31,9;27,8;22,8;74;1,8;
2007-02-16;2,8;8,4;0;31,9;28,02;23,3;72,5;1,766667;
2007-02-17;3,1;10,3;2,6;32,4;28,2;24,8;67,25;2,466667;
2007-02-18;3,3;5,9;0;32,6;27,64;22,4;72;1,433333;
2007-02-19;2,3;6,1;22,2;31,9;27,22;23,2;79,25;2,233333;
2007-02-20;1,8;4,5;1,2;32,3;27,2;23,8;79;2;
2007-02-21;1,5;4,3;5,4;30,2;25,78;22,1;87,5;1,1;
2007-02-22;1,3;2,4;97,7;30,2;25,52;22,2;90,25;1,9;
2007-02-23;1,1;2,7;28,8;30,9;26,08;24;79,75;,9;
2007-02-24;1,3;2,7;5,7;28,4;25,38;23,2;84,5;1,366667;
2007-02-25;,8;8,8;2,2;31,2;27;22,4;83,25;2,466667;
2007-02-26;2,5;9;6,4;31,2;27,56;22,8;72,75;3,133333;
2007-02-27;3,3;9,3;0;30,9;27,32;24;78,75;2,533333;
2007-02-28;1,7;0;28;29,1;24,9;23,2;94;,666667;
2007-03-01;1,7;8,1;15,6;30,2;26,56;23,4;80,5;2,133333;
2007-03-02;3,2;8;1;30,5;27,28;24,2;77,75;2,433333;
2007-03-03;3,4;8,9;12,8;30,5;26,66;22,6;77,25;2,433333;
2007-03-04;2,2;9,6;1,6;30,2;26,54;22,2;71,25;1,733333;
2007-03-05;3,3;10,5;0;30,5;26,8;22,6;78,25;2,3;
2007-03-06;2;9,1;5,6;30,5;27,2;23,2;73,5;2,533333;
2007-03-07;2,4;10;6,2;31;26,96;22,9;70;2,733333;
2007-03-08;2,8;5,6;0;30,1;26,32;23;79,5;1,933333;
2007-03-09;2;,7;1,6;27,9;24,26;21,8;90,5;,7;
2007-03-10;2,2;7,8;11,6;30,1;25,88;21,1;80,75;2,033333;
2007-03-11;2,9;9;0;31,3;27,6;23,2;77,5;2,4;
2007-03-12;3,5;7,1;0;30,7;27,36;22,8;72,5;3,3;
2007-03-13;3,3;7,8;1;30,1;27,54;24,2;74,75;2,966667;
2007-03-14;4;8,9;0;30,6;27,74;24,8;77;2,7;
2007-03-15;3,6;8,8;1,6;30,5;27,76;25,5;74,25;2,633333;
2007-03-16;2,9;0;4,2;28,4;25,18;22,7;93,5;,966667;
2007-03-17;,2;4,5;49,1;30,3;26,52;24;84,75;1;
2007-03-18;1,9;4,6;0;30,4;26,64;23,4;78,5;1,366667;
2007-03-19;1,8;7,4;,4;30,6;27,38;24;81,5;1,733333;
2007-03-20;2,1;9,3;3,8;30,9;27,4;23,2;72,5;2,666667;
2007-03-21;2;9,9;0;28,9;27;22,6;73,5;1,533333;
2007-03-22;4;9,9;2;29,9;26,7;23,2;80,25;1,619253;
2007-03-23;2,2;5,6;0;30,6;26,14;22,8;81;1,8;
2007-03-24;2,2;8,4;4;32,1;27,26;22,4;75;1,966667;
2007-03-25;4,5;3;12,2;31,2;26;23,2;92,25;2,233333;
2007-03-26;1;8,6;3,4;30,4;27,18;23;73,75;2,6;
2007-03-27;5;2,6;0;29,5;27,24;24,4;76,5;2,4;
2007-03-28;3;6,9;1;30,5;27,34;23,8;74,25;2,333333;
2007-03-29;5,4;10,3;0;31,4;27,5;24,2;76,5;2,4;
2007-03-30;3,7;9;0;31,4;27,74;23,3;71,75;3;
2007-03-31;4,3;8,6;0;31,4;27,26;23,2;76;2,233333;
2007-04-01;3;9;0;31,4;27,62;23,8;74;2,4;
2007-04-02;3,5;9,7;0;30,9;27,26;23,6;74,75;2,833333;
2007-04-03;3,4;9,1;1,6;31;27,08;22,4;74,5;2,733333;
2007-04-04;3,9;9,8;0;30,9;25,38;22,3;76;1,766667;
2007-04-05;3,8;10,1;0;30,9;26,18;22,6;75,75;1,433333;
2007-04-06;3,4;9,5;0;31,2;26,76;20,6;71;2,466667;
2007-04-07;3,8;8,7;0;31,3;26,36;22,2;72;1,8;
2007-04-08;4;10;0;32,4;25,96;21,8;78;1,533333;
2007-04-09;2,8;8,7;0;33,1;27,74;21,1;73,75;1,233333;
2007-04-10;3,4;9,5;1;32,2;28,58;24,2;71;2,7;
2007-04-11;4,1;10,2;2,6;31,4;26,7;23,7;76;2,133333;
2007-04-12;3,3;8,8;0;31,2;25,62;21,4;82,75;1,8;
2007-04-13;2,1;7,2;24,6;29,9;26,28;23;81,5;2,433333;
2007-04-14;2,9;5,9;4;29,5;26,12;22,7;79,25;1,7;
2007-04-15;2,8;8,5;1,2;30,6;26,6;21,8;76,5;2,1;
2007-04-16;3;9,6;0;30,4;26,58;23,8;77,75;1,9;
2007-04-17;3;6,4;0;30,4;26,62;22,6;80,75;1,466667;
2007-04-18;1,8;0;13,6;28,2;25,7;23,6;91,75;,666667;
2007-04-19;,5;5,3;22,5;29,4;25,62;23;93;,533333;
2007-04-20;1;0;118;26,9;24,92;22,6;92;1,5;
2007-04-21;,7;7,7;68;28,9;26,04;23;82;1,766667;
2007-04-22;2,3;9,9;1,6;29,9;26,56;23,2;82,75;2,3;
2007-04-23;2,5;5;1,2;29,5;25,96;23;85,25;,666667;
2007-04-24;1,5;3,2;34,2;29,7;25,58;21,6;88,25;1,733333;
2007-04-25;1;4,8;4;28,9;26,16;24;83;1,7;
2007-04-26;1,8;8,7;4;29,9;26,24;22,8;81,5;1,2;
2007-04-27;4,3;6,2;2,6;30,2;26,28;22,4;83,5;1,9;
2007-04-28;1,4;5,5;,6;30,9;26,48;22,6;86,25;,666667;
2007-04-29;1,7;5,4;8,2;30,6;26,06;22,6;84,75;1,533333;
2007-04-30;3,4;0;33,8;27,8;24,92;22;84,75;,966667;
2007-05-01;1,2;0;54,4;29,7;25,12;23;92,5;1,266667;
2007-05-02;,9;9,6;6,6;29,4;25,08;22;84,75;1,533333;
2007-05-03;2,2;5,5;0;30,1;26;21,4;80,75;1,833333;
2007-05-04;2;1,8;2,9;28,9;24,92;22,8;90;1,8;
2007-05-05;2,1;,6;7,4;28,9;25,28;22,4;93;1,633333;
2007-05-06;1;8,3;26,4;30,2;26,2;23,4;88;2,466667;
2007-05-07;1,3;3;8,2;28,5;25,12;23;88,25;1,433333;
2007-05-08;1,5;9;13,8;29,5;25,12;22,6;87,75;1,433333;
2007-05-09;4;9,7;,3;30,3;25,84;23,2;82,25;1,666667;
2007-05-10;3,2;9,9;,7;30,4;26,22;23,2;81;1,533333;
2007-05-11;2,8;8,8;0;30,6;26,78;22,8;73;2,233333;
2007-05-12;4;9,9;0;30,4;25,46;22,6;83,75;1,366667;
2007-05-13;2;10,3;0;30,6;25,26;20,3;80,75;1,466667;
2007-05-14;4,2;9,9;0;29,7;25,92;23;82,25;1,133333;
2007-05-15;2,8;10,2;2,9;31,9;26,48;23,4;81;1,333333;
2007-05-16;2,4;8,8;1,7;29,9;26,04;23;84,25;1,5;
2007-05-17;3,2;6,7;8;29,9;25,8;22,4;80;1,8;
2007-05-18;2;7,7;,4;29,9;25,64;22,4;85,75;1,633333;
2007-05-19;2,1;5,6;9,6;30,4;25,7;22,6;82,25;2,433333;
2007-05-20;2,3;9,8;0;29,4;26,52;23,6;73,25;2,533333;
2007-05-21;3;2,4;0;28,9;24,82;23,2;84,5;1,766667;
2007-05-22;1;6,6;6;29,1;25,24;22,2;88,5;1,566667;
2007-05-23;1,4;0;25,2;26,9;24,8;23;93,5;,766667;
2007-05-24;0;3,6;8,2;30;25,22;23,2;85,75;,6;
2007-05-25;2,1;9,5;0;30,4;25,08;20,9;83;,833333;
2007-05-26;1,9;1;16;28,9;24,38;22;89;1,366667;
2007-05-27;,7;6,9;8,3;29,4;24,8;21,1;88,5;,766667;
2007-05-28;1,5;9,8;0;29,4;25,3;21,6;82,5;1,4;
2007-05-29;2;10;0;29,9;26,18;22,8;81,5;1,933333;
2007-05-30;2,2;9,4;0;30,3;26,56;22,4;71,25;1,7;
2007-05-31;2,1;,8;1,2;28,4;26,04;22,2;77;2,333333;
2007-06-01;2,9;4,3;6;29,4;26,14;22,2;85;1,366667;
2007-06-02;1,8;2,5;42,6;29,1;25,54;22,2;84;1,966667;
2007-06-03;,8;2,9;3,8;29,1;25,2;22,8;86,75;1,066667;
2007-06-04;2;4,6;0;29,4;25,94;23,2;84,5;,766667;
2007-06-05;1,4;2;0;27,1;24,7;22,1;87,75;,866667;
2007-06-06;1,4;8;18,8;28,4;23,96;20,9;79;2,2;
2007-06-07;2,6;9,3;1;29,7;24,86;20,1;82,5;1,866667;
2007-06-08;2,2;3;2,1;28,4;24,04;21,9;88,75;1,7;
2007-06-09;,8;2,1;21;28;24,28;20,4;88,5;1,9;
2007-06-10;1,1;8,5;10,6;28,9;24,58;22,2;84,5;2,466667;
2007-06-11;3,3;1,4;4;27,9;24,38;20,7;92;,866667;
2007-06-12;,3;0;75,8;26,4;24,82;22,2;81,75;1,266667;
2007-06-13;1,5;1,9;14,8;27,4;24;21,1;84,75;1,366667;
2007-06-14;3,4;7,6;0;28,4;24,18;22,4;85;1,166667;
2007-06-15;2,1;5,4;,6;27,9;24,28;21;84,5;1,433333;
2007-06-16;1,1;9,2;6,6;29,4;25,1;19,2;85;1,4;
2007-06-17;,8;1,6;7,3;28,9;26,3;23,9;78,5;2,466667;
2007-06-18;2;,8;0;27,9;25,64;23,2;80,75;2,666667;
2007-06-19;2,2;6,9;2,8;28,9;25,4;22,2;76,5;1,9;
2007-06-20;2,2;8,5;2,2;28,9;25,98;22,7;76,75;1,9;
2007-06-21;3;3,4;9,2;27,9;25,44;22,2;76,25;1,966667;
2007-06-22;2,6;1,3;3,4;27,9;24,7;21,1;82;1,366667;
2007-06-23;2;3,4;26;29;25,12;21,6;82,25;1,966667;
2007-06-24;2,2;7,9;2,2;28,1;24,24;21,6;81,5;1,8;
2007-06-25;2,1;3,2;0;28,4;24,38;20;88,75;,966667;
2007-06-26;3,3;1,2;71,2;27,4;23,78;22,2;92,75;,533333;
2007-06-27;,5;2,1;25;27,7;24,18;22;91,75;1,033333;
2007-06-28;1,1;2,5;27,8;28,1;24,64;null;84,75;2,133333;
2007-06-29;2,1;6;,9;28,4;24,04;20,7;86,5;1,6;
2007-06-30;1,3;8,3;5,1;28,4;24,4;21,6;83,25;1,7;
2007-07-01;1,7;,8;0;27,4;24,04;21,8;85,5;1,6;
2007-07-02;,8;7,4;13,7;28,3;24,6;22,4;85,25;2,166667;
2007-07-03;2,7;9,9;1,3;28,7;24,62;21,1;79,5;1,933333;
2007-07-04;2,1;8;,4;27,9;24,76;19,1;75,75;3,1;
2007-07-05;2,1;6,3;4;27,9;24,18;21,8;84,25;1,7;
2007-07-06;1,8;6,7;8;27,9;24,66;20,5;77,75;1,466667;
2007-07-07;3,3;0;3;27,4;23,62;20,2;96,5;2,233333;
2007-07-08;3,8;8,6;93,2;27,7;23,66;21,4;85,25;2,2;
2007-07-09;2;8,6;1;28,9;24,02;20,1;89,75;1,633333;
2007-07-10;2,3;4,7;26,6;27,4;25,34;22,6;79,5;2,466667;
2007-07-11;2,5;9,8;6,4;28,4;23,62;20,7;72,75;1,633333;
2007-07-12;3;4,9;1,2;28,4;24,24;21,1;85,75;1,9;
2007-07-13;1,8;5,9;1,6;28,9;24,74;22,4;87,75;1,933333;
2007-07-14;2,6;0;24,7;26,4;23,46;21,1;88,5;,833333;
2007-07-15;1,6;,9;2,2;26,4;23,54;22,2;91,5;1,366667;
2007-07-16;,3;9,5;5,6;28,4;24,3;21,1;81,5;1,4;
2007-07-17;2;9,4;9;29,5;24,4;20,9;82,25;1,366667;
2007-07-18;2,7;2,4;0;27,4;23,96;20,5;75,25;1,3;
2007-07-19;1,2;9,5;0;28,9;22,34;18,4;79,75;2,1;
2007-07-20;2,2;4,2;0;28,4;22,6;18,1;84,25;,333333;
2007-07-21;1,6;7,1;0;28,4;23,48;19,1;82,75;2,2;
2007-07-22;1,5;,8;62,8;28,5;23,96;22,2;88,75;2,166667;
2007-07-23;1;8,4;9,6;29;24,26;20,6;83;1,633333;
2007-07-24;1,6;7,5;16,6;29,4;23,96;20,7;82,5;1,166667;
2007-07-25;1,8;9,1;,4;29,4;24,78;20,3;83;1,6;
2007-07-26;2;2,2;14,7;29,4;24,74;21,8;85,25;1,4;
2007-07-27;2,1;9,5;12;29,4;24,98;22,6;75,25;1,566667;
2007-07-28;1,5;6,2;,2;28,9;23,72;21,1;87,5;1,666667;
2007-07-29;1,3;4;3,8;29,2;24,02;21,7;86;1,6;
2007-07-30;1,6;10,2;3,8;27,4;23,8;21,9;84;1,666667;
2007-07-31;2,8;9,2;5,2;27,4;23,28;21,1;85,75;2,133333;
2007-08-01;1;5,7;6,4;27,4;23,68;21,7;88,75;2,1;
2007-08-02;3,1;7,7;6,8;28,4;25,38;23,2;79;2,533333;
2007-08-03;2,9;9,4;,4;27,9;25,46;22,1;76,75;2,366667;
2007-08-04;3,4;7;5,2;27,4;25,18;22,8;81,75;2,2;
2007-08-05;2,4;3,7;3,8;27,9;23,84;22,4;89,75;2,466667;
2007-08-06;,2;,8;62,6;28,1;24,68;22,4;79,25;2,7;
2007-08-07;2,1;6;1,1;27,4;23,6;20,1;81,75;2,433333;
2007-08-08;2,7;5,6;,8;27,9;25,28;22,6;75,5;2,233333;
2007-08-09;2,4;7,3;3,2;27,9;24;22;84;1,666667;
2007-08-10;1,7;8,1;1;28,4;24,36;21,3;85,75;2,1;
2007-08-11;3,7;10;4,1;27,9;25,16;23,4;77,25;3,333333;
2007-08-12;4,5;9,4;2,2;27,9;25,04;23,2;75,5;2,566667;
2007-08-13;3,6;6,6;8,6;27,1;23,38;22,1;89,75;1;
2007-08-14;,8;4,9;38,4;27,4;24,76;22,8;73,25;4,233333;
2007-08-15;3,8;2;1,5;26,4;23,42;22;87,25;3,166667;
2007-08-16;1,4;5,1;16,7;27,4;23,36;21,1;87,25;,833333;
2007-08-17;2,8;4,6;10,8;26,9;22,88;21,4;90,5;1,666667;
2007-08-18;1,9;7,8;1,4;26,1;24,48;21,6;71,25;2,1;
2007-08-19;4;3,7;7,9;26,9;23,3;21,1;89;1,6;
2007-08-20;1,4;5,8;2,2;29,8;24,62;22,4;90,75;1,933333;
2007-08-21;2,8;4;23;26,9;23,88;22,2;84;1,966667;
2007-08-22;1,8;6,7;1,2;27,4;24,28;21,1;78;2,066667;
2007-08-23;2,6;8,9;1;27,9;24,06;20,3;80,75;1,833333;
2007-08-24;4;9,1;1;28,2;24,68;22,1;83,5;1,566667;
2007-08-25;2,6;6,4;,6;28,4;25,4;22,3;80,25;1,866667;
2007-08-26;2,2;5,6;0;27,9;24,56;22,8;84,5;1,8;
2007-08-27;2;9;0;28;24,72;20,1;74;2,666667;
2007-08-28;3,4;9,3;0;28,3;24,1;18,1;67,25;1,866667;
2007-08-29;4,5;5,4;0;28,9;23,84;18,1;78,5;1,833333;
2007-08-30;2,5;4,2;11,8;27,8;24,6;21,1;78,5;3,266667;
2007-08-31;3,4;6,6;0;27,6;24,4;20,3;73,75;3,033333;
2007-09-01;4,6;8,6;,2;27,5;24,58;20,1;78,75;2,1;
2007-09-02;2;8,1;0;26,9;25,04;23,2;71,5;1,8;
2007-09-03;4;8;0;27,2;23,72;20,1;82,25;2,666667;
2007-09-04;3,5;5,6;7,8;27,1;23,98;20,6;89,25;4,3;
2007-09-05;1,5;0;33,4;27,1;23,8;22,2;92;1,933333;
2007-09-06;2,4;8,9;25,1;27,2;24,24;21,1;80;1,866667;
2007-09-07;2,4;5,4;13;27,1;24,08;20,6;79,25;2,033333;
2007-09-08;2,2;3,3;1;25,7;22,46;19,3;86,75;1,333333;
2007-09-09;1,4;3,4;6,8;27,1;23,78;19,1;94;1,2;
2007-09-10;3,8;7,5;4,2;27,4;24,58;22,2;80,25;1,4;
2007-09-11;3;6,3;,9;27,7;24,4;21,9;80,75;3,7;
2007-09-12;3,8;2,7;,8;27,2;24,98;22,2;82,5;2,766667;
2007-09-13;4,9;10,2;,6;28,2;25,3;23,2;77,5;2,333333;
2007-09-14;3,6;1,2;16,4;26,8;23,48;21,1;90,75;1,4;
2007-09-15;1,2;9,7;4,7;27,6;24,62;22,4;80,75;2,533333;
2007-09-16;2,6;5,2;6;27,6;24,58;22,4;85,75;1,9;
2007-09-17;2,2;7,7;4,4;28,2;24,94;21,6;84;1,533333;
2007-09-18;2;8,8;0;27,8;24,32;20,5;82;2,533333;
2007-09-19;1,8;7,5;,4;28,2;25,18;21,6;76,25;3,433333;
2007-09-20;4,3;9,9;0;28;25,06;21,8;78,5;2,1;
2007-09-21;5,2;8,2;0;28;25,54;23,2;72,75;2,233333;
2007-09-22;5,2;8,7;0;28,4;25,44;22,9;72,5;1,733333;
2007-09-23;3,4;4,6;0;28;25,22;22;72,25;2,7;
2007-09-24;4,1;6,4;0;28,8;25,76;23,3;76,75;2,5;
2007-09-25;3,4;9,3;0;28,6;24,86;20,4;76,25;2,533333;
2007-09-26;4,2;7,8;0;28,6;24,98;20,4;75;2,233333;
2007-09-27;4;9,4;,2;28,6;26,06;24;68,75;3,833333;
2007-09-28;5,2;6,4;,2;28,4;25,6;22,5;72,5;3,166667;
2007-09-29;5,4;9,6;1;28,2;25,18;22;69,5;2,866667;
2007-09-30;4,6;8,8;0;28,3;24,96;21,7;75;3,1;
2007-10-01;5,6;6,1;0;27,4;24,38;21,8;79,25;2,5;
2007-10-02;4,2;1;1;28,8;25,14;20,8;79,25;2,833333;
2007-10-03;4;7,9;,2;28,8;25,8;23,3;79;2,633333;
2007-10-04;4,5;9,1;1,5;28,4;25,72;22,5;70,75;3,533333;
2007-10-05;4,9;9,3;0;28,8;25,88;23,7;73,5;2,233333;
2007-10-06;5,2;8,9;0;28;25,68;23,1;72,75;2,8;
2007-10-07;3,8;9,1;,8;28,4;25,44;22,3;76,25;2,9;
2007-10-08;4,2;4;1,8;27,8;24,14;21,3;79;3,533333;
2007-10-09;3,7;1,5;3;27;23,78;21,3;86,75;1,433333;
2007-10-10;1,3;10,5;9,8;29,2;25,3;21,4;78,25;2,9;
2007-10-11;3,8;7,8;,6;28,4;25,26;21,8;74,5;2,9;
2007-10-12;3,2;2,9;,7;28,3;25,14;21;74,5;2,266667;
2007-10-13;3,6;5,5;,7;28,4;25,5;22,8;72;3,3;
2007-10-14;4,9;8,7;0;28,6;25,58;21,6;70,25;2,966667;
2007-10-15;4,8;9,1;,8;28,8;25,08;22,3;74,75;2,8;
2007-10-16;3,9;6,5;1,8;28,6;24,86;20;72,25;2,666667;
2007-10-17;3,4;10,3;0;28,8;24,74;18;69,25;2,3;
2007-10-18;4,3;10,6;0;30,2;26,12;21,3;70;2,233333;
2007-10-19;3,6;9,5;0;29,8;26,34;23;72;2,333333;
2007-10-20;3,9;9,1;0;30;26,24;23,1;75,5;2,166667;
2007-10-21;3;7,9;,6;30;26,36;22;75;3,266667;
2007-10-22;3,9;4,6;0;29,8;26,5;24;73,5;2,3;
2007-10-23;3,6;4,6;0;28,6;26,16;23,3;75,75;2,666667;
2007-10-24;4,6;7,8;0;29;26,22;23,1;71,25;3,7;
2007-10-25;5,3;8,4;0;29,4;26,08;23,1;70,75;3,666667;
2007-10-26;5,2;8,9;,2;29,2;25,9;23;71;3,2;
2007-10-27;4,1;10,7;0;30,6;26,16;21;70;2,7;
2007-10-28;4,8;9,2;0;29,5;26,42;23,1;73,75;2,4;
2007-10-29;3;9,1;0;29,8;26,2;22,1;69;2,833333;
2007-10-30;3,6;7,4;,5;29,6;26,16;23,1;72,5;2,9;
2007-10-31;4,8;5,8;1,6;29,4;26,38;23,6;73,75;3,266667;
2007-11-01;4,5;9,2;0;29;26,6;24;72;2,833333;
2007-11-02;5,1;10;0;30,7;27,08;23;69,25;2,9;
2007-11-03;3,8;10,5;0;29,9;26,38;21,8;67,25;2,166667;
2007-11-04;4;9,3;0;30,2;26,32;21,1;70,25;3,433333;
2007-11-05;4,8;9,4;0;30;26,58;23,2;72,75;2,333333;
2007-11-06;5,8;6,5;1,6;30,2;26,26;23,2;69,5;2,833333;
2007-11-07;3,6;4;1,8;30,6;26,14;null;80,75;2,233333;
2007-11-08;1,6;8,2;2,4;30,2;26,7;24;71,25;2,9;
2007-11-09;4,5;9;0;29,8;25,94;23,6;67;2,7;
2007-11-10;2,1;10,3;0;30;25,8;21,1;68,75;2,133333;
2007-11-11;5,2;10,9;0;30,4;26,5;22,8;67,75;2,766667;
2007-11-12;3,2;9,6;0;31,2;27,06;23,2;68;2,033333;
2007-11-13;4,6;7,1;0;30;26,1;23,8;78,75;2,766667;
2007-11-14;5,6;10,6;14,3;29,6;26,38;23,4;76,25;2,2;
2007-11-15;4,8;8,1;0;29,2;26,26;23,4;73,5;1,866667;
2007-11-16;4;10;,3;30;26,72;23,8;68,5;3,7;
2007-11-17;5,1;7,6;7,4;29,4;25,82;23,6;79;2,9;
2007-11-18;,7;9,8;2,4;29,8;25,98;null;73,25;2,666667;
2007-11-19;3,8;9,2;0;28,9;25,68;21,8;69,75;1,7;
2007-11-20;3,9;10,2;0;30,6;26,36;20,7;71;2,733333;
2007-11-21;3,7;6,2;0;30,8;27,46;24,8;71,5;3,333333;
2007-11-22;4,7;10;0;30,9;27,14;25,2;74,25;2,433333;
2007-11-23;3,6;9,1;0;30;26,88;23,4;74,25;3,3;
2007-11-24;5,2;7,1;,4;30,8;27,38;25,2;73,5;2,8;
2007-11-25;3,7;8,9;0;30,5;26,58;22,2;68,25;2,8;
2007-11-26;3,8;5,7;0;31;26,18;22,3;72,75;2,466667;
2007-11-27;3;8,1;9,2;30,4;26,26;21,9;76,5;2,566667;
2007-11-28;2,5;9,3;,2;31,2;26,94;22,2;69,25;2,666667;
2007-11-29;4,5;10,2;0;30,8;27,38;24,2;69,5;2,933333;
2007-11-30;5,2;9,8;0;30,4;27,1;25,2;70;3,033333;
2007-12-01;5,4;10,9;0;30;26,78;23,6;63;2,5;
2007-12-02;4,6;10,6;0;30,2;26,32;21,1;69;2,166667;
2007-12-03;5,3;10,1;0;30,6;26,78;23;69,75;2,466667;
2007-12-04;4,9;10;0;30,8;26,74;21,4;72,75;2,066667;
2007-12-05;5;7,4;0;31,4;27,96;null;73;2,233333;
2007-12-06;3,6;9,4;0;30,8;26,98;22,4;66,75;3,266667;
2007-12-07;5,2;9,6;,2;32,2;27,58;23,2;68;2,766667;
2007-12-08;5,2;9,8;0;31,1;27,82;25,7;74,5;2,633333;
2007-12-09;4,6;5,7;0;31;27,88;25,9;70,25;2,633333;
2007-12-10;5,2;9,5;0;30,6;27,34;25;69,5;3,1;
2007-12-11;6,7;11,4;,4;30,2;26,74;24,8;74,75;3,1;
2007-12-12;5,9;3,5;5;29,2;25,24;22,3;81,5;1,666667;
2007-12-13;2,8;9,3;2,4;30,6;26,28;20,5;72,25;2,533333;
2007-12-14;4,5;9,4;0;30,6;27,14;22,8;73,75;3,566667;
2007-12-15;3,7;8,4;10,8;30,2;27,12;23,1;72,5;3;
2007-12-16;4,7;10,2;0;31,4;27,18;23;68;1,733333;
2007-12-17;3,4;8,6;0;31,9;27,44;23;67,75;2,566667;
2007-12-18;3,6;9,9;0;32;27,42;22,1;70,75;2,4;
2007-12-19;4,6;9,7;0;31;27,66;25,2;71,5;2,4;
2007-12-20;1,7;8,9;0;30,6;27,14;23,2;68,75;2,5;
2007-12-21;10,1;9,5;,8;31,4;27,66;23,4;66,25;2,233333;
2007-12-22;5,4;9,7;,2;30,6;27,7;25,2;66,25;2,733333;
2007-12-23;4,8;10,2;0;30,4;27,26;25,2;66,25;2,933333;
2007-12-24;4,8;8,7;,8;30,4;26,74;22,8;67,25;2,4;
2007-12-25;4,6;7,2;1,6;30,3;26,74;22,1;69,75;2,4;
2007-12-26;4,2;2,7;0;30;26,94;25,2;73,25;2,6;
2007-12-27;4,4;5,3;0;30,4;26,78;25;76,75;3,366667;
2007-12-28;4;10;1,6;30,4;27,12;24;67,5;3,6;
2007-12-29;6,7;10;0;31,1;26,7;22,1;70,5;2,833333;
2007-12-30;5,5;2,3;5,8;29,2;26,06;23;76,5;1,9;
2007-12-31;4,8;6,7;1;30;26,92;24,2;69,25;3,133333;
2008-01-01;5,5;11,3;0;30,8;27,94;22,1;56,5;3,1;
2008-01-02;5,1;8,3;,4;30,8;26,98;25,7;74;2,6;
2008-01-03;4,9;null;0;30,6;26,56;21,8;72,25;2,433333;
2008-01-04;4,5;9,1;8,3;30;27,18;23,9;69,5;2,766667;
2008-01-05;1,1;8,8;0;30,4;27,48;25,5;70;1,966667;
2008-01-06;4,9;10,9;0;30;26,3;21,9;66,75;2,766667;
2008-01-07;3,9;8;0;31,4;27,38;22,3;70;1,966667;
2008-01-08;3,8;9,4;0;31,6;27,82;23,6;67,5;2,766667;
2008-01-09;4,9;10,4;0;30,7;27,14;22,8;66,5;2,833333;
2008-01-10;6,9;9,6;0;30,4;27,02;23,2;69,25;2,4;
2008-01-11;3,8;8;2,4;30,8;27,28;23,9;70,75;2,333333;
2008-01-12;4,4;8,9;2;30,8;27,22;23,6;73,25;1,9;
2008-01-13;1,2;1,6;2,6;28;26,14;24,2;81,5;2,4;
2008-01-14;2,2;2,1;28,2;29,4;25,5;23,2;77;2,4;
2008-01-15;3,2;6,1;3,6;30,2;26,86;23,2;72,25;2;
2008-01-16;3,4;1,3;,4;28,8;26,38;22,6;76;2,133333;
2008-01-17;2,3;8,8;14;29,6;27,06;24,2;72,25;3,7;
2008-01-18;4,7;7,4;0;30,2;26,7;24,8;79,5;1,966667;
2008-01-19;3,4;10,1;0;30,2;26,4;21,1;70,25;2,933333;
2008-01-20;4;3,5;0;30,3;26,74;22;71,5;1,966667;
2008-01-21;3,6;3,6;0;30,8;27,98;25,2;72,25;1,7;
2008-01-22;2,4;5,3;0;31,6;27,74;25;72,5;2,266667;
2008-01-23;3,4;7,1;0;31;27,74;24,2;74,5;2,733333;
2008-01-24;3,6;4,8;16;30,4;27,5;25,2;76;2,8;
2008-01-25;3,5;10;,4;30,4;27,28;23,2;71,75;2,066667;
2008-01-26;,8;10,8;0;30,8;27,58;23,8;68;1,966667;
2008-01-27;4,2;7,9;0;31;27,02;22,6;69,75;2,666667;
2008-01-28;4,5;10,2;0;31;27,44;23,3;66,75;3,066667;
2008-01-29;3,3;6;0;31;27,02;21,8;76;1,866667;
2008-01-30;4,2;,2;4,4;27,9;25,4;23,2;92,25;1,566667;
2008-01-31;,5;4;3;30,2;26,5;23,6;84,5;1,066667;
2008-02-01;2,3;8,7;1,6;31,9;27,08;23,2;71,5;2,4;
2008-02-02;3,2;10,4;1;31,1;27,3;22,2;64,75;2,8;
2008-02-03;4,2;9,1;2,2;30,9;27,16;23;72,75;2,033333;
2008-02-04;3,8;9,5;4,8;30,6;27,04;22,2;69,5;2,566667;
2008-02-05;3,9;10,1;0;31,1;27,06;21,8;67,25;3;
2008-02-06;4;9,8;0;31,3;27,32;22,2;67;2,5;
2008-02-07;3,2;10,2;0;31,9;27,8;23,2;71,5;2,833333;
2008-02-08;4,9;10,1;0;31,7;27,68;22,2;70;2,666667;
2008-02-09;5,1;10;0;31,3;27,76;24,9;68,25;2,966667;
2008-02-10;4,6;9,9;0;31,7;27,18;21;69;2,133333;
2008-02-11;4,3;8,5;0;31,9;28,28;24;67,25;2,5;
2008-02-12;4,8;7,3;0;32;28,08;24,9;67,5;1,9;
2008-02-13;5,5;7,8;0;30,9;27,16;22,6;68;3;
2008-02-14;4,7;8,8;0;31,7;27,36;21,1;63,75;2,566667;
2008-02-15;4,8;6,9;18,1;31,5;26,82;23;72,25;2,133333;
2008-02-16;3,8;7,8;2,6;31,3;27,48;22,6;71,25;2,333333;
2008-02-17;4,3;6,3;0;30,8;28,16;25,2;70,25;2,333333;
2008-02-18;3,3;10;1,4;31,5;27,6;23,2;73,75;2,766667;
2008-02-19;5,6;10,2;0;31,9;28;24,2;71,75;1,966667;
2008-02-20;6,2;9,6;,6;31,3;27,4;23,6;69,25;2,666667;
2008-02-21;6,2;9,7;0;31,7;27,36;21,6;69,75;2,333333;
2008-02-22;5,4;10,1;0;31,9;27,48;22,2;66,25;1,7;
2008-02-23;6,5;9,6;0;32;27,4;21,6;68,75;2,5;
2008-02-24;5,5;10;0;32,3;28;22,2;69,25;1,933333;
2008-02-25;5,1;10;0;32,3;28,24;23,4;69,75;2;
2008-02-26;,5;10,2;0;33,9;28,64;23,6;69,25;2,133333;
2008-02-27;4,6;1,9;0;32,9;28,68;24,2;69,75;2,033333;
2008-02-28;3,4;7,5;0;33,5;28,64;23,6;69,5;1,966667;
2008-02-29;4,7;6,7;0;33,3;28,96;24,4;68,75;2,7;
2008-03-01;3,7;9,7;0;32,8;28,46;24;67,5;1,266667;
2008-03-02;4,5;9,9;0;32,1;28,1;23,2;69,25;2,666667;
2008-03-03;5,4;9,9;0;32,6;28,48;24,6;67;2,666667;
2008-03-04;5;9,2;0;32,4;28,1;23;70;2,733333;
2008-03-05;5;9,2;0;32,6;28,26;23,2;67,25;1,666667;
2008-03-06;3,8;9,8;0;32,6;27,94;22,2;67,25;2,666667;
2008-03-07;4,3;9,1;0;32,4;28,14;23;67;2,433333;
2008-03-08;6,8;7,7;0;31,6;27,02;24,1;74,25;1,933333;
2008-03-09;3,2;9,2;20,6;31;27,02;22,7;72;2,166667;
2008-03-10;4,8;9;18,6;31,3;27,8;23,6;69,25;2,1;
2008-03-11;3,4;9,6;1,6;31,2;27,58;24;74;2,033333;
2008-03-12;8,1;8,3;22,4;31;27,38;24;76;2,433333;
2008-03-13;3;9,1;0;31,6;27,46;21,9;77,5;1,4;
2008-03-14;4,2;10,3;0;31,8;27,86;23,6;72,25;2,3;
2008-03-15;4,2;10,1;0;31,8;27,7;23,2;70,25;1,766667;
2008-03-16;3,4;7,1;0;32,2;27,6;23,2;76;1,5;
2008-03-17;3,2;4,2;0;31,6;25,96;22,6;86,25;1,1;
2008-03-18;2,3;7,9;24,7;30,6;26,72;23,6;80,5;1,233333;
2008-03-19;2,2;3;0;30;26,46;23,8;82,75;1,166667;
2008-03-20;2,8;0;35;28;24,52;22;90;,166667;
2008-03-21;,3;,7;12,2;28,2;24,74;22,3;95,25;,6;
2008-03-22;1,7;7,1;80,1;30,6;26,34;23,2;86,25;,6;
2008-03-23;2;4,2;30,2;30;25,82;23,2;85,5;,566667;
2008-03-24;3,5;1,4;6,2;29,4;25,78;22,1;86,75;,7;
2008-03-25;1,5;7;0;30,6;26,9;22,9;79;1,133333;
2008-03-26;2,4;9;6,8;30,8;27,1;23,2;75,75;1,5;
2008-03-27;2,3;8,4;0;31;27,66;25;78,75;1,766667;
2008-03-28;2,5;6;,6;30,8;27,34;24,2;77,5;,933333;
2008-03-29;2,4;1,7;1;30,8;26,3;23,2;86,75;1,366667;
2008-03-30;3,4;0;19,4;29,8;25,98;22,8;82,5;,266667;
2008-03-31;1;0;116;26,6;23,62;20,2;91,5;0;
2008-04-01;,7;9,3;1,6;30,7;26,04;21,6;82,75;1,633333;
2008-04-02;2,9;7,9;0;30,6;26,74;null;77,75;1,933333;
2008-04-03;2,6;10,1;0;30,9;25,9;20,7;77;,733333;
2008-04-04;3;10,5;0;30,7;26,38;20,1;73,25;1,133333;
2008-04-05;2,8;6,5;0;30,7;26,4;21,5;77,75;1,1;
2008-04-06;2,1;8,4;1,4;30,9;26,5;22,2;82,5;,833333;
2008-04-07;2,5;5,6;60,7;29,6;25,34;22;88,25;,166667;
2008-04-08;,7;6,7;,7;30,3;25,26;20,3;82;1,066667;
2008-04-09;2,1;9,4;35,6;30,3;25,66;20,9;83;1,266667;
2008-04-10;2,4;9,7;0;31,7;26,08;20,9;83,25;1,333333;
2008-04-11;2,6;1,3;9,1;30,5;26,08;22,4;88;,833333;
2008-04-12;,6;5,6;2,2;30,3;26,46;22;82;1,133333;
2008-04-13;2,2;,6;17,1;27,2;24,46;21,7;94,75;,4;
2008-04-14;0;6,9;70,7;30,9;25,88;21,8;83;1,133333;
2008-04-15;2,7;9;10;30,9;26,7;23,9;77,5;1,4;
2008-04-16;2,3;10,2;6,8;30,5;26,64;22;77,75;1,633333;
2008-04-17;2,7;9,6;,4;30,7;26,66;22,1;79,5;1,8;
2008-04-18;2,7;3,5;,2;30,5;25,8;21,5;83,5;,966667;
2008-04-19;2,2;4,2;3,3;31,5;26;22,2;87,25;1;
2008-04-20;1,3;8,3;8,3;30,5;26,08;22;81,75;1,133333;
2008-04-21;2,6;8,5;4,2;30,2;26,62;22,2;85;2,066667;
2008-04-22;3,1;8,1;3;30,5;26,36;23,1;82,75;1,966667;
2008-04-23;3,2;3,6;,9;30,6;26,22;23,2;85;1,666667;
2008-04-24;1,2;10,1;1,4;31,1;26,92;21,4;75,75;1,4;
2008-04-25;4,2;8,5;0;29,9;26,16;23,5;80,25;1,233333;
2008-04-26;3,2;10,1;0;30,9;25,66;20,7;77,5;1,133333;
2008-04-27;3,6;3,4;0;29,9;25,64;21,8;90,75;1,133333;
2008-04-28;1,2;3,4;67,2;28,7;null;null;null;1,75;
2008-04-29;1,6;4,9;9,4;30,7;26,24;22,6;79,75;1,433333;
2008-04-30;5,2;8;0;30,7;25,76;21,8;84,75;1,4;
2008-05-01;1,8;1,4;35;28,9;25,16;22,2;90,75;,566667;
2008-05-02;1,7;9,2;23,2;30,1;25,6;21,8;77;2,433333;
2008-05-03;2,7;9,2;2,8;29,9;25,22;20,1;85;2,433333;
2008-05-04;2,9;7,1;,5;30,3;26,44;21,1;78,25;1,666667;
2008-05-05;2,7;,9;0;29,3;26,12;23,2;88,75;1,466667;
2008-05-06;,8;8,4;1,6;31,3;26,84;22,2;79,5;1,333333;
2008-05-07;1,6;1,9;58,4;30,5;26,08;21,8;85,5;1,133333;
2008-05-08;1,6;9,3;0;30,6;26,5;22,2;83,5;1,4;
2008-05-09;2,2;,4;11,6;33;26,66;23,2;89,25;,8;
2008-05-10;,4;4,7;66,3;30;25,14;21,8;87,5;1,066667;
2008-05-11;3,4;3,7;9,4;27,9;24,78;22;90;1,166667;
2008-05-12;,2;4,4;28,3;28,9;26,18;22,2;79;3,166667;
2008-05-13;3;7,5;12,8;28,9;26,16;21,8;73,5;3,066667;
2008-05-14;3,5;,1;4,6;26,7;24,12;21;88,75;1,266667;
2008-05-15;1,4;0;8,6;25,5;23,66;20,1;93;,266667;
2008-05-16;,4;7,2;23,8;29,3;25,34;22;86,25;1,233333;
2008-05-17;1,6;8,6;,6;29,9;25,8;21,8;82;1,866667;
2008-05-18;3;7,4;35,7;29,3;24,52;21,8;88,25;1,433333;
2008-05-19;2,1;10,1;0;29,9;24,98;20,1;84,25;,933333;
2008-05-20;3,5;9,1;2;29,3;25,42;22,2;85,25;1,933333;
2008-05-21;2,6;5,1;0;28,9;25,3;21,1;83,75;1,766667;
2008-05-22;1,8;7,5;13,8;29,5;25,22;20,7;83,75;1,3;
2008-05-23;2,1;6,5;,4;29,1;24,94;20,7;85;1,266667;
2008-05-24;1,5;8,3;3,2;29,1;25,18;20,7;84,75;1,4;
2008-05-25;3;8,4;2,2;29,5;25,56;21,6;87;1,666667;
2008-05-26;2;9,1;16,8;29,3;25,68;22,2;82,25;1,6;
2008-05-27;1,7;,5;31;27,7;24,44;22;93;,433333;
2008-05-28;,5;8,4;17,6;28,9;25,06;21,1;83,25;1,666667;
2008-05-29;3,2;8,4;2,9;29,3;26,68;22,8;73,75;1,866667;
2008-05-30;3,2;9,4;0;29,3;26,28;22,2;75,25;2,466667;
2008-05-31;3,4;4,6;2,6;29,6;25,44;23;82,75;1,833333;
2008-06-01;2,4;4,5;3,6;28,5;25,72;21,6;80;1,9;
2008-06-02;3;9,7;2;29,1;25,06;21,1;85;1,633333;
2008-06-03;2,5;,3;24,6;29;24,58;22,8;89,5;1,333333;
2008-06-04;2,2;0;24,8;27;23,86;20,8;92,5;,6;
2008-06-05;,8;5,3;26,4;29;24,92;21,6;88,75;,833333;
2008-06-06;2,4;8,8;13,2;28,1;25,48;23,2;80,75;1,666667;
2008-06-07;2,9;5,7;10,8;28,1;25,62;23;86,5;1,4;
2008-06-08;2,9;5,7;2;28,7;25,56;23,3;85;3,233333;
2008-06-09;4,8;6;8,6;28,5;25,08;23;81,75;3,3;
2008-06-10;3;1,2;6,4;27,9;23,64;21,6;87,25;1,8;
2008-06-11;2,1;9,8;,4;29;24,54;20,8;81,5;1,5;
2008-06-12;2,9;5;0;28,4;24,5;20,2;79,5;2,366667;
2008-06-13;2,4;,2;,2;28,2;24,18;21,1;84,25;1,933333;
2008-06-14;2,6;,9;21;28,6;23,98;21,4;92,75;,5;
2008-06-15;1;2,6;22,4;28,4;24,2;21,4;88,75;,566667;
2008-06-16;1,3;0;50;23,8;22,34;20;97,25;,666667;
2008-06-17;2,7;2,2;71;27,9;24;21,4;91,25;1,666667;
2008-06-18;,4;10,2;2,4;28,2;23,62;20,2;82;1,3;
2008-06-19;1,6;7,9;0;28,2;23,9;18,8;88;1,5;
2008-06-20;1,6;6,2;10,6;27,8;23,1;20,1;86,25;2,033333;
2008-06-21;2,8;3,5;0;29,6;23,46;19,2;84,5;1,133333;
2008-06-22;2,4;7,9;0;28,6;23,98;18,8;83,75;1,4;
2008-06-23;2;3,6;0;28,4;24,2;19,8;88;1,4;
2008-06-24;1,4;8,7;41;28,2;24,56;21,8;86,5;2,766667;
2008-06-25;2,2;4,3;18,4;27,6;23,74;21,4;86,25;1,466667;
2008-06-26;1,8;8,4;3,2;28,1;24,1;21,1;84,25;2,166667;
2008-06-27;2,2;6,3;0;28;23,94;20;90,5;2,3;
2008-06-28;2,4;4,2;16,2;28;23,96;19,2;83,25;2,9;
2008-06-29;2,4;8,9;11,6;27,5;23,82;21,3;82;1,666667;
2008-06-30;2,2;,9;1;26,5;24,46;22,6;83,5;1,866667;
2008-07-01;1,6;0;45,4;25,8;24,1;21,8;87,75;2,133333;
2008-07-02;,9;5,9;32;27,4;23,96;21,3;83,5;3,066667;
2008-07-03;2,1;5,5;14,4;27,3;23,12;20,8;88,5;2,233333;
2008-07-04;1;9;7;27,8;23,42;20,8;84,75;1,133333;
2008-07-05;2,4;0;1,6;25;23,06;19,8;95;1;
2008-07-06;,3;1,5;51,6;26,8;23,82;21,4;93,75;1,633333;
2008-07-07;,8;5;14;27,6;23,44;20,8;92;1,233333;
2008-07-08;1,9;5,7;13,9;27,8;23,84;21,3;86,25;2,7;
2008-07-09;1,4;2,1;19;27,4;23,5;20,4;85,75;1,066667;
2008-07-10;2,8;8,4;3;28,1;24,56;20,3;86;2,533333;
2008-07-11;2,2;7;23,6;28;24,18;20,8;88;1,566667;
2008-07-12;1;4,8;2,6;27,4;23,62;21,6;86,75;1,4;
2008-07-13;3,2;8,5;5,6;27,2;22,94;20,2;77,25;2,933333;
2008-07-14;2,7;9,8;0;27,5;23,22;19,4;78;2,333333;
2008-07-15;2,9;1,4;0;26,4;23,18;20,4;87,5;1,433333;
2008-07-16;1,3;,2;7,6;25,4;22,72;21,5;93;1,5;
2008-07-17;,3;5,5;28,1;27,4;24,04;20,7;89,5;1,8;
2008-07-18;1,7;6;11,2;27,8;24,5;21,3;86,5;2,933333;
2008-07-19;1,8;3,4;7,3;26,6;23,94;20,8;86,5;1,133333;
2008-07-20;,9;7,8;6,8;27,8;24,34;20;86,5;1,3;
2008-07-21;2;2,2;28,2;27;23,62;19,8;84,5;1,4;
2008-07-22;2,6;9,9;12,2;27,6;25,24;22;71,25;3,533333;
2008-07-23;4,7;8,7;1,2;27,4;23,18;20,4;82;1,3;
2008-07-24;3,5;5,1;,3;27,7;23,9;20,1;83,75;1,666667;
2008-07-25;2,2;,9;,5;26,9;23,54;21,3;93;,9;
2008-07-26;,8;1,4;13,3;27,4;24,52;21,8;86,5;2;
2008-07-27;2,8;8;5,4;28;24,56;21,6;82,75;3,766667;
2008-07-28;2,8;9;6,7;27,2;24,34;21,4;68,5;3,3;
2008-07-29;3,9;2,4;,4;27,2;22,9;19,4;87,25;1,6;
2008-07-30;1,5;2,7;7,4;26,6;24,16;21,4;79;2,4;
2008-07-31;2;7,2;4;27,4;23,94;20,2;81,25;1,433333;
2008-08-01;2,5;9,8;2,4;27,9;23,52;19,2;83,25;1,466667;
2008-08-02;3,5;0;60;24,6;22,78;21,4;96,5;,433333;
2008-08-03;,2;,2;22,6;27;23,54;20,8;90;,266667;
2008-08-04;,8;8,3;4,6;28,3;24,26;21,8;86,25;1,833333;
2008-08-05;2,2;10;,2;27,9;23,58;20,7;82;2,366667;
2008-08-06;3,4;1;2,4;26,6;23,16;19,7;89,5;1,166667;
2008-08-07;2,2;0;15,6;26,4;23,38;20,8;93,25;1;
2008-08-08;,1;7,7;38,9;27,6;23,42;21,1;86;1,366667;
2008-08-09;2,5;7,8;,6;27,8;23,3;19,2;85,25;1,866667;
2008-08-10;2,2;2,2;9,8;26,7;24,24;21,4;82,25;2,366667;
2008-08-11;2;5;3,6;27,6;24,18;21,6;87,5;2;
2008-08-12;1,9;8,3;9;27,8;24,4;21,6;83;2,266667;
2008-08-13;2,2;5,2;5,5;26,4;23,18;20;85,75;2,066667;
2008-08-14;2;9,5;2,1;28;24,66;19,6;72,75;2,5;
2008-08-15;4,1;7,5;0;28;23,7;20,8;81,5;1,4;
2008-08-16;2;5;1,9;27;23,5;21,8;93,25;2,966667;
2008-08-17;2,1;1,5;52,6;27;24,06;20,6;78;2,533333;
2008-08-18;3,1;9,5;,4;27,4;23,52;18,8;77,5;2,333333;
2008-08-19;3,4;3,9;5,4;27,2;23,5;19,8;84,25;1,266667;
2008-08-20;2,2;8,6;4,2;27,4;23,74;20,8;83;2,533333;
2008-08-21;2,6;7,5;0;28;23,7;19;87,25;2,433333;
2008-08-22;2,1;4,7;7,3;27,9;23,88;21,8;86,75;1,433333;
2008-08-23;1,7;10;2;28;23,34;19,4;85;1,833333;
2008-08-24;2,8;8,5;2,6;27,4;23,82;19,8;76,25;2,733333;
2008-08-25;3,5;1,4;0;26,4;23,08;18,9;86,75;2,333333;
2008-08-26;2,7;0;10,6;26;22,9;20,8;92,5;1,633333;
2008-08-27;2,4;2,5;7,8;26,9;23,36;21,6;90;1,633333;
2008-08-28;2;9,8;19,1;28,4;24,14;19,8;82;2,433333;
2008-08-29;3,2;3,7;,4;28,4;24,18;20,4;84;,933333;
2008-08-30;2,2;8,2;2,8;28,8;25,32;21,1;81;1,133333;
2008-08-31;3;6,5;0;29;25,26;20,8;78,25;1,8;
2008-09-01;2,9;9,1;2,4;28,4;25,06;21,3;77,25;2,833333;
2008-09-02;3,5;9,7;,4;28,3;25,02;22,9;82,75;2,366667;
2008-09-03;3,2;6,1;3,4;28,5;24,62;22,2;87,5;1,666667;
2008-09-04;3;,8;26;26,9;24,32;22,2;83,75;2;
2008-09-05;2,5;6,1;1,6;27,9;24,28;22;81,5;1,733333;
2008-09-06;3,1;6,8;,6;28,7;25,4;21,4;79,5;2,733333;
2008-09-07;4,8;5,1;0;27,8;25,9;24,8;83,5;2,5;
2008-09-08;4;7,4;,2;28,1;25,76;24;74,75;2,133333;
2008-09-09;4,4;3,2;,2;27,9;23,88;21,6;80,75;1,733333;
2008-09-10;3,6;,8;,6;26,7;25;22,2;81;3,066667;
2008-09-11;3,7;8,9;3,6;29,1;25,84;23,4;80,75;2,633333;
2008-09-12;4,3;6,9;0;28,9;25,92;23,6;79;1,766667;
2008-09-13;5,4;8;0;28,7;25,68;23,2;73,75;2,666667;
2008-09-14;4;8,6;2,3;28,4;25,82;23,2;72,25;2,9;
2008-09-15;5,2;3,1;,2;27,8;25,48;23,4;73,75;1,633333;
2008-09-16;3,2;7,7;0;28,6;26;23,8;77,75;3,066667;
2008-09-17;3,8;7;0;28,3;25,56;22,6;76,25;3,4;
2008-09-18;8,2;10;0;28,3;25,08;22,4;76,5;2,1;
2008-09-19;4,8;4,8;0;28,8;25,16;21,1;75,75;2,5;
2008-09-20;5;4,8;,6;28,6;24,08;20,7;80;1,233333;
2008-09-21;4,6;8,3;0;28,9;24,98;21,1;75,25;2,733333;
2008-09-22;5;7,2;0;28,9;25,2;21,4;72,75;2;
2008-09-23;3,8;8,7;0;29,5;25,62;20,1;75,25;1,3;
2008-09-24;3,3;8,8;0;29,6;25,86;21,1;71,75;1,8;
2008-09-25;4,5;5,9;0;29,3;26,12;22,6;72,75;2,666667;
2008-09-26;4,3;9,6;0;28,5;25,48;21,8;70,75;2,3;
2008-09-27;4,9;9,1;0;28,9;25,16;22,2;75,75;1,4;
2008-09-28;3,3;2,2;1;28,7;25,08;21,6;85;1,1;
2008-09-29;2;6,8;3,7;29,3;26,48;23,4;80,75;2,3;
2008-09-30;2,5;3,7;,8;29,5;26;24;81,25;2;
2008-10-01;7;9,8;0;29,5;26,24;24;78,25;2,933333;
2008-10-02;4;2,1;1,6;28,8;25,56;22,2;79,5;2,733333;
2008-10-03;3,5;7;3,1;29,3;26,24;23;77,75;2,533333;
2008-10-04;4;7,1;2,4;29,1;26,48;24;77,75;3,8;
2008-10-05;5,5;4,4;0;29,1;26,32;24,2;74;2,433333;
2008-10-06;4,5;5,1;0;28,7;26;22,6;74,75;3,2;
2008-10-07;4,5;1,9;,9;28,1;24,5;22,3;87,25;2,266667;
2008-10-08;1,6;8,7;6;28,5;25,42;21,3;74,5;2,4;
2008-10-09;3,3;8,9;1;29,1;25,56;22,2;77,75;2,6;
2008-10-10;3,2;4,1;,6;28,1;25,08;21,5;74,75;3,766667;
2008-10-11;5;9,2;1;29,3;26,38;24;73,5;3,1;
2008-10-12;6,5;7,5;2;28,9;26;23,2;76;3,1;
2008-10-13;4,5;4,5;5,2;29,1;26,4;24,2;73,75;3,2;
2008-10-14;5,5;4,4;,4;28,5;26,04;23,7;73,75;4,1;
2008-10-15;4,5;5,3;0;28,9;25,24;23;87,5;1,333333;
2008-10-16;2,6;7;7,2;29,5;26;23,6;74,5;2,5;
2008-10-17;4,7;5,9;0;29,5;26,32;22,2;75,25;2,7;
2008-10-18;3,5;9,3;0;29,7;26,18;22,2;77,5;2,633333;
2008-10-19;4,2;9,1;0;30,1;26,92;24,6;73;2,5;
2008-10-20;4,3;6,8;0;29,5;26,12;21,9;77;2,366667;
2008-10-21;4,3;9,9;2,6;29,7;26,64;23,6;69,25;3,6;
2008-10-22;6,4;6,7;1,6;29,1;26,28;22,8;73;3;
2008-10-23;8,3;9,7;0;29,8;26,74;24,2;71,5;3,333333;
2008-10-24;6,8;6,4;1;29,7;26,68;24,2;69,75;2,766667;
2008-10-25;5,5;9,3;15,8;29,3;26,12;22,6;72,75;3,233333;
2008-10-26;5,5;10,3;0;29,5;26,46;22,8;73;3,033333;
2008-10-27;5;9,9;1,2;29,9;26,34;22,8;70,5;2,7;
2008-10-28;5;8,1;0;30;26,32;20,7;71;2,566667;
2008-10-29;4,2;10;0;30,3;26,96;22,2;70,25;1,933333;
2008-10-30;6,6;5,6;0;29,5;27,06;25,2;72,5;2,733333;
2008-10-31;3,9;8,4;0;30,2;26,8;24,4;69;2,9;
2008-11-01;5,1;11,1;0;30,3;27,78;21,1;55;2,766667;
2008-11-02;4,4;11,3;0;29,1;26,32;23,2;80,25;2,766667;
2008-11-03;3;4,2;5,8;29,7;26,66;24,5;79;2,033333;
2008-11-04;4;5,6;,2;29,5;26,12;22,1;72,75;2,6;
2008-11-05;4,6;7,4;0;29,5;26,6;23,8;72,5;3,166667;
2008-11-06;4,9;7,6;0;29,7;26,72;23,8;71,75;2,9;
2008-11-07;4,5;8,3;0;30,3;26,68;23;70,5;2,266667;
2008-11-08;4,3;10,1;0;30,5;26,7;21,4;67,25;2,666667;
2008-11-09;5,4;9,9;0;30,5;26,6;22,2;68,75;2,666667;
2008-11-10;4,2;8,6;0;31,3;27,08;22,2;71;1,8;
2008-11-11;4,4;7;0;30,1;26,68;23;67;2,766667;
2008-11-12;5;9,3;0;30,5;26,98;23,8;67,25;2,4;
2008-11-13;5,4;10,6;0;30,9;27,54;25;65;2,233333;
2008-11-14;5,4;7;3,2;29,9;26,64;23,8;71;3,8;
2008-11-15;4,6;8,6;2;29,9;26,84;24,2;69,5;3;
2008-11-16;5,1;8,3;0;30,4;27,22;24,3;70;2,533333;
2008-11-17;4,5;10,4;0;31,1;27,58;24,6;69,5;2,933333;
2008-11-18;4,4;9,4;0;30,8;27,3;24,2;68,25;2,766667;
2008-11-19;5,5;9,7;0;30,9;26,8;22,2;67,5;2,966667;
2008-11-20;4,7;10,1;0;30,8;26,62;21,3;66;3,033333;
2008-11-21;4,9;10,4;0;30,7;26,5;21,6;63,75;2,9;
2008-11-22;5,4;6,9;0;31,2;25,74;20,1;68,5;1,9;
2008-11-23;6;6,8;0;31,8;26,3;22,9;72,75;1,5;
2008-11-24;5;7,7;3,2;30,4;26,64;22,6;75,5;3,333333;
2008-11-25;3,5;7,7;1,4;30,9;27,04;22,2;70,5;2,766667;
2008-11-26;5;8,5;0;30,5;27,32;24,2;72;3,066667;
2008-11-27;4,6;null;0;30,5;28,08;24;59,25;3,1;
2008-11-28;4,1;9,4;0;30,5;26,6;21,6;68,75;2,766667;
2008-11-29;6,1;6,7;,2;30,7;27,72;25,1;68,5;3,366667;
2008-11-30;4,4;9,6;0;31,4;27,8;25,5;69,5;3,252587;
2008-12-01;3,5;6,1;0;31,4;26,98;22;68,5;3,133333;
2008-12-02;3,6;7,4;0;31,6;27,16;22,6;68;2,4;
2008-12-03;4,6;8,1;0;32,5;27,4;21,3;68,75;3,533333;
2008-12-04;5,6;9,5;0;33,2;28,02;22,8;67,5;2,5;
2008-12-05;4,4;9,9;0;31,4;27,62;24;71,25;3;
2008-12-06;4,8;9,9;0;30,6;26,14;20,6;70,25;2,433333;
2008-12-07;4,7;7;2,3;30,2;26,04;21,6;75;2,866667;
2008-12-08;3,9;9,9;1,6;30,4;26,62;22,4;69,25;2,833333;
2008-12-09;4,6;5,1;4,8;29;25,86;22;73,25;1,333333;
2008-12-10;2,9;3,4;,2;29,1;25,98;22,2;74,25;1,633333;
2008-12-11;3;3,5;0;31,2;27,28;23,6;71;2,666667;
2008-12-12;3,9;4,2;6;30,6;26,38;24;76;,866667;
2008-12-13;2,9;9,6;0;31,4;27,34;22;69;2,633333;
2008-12-14;4;9,1;0;31,9;27,44;22,6;71,5;2,433333;
2008-12-15;5,1;10,5;0;31,2;27,2;21,8;66,5;3,433333;
2008-12-16;5,4;10;0;31,4;27,06;22,2;66,25;2,6;
2008-12-17;4,3;9,7;0;31,4;27,5;22,8;65;2,9;
2008-12-18;2,9;10,7;0;30,9;27,5;25;67,25;3,5;
2008-12-19;2;8,8;0;30,8;26,88;21,6;69,25;3,466667;
2008-12-20;1,5;1,3;0;30,4;27,72;25,1;69;3,233333;
2008-12-21;3,6;9,7;3,4;31,8;27,72;23,2;68,25;2,766667;
2008-12-22;5,6;10,5;0;31,9;27,96;23,6;63,75;2,766667;
2008-12-23;5,6;7,4;0;31,1;27,3;22,4;67,75;2,933333;
2008-12-24;6;7;0;31,3;27,44;23,4;69,25;2,733333;
2008-12-25;7,1;7,1;0;29,6;27,28;24,5;68,75;2,733333;
2008-12-26;5,8;9;0;31,7;27,54;22,6;66,25;3,133333;
2008-12-27;5,8;8,7;0;31,5;27,4;21,9;70;4,266667;
2008-12-28;6,8;7,3;0;31;27,92;25,7;71,75;3,766667;
2008-12-29;6,6;10,3;0;31,3;27,7;25,7;64;2,133333;
2008-12-30;7,2;1,2;0;30,6;27,28;24,3;62,25;2,566667;
2008-12-31;5;9,6;0;31,4;27,26;22;65,25;2,933333;
2009-01-01;5,2;10,9;0;32,1;27,24;21,6;62,75;2,766667;
2009-01-02;4,6;10,1;0;32,3;27,32;21,6;65;2,766667;
2009-01-03;4,4;10,2;0;32,5;28;22,8;67,5;3,766667;
2009-01-04;3,8;8,6;0;32,6;27,78;22,8;69,25;3,5;
2009-01-05;4,2;9,3;0;32,7;28,08;23,2;64,25;3;
2009-01-06;4;6,4;0;31,3;28,24;25,2;69,5;3,766667;
2009-01-07;5,7;10,4;2,6;31,8;27,68;22,2;66,5;2,866667;
2009-01-08;6,7;10,3;,4;31,1;27,84;24,6;63,75;2,733333;
2009-01-09;6,6;2,5;0;30,3;27,86;25,5;66,75;2,733333;
2009-01-10;5,5;10,8;0;31,5;28,14;25,5;63,5;2,833333;
2009-01-11;7,6;10,7;0;31,3;27,8;25;68,25;3;
2009-01-12;6,4;10,7;0;30,6;27;21,1;62,75;2,466667;
2009-01-13;6,2;7,2;0;31,3;27,36;22,4;66;3,566667;
2009-01-14;5,5;8,6;0;31,1;27,66;23,4;71,25;3,166667;
2009-01-15;5,1;5,9;0;30,9;27,32;22;72,75;2,5;
2009-01-16;3,9;,2;2;28,3;25,58;23,2;93,5;,833333;
2009-01-17;,5;8;44,6;30,5;26,92;23,2;73,25;2,9;
2009-01-18;5;9,7;0;30,9;27,04;23,6;69,5;3,133333;
2009-01-19;5;7,6;0;30,6;26,5;21,8;71,25;2,266667;
2009-01-20;5,5;7,1;0;31,3;27,48;22,9;67,75;2,233333;
2009-01-21;4;6,2;0;31,3;27,48;23;70,25;3,266667;
2009-01-22;3,1;4,4;0;30,3;27,2;23,6;71;1,333333;
2009-01-23;2;7,1;0;31,3;27,48;22,2;67,25;2,166667;
2009-01-24;3;4,6;0;31,5;27,12;22,6;68,75;2,4;
2009-01-25;2,4;10,2;0;32,1;27,64;22,4;67,5;2,466667;
2009-01-26;5;10,3;0;31,1;27,3;22,2;66,5;2,733333;
2009-01-27;5,4;9,3;0;31,1;27,36;22,2;71,25;3,033333;
2009-01-28;5,8;9,8;0;31,3;27,46;22,6;67,75;3,066667;
2009-01-29;4,4;4,4;2,4;30,7;26,56;24;86,75;3,066667;
2009-01-30;1,4;1,2;27;28,1;25,32;22,8;84,25;1,733333;
2009-01-31;1;7,3;6,2;30,1;26,58;23,2;74,25;1,966667;
2009-02-01;2,7;8;0;31,1;27,68;24,5;74,5;1,933333;
2009-02-02;4;null;3;30,9;27,06;null;78,5;2,133333;
2009-02-03;2,6;0;13;27,3;25,44;24;89,75;2,6;
2009-02-04;1;9,8;7,4;30,8;27,14;22,6;74;2,766667;
2009-02-05;3,7;10,2;1,4;31;27,46;22,5;71;2,266667;
2009-02-06;2,7;null;1,4;31,3;26,88;22,4;74,5;1,766667;
2009-02-07;2,7;9,9;0;30,9;27,18;22,5;72,75;1,333333;
2009-02-08;3,8;9,4;0;31,3;27,44;22,2;71,75;2,233333;
2009-02-09;4,9;9,8;,7;31,2;27,76;23,4;69,5;2,766667;
2009-02-10;5,3;7,3;0;30,5;28,18;26,1;71,75;2,766667;
2009-02-11;4,4;3,4;0;30,5;27,52;24,2;72,75;2,4;
2009-02-12;4;,5;47;29,5;26,32;23,2;84,25;1,433333;
2009-02-13;1,7;2,3;46,7;30,5;26,24;23,5;81,5;2,333333;
2009-02-14;1,7;9,7;10,4;30,7;27,36;23,2;72,75;2,1;
2009-02-15;4;3,9;1;30,3;27;23,4;76;1,833333;
2009-02-16;3,9;10,4;4;30,3;26,94;22,8;70,75;2,666667;
2009-02-17;3,5;10,4;0;30,4;26,22;21,7;75,75;2,033333;
2009-02-18;3,3;4,6;0;30,3;26,54;22,4;78;1,633333;
2009-02-19;2,6;4,1;0;30,1;26,84;23,2;73,75;,933333;
2009-02-20;4,8;1;37,4;28,5;24,6;22,8;89,5;1,233333;
2009-02-21;2,2;9,8;8,6;30,5;25,98;22,2;82,25;2,666667;
2009-02-22;3,1;0;122,8;25,5;24,06;23,2;94,5;,566667;
2009-02-23;,6;1,1;2,6;29,9;25,6;22,7;84;2,533333;
2009-02-24;2,5;9,2;38,8;30,4;26,3;21,8;80;1,833333;
2009-02-25;3,1;3,9;3;29,6;26,04;23,2;88,5;2;
2009-02-26;2,1;8,6;9,7;29,8;26,02;22,5;77,25;1,833333;
2009-02-27;3,1;9,6;,6;30,4;26,36;22,4;81;1,533333;
2009-02-28;2,8;0;16,6;26,3;24,76;23,8;96;,5;
2009-03-01;,3;,9;45,8;28,8;24,92;22,2;94;1,1;
2009-03-02;1,4;5,4;27;30,4;25,7;24;90,5;,933333;
2009-03-03;,6;8,2;15,1;30,8;27,14;24;79,5;,766667;
2009-03-04;2,6;8,8;11,7;30,6;26,5;22,7;80,25;2;
2009-03-05;2,8;9,8;1;30,6;26,62;21,8;76,75;1,233333;
2009-03-06;3,6;10,1;0;31;26,9;22;73,75;2,7;
2009-03-07;3,2;10;0;30,8;27,26;23,4;74,5;2,6;
2009-03-08;2,8;9,6;0;31;27,04;21,3;73,5;1,333333;
2009-03-09;4,4;8,7;0;30,4;27,5;25,5;73;2,766667;
2009-03-10;4;9,7;0;30,6;26,82;22;70,5;3;
2009-03-11;4;9,9;0;30,4;26,54;21,6;75,75;2,5;
2009-03-12;3;9,1;,3;30,8;27,34;23,2;75,5;2,233333;
2009-03-13;3,5;4,7;5,8;30,2;26,8;23,2;79,25;1,866667;
2009-03-14;2,3;8;0;31,8;27,78;23,2;74,5;1,466667;
2009-03-15;2,4;9,8;0;32,4;28,18;23,4;70;2,666667;
2009-03-16;2,8;9,2;,4;32,1;27,48;23,3;75,5;2,666667;
2009-03-17;3;4,4;6,2;31;25,94;22,9;87;,433333;
2009-03-18;2;8,2;15,1;30,4;26,1;21,6;79,75;1,666667;
2009-03-19;2,5;10;9,8;30,6;27,22;22,2;76;2,3;
2009-03-20;3,1;10,1;0;31,1;26,78;22;72,5;2,666667;
2009-03-21;3,5;null;0;30,8;27,28;21,6;72,75;1,933333;
2009-03-22;3,4;9,3;0;31,8;27,74;23;72,75;1,633333;
2009-03-23;3,5;7,3;,8;31,6;27,9;23,6;70,25;2,233333;
2009-03-24;3,4;10,1;,2;32;28,58;23;69,5;2,5;
2009-03-25;3,6;6,8;1,6;31,6;27,64;24;79,75;1,733333;
2009-03-26;3;5,8;0;31,2;27,74;23,2;73;2,133333;
2009-03-27;3;10,1;0;31,8;27,5;22,2;72;2,533333;
2009-03-28;3,8;10;0;32;27,96;22,2;70;1,4;
2009-03-29;3,3;7,3;0;32,2;28,04;23,2;74,75;1,666667;
2009-03-30;3,3;9,6;0;32,6;28,38;24;70,75;1,333333;
2009-03-31;3;9,5;2;32,6;28,38;23,6;72;1,733333;
2009-04-01;2;9,7;0;33,3;28,28;23,2;72,25;1,666667;
2009-04-02;3,5;9,2;0;32,9;28,16;23,8;75;1,066667;
2009-04-03;3,4;,6;5,6;30,1;25,64;23;89,75;,433333;
2009-04-04;1,1;9,5;3,4;30,9;26,36;22,4;78;1,4;
2009-04-05;2,8;9,6;0;31,2;27,14;21,5;74;1,8;
2009-04-06;3,1;1,6;55;29,5;25,36;23,2;90,75;1,066667;
2009-04-07;,8;9,4;0;31,5;27,6;22,6;70,75;1,1;
2009-04-08;3;8,8;2,6;31,7;27,04;23,4;82;,733333;
2009-04-09;2,5;9,4;0;30,9;27,22;22,8;78,25;1,266667;
2009-04-10;3,1;3,5;0;31,1;26,44;23,5;87;1,133333;
2009-04-11;1,9;,1;4,4;27,1;25,24;24,2;92,75;,566667;
2009-04-12;,6;3,2;3,4;29,1;25,46;23,2;91,5;1,133333;
2009-04-13;,9;,5;88,8;29,2;25,54;23,2;89,75;,733333;
2009-04-14;1,2;7,3;18;30,3;25,8;22,8;87,25;1,033333;
2009-04-15;2,1;6,9;17,6;31,4;25,84;23,2;87,25;1;
2009-04-16;1,9;9,5;0;30,9;27,34;22,8;75,25;1,666667;
2009-04-17;2,8;7,6;0;30,5;26,5;22,8;80,5;1,866667;
2009-04-18;2,3;0;12,8;28,1;24,5;22,6;90,5;,833333;
2009-04-19;1,5;8,2;3,8;30,2;26,2;22,8;86,75;1,766667;
2009-04-20;2;3,9;14,8;30,2;26,08;22,9;85,25;,966667;
2009-04-21;1;10,2;28,5;30,9;26,5;22,4;73,5;,833333;
2009-04-22;2,8;0;50,4;26,6;24,88;22,4;93,5;,6;
2009-04-23;,3;7,7;29,3;30,5;26,04;22,6;88,25;,666667;
2009-04-24;2,1;10,4;0;30,5;26,8;23,5;81,5;1,4;
2009-04-25;2,9;7,5;,5;30,8;26,66;23,2;78,75;1,033333;
2009-04-26;2,4;9,6;0;30,9;27,08;23,1;82,25;1,166667;
2009-04-27;2,3;6,3;8;30,7;26,76;23,2;84,25;,566667;
2009-04-28;1,9;4,4;0;30,9;26,64;23,8;87,5;,9;
2009-04-29;1,3;5,4;1,1;29,3;26,2;23,3;88,25;1,4;
2009-04-30;null;9,8;3,8;30,7;null;25,5;80;,85;
2009-05-01;null;4,5;14;30,3;26,44;23,8;85,75;,933333;
2009-05-02;2,2;6,3;,6;29,9;25,68;23,2;84,25;2,433333;
2009-05-03;1,8;0;65,4;27;24,6;22,6;94,25;,6;
2009-05-04;,8;7,3;1,8;30,5;26,36;22,2;84;1,266667;
2009-05-05;2,3;6,1;2;30,5;26,12;23;87,25;1,066667;
2009-05-06;1,9;1,7;1,6;29,9;26;23;86;,766667;
2009-05-07;1;9,3;4,8;30,9;26,36;22,2;85,5;1,233333;
2009-05-08;2,3;9,4;4,4;30,8;26,74;22,7;80,25;1,066667;
2009-05-09;2,3;8,5;2,8;30,7;26,8;24,2;84;1,066667;
2009-05-10;2,4;3,8;13,6;30,5;26,44;24,2;89,5;,833333;
2009-05-11;,6;,2;32,4;27,4;24,54;23,2;91,5;,333333;
2009-05-12;1,3;6,4;1,2;30,4;26,16;22,2;84,75;,833333;
2009-05-13;2,2;6;0;30,5;26,24;23,2;86,5;1,333333;
2009-05-14;2;9,4;0;30,9;27,16;24,2;79,5;,566667;
2009-05-15;2,1;9,2;0;31,9;27,14;23,2;81,75;1,5;
2009-05-16;2,2;0;3,2;27;25,2;23,6;92,25;,566667;
2009-05-17;,5;6,3;19,9;30,3;26,24;24,2;89,5;1,066667;
2009-05-18;1,3;7,1;21,6;29,9;26,02;24,1;88,75;,933333;
2009-05-19;2;5,4;14;29,6;25,6;22,2;89,5;1,3;
2009-05-20;1;9,5;4,6;29,9;26,38;22,8;82,75;1,833333;
2009-05-21;1,8;1,3;29,6;29,1;25,96;24,2;94,5;,266667;
2009-05-22;,6;,2;38,6;26,3;24,28;22;95,25;1,433333;
2009-05-23;,6;0;25,7;26,5;24,72;23,8;95;2,266667;
2009-05-24;,3;5,4;30,9;29,7;25,36;22,3;87,5;,9;
2009-05-25;1,3;4,9;0;31,3;26,76;23;83,25;,166667;
2009-05-26;1,4;0;25,2;26,9;24,74;23,7;93,25;,266667;
2009-05-27;,4;,2;4;27,7;24,4;22;91,5;,533333;
2009-05-28;,9;9,8;12,8;29,6;26,02;23,8;84,75;1,2;
2009-05-29;3,5;5,1;22,6;29,1;25,44;22,2;88,25;1,266667;
2009-05-30;2;7,4;6,5;29,1;25,24;22,2;89,5;2,033333;
2009-05-31;1,6;3,5;6,3;28,3;24,96;22,4;88;1,133333;
2009-06-01;1,1;3,2;4,8;28,3;25,3;22,6;87,5;1,566667;
2009-06-02;1,3;6,3;2,4;29,8;25,18;23,2;87,75;,9;
2009-06-03;2;8,2;0;29,7;25,84;22;84,75;1,266667;
2009-06-04;1,6;0;0;26,5;25,12;23,8;88;,666667;
2009-06-05;,7;5,7;37,6;29,6;26,04;23,2;88,75;2,533333;
2009-06-06;1,7;6,2;38,3;28,7;25,76;23,6;84,25;2,166667;
2009-06-07;2,2;4,1;0;28,9;25,24;23,2;86;1,566667;
2009-06-08;2;8,1;1;29,2;26,06;21,8;78,25;2,8;
2009-06-09;4,6;9,5;,2;29,2;26,64;22,8;77;2,433333;
2009-06-10;2,8;1;1,1;29;25,64;23,9;82,75;1,833333;
2009-06-11;3;,9;3;27,9;25,1;22,8;91;1,666667;
2009-06-12;1,3;,9;109,7;26,8;23,3;21,9;93;1,566667;
2009-06-13;1;1,6;9,8;27,6;24,58;22,7;88,25;1;
2009-06-14;1,6;9,7;0;28,7;24,96;22,4;82,5;1,4;
2009-06-15;2,7;7,4;1,6;28,7;25,1;21,3;83,75;3,233333;
2009-06-16;2,9;7,2;1,1;28,6;24,9;22,2;86;1,433333;
2009-06-17;2,5;8,8;0;29;24,64;22,2;85,25;1,733333;
2009-06-18;2;8,3;0;28,8;24,96;20,3;86;1,2;
2009-06-19;2,2;1,1;28,2;26,9;24,4;22,4;93,75;1,7;
2009-06-20;,8;8,5;49,7;28,5;25,06;22,2;83,25;2,733333;
2009-06-21;3,3;5,9;0;28,3;24,98;22,2;86,75;1,766667;
2009-06-22;2,5;2,3;2,2;27,1;22,94;20,7;93,25;2,2;
2009-06-23;1,4;4,5;30,8;29,1;25,28;21,4;89;,833333;
2009-06-24;2,1;8,1;,6;29,3;26,26;23,4;81;2,166667;
2009-06-25;2,3;0;3,2;27,2;24,28;22,2;91,5;,4;
2009-06-26;1;9,3;1;28,9;25,16;21,3;84,25;1,233333;
2009-06-27;2,3;7;0;29,1;25,22;22,1;90,25;2;
2009-06-28;1,7;6,5;5,4;28,1;24,52;22,7;87;1,266667;
2009-06-29;1,9;8;1,1;28,4;24,26;22,1;83,5;1,166667;
2009-06-30;2,3;2,7;,2;28,3;24,68;22,6;87;2,166667;
2009-07-01;1,7;6,2;,4;29,4;24,78;21,6;87,25;1,1;
2009-07-02;1,8;8,3;11,5;28,9;25,18;22,9;89;1;
2009-07-03;2,2;9,2;30,1;28,5;24,88;22;80,5;2,6;
2009-07-04;2,2;3,6;42;28,4;25,26;22,8;79;2,233333;
2009-07-05;2,6;4,4;,7;28,4;24,78;22,2;85,75;2,1;
2009-07-06;1,4;0;121,4;25,6;23,6;22,2;94,75;,6;
2009-07-07;,9;6;26,4;28,2;24,68;22,6;82,5;2,166667;
2009-07-08;2,1;7,6;1,6;28,2;24,16;20,3;85,25;2,3;
2009-07-09;1,7;5,1;10;28;24,94;22,2;82,25;2,066667;
2009-07-10;3,1;5,1;,6;28,8;25,28;23,5;80,25;3,233333;
2009-07-11;1,8;8;2,4;28,6;24,84;21,6;85;1,5;
2009-07-12;1,9;6,3;4,2;28,6;24,78;22;86;,766667;
2009-07-13;1,5;1,6;1,6;null;25,22;23,6;87,25;1,166667;
2009-07-14;2,1;8,7;1,4;28,5;24,7;21,1;86,25;1,333333;
2009-07-15;1,6;5,1;15,3;28,2;24,06;21,6;88,25;,8;
2009-07-16;1,3;5;11;28,3;24,84;22,8;87,75;2,7;
2009-07-17;2,5;4,7;5;27,9;24,54;22,8;80;2,333333;
2009-07-18;2,5;2,8;,3;27,8;24,02;20,8;86;1,633333;
2009-07-19;2,3;5,7;27,8;29,2;24,18;22,1;87,25;,833333;
2009-07-20;,5;5,6;0;28,5;25,1;21,6;86;1,666667;
2009-07-21;1,5;1,3;3,8;26,8;24,18;22,5;92,25;1,033333;
2009-07-22;,6;1,7;38;27,6;24,1;22,6;91,75;1;
2009-07-23;1,8;7,9;11,4;29;25,52;23,6;85;2,766667;
2009-07-24;,8;8;4,6;28,8;24,94;22,1;85;2,233333;
2009-07-25;2,6;8,7;,3;29;25,08;21,8;83,25;1,7;
2009-07-26;2,2;5,3;9;27,4;24;22;85,75;2,1;
2009-07-27;1,5;5,4;1,3;27,7;23,48;20,6;86;1,333333;
2009-07-28;2;9,6;0;28,5;24,04;20;83,25;2,333333;
2009-07-29;2,3;9,2;3,6;28,4;24,4;21,1;87,5;1;
2009-07-30;1,7;8,3;1,1;28,6;24,3;21,8;84,25;1,233333;
2009-07-31;null;8,7;0;28,3;null;null;87;1,45;
2009-08-01;null;4,3;46,3;27,5;23,86;22;88,5;1,366667;
2009-08-02;1,5;8,6;4,7;28,6;24,7;21,4;84,75;2,1;
2009-08-03;3;10;2;28,7;25,12;22;80;1,933333;
2009-08-04;3,1;8,7;2,6;28,5;25,2;23,1;82;2,733333;
2009-08-05;2;6,7;6;28,1;24,5;22;85,75;2,766667;
2009-08-06;1,6;1;10,6;27,7;23,92;22;93,75;,733333;
2009-08-07;1,1;4,8;52;27,9;25,1;22,6;83,75;1,9;
2009-08-08;3,9;7,9;5;28,2;24,78;21,7;75,75;3,1;
2009-08-09;2,7;,7;9,6;26,9;24,34;22;90,25;2,9;
2009-08-10;1,6;9,2;6,9;28,7;25,26;22,4;79,75;3,166667;
2009-08-11;3,9;4,7;9,2;27,8;24,66;22;84,25;1,833333;
2009-08-12;2,3;10;2,6;28,4;23,82;21,1;76,5;3,233333;
2009-08-13;3,2;9,2;,6;28,3;24,38;21,4;85,5;2,033333;
2009-08-14;2,6;7,5;6;27,5;24;22;86;2,133333;
2009-08-15;2,4;8,4;10,8;28,5;24,76;22,8;76,5;1,933333;
2009-08-16;4,4;10,1;7,2;27,9;23,18;20,4;73,25;2,5;
2009-08-17;4,2;10;,4;28,3;24,32;20,4;80,25;2,866667;
2009-08-18;2,4;2,8;0;29,1;23,84;20;84;1,066667;
2009-08-19;1,4;1,8;5,2;28,7;25,34;22;80,5;1,633333;
2009-08-20;2;5,9;9,8;28,3;25,1;23,4;86;2,2;
2009-08-21;2,4;5,9;1,4;29,1;25,72;23,2;77;1,966667;
2009-08-22;2,1;7,4;0;29,5;25,88;22;79,25;2,833333;
2009-08-23;3,1;10,1;1,9;28,7;24,72;22,5;80,25;1,933333;
2009-08-24;3,1;6,7;4;29,9;25,32;22,4;85,75;1,233333;
2009-08-25;1,5;2,4;63,6;28,1;25,24;23;85;2,133333;
2009-08-26;2;9,7;20,4;28,3;25,1;22;83,5;2;
2009-08-27;3;10,3;0;28,5;24,32;20,6;81,5;1,8;
2009-08-28;2,6;8,4;,4;29,1;24,52;20,6;83;1,766667;
2009-08-29;2,4;8,8;1;28,3;23,92;21,4;80,75;2,733333;
2009-08-30;3;9,3;0;28,2;24;19,4;78,25;2,1;
2009-08-31;3,6;7,9;0;28,4;24,42;19,8;79,75;1,566667;
2009-09-01;3,8;8,6;0;28,7;24,48;19,7;82,75;2,366667;
2009-09-02;2,1;7,1;8,2;29;25,58;21,8;79,5;2,033333;
2009-09-03;3,6;9,4;0;29,3;26;21,8;72,5;1,833333;
2009-09-04;3,7;8,2;0;28,5;25,66;21,3;75,25;2,866667;
2009-09-05;3,2;9,5;0;29,5;25,82;21,4;73,5;2,433333;
2009-09-06;4;8,4;,2;29,5;26,36;23,6;74,75;3;
2009-09-07;4,3;5,6;,4;29,8;26,74;25;75,75;1,966667;
2009-09-08;3,7;6,8;1,1;28,7;26,38;24,7;79,75;2,8;
2009-09-09;4,7;7,9;0;28,8;26,36;24,5;73,75;3,533333;
2009-09-10;5,5;8,6;,2;28,7;25,36;23;75,25;2,333333;
2009-09-11;3,5;8,5;1,6;28,6;25,9;22,8;75,5;2,766667;
2009-09-12;2;,3;17,7;28,2;23,7;22;87,25;1,1;
2009-09-13;2,1;4,8;3,6;27,8;25,38;21,3;77,25;1,7;
2009-09-14;2;0;19,2;26,5;23,96;22,4;93;,4;
2009-09-15;1,1;4,4;22,6;27,7;24,24;21,4;87,5;1,5;
2009-09-16;1,3;4,2;6,3;28,6;25,44;22,2;77;2,3;
2009-09-17;9,5;9,2;,8;28,8;25,46;22,4;76,5;2,3;
2009-09-18;3,5;8,3;,6;29,1;25,76;22;77,25;2,3;
2009-09-19;3;9,5;0;30,3;26,32;22,7;79,75;1,666667;
2009-09-20;,9;5,4;,6;29,5;26,12;23,4;81,25;1,966667;
2009-09-21;,6;9,4;0;29,9;26,18;22,2;77;1,7;
2009-09-22;,8;6,6;,4;28,9;26,08;22,8;75,25;3,733333;
2009-09-23;,6;10,1;0;29,1;24,5;21,9;80,75;1,733333;
2009-09-24;,6;9,6;0;29,6;25,36;19,6;70,25;1,9;
2009-09-25;2,3;8,2;0;29,9;25,76;20,3;72;2,133333;
2009-09-26;3,1;7,7;0;28,7;26,2;23,2;75,25;3,866667;
2009-09-27;7,1;7,9;0;29,9;26,54;24;77;2,933333;
2009-09-28;6,7;,7;0;28,3;26,2;25;78,25;2,7;
2009-09-29;5,6;10;0;29,5;26,08;24;73;2,5;
2009-09-30;3,7;8,6;0;30,3;25,16;19,8;74,75;1,833333;
2009-10-01;3;9,3;0;29,6;25,46;20,8;68;2,533333;
2009-10-02;4,2;9,8;0;29,2;24,6;21,1;74,25;1,4;
2009-10-03;3,9;9,6;0;29,3;24,62;20;73,5;1,9;
2009-10-04;3,9;10;0;29,4;25,18;19,8;71;2,133333;
2009-10-05;4;9,9;0;30,4;25,54;20;70,75;2,166667;
2009-10-06;3,4;9,1;0;30;26,02;21,4;72,5;1,7;
2009-10-07;3,1;9,4;0;29,7;25,46;20;75;2,666667;
2009-10-08;null;9,5;0;30,6;26,4;22;73,75;2,433333;
2009-10-09;3,7;7,9;0;30,4;26,04;21,1;71,75;2,5;
2009-10-10;6,5;6,7;0;30,6;26,44;21,7;68,25;2,1;
2009-10-11;4,4;3,6;1;30,4;25,68;22;76,5;2,4;
2009-10-12;2,6;5,6;,4;31;26,32;22,1;72,25;2,433333;
2009-10-13;1,5;6,6;0;30,8;26,42;21,6;68,5;2,366667;
2009-10-14;4,2;10;0;30,9;26,62;21,4;75,5;2,4;
2009-10-15;4,5;6,5;9;30,2;26,6;22,5;76,5;2,566667;
2009-10-16;3,1;4,4;0;29,4;25,86;22,2;77;2,333333;
2009-10-17;2,7;9,4;2,4;29,6;25,38;20,8;75,25;2,1;
2009-10-18;3,9;4,5;,3;29,6;25,76;22;70,25;2,333333;
2009-10-19;4,6;8,1;0;30,4;25,98;19,8;70,75;2,166667;
2009-10-20;3,6;5,6;3;29,6;26,42;23,8;70,25;2,166667;
2009-10-21;3,4;9,6;0;30,6;26,54;21,5;68,25;3,2;
2009-10-22;4,3;9,6;0;30,6;26,74;22;68,25;2,2;
2009-10-23;4,1;10,6;,2;30,7;27,06;22,8;67,75;3,266667;
2009-10-24;3,6;9,5;0;31,2;27,36;22,8;68,5;3,1;
2009-10-25;4;9,2;0;30,2;27,24;24;72;2,433333;
2009-10-26;4,7;5,9;0;31;27,22;23;72,5;2,766667;
2009-10-27;4;9;0;31,6;26,94;22,9;null;2,75;
2009-10-28;4,5;10,6;0;31,2;26,78;21,7;67;2,066667;
2009-10-29;4,5;9,2;0;31,4;27,88;25,4;66,75;2,633333;
2009-10-30;4;10,5;0;31,4;27,2;22;71;1,333333;
2009-10-31;4,5;9,5;0;31,2;27,34;22,5;67;2,766667;
2009-11-01;5,4;8,2;0;30,4;27,38;25,7;69,5;3,033333;
2009-11-02;4,5;9,2;0;30,6;27,1;23;68,5;3,2;
2009-11-03;4,7;9,6;0;30,8;27,42;23,8;67,75;2,933333;
2009-11-04;4,8;9,2;0;31,4;28,08;25,5;65,25;3,5;
2009-11-05;6,5;8,2;,8;30,9;27,52;24,7;70,75;3,466667;
2009-11-06;9;9;2;31,8;27,84;24,9;69;3,433333;
2009-11-07;7,6;10,2;0;30,8;27,56;25,5;67;2,933333;
2009-11-08;7,3;10,2;0;31;27,22;23,4;67,75;2,333333;
2009-11-09;9,7;10,2;0;30,9;27,16;23;66;2,566667;
2009-11-10;7,7;10,9;0;31,5;27,4;23,1;65;2,033333;
2009-11-11;7,6;6,1;0;30,2;27,18;23,8;69,5;3,1;
2009-11-12;6,2;5,7;0;29,8;26,64;24,9;66,75;2,8;
2009-11-13;7,3;9,7;0;32,4;27,24;22,2;66,75;2,833333;
2009-11-14;6;5,8;13;31;27,04;23,4;69,75;1,933333;
2009-11-15;4;10,7;0;30,8;26,38;20,8;65,75;2,733333;
2009-11-16;5,1;9,9;0;31,3;26,88;20,8;68;2,7;
2009-11-17;2,7;9,1;0;31,6;27,46;22,1;68,75;2,866667;
2009-11-18;4,7;4,7;0;31;26,68;24,6;74,75;2,266667;
2009-11-19;4,2;8,1;2,4;null;null;22,4;73;2,566667;
2009-11-20;6,3;10,2;0;30,6;26,86;22,1;null;3,25;
2009-11-21;6,6;7;0;30,6;24,84;21,8;80,25;3;
2009-11-22;3,9;5,9;,7;30;25,92;20,3;69;2,333333;
2009-11-23;4,4;7,5;0;30,2;25,62;19,8;72;1,833333;
2009-11-24;3,4;4,2;25,6;30,6;25,54;22,5;81,75;1,833333;
2009-11-25;2,9;10,6;,4;30,9;26,94;22;71,5;2,566667;
2009-11-26;4,7;11,2;,6;30,2;26,78;22,9;68,5;2,766667;
2009-11-27;4,2;9,7;0;30,8;27,26;23;71,5;2,933333;
2009-11-28;5;7,2;0;30,5;27,52;25,1;70,75;3,066667;
2009-11-29;4,8;8,4;4;30,6;27,28;24;73,5;2,533333;
2009-11-30;5,1;7,7;,4;31;27,66;25,6;71,25;2,5;
2009-12-01;4,3;10,4;,2;31;27,24;23,6;68,25;2,2;
2009-12-02;4,1;10,2;,3;31,1;26,82;21,2;69,75;2,4;
2009-12-03;4,3;7,2;3;30,6;27,46;24;71,75;2,933333;
2009-12-04;3,7;8,1;0;30,6;27,26;22,8;69,75;2,433333;
2009-12-05;5,7;9,4;0;31;27,46;22,4;70,25;2,5;
2009-12-06;4,8;8,4;0;31,1;28,12;25,9;75;2,933333;
2009-12-07;5;9;0;30;27,32;25;70,5;2,9;
2009-12-08;4,6;10,6;0;31;27,02;22,8;68,25;2,833333;
2009-12-09;5;10;0;31;27,16;22;67,25;2,166667;
2009-12-10;4,5;8,7;0;31,3;27,3;22;70,75;2,733333;
2009-12-11;5,1;9,6;0;31,2;27,88;25,1;68;2,9;
2009-12-12;4,9;7,8;0;31,2;27,36;22,5;68,5;2,566667;
2009-12-13;4,4;8,9;0;31,7;27,86;24;71,25;2,9;
2009-12-14;4,1;9,6;0;31,6;28,04;24,5;71;3,033333;
2009-12-15;4,5;7;0;31;26,66;24,6;74,5;1,666667;
2009-12-16;1,7;6,1;16,4;30;26,66;24;79,5;3,266667;
2009-12-17;1,6;4,5;4;30;25,86;23,9;85,75;1,733333;
2009-12-18;2,4;9,6;,9;31;27,42;23,5;73;2,833333;
2009-12-19;3,2;7,4;,2;31;27,38;24;75,25;2,6;
2009-12-20;4,2;6,3;1,2;30,4;26,94;24;74;2,033333;
2009-12-21;6,9;8,2;0;31,2;26,14;23,5;85;1,933333;
2009-12-22;4,7;4,8;10,3;30,8;26,72;23;75,75;2,233333;
2009-12-23;2,9;6,9;8;30,4;27,22;23,6;74,75;2,566667;
2009-12-24;4,6;4,6;1;31,2;27,78;24;73,25;1,833333;
2009-12-25;5,3;3,5;,7;30,6;27,48;24,5;76,5;3,266667;
2009-12-26;4,6;7,3;0;32;28,16;24,6;76,25;1,666667;
2009-12-27;5,6;4,8;1;31,6;28,08;24;74,5;1,6;
2009-12-28;3,5;8,1;0;31,6;28,34;25,2;73,5;2,666667;
2009-12-29;4;10,4;0;31,6;27,68;23,5;69,5;2,466667;
2009-12-30;3,8;7,8;0;31,3;27,86;23,6;70,25;1,766667;
2009-12-31;3;8,9;,6;32,2;27,86;23,3;70,75;2,233333;
2010-01-01;3;3;0;31;26,88;23,5;79,25;1,466667;
2010-01-02;2;4,9;3,6;31,4;26,92;23,5;77,25;2,4;
2010-01-03;4;8,4;11;30,2;27;23;73,5;2,066667;
2010-01-04;3,5;,2;6,1;29,2;25,38;23;84,5;1,3;
2010-01-05;1,5;6,5;4,8;31;26,9;22,4;73;1,233333;
2010-01-06;4,4;6,7;0;31;26,82;22,5;71,25;1,333333;
2010-01-07;3,7;9,3;0;31,8;27,7;22;69,75;1,9;
2010-01-08;3,6;5,3;1,6;30,8;28,04;25,1;73;2,733333;
2010-01-09;4,3;3,3;,4;29,8;26,64;24;79;2,233333;
2010-01-10;3,5;,5;34;28,6;26,62;23;78,5;1,166667;
2010-01-11;1,9;,1;1,2;29,4;26,02;24;84,5;,5;
2010-01-12;1,3;2,4;2,6;30;26,98;23,6;71,75;1,633333;
2010-01-13;3;7,9;0;31;26,78;22;71,5;1,833333;
2010-01-14;3,5;9,8;0;31,4;27,1;22,8;71,75;2,766667;
2010-01-15;3,5;1,9;0;30,6;27,04;23;82,25;1,666667;
2010-01-16;3;2,5;8,4;29,4;26,28;24,3;87,75;1;
2010-01-17;2,5;1;13,2;28,4;25,02;23;92,5;1,9;
2010-01-18;,9;3,5;35;29,2;25,76;22,2;79,25;1,366667;
2010-01-19;1,8;,9;0;28,4;25,28;23;87,5;1,9;
2010-01-20;1,2;,1;3,4;29;24,72;22,5;91,75;0;
2010-01-21;,6;4,6;1,9;29,2;25,96;23;87;1,4;
2010-01-22;1,6;9,1;38;30,4;26,96;22,5;75;2,533333;
2010-01-23;2,9;,6;1,8;29;26,12;23,9;89,25;,6;
2010-01-24;4,2;10,3;3,6;30,3;26,94;24;77;2,5;
2010-01-25;3,3;7,7;0;30,2;26,82;22;78,75;2,666667;
2010-01-26;3;8;,6;31;27,46;23,2;77,75;1,733333;
2010-01-27;3;7,8;7;30,8;27,66;25,1;77,5;2,233333;
2010-01-28;3,6;7,3;0;30,6;27,42;24;78,25;3,233333;
2010-01-29;2,4;8,6;4,2;30,2;27,18;23,8;78;2,666667;
2010-01-30;2,8;7,3;1,8;30,2;26,28;24,4;88,75;1,966667;
2010-01-31;2,4;8;9,2;30;27,26;23,9;75,75;2,1;
2010-02-01;3,2;8,2;,4;30,2;27,56;25,1;75,5;2,9;
2010-02-02;3,6;9,5;0;31;27,3;23,6;76,5;2,8;
2010-02-03;3,2;9,3;0;31,2;27,76;23,8;75;1,866667;
2010-02-04;3,5;6,1;0;30,9;28,04;25,1;77;2,9;
2010-02-05;4,1;9,8;0;30,8;28,08;25,7;72,5;2,566667;
2010-02-06;3,8;6,6;,6;31,2;27,38;23,4;75,25;1,9;
2010-02-07;3,8;8,9;0;31,2;27,24;22,1;74,25;2,266667;
2010-02-08;3,9;3,5;1,2;31;28,32;26,5;76;1,433333;
2010-02-09;2,8;5,5;4,6;31;27,38;24,6;81,25;1,433333;
2010-02-10;3,1;,4;,9;30;27,2;25,1;76,25;,733333;
2010-02-11;3,7;7,6;1,6;31,3;27,02;23,5;77,25;1,9;
2010-02-12;2,3;7,3;5,6;30,6;27,1;23;76,75;2,466667;
2010-02-13;2,6;9,7;0;31,8;26,42;22;72,75;1,833333;
2010-02-14;3,5;8;0;30,6;27,14;23,2;78,5;2,133333;
2010-02-15;1,9;8,8;,9;32,8;28,24;23;76,5;2,262213;
2010-02-16;3,1;1,8;,6;30,8;27,66;26;88,75;1,566667;
2010-02-17;2,4;,1;19,6;30;27,42;24,6;80;2,633333;
2010-02-18;3;2,9;0;31,2;27,2;23,3;79,25;3,466667;
2010-02-19;1,3;9,7;5,8;31,7;27,96;23;77;1,9;
2010-02-20;4,7;9,9;2,4;30,9;28;25;75;2,766667;
2010-02-21;5;9,8;0;31,2;28,24;25,1;72,75;2,6;
2010-02-22;2,3;4,9;,4;31;27,84;25,1;75,75;1,6;
2010-02-23;4,3;8,3;,6;32,2;28,34;25,1;73;2,933333;
2010-02-24;3,1;4,9;0;31,9;28,1;24,6;75;1,933333;
2010-02-25;3,3;6;0;31,8;28,86;27;74,25;2,1;
2010-02-26;2;6,5;0;32,6;28,6;25,1;74;1,966667;
2010-02-27;4,7;9,5;0;32,7;28,46;24,6;72,5;1,566667;
2010-02-28;3,9;9,8;0;32,7;28,26;23,5;68,75;1,666667;
2010-03-01;3,8;9,6;0;33;28,26;23,5;70,5;1,866667;
2010-03-02;3,6;9,8;0;32,8;28,14;23;73,25;2,166667;
2010-03-03;3,6;9,9;0;32,8;27,86;21,5;68,75;2,033333;
2010-03-04;3,9;8,4;0;33,4;28,18;22;72;1,866667;
2010-03-05;4;9,8;0;33,4;28,62;23,8;70,5;1,8;
2010-03-06;3,6;10,1;0;33,2;28,32;22,5;68,75;1,966667;
2010-03-07;4;9,7;0;33,6;28,64;22,6;68,5;2,466667;
2010-03-08;3,9;null;0;32,7;28,42;23;71,5;2,533333;
2010-03-09;3,6;9,3;2,2;32,8;28,16;23,5;73;1,666667;
2010-03-10;5;10,1;0;32,8;28,22;23;69,25;1,066667;
2010-03-11;4,6;6,7;0;32,2;27,98;22,6;68,25;1,966667;
2010-03-12;4;9,4;0;33,5;28,56;23;64,5;1,733333;
2010-03-13;5,8;9,7;0;33,4;28,36;21,5;65,25;2,366667;
2010-03-14;5,1;9,9;0;33;28,74;23;69,5;3,133333;
2010-03-15;4,8;8,8;0;32,8;29,02;24,7;70,75;3,2;
2010-03-16;7,3;10,3;0;32,6;27,76;24,9;69,75;2,533333;
2010-03-17;4,2;9,3;4;30,8;26,12;22,7;93,25;0;
2010-03-18;1;9,4;26;32,2;27,46;24;81,5;1,6;
2010-03-19;3,2;7,3;6,2;32;27,64;23,4;82,75;1,233333;
2010-03-20;2,8;8,4;0;32,4;28,94;24,6;71;2,566667;
2010-03-21;3,5;3,1;3,6;32,4;28,72;24,9;76,75;1,9;
2010-03-22;3;1,3;0;31,8;28,56;25,1;74,25;2,3;
2010-03-23;3,5;4,1;0;32;27,66;25,1;88;1,933333;
2010-03-24;4,5;9,8;8,3;31,6;27,16;23,5;80,5;1,766667;
2010-03-25;3;1,1;8,3;29,2;25,36;23;93,25;,666667;
2010-03-26;1;1;22,1;29,6;26,44;22,5;85,25;2,166667;
2010-03-27;1,5;5,3;2,8;31,2;26,42;23,5;84,75;,833333;
2010-03-28;2;6,4;0;31,9;27,3;22,5;80;1,933333;
2010-03-29;2,4;7,5;0;31,6;27,7;24;79,25;1,1;
2010-03-30;2,4;9,9;0;32;28;23;75,75;2,466667;
2010-03-31;2,8;9,6;9,2;32,2;28,38;24,5;73,5;2,1;
2010-04-01;2,4;5,6;23;31,3;26,6;24;86,25;1,233333;
2010-04-02;1,2;8,3;7;32;27,84;24;81,75;1,566667;
2010-04-03;2,4;9,2;0;31,8;27,86;24,7;81,5;2,466667;
2010-04-04;3,8;9,5;7,6;31,6;27,98;23,5;73,25;2,866667;
2010-04-05;3;9,2;11;31,8;27,56;23;82,75;1,2;
2010-04-06;2,6;7,4;5;31,4;27,9;25;83,25;1,5;
2010-04-07;1,9;8;0;33;28,36;24;78;1,533333;
2010-04-08;4;6,9;8,2;32,8;28,84;24,6;79,75;1,966667;
2010-04-09;2;1,3;2;29,6;26,76;24;82,75;1,466667;
2010-04-10;1,2;,3;47;28,1;25,26;24;92,25;,666667;
2010-04-11;1,1;4,8;5,8;30,2;26,44;22,6;85;,933333;
2010-04-12;,9;7,4;28;31,2;26,58;22,5;81,75;,933333;
2010-04-13;1,8;10,1;0;31,6;27,02;23;82;1,466667;
2010-04-14;2,5;9;0;31,6;27,34;23,4;78;1,233333;
2010-04-15;2,2;6,8;10,3;31,5;27,24;23,5;81,25;1,766667;
2010-04-16;2;0;8;31,6;27,32;23,5;84,25;1,733333;
2010-04-17;1,8;2,7;11,2;29,8;26,1;24;98,25;1,733333;
2010-04-18;,5;1,9;47;30,2;26,72;23;84,25;1,6;
2010-04-19;1,6;10,3;0;31,1;27,12;23,5;81;2,6;
2010-04-20;4;10,1;,4;30,7;26,14;23;79,75;1,8;
2010-04-21;2,1;6,7;0;30,6;25,54;22;82,25;1,4;
2010-04-22;1,9;10,1;0;31,1;27,48;22;77,25;2,5;
2010-04-23;2,8;7,2;22,6;30,6;27,18;23,5;81,25;2,233333;
2010-04-24;,7;7,9;5;30,8;27,42;23,3;75,5;2,8;
2010-04-25;3,7;8,7;3;30,7;27,84;24,6;77;3,1;
2010-04-26;2,5;3,9;,6;30,2;25,94;23;93,75;1,066667;
2010-04-27;,8;9,9;16,2;31;26,48;23;85,5;1,5;
2010-04-28;1,8;8,3;4,4;30,7;26,34;22;81,75;1,5;
2010-04-29;1,9;10,4;0;31;26,58;22,9;83,25;2,066667;
2010-04-30;1,3;8,8;0;30,9;27,16;23,1;77,75;2,6;
2010-05-01;2;10,2;0;30,8;26,88;24;83,25;1,4;
2010-05-02;1;10,2;0;31,1;27,28;22,5;81,25;2,133333;
2010-05-03;,8;4,9;0;31,4;26,78;23,5;86,25;1,1;
2010-05-04;1,2;7,8;5,3;30,4;26,2;22,5;85,5;1,566667;
2010-05-05;1,2;5,5;16,4;30,1;26,88;23;76,75;1;
2010-05-06;1,8;9,3;3,2;30,6;27,22;23;77,25;2,466667;
2010-05-07;2,3;7,3;,2;30,6;27,22;21,7;72;2,533333;
2010-05-08;4,4;6;0;30,2;26,32;23;83,5;1,833333;
2010-05-09;1,6;9,9;1,4;30,4;25,86;21,8;80,25;1,6;
2010-05-10;2,4;7,1;,5;30,6;26,3;24;85;,433333;
2010-05-11;1,9;6,7;0;31,1;27,2;23,3;78,5;2,5;
2010-05-12;2,2;1,5;1,2;29,2;26,02;24;90;1,5;
2010-05-13;,5;5;48,4;31,2;25,9;23,6;87,75;1;
2010-05-14;1;9,9;,4;30,1;26,56;22,5;77,25;1,666667;
2010-05-15;1,9;7,6;0;30,4;25,6;21,6;81,75;1,766667;
2010-05-16;1,7;7,5;0;30,7;26,3;22,4;85;1,133333;
2010-05-17;1,4;4,4;4,8;29,8;25,76;22,5;88,75;1,1;
2010-05-18;1,5;7,3;2,3;29,8;26,62;22;77;2,633333;
2010-05-19;3,2;8,1;,7;30,2;25,9;22,1;85,25;1,633333;
2010-05-20;2,4;9,2;0;30,2;26,02;22,5;84;1,966667;
2010-05-21;2,4;9,2;4,2;30,4;25,86;19,2;81,75;1,366667;
2010-05-22;2;4,3;0;30,2;26,06;23;86,5;1,1;
2010-05-23;1,5;5;9,4;29,8;25,8;24;90,75;1,2;
2010-05-24;1,3;8,9;3,4;29,8;25,82;23;84,25;1,633333;
2010-05-25;2,2;6,2;11,2;29,8;26,34;null;81,75;2,1;
2010-05-26;2,4;9,7;0;30,4;26,14;23;81,25;1;
2010-05-27;4,9;6,8;0;30;26,14;22,5;83;1,566667;
2010-05-28;1,8;8,8;1,3;30,2;26,04;23,2;84,25;1,133333;
2010-05-29;2,8;9;0;30,4;26,12;23;81,75;2,133333;
2010-05-30;2,5;10,1;0;30,8;26,06;22,6;82,5;1,8;
2010-05-31;2,4;,9;0;29,6;25,66;22,5;88;1;
2010-06-01;,8;6,2;2,2;31,9;27,12;23,6;81,75;1;
2010-06-02;2;9,7;1,4;31;26,7;23,8;83,75;1,1;
2010-06-03;2,1;8,7;7,4;30;26,42;24;88;1,566667;
2010-06-04;1,4;3,5;11,6;29,2;25,54;23,5;92,5;,266667;
2010-06-05;,6;3,9;15,7;29,6;25,8;22;86,25;1,733333;
2010-06-06;1,4;8,8;0;30,7;25,96;23;85,75;,733333;
2010-06-07;1,5;9,4;0;30;27,1;23,8;70,75;2,866667;
2010-06-08;2,3;8,6;,8;29,9;24,88;22,1;83,25;1,5;
2010-06-09;3,7;10,4;0;30,4;25,66;19,8;79,75;1,366667;
2010-06-10;3;7,7;0;29,6;25,94;23,4;84,75;1,766667;
2010-06-11;1,6;7,2;4;29,2;24,94;22,3;86,75;1,5;
2010-06-12;1,2;9,5;8,6;29,8;25,5;22,7;83,75;2,433333;
2010-06-13;2,2;,5;2;26,7;23,98;22,7;95,25;1,533333;
2010-06-14;,8;0;22;26,8;23,5;22;88,75;2,6;
2010-06-15;,2;null;8,4;27;24,26;21,9;91;1,466667;
2010-06-16;1;,3;82,4;26;24,28;22,6;93,25;1,8;
2010-06-17;,4;2,4;116,4;28,8;25,72;23,8;90,75;1,8;
2010-06-18;1;4,3;149,7;29,2;26,12;24,3;89,75;,9;
2010-06-19;,5;7;15,6;29,2;25,28;23,5;86,25;1,5;
2010-06-20;1,6;8,6;1,1;29,1;25,1;22;83,75;1,833333;
2010-06-21;2,8;9,7;0;29,8;25,96;22,6;80;1,4;
2010-06-22;1,9;9,2;7,4;30,6;25,9;23;83;,866667;
2010-06-23;1,8;4,2;20,2;29,2;24,76;22,5;81,75;2,766667;
2010-06-24;1,6;10,1;0;29,1;24,7;20,4;78,25;2,233333;
2010-06-25;4;9;,8;29,2;25,92;22;77,5;2,666667;
2010-06-26;5;9,5;,7;29,4;25,42;22,8;84,25;2,6;
2010-06-27;1,6;null;17,6;28;25,18;23;89,5;2,366667;
2010-06-28;,6;1,9;37,4;27,5;24,32;23,3;89,75;2,433333;
2010-06-29;1,2;5,6;10,5;28;24,22;21,4;87,25;1,4;
2010-06-30;1,6;4,4;0;28,6;24,14;20,8;82,75;1,1;
2010-07-01;2;2,1;0;28,6;24,34;20,4;87,5;1,966667;
2010-07-02;1,8;2,5;6,4;28;24,06;22,1;85,5;2,066667;
2010-07-03;2,2;7,9;,2;29;23,9;20,8;83;1,466667;
2010-07-04;3,4;9,8;0;28,4;23,98;19,8;81;1,866667;
2010-07-05;3;7,7;,8;29;24,62;22;85,25;1,833333;
2010-07-06;3,8;9,4;,7;28,6;24,38;21,3;80,25;2,033333;
2010-07-07;3,3;2,8;,3;27,9;24,24;21,4;86;,966667;
2010-07-08;1,3;4,5;40,2;27,2;24,5;22;92,5;,733333;
2010-07-09;1,2;,1;35,2;27,2;24,66;21,8;87;1,666667;
2010-07-10;1,5;4,7;2,4;28,2;24,78;21,7;86,5;,733333;
2010-07-11;2,5;6,4;3,5;28,3;24,3;21,9;90,75;,733333;
2010-07-12;1;7;3,4;29,2;25,04;22,1;87,75;,4;
2010-07-13;2,8;4,6;30,4;28,4;24,4;21,7;89,5;2,066667;
2010-07-14;2;9,5;13,8;29,5;25,08;21,7;83,75;2,033333;
2010-07-15;2,3;9,7;1;28,9;24,6;21,4;86,75;1,9;
2010-07-16;2,2;1,6;6;29;25,34;22,4;88;2,033333;
2010-07-17;2,9;5,7;34,6;28,4;24,3;22;85,5;2,633333;
2010-07-18;2,6;8;,6;28;23,98;null;79,25;2,233333;
2010-07-19;2,7;9,5;1,4;27,7;24,32;20,6;78;1,6;
2010-07-20;2,9;10,3;,6;28,3;23,88;20,6;82,5;1,5;
2010-07-21;2,8;8;4,8;27,8;24,82;21,5;83,25;1,4;
2010-07-22;2,3;4,8;14,3;27,8;24,02;21,5;89,25;2,533333;
2010-07-23;2,3;4,4;6;27,6;24,5;22;78,75;2,366667;
2010-07-24;1,9;5,7;3,4;28,1;23,8;20,1;83,5;2,133333;
2010-07-25;1,7;0;14,6;26,2;24,28;22;86;2,333333;
2010-07-26;2;1;2,2;27,7;24,3;21,4;84;2,7;
2010-07-27;2,2;4,8;1,9;28,2;24,18;21,4;84,25;2,033333;
2010-07-28;2,2;10,1;2,8;28;25,1;22;71;2,566667;
2010-07-29;3,1;6,3;10;28,4;24,38;21,6;79;2,466667;
2010-07-30;2;6,5;5,2;28,2;24,86;21,5;82,75;3,166667;
2010-07-31;2,4;3;12,7;27,4;25,1;22,9;77,75;3,166667;
2010-08-01;3,1;8,8;,2;28,2;24,68;21,2;77,75;1,033333;
2010-08-02;3,5;,2;0;25,6;23,42;19,8;90,25;2,066667;
2010-08-03;1;4,1;13,4;27,1;23,68;21,3;82,5;2,233333;
2010-08-04;2;8,2;0;28,4;23,8;null;75,5;2,4;
2010-08-05;3;1,4;7;27,4;22,3;19,8;90,25;2,933333;
2010-08-06;1;0;12,4;24,6;22,14;19,4;95,25;1,2;
2010-08-07;,8;1,8;33;26,2;22,62;20,7;87,5;,566667;
2010-08-08;1,2;9,7;2,1;28,7;24,08;19;78,5;1,566667;
2010-08-09;2;,7;5;25,8;22,62;19,4;91,75;,966667;
2010-08-10;2;10,3;8,1;28,2;24,42;22;73,75;3,333333;
2010-08-11;3,7;4,7;4,6;27,2;23,18;20,3;87,5;2,033333;
2010-08-12;2,3;2,3;5;27,4;24,12;20,6;73,75;2,333333;
2010-08-13;4,6;9,4;0;28;23,74;20,8;79,75;2,833333;
2010-08-14;2,6;7,1;0;28,4;23,52;20,7;79,25;1,5;
2010-08-15;2,2;9,7;0;28,2;23,32;19,4;79,5;1,933333;
2010-08-16;2,1;5;0;28,8;23,8;19,8;83,75;1,033333;
2010-08-17;1,6;9,3;0;28,4;24,14;20;80;2,566667;
2010-08-18;3,8;2,3;3;26,8;23,3;19,8;75,25;3,1;
2010-08-19;3,3;4,9;,2;26,8;22,76;20,2;81,5;2,133333;
2010-08-20;2,7;8,2;1,7;27,6;22,94;19,7;81,75;1,366667;
2010-08-21;3;,6;9;26;23,4;20,6;94;2,766667;
2010-08-22;1,2;2,6;27,4;27,8;23,92;21,4;87;2,233333;
2010-08-23;1,5;5,1;27,9;27,2;23,86;20,3;84,25;2,366667;
2010-08-24;2,8;6,6;6,4;27,9;24,2;21,3;82;2,4;
2010-08-25;2,9;2,1;0;28,2;23,9;20,4;88;,5;
2010-08-26;1,7;5;3,6;28;24,86;21,8;82,25;2,4;
2010-08-27;2,6;4,7;8;28,2;25,26;22,6;81,5;2,233333;
2010-08-28;2,6;6,7;,3;28,2;23,92;20,2;85;2,766667;
2010-08-29;5;2,9;7,4;28;24,72;22,2;83,25;2,766667;
2010-08-30;3;6,4;2,2;28;23,98;20,8;77,75;1,933333;
2010-08-31;3;6,1;3,3;28;24,3;21,7;82,75;1,833333;
2010-09-01;4,1;6,8;4,2;27,8;24,28;21,9;82,75;1,833333;
2010-09-02;2,9;8;17,2;28,2;24,6;21,6;74,5;3,233333;
2010-09-03;4,1;10,1;1,2;28,4;24,3;21,8;75;2,433333;
2010-09-04;4,7;,9;1,1;27;23,66;21,5;78;2,166667;
2010-09-05;3;10;4,3;28;23,6;20,7;76,5;2;
2010-09-06;3,3;8,3;0;28,2;23,78;18,2;70,75;2,5;
2010-09-07;4;9,5;1,8;27,8;24,1;20,2;82,5;1,766667;
2010-09-08;2,6;6,1;,8;28,8;null;null;86,25;1,9;
2010-09-09;2,9;2,3;0;28,2;25,62;23;79,5;2,833333;
2010-09-10;2,7;9,5;3,5;27,8;24,5;20,8;71,5;3,2;
2010-09-11;4,7;8,4;1,7;28,2;24,9;22;71,75;2,866667;
2010-09-12;4,1;7;1,6;27,8;25,14;22,3;74,25;3,633333;
2010-09-13;4,7;10;0;28,6;25,92;23,8;68,75;2,8;
2010-09-14;4,3;,3;8;26,4;24,66;23,2;86,75;3,433333;
2010-09-15;2;8,7;10;28;24,54;20,2;75,25;3,2;
2010-09-16;4,6;7,8;0;28,8;25,14;20,6;73;2,233333;
2010-09-17;4,5;8,5;1,6;28,2;25,62;22,1;71;2,6;
2010-09-18;3,5;8,5;,4;28,6;25,42;21,2;73;2,433333;
2010-09-19;3,2;4,1;0;27,6;24,38;22;79;3,933333;
2010-09-20;3,1;7,8;1;28,3;25,06;null;75,25;2,933333;
2010-09-21;4,2;8,9;,7;28,8;25,8;22,5;76,75;3,433333;
2010-09-22;3,9;8,5;0;28,6;25,9;23,4;77;3,3;
2010-09-23;6;5,2;,6;28,4;24,96;19,3;71,5;2,9;
2010-09-24;4;2,7;1,6;27,5;25,16;21,9;76;2,733333;
2010-09-25;4,1;3,7;3,2;28;25,2;23,1;81,75;2,333333;
2010-09-26;2,5;4,3;8,6;28;25,5;22,8;76,5;2,233333;
2010-09-27;4;9,3;0;28,4;25,74;22,2;70,25;2,933333;
2010-09-28;4,2;1,9;,8;28,3;24,84;21,5;76;2,266667;
2010-09-29;2,6;9,8;,4;30,4;26,06;20,1;69,5;1,933333;
2010-09-30;3,9;9,5;0;29,4;25,94;22;67,75;2,533333;
2010-10-01;3,2;8,3;0;30,4;26,14;20,2;72,75;2;
2010-10-02;3;8,9;0;30;26,48;23;74,5;2,533333;
2010-10-03;3,7;9,9;,6;29,5;26,3;23,6;75,75;2,266667;
2010-10-04;2,8;9,1;0;29,8;25,9;22,4;69,5;2,733333;
2010-10-05;4,8;10;0;29,4;24,14;20,8;75,75;2,433333;
2010-10-06;4,7;9,9;0;29,5;25,24;19,3;70;2,533333;
2010-10-07;4;9,3;0;29,6;25,78;20,1;72,25;2,666667;
2010-10-08;6,3;8,8;0;30,4;26,22;21,6;70,25;2,733333;
2010-10-09;3,9;8,8;0;30,3;25,98;20,4;70,75;1,7;
2010-10-10;3,8;7;0;30,2;26,48;21,6;71,75;2,4;
2010-10-11;4,6;8,9;0;30,2;26,68;24;74,25;3,1;
2010-10-12;4,8;7,1;0;29,2;26,64;24,3;71,5;3,4;
2010-10-13;4,5;8,1;0;29,8;26,86;24,5;69,5;3,233333;
2010-10-14;5,7;5,9;0;30;26,92;24;71,25;3,8;
2010-10-15;6,7;7,8;0;30;27;25,1;65,75;3,833333;
2010-10-16;5,8;8,5;1,4;29,4;26,3;23,6;69;3,933333;
2010-10-17;4,3;6,6;,9;29,6;26,78;23,4;72,75;2,966667;
2010-10-18;3,5;7;,3;30,6;26,8;23,4;70,25;3,066667;
2010-10-19;4,7;6,4;0;31,1;27,3;23,5;68,25;1,966667;
2010-10-20;3,5;8,3;0;31;27,22;22,8;66,5;2,333333;
2010-10-21;4;8,6;0;31,1;27,4;23,8;69;2,266667;
2010-10-22;4,8;1;0;30,9;25,82;23,2;80,5;1,166667;
2010-10-23;1,7;0;17;27,3;24,56;22,7;89,5;1;
2010-10-24;1,2;1,2;12,4;28,1;25,24;23,3;84,25;,566667;
2010-10-25;2,2;4,9;,8;29,4;26,58;23,4;69,75;3,033333;
2010-10-26;3,3;9;0;30,9;26,9;22,6;70;2,3;
2010-10-27;3,7;1;0;29,3;26,74;23,5;70,5;2,766667;
2010-10-28;2,6;2,8;0;31,2;27,22;23,2;69,5;2,633333;
2010-10-29;3,5;3,5;0;31;26,46;23,8;81;1,566667;
2010-10-30;2,4;6,2;3,6;29,8;26;22,6;75,75;1,966667;
2010-10-31;3,8;6,8;,4;30,2;26,46;22;71,75;1,6;
2010-11-01;2,8;10,4;0;30,2;27,12;24,9;69,5;2,6;
2010-11-02;5,3;9,2;0;30,2;26,38;21,4;68,75;2,7;
2010-11-03;4,4;8,4;0;30,4;25,16;21,4;75,5;1,5;
2010-11-04;3,4;7,6;0;30,6;26,98;22;74;2,866667;
2010-11-05;4,1;7;17;29,6;26,72;23,9;73,75;2,5;
2010-11-06;2,6;8,4;,2;30,4;26,58;23;72,5;2;
2010-11-07;4,5;5;,3;30,4;26,88;22,6;73,25;2,7;
2010-11-08;4,7;10,9;0;30,2;27;23,4;67,5;3,6;
2010-11-09;6,2;8;1,6;29,8;26,46;23;65,5;2,233333;
2010-11-10;4,6;6,7;,6;30,2;26,06;20,8;74,75;2,033333;
2010-11-11;7;7,6;,4;30,3;27,34;24,6;71;2,966667;
2010-11-12;7;10,6;,4;30,6;27,6;24,8;67,5;2,766667;
2010-11-13;7,5;8,2;3;30;27,36;24,7;71;3,2;
2010-11-14;7,4;10,4;0;30;26,26;22,6;69,25;2,266667;
2010-11-15;4,7;6,8;0;30;26,1;21,3;67,25;2,6;
2010-11-16;7,1;10,9;0;30,6;26,5;22,6;66,75;2,066667;
2010-11-17;7;10,5;0;30,8;26,56;19,8;64,25;2,666667;
2010-11-18;6,8;10,6;0;31,4;27,06;20,2;60;1,966667;
2010-11-19;9,7;8,7;0;31,4;27,16;22;68,25;3,033333;
2010-11-20;5,5;9,9;0;31,4;27,38;22;63;2,2;
2010-11-21;6,6;10,5;0;31,3;27,4;22,8;64,75;2,233333;
2010-11-22;6,4;9,5;0;31,1;27,58;24,6;64,25;3,233333;
2010-11-23;6,6;10,7;0;31,4;27,52;24,5;66;3;
2010-11-24;6;8,9;0;31,6;27,34;21,4;67,5;2,766667;
2010-11-25;6,6;7;0;31,2;28,22;26;68;2,766667;
2010-11-26;6,7;9;0;31,4;27,96;25,3;62,75;2,5;
2010-11-27;4,1;10,8;0;31,6;28,16;25;61,75;2,766667;
2010-11-28;5,9;10,5;0;31,9;28,08;24,4;65;2,3;
2010-11-29;6,1;9,3;0;31,4;27,14;20,8;64;2,433333;
2010-11-30;7,3;10,7;0;30,8;27,62;25,2;66,75;2,933333;
2010-12-01;6,4;7,4;,3;30,6;26,88;22;69,5;2,333333;
2010-12-02;6;8,7;0;30,2;27,6;25,4;70,5;3,4;
2010-12-03;5;5;1,2;30,8;26,84;24,3;71,75;2,833333;
2010-12-04;6,8;6,6;0;31;26,78;21,9;67,75;2,9;
2010-12-05;5,9;6,9;0;31,6;27;22,4;70,25;2,233333;
2010-12-06;6;9,5;0;31,8;27,42;21,9;66,5;2,7;
2010-12-07;5;6,6;0;31,8;27,26;22,2;68,25;2,633333;
2010-12-08;5,2;4,5;0;31;27,7;22,6;64,5;1,366667;
2010-12-09;4,3;8,9;,8;32,9;28,48;23,9;65;3,4;
2010-12-10;5,5;0;0;32;27,56;24,3;76,25;2;
2010-12-11;5,2;9,6;0;32,2;28,06;23,2;65,75;2,6;
2010-12-12;5,8;9;0;31,8;27,7;23;66;2,3;
2010-12-13;4,2;3,9;0;31,1;27,04;22,7;68,75;2,3;
2010-12-14;4,4;6,5;0;31;27,54;23,6;65,75;2,3;
2010-12-15;6,8;7,3;0;31,4;27,22;23;71,5;3,133333;
2010-12-16;4,2;5,2;5,6;31;27,42;24;71,25;3,166667;
2010-12-17;4,1;3,3;10,8;30,1;25,68;23,3;87,25;1,966667;
2010-12-18;2,6;9,6;49,3;30;26,1;21,6;75;2,066667;
2010-12-19;3,3;6,5;6;30,6;27,14;23,2;70,25;2,766667;
2010-12-20;8;7,9;0;30,2;27,3;23,2;72,5;2,366667;
2010-12-21;5,8;3,9;1,2;30;27,18;25,2;75,75;2,466667;
2010-12-22;3,5;9,2;6,6;30,2;26,16;23,9;76,25;2,433333;
2010-12-23;3,7;10,1;0;30,4;26,82;22;71,25;2,733333;
2010-12-24;6,5;,6;0;30;27,06;23,8;74;1,5;
2010-12-25;4;10,4;0;31,3;27,26;22;70,25;2,366667;
2010-12-26;4;10;0;30,3;26,94;22,2;69,25;1,7;
2010-12-27;6,1;10,8;0;30,4;26,5;21,6;66;2,666667;
2010-12-28;3,5;5,7;3;30,4;26,5;21,6;68,25;2,166667;
2010-12-29;3,5;9,6;0;31,5;27;21,7;69;2,166667;
2010-12-30;3,7;6,7;0;31,4;27,32;22,5;69,75;2,233333;
2010-12-31;5,8;10;0;31;27,08;22,2;64,5;2,6;
2011-01-01;8;7,3;0;30,5;27,62;25;68,5;3,433333;
2011-01-02;9,7;9,1;0;31;27,54;24,3;68,25;3,166667;
2011-01-03;7,9;9,1;1,4;31,4;27,08;22,5;72,25;2,3;
2011-01-04;2,4;3,1;31,7;29,4;26,08;23,9;82,25;1,833333;
2011-01-05;3,3;8,6;1,2;30,8;25,9;23,5;77,25;2,266667;
2011-01-06;3,7;5,7;3,2;30,2;26,6;22;72,5;3,2;
2011-01-07;4;10,6;,2;30;27,04;23,3;69;3,333333;
2011-01-08;4,5;8,5;0;30,4;27,28;23,9;68,75;2,566667;
2011-01-09;4,2;8;0;30,6;26,72;22,2;65,75;2,5;
2011-01-10;3;1,3;,3;30,3;26,68;23,9;76,25;1,666667;
2011-01-11;2,5;9,5;2,7;31,4;27,42;22;68,75;1,566667;
2011-01-12;4,2;6,9;1;31;27,92;25;73,75;1,966667;
2011-01-13;4,4;9,9;,2;30,9;28;25,9;71,75;3,233333;
2011-01-14;4,5;6,2;0;30,6;26,32;22,2;69;2,633333;
2011-01-15;3,9;7,9;1,8;30,9;26,66;21,6;71,25;1,766667;
2011-01-16;3,3;10,1;0;31;26,82;21,7;68,5;1,666667;
2011-01-17;5;7,4;0;31,5;27,52;22,2;71,25;3,2;
2011-01-18;5;7;0;31,6;27,16;21,7;69,5;2,5;
2011-01-19;4,6;7,3;0;31,6;27,24;22,1;71,5;2,233333;
2011-01-20;3,4;1,6;0;31,6;27,14;22,9;75,5;2,233333;
2011-01-21;2,5;,5;18;27,4;24,36;22,6;88,75;,566667;
2011-01-22;1,5;1,3;27,2;28,1;25,1;22,9;84;,833333;
2011-01-23;1,1;1,7;9,1;28,8;25,1;22,5;87,5;1,8;
2011-01-24;1,1;,4;8,4;29,6;25,48;23,5;86,25;,8;
2011-01-25;1,3;6,1;13;30,2;26,68;22,5;82,5;,666667;
2011-01-26;1,7;6,9;0;30,6;26,7;21,1;75,25;2,066667;
2011-01-27;3,3;5;2,4;30;27,16;23,4;73,5;3,1;
2011-01-28;2,5;4,1;8;30;26,14;23,4;77,25;1,133333;
2011-01-29;2,2;8,1;0;30,3;26,56;21,7;75;1,966667;
2011-01-30;2,7;4,1;,5;30,4;26,84;23,4;78,5;1,5;
2011-01-31;3,6;9;9;30,6;27,36;23,3;73,25;2,4;
2011-02-01;2,8;8,9;7,6;30,4;27,28;23,9;72,5;2,333333;
2011-02-02;4,4;9,9;0;31,4;27,38;22,9;64;1,666667;
2011-02-03;3,4;4,4;0;30,3;26,88;22,3;71;3,033333;
2011-02-04;4,8;10,2;,4;30,8;27,42;23,2;66;2,033333;
2011-02-05;4,4;7,1;0;30,8;27,32;23;71,25;2,666667;
2011-02-06;5,2;10,1;,2;31;27,52;23;68,75;2,5;
2011-02-07;5,4;10,3;0;30,6;27,48;23,1;70,75;2,066667;
2011-02-08;5,3;6,6;0;30,4;27,18;23;65,25;2,7;
2011-02-09;3,7;10,1;2;31;27,34;23,2;67,25;1,933333;
2011-02-10;4,2;5,9;0;31;27,94;24,6;71,75;3,1;
2011-02-11;3,6;7,4;0;31,2;27,56;23,7;73,75;2,766667;
2011-02-12;3,8;10,1;0;31,8;27,72;24,3;70,25;2,733333;
2011-02-13;3,3;3,2;113;31,8;25,78;22;84,5;1,1;
2011-02-14;1,5;6,6;56,2;30,8;25,98;22,7;82;,566667;
2011-02-15;2,5;9,6;,2;30,3;27,16;23,9;71,5;2,333333;
2011-02-16;3,5;6,7;1,4;30;26,94;22;72,75;2,7;
2011-02-17;3,5;11;0;30;26,42;22,2;76;1,166667;
2011-02-18;2,3;10,7;1,2;31;26,86;22,1;70,25;1,966667;
2011-02-19;3,2;9,2;1;31,2;27,22;23,1;73,25;2,666667;
2011-02-20;3,2;0;69;27,1;24,2;22;93;,566667;
2011-02-21;,4;4,8;20,6;30;26,12;21,9;85,75;1,566667;
2011-02-22;1,9;7,9;11,4;31;27,2;22,9;73,25;2,7;
2011-02-23;2,5;7;1,8;30,8;27,66;23,6;74;2,666667;
2011-02-24;3;8,9;0;31,4;27,6;22,7;74,25;1,766667;
2011-02-25;2,8;8,9;3,4;31,4;27,7;23,2;75;1,733333;
2011-02-26;2,4;5,8;7;30;26,6;23;72,5;2,4;
2011-02-27;2,3;,1;13,6;27,7;25,54;22,8;86,5;,566667;
2011-02-28;1,8;7,4;26,6;30,4;25,68;21,9;80,5;1,266667;
2011-03-01;2,6;3,3;0;30;26,78;20,8;73;1,6;
2011-03-02;2,5;10,2;,6;31,7;27,52;23,3;67,25;2,133333;
2011-03-03;3,7;9,4;0;31,1;26,78;21,6;79,75;1,933333;
2011-03-04;2,8;9,6;2;31;27,28;23,1;75,75;2,1;
2011-03-05;3;3,5;25,5;30,6;25,7;23,8;87,75;1,966667;
2011-03-06;1,2;10,2;12,8;31,3;27,08;21,5;71,5;1,666667;
2011-03-07;3,1;9,1;4,7;31;27,46;23,3;78;1,666667;
2011-03-08;2,9;6,6;22,8;31,2;27,34;23,2;77,25;2,466667;
2011-03-09;3;2,1;0;30,8;27,78;24;74;1,9;
2011-03-10;3,5;8,6;3,2;31,2;27,58;23,7;69;1,566667;
2011-03-11;3,1;7,9;6,8;31,5;27,8;23,9;72,75;2,133333;
2011-03-12;4,4;9,6;0;31;27,7;25,1;72,5;2,833333;
2011-03-13;4;9,1;0;32;27,22;22;68,25;1,1;
2011-03-14;3,6;10,3;0;32;27,06;21,5;71;1,6;
2011-03-15;3,1;9,1;1;31,9;26,96;22,7;80,75;,833333;
2011-03-16;3;1,7;0;32,2;27,26;23;74,75;1,6;
2011-03-17;2,8;9,5;0;32,4;27,46;21,8;71;,6;
2011-03-18;2,6;10,1;0;32,7;27,64;21,7;67,75;1,1;
2011-03-19;4,1;9,8;0;32,4;27,26;22,5;70;1,266667;
2011-03-20;1,8;9,8;0;31,8;26,9;21,6;73,75;1,066667;
2011-03-21;2,5;10;0;31,8;27,02;23,2;77,25;1,9;
2011-03-22;2,2;9,9;0;31,8;26,9;21,5;73,5;1,666667;
2011-03-23;3;10,2;0;32,4;27,34;21,8;73,75;1,8;
2011-03-24;4;3,2;,4;32;27,5;23;81;2,2;
2011-03-25;2;9,1;15,4;31,8;27,62;22,8;73,25;1,666667;
2011-03-26;2,5;9,1;1,5;31,8;27,8;22,9;70,5;1,233333;
2011-03-27;2,8;9,3;10,8;31,5;26,96;23,5;81,25;1,6;
2011-03-28;2,2;6,8;6,4;30,8;27,48;22,7;73,5;1,7;
2011-03-29;2,5;9,2;0;31,2;27,26;22,8;74;1,666667;
2011-03-30;2,3;9,9;,6;31,5;27,18;22,2;75;1,433333;
2011-03-31;2,4;8,8;15;31;27,4;23,5;75,75;1,266667;
2011-04-01;3,1;9,1;0;31,7;27,84;22,5;72,25;1,4;
2011-04-02;3,4;9;,6;32,4;28,56;24,3;70,75;1,833333;
2011-04-03;2,3;8;0;32,1;27,26;22;71,75;1,966667;
2011-04-04;2,2;7,2;3;31;27,06;22,7;71;1,766667;
2011-04-05;2,4;9,2;4,3;31,2;27,46;23,2;75,75;2,5;
2011-04-06;2,6;9,7;,2;31,6;27,54;22;68,5;1,966667;
2011-04-07;2,7;9,5;0;31,3;26,5;21,4;76;1,133333;
2011-04-08;3,3;,4;20,6;28;25,32;22,8;90,5;1,766667;
2011-04-09;,5;0;46,5;26;24,38;22,9;96;,566667;
2011-04-10;,1;1,2;35,8;27,6;25,7;22,5;79,75;1,766667;
2011-04-11;,2;2,1;33,6;29;25,26;22,9;89,75;,933333;
2011-04-12;2;0;76,3;26,8;24,7;22,7;95,25;,5;
2011-04-13;,7;,6;13,4;30,4;26,62;22,6;80,25;1,866667;
2011-04-14;2,5;5,7;1,4;30,4;26,2;23;84,75;,9;
2011-04-15;1,4;5,5;15,8;30,8;25,88;22;80,25;1,766667;
2011-04-16;2,1;null;0;31;26,44;22;78,5;1,133333;
2011-04-17;2,5;1,5;1,4;29;25,62;22;87,5;,566667;
2011-04-18;1;,8;94,8;29,2;25,28;22,5;92;,666667;
2011-04-19;1;0;92,2;26;23,44;20,8;93,5;0;
2011-04-20;,3;1,5;1,2;28,7;24,74;21,6;91,5;1,266667;
2011-04-21;,7;0;83,9;28,8;24,58;21,8;94,5;1,1;
2011-04-22;,6;10,1;9,6;30,2;26,14;21,8;83,25;1,9;
2011-04-23;1,4;8,8;23,5;30,4;26,4;23,2;80,25;2,2;
2011-04-24;1,9;7,9;2,6;30,2;26,18;23;80,5;2,333333;
2011-04-25;2,1;2,5;3,8;29,4;25,98;22;83,25;2,066667;
2011-04-26;2,5;8,1;1;30,2;25,6;21,7;81,25;1,666667;
2011-04-27;2,2;,6;0;29,6;25,34;21,1;80,5;1,966667;
2011-04-28;2,2;2,1;0;29,6;26,74;23,5;75,25;1,766667;
2011-04-29;1,8;2;4,6;29,6;26,12;22,9;86,25;,666667;
2011-04-30;1,2;,7;77,3;28,4;25,98;22,6;86,75;1,666667;
2011-05-01;,4;0;82;27,6;25,2;22,9;94;1,133333;
2011-05-02;1,1;0;31;27,6;25,1;22,7;95;,566667;
2011-05-03;,8;0;82;28;24,88;19,1;95;1,666667;
2011-05-04;1,5;,3;61,8;28;24,72;19,6;94;1,2;
2011-05-05;1;6,4;135,8;29,6;26,74;23,8;84,5;2,1;
2011-05-06;1,8;7,8;1,6;29,7;26,28;23,9;83,5;1,866667;
2011-05-07;2,5;0;,6;28,8;25,54;22,9;88,25;1,4;
2011-05-08;1;0;24,4;27,9;25,12;22,6;94,5;3,133333;
2011-05-09;1;0;5,2;27,4;25,16;22,9;92;1,333333;
2011-05-10;,5;1,6;30,2;28,4;25,6;22,6;90,75;1,466667;
2011-05-11;1,2;2,8;14,8;29,1;25,68;22,7;80;2,033333;
2011-05-12;2,3;7,4;,4;29,2;24,64;21,6;80,25;1,666667;
2011-05-13;2,4;9,1;0;30,4;25,4;19,8;77,25;1,133333;
2011-05-14;2,2;,3;,7;28,2;25,04;22,6;90,25;1;
2011-05-15;,9;,2;4;28,8;24,56;22,6;90,5;1,133333;
2011-05-16;,8;,3;0;28,5;25,52;21,8;84;,833333;
2011-05-17;1,1;3,5;0;30,4;26,44;23;84,25;1,066667;
2011-05-18;1,4;6,4;20,2;29,8;25,86;22,9;84,75;1,266667;
2011-05-19;1,7;0;7;27,4;25,54;22,3;88,75;2,133333;
2011-05-20;1,1;1,4;84,1;28,2;25,66;22,4;83,25;1,533333;
2011-05-21;2;9,4;1;29;25,46;22;78;2,2;
2011-05-22;3;8,7;0;30;25,62;22,3;85,5;1,866667;
2011-05-23;3;4,6;5,2;29,5;25,72;22,1;89,25;,433333;
2011-05-24;1;5,7;74,5;29,9;25,66;22,7;89,25;1,766667;
2011-05-25;2;8,8;12,4;31,3;26,08;23;88;1,4;
2011-05-26;2,5;9,1;0;29;25,54;22;79,5;2,1;
2011-05-27;2,2;9,4;2,1;29,5;25,4;21,9;87,5;1,933333;
2011-05-28;3,3;8,4;0;29,4;25,7;22,2;79,25;2,2;
2011-05-29;1,7;3,7;25;28,6;24,68;21,9;89,75;1,9;
2011-05-30;1,8;7,3;44,7;28,9;25,4;22,7;87,5;1,833333;
2011-05-31;1,5;8,8;5;29;26,04;22,5;79,5;2,433333;
2011-06-01;2,9;6,6;5,9;29;25,74;22,4;83,5;2,366667;
2011-06-02;2,1;5,2;,6;29;26,16;22;81,5;2,866667;
2011-06-03;2,5;7,2;1,2;29,3;25,82;22,2;76;2,5;
2011-06-04;2,8;2,5;21;28,4;23,86;21,4;88;1,466667;
2011-06-05;1,3;2;0;29,2;25,82;21,2;81,5;1,566667;
2011-06-06;1,8;5,9;0;29;26;22,3;80,25;3,066667;
2011-06-07;3,9;4;,6;28,3;24,52;22,3;87;3,066667;
2011-06-08;1,9;3,4;6;28,4;24,58;21,4;81,5;1,533333;
2011-06-09;1,8;,8;,2;28,2;24,94;21,8;86;2,5;
2011-06-10;1;7,7;3,2;29,5;25,94;21,7;77,75;1,4;
2011-06-11;2;6,1;,3;28,7;25,56;22,5;84,25;1,4;
2011-06-12;1;7,1;19,2;28,5;24,98;22,2;78,5;2,8;
2011-06-13;3;10,2;0;28,2;23,7;19,2;73,75;1,9;
2011-06-14;2,7;6,4;0;28,7;24,28;18,2;83;1,666667;
2011-06-15;2,4;8,7;0;28,4;24,86;21,5;79,25;2,566667;
2011-06-16;2,9;,5;6,4;27;23,98;20,8;92;1,266667;
2011-06-17;,5;3,1;71,6;28,2;24,86;21,8;90,25;1,7;
2011-06-18;1;5,3;14,7;28,6;25,3;22,4;86,75;1,5;
2011-06-19;1,8;8,1;12;28,7;24,58;22;86;1;
2011-06-20;1,7;6,7;0;28,6;24,7;21,2;84,5;1,933333;
2011-06-21;2;0;22,2;26,5;24,04;21,4;93;1,066667;
2011-06-22;,3;,4;63;27,8;24,48;21,3;85;,533333;
2011-06-23;,7;2,9;1,4;28,1;24,74;22,3;89,5;,833333;
2011-06-24;,8;2,4;7,9;28;23,82;21,5;83,75;1,633333;
2011-06-25;1,2;5,1;0;28,2;24,62;20;84,75;2,233333;
2011-06-26;2;5,8;19,4;28,2;23,54;21,2;91,5;1,733333;
2011-06-27;1,2;7,4;0;28,9;24,94;20;85;1,4;
2011-06-28;2;8,5;0;29,8;26,14;22,2;80;1,866667;
2011-06-29;2,3;,6;14,2;26,4;23,86;21,8;94,25;,766667;
2011-06-30;,7;8,6;12,9;28,2;24,32;21,1;88,25;2,1;
2011-07-01;1,9;7,6;,8;28,3;24,18;19,8;82;1,666667;
2011-07-02;2,2;0;8,4;25,8;23,18;21,4;93;1,033333;
2011-07-03;1,5;4,4;28,4;27,4;23,5;21,4;86,75;1,433333;
2011-07-04;3,2;2,5;0;28,2;24,34;19,6;86,5;1,333333;
2011-07-05;1,7;1,8;1;25,6;23,24;20,2;94,25;1;
2011-07-06;,6;1,8;41,5;28,2;24,8;22;88,75;1,433333;
2011-07-07;,6;5,2;3,2;29;25,46;22;85;,4;
2011-07-08;1,4;2,1;5,4;27;24,24;21,3;89,25;1,066667;
2011-07-09;,4;7;27,4;28,4;24,58;21,5;85,25;1,5;
2011-07-10;3,5;7,2;6,8;28,2;25,42;21,4;73,75;2,666667;
2011-07-11;3;1,4;18,1;27;22,92;21,3;94;,833333;
2011-07-12;1,1;0;38,3;25,6;22,66;21,4;92,25;,833333;
2011-07-13;,2;4,6;39;27,8;24,42;20,3;79,5;2,6;
2011-07-14;2,2;7,9;3,2;27,4;23,5;20,8;82;2,2;
2011-07-15;2,7;1,8;,3;27,3;23,44;19,2;91,75;2,233333;
2011-07-16;,8;,3;77,9;27,2;23,74;21,3;92,75;1,533333;
2011-07-17;,4;,6;111,6;26,1;22,98;20,8;90;1,633333;
2011-07-18;,8;5,1;3,3;28,1;23,56;20,5;84,5;1,4;
2011-07-19;1,6;1,1;6,2;26,8;23,08;20,4;85,75;1,6;
2011-07-20;1,7;8,8;,5;27,8;23,12;19,7;83,25;,666667;
2011-07-21;2;5,7;,6;28;23,84;19,9;84,25;1,966667;
2011-07-22;2,7;6,3;,6;27,6;24,52;20,8;82,25;1,4;
2011-07-23;2,3;4,6;1,4;27,6;24,24;21,1;86,25;2,6;
2011-07-24;2,5;7,5;10,9;28;24,86;21,2;83,75;2,466667;
2011-07-25;3,5;8,2;0;27,9;25,44;22,9;72,5;4;
2011-07-26;4,3;4,4;,8;27,3;23,82;22,4;79,25;1,866667;
2011-07-27;2,5;1,8;12,6;26,8;23,78;19,8;88;1,133333;
2011-07-28;1,6;2,8;8,2;27,4;23,88;20,2;87,5;1;
2011-07-29;2;9,8;3,9;28,2;24,06;19,5;83;1,333333;
2011-07-30;2;2;19,4;27,2;24,32;21,8;91;1,233333;
2011-07-31;,7;1,9;64,7;27,4;24,7;22,6;89;1,1;
2011-08-01;1;6,1;12,6;28;24,16;22;84,75;1,8;
2011-08-02;2,1;10,1;0;28,4;23,4;18,8;82,25;1,133333;
2011-08-03;1,8;10;0;29,2;24,06;18,1;79,75;1;
2011-08-04;2;7,9;0;29,1;24,74;19,3;80;1,233333;
2011-08-05;1,9;8,9;0;28,9;25,12;19,8;77;2,5;
2011-08-06;2,8;8,2;1,1;28,2;24,54;21,9;78,75;2,4;
2011-08-07;2,4;5,8;,6;28;24,08;19,8;77,75;1,733333;
2011-08-08;1,3;2,8;12;27,4;23,48;21,3;86,75;2,166667;
2011-08-09;2,4;,8;11,9;27,3;23,8;20,8;79;2,1;
2011-08-10;2,1;10,1;0;28,4;23,36;19;78;2,033333;
2011-08-11;3,1;10;0;28,6;23,98;18,2;81,25;1,6;
2011-08-12;2,4;4,8;,7;28;24,38;19;69,75;1,866667;
2011-08-13;2,8;,1;0;27;23,7;20,7;86,75;1,4;
2011-08-14;1,2;,2;31,3;27,2;23,74;21,1;81,5;,833333;
2011-08-15;1,5;7,6;1,2;28;24,3;19,2;74,25;2,1;
2011-08-16;3,7;7,4;1,6;27,8;24,02;19,9;76,75;2,666667;
2011-08-17;2,8;5,4;15;28,6;24,4;21,1;80,25;1,766667;
2011-08-18;,3;6,5;17,6;28;24,18;20,2;75,5;2,166667;
2011-08-19;2,5;2,4;,2;27,4;23,46;19,8;84,5;1,666667;
2011-08-20;1,5;8,6;,2;28,7;24,32;20,1;76,5;1,666667;
2011-08-21;2,7;2,3;2;28;24,22;19,8;81;1,566667;
2011-08-22;1,6;0;19;26,2;23,48;21,9;93,75;1,033333;
2011-08-23;,4;5,6;25,6;28,4;24,98;21,6;74,75;2,466667;
2011-08-24;2,7;9,2;,8;28,5;24,64;21,9;78;1,766667;
2011-08-25;2,7;,6;6,6;27,6;24;18,8;85;2,233333;
2011-08-26;1;4,6;14;27,8;24,58;20,6;82,5;2,766667;
2011-08-27;1,9;5,9;5,6;28,2;23,5;18,8;82,25;1,833333;
2011-08-28;1,8;8,6;2,6;28,5;24,24;19,5;80,25;2,2;
2011-08-29;4;4,2;18;28,2;25,38;21,3;71;3,3;
2011-08-30;3,8;6,6;0;28;24,42;21,8;75;2,666667;
2011-08-31;2,6;3,5;1,6;28;24,62;20;77;2,233333;
2011-09-01;2,8;7,6;0;28,5;24,36;21,1;78;1,4;
2011-09-02;2,8;8,6;2;28,9;25,14;19,6;71;2,733333;
2011-09-03;4,5;4,9;,3;28,8;26,3;23,2;66,75;3,266667;
2011-09-04;6,5;6;0;28,2;25,02;22,7;78,5;3,033333;
2011-09-05;4;7,6;1,2;28,3;25,06;21,4;69,75;3,466667;
2011-09-06;4,9;7,4;0;28,2;24,62;18,4;69,5;2,733333;
2011-09-07;4,2;2,9;1,7;28;24,76;20,1;72;1,466667;
2011-09-08;3,9;7,5;0;28,6;24,82;20;74,75;2,266667;
2011-09-09;5,6;7,4;,2;28,9;24,92;19,1;67,5;2,466667;
2011-09-10;5;3,6;0;28,9;24,96;19,8;83,25;1,866667;
2011-09-11;3;7;,6;29,4;25,7;21,8;74,5;2,733333;
2011-09-12;4;7,7;,7;28,8;25,14;19,8;68,75;3,433333;
2011-09-13;4,9;1,1;0;27,8;23,7;20,1;84;1,766667;
2011-09-14;2;2,3;3,3;28,2;24,82;20,7;77,75;1,4;
2011-09-15;3;2,5;3,2;28,4;25,54;22,4;75,5;3,066667;
2011-09-16;5;3,3;,6;28,6;25,86;23,4;76,25;2,8;
2011-09-17;4,7;4,8;4;27,8;25,06;22,7;69,75;3,066667;
2011-09-18;4,7;5,2;,3;27,6;23,76;20,3;82;2,7;
2011-09-19;2,6;6,9;8,4;27,4;23,3;19,4;73,5;2,933333;
2011-09-20;4;4,2;0;27,4;24,22;19,6;68,75;3,233333;
2011-09-21;3,8;6,6;,8;28;23,38;19,9;78;2,066667;
2011-09-22;3,5;4,2;0;28,8;24,8;19,4;76,75;2,266667;
2011-09-23;2,7;3,4;1,6;28,6;25,74;21,8;70,25;2,4;
2011-09-24;3,3;7,2;1;29,4;25,46;22,4;73,75;2,1;
2011-09-25;3;6,6;0;29,3;25,38;19,8;74,75;2;
2011-09-26;3,1;,9;2;27,6;24,98;22,5;80,25;1,7;
2011-09-27;3,2;5,4;2,4;28,4;24,54;21,2;80,75;1,666667;
2011-09-28;2;5,5;1,4;28,8;25,58;21,6;73;2,6;
2011-09-29;3,8;5,3;0;28,7;25,32;22,3;74,25;2,333333;
2011-09-30;3,3;5,5;0;28,8;25,7;21,4;74;3;
2011-10-01;3,9;8,6;0;29,7;25,5;20,3;75;2,5;
2011-10-02;3,8;6,5;0;29,2;25,74;22,4;70;2,933333;
2011-10-03;4;5,5;2,2;29,8;26,08;21,2;71,25;2,666667;
2011-10-04;3,6;5,5;0;29,6;26,44;22,5;75;2,566667;
2011-10-05;3,9;7,4;,3;29,4;25,82;19,6;70,75;3,666667;
2011-10-06;4,5;9;,2;29,6;26,52;23,6;65,25;2,933333;
2011-10-07;5,3;7,9;0;29,8;26,3;23,3;62;3,366667;
2011-10-08;5,2;8,8;0;29;25;19,9;72,5;2,233333;
2011-10-09;4,3;4,5;0;29;24,9;19,8;73,5;2,733333;
2011-10-10;4;6,1;0;29,8;25,86;21,8;73,5;2,866667;
2011-10-11;3,5;7,1;,4;29,9;26,22;22,4;70;2,066667;
2011-10-12;4;5,8;1,2;29,9;26,88;21,9;67,5;3,266667;
2011-10-13;3,8;4,7;7,2;29,4;25,94;22;70,5;1,433333;
2011-10-14;3;3,8;1,6;29,2;25,36;21,8;76;1,966667;
2011-10-15;2,9;1,1;0;28,4;25,46;22,5;81;1,866667;
2011-10-16;2,8;3,6;,6;29,2;26,68;23,9;70,75;2,233333;
2011-10-17;2,3;5,1;1,6;30,8;26,38;22;72,25;2,033333;
2011-10-18;3,5;1;0;29,8;27,16;24,7;73,75;2,6;
2011-10-19;2,5;,7;3,4;27,8;25,7;23,5;82,75;1,266667;
2011-10-20;2,5;6;4,9;29,8;26,2;23,1;70,75;2,6;
2011-10-21;3,5;2,5;3,2;29,8;25,5;21,6;75,75;2,3;
2011-10-22;3;8;0;29,2;24,86;19,8;76,25;2,2;
2011-10-23;3,7;8,6;0;29,9;26,24;21,7;69,75;2,6;
2011-10-24;4,8;9,8;0;30,1;26,6;23,7;71,75;2,566667;
2011-10-25;4,5;8,4;0;30,8;26,02;22,2;68;2,1;
2011-10-26;3,8;10,2;,2;31,2;26,86;22,4;67;1,866667;
2011-10-27;4;7,7;0;29,9;26,56;22,9;70,5;3,2;
2011-10-28;4;4,9;5;30;26,02;22,3;71;2,066667;
2011-10-29;3,2;5;0;30,2;25,98;20,8;70;2,633333;
2011-10-30;3,3;8,7;2,4;30,2;26,5;21,2;68,25;2,633333;
2011-10-31;3,8;10,1;,2;30,6;26,66;22,1;72,5;2,333333;
2011-11-01;4,7;2,4;2,2;30,8;27,06;23,7;69,75;2,233333;
2011-11-02;3,3;8,4;,2;31;27,02;21,2;70,25;2,266667;
2011-11-03;4;9,9;15,8;30,4;26,66;22,6;71,5;2,8;
2011-11-04;3,5;9,3;0;30,2;26,66;22,3;70,5;2,4;
2011-11-05;3,5;4,1;9,4;29;24,94;21,9;84,25;1,333333;
2011-11-06;2;10;1,8;30,3;25,88;21,1;69;1,766667;
2011-11-07;3;9,6;0;30,4;26,42;20,4;69,25;2,5;
2011-11-08;4,3;9,8;0;30,3;26,2;21,5;70,75;2,233333;
2011-11-09;3,6;9,6;1;30,1;26,58;21,3;68;3,266667;
2011-11-10;4,3;5,7;,6;29,8;27;24,2;69,5;2,9;
2011-11-11;2,9;,6;10,6;29;25,8;22,2;76,5;3,166667;
2011-11-12;2,9;7,3;8;29,3;26,12;22,5;74,75;2,766667;
2011-11-13;3,7;7,8;3,8;29,4;26,18;21,7;74,5;2,766667;
2011-11-14;3,8;6,5;5;29,4;26,6;22,9;73,5;3,7;
2011-11-15;3;8,7;4,6;30;26,3;23;77;2,266667;
2011-11-16;2,9;7,9;3,6;30,2;26,26;21,3;72,5;1,933333;
2011-11-17;3,1;8,5;2;30,8;26,5;20,8;76;1;
2011-11-18;3,1;5,6;0;30,6;27,18;23,4;69,75;2,233333;
2011-11-19;3,8;7,5;0;30,3;26,64;21,4;68;2,833333;
2011-11-20;4,8;9,9;0;30,2;26,9;23,1;68,25;2,666667;
2011-11-21;4,8;10,3;0;30,2;27,1;24,2;68,75;2,666667;
2011-11-22;4,9;10,2;0;31;27,6;24,7;67;3,5;
2011-11-23;3,7;1,9;0;30,4;27,36;24,5;72,25;3,033333;
2011-11-24;3,5;5,5;0;30,2;27,12;23,5;69,5;3,3;
2011-11-25;5,5;9,6;0;30,2;25,74;22;66;2,166667;
2011-11-26;4;8,7;0;30,6;26,14;18,6;68;2,933333;
2011-11-27;4,5;5,7;0;30,9;26,52;22,6;69,5;2,5;
2011-11-28;3,4;0;4,6;28,1;25,48;21,7;72,5;1,7;
2011-11-29;3,3;9,7;1;30,4;26,74;23,1;68,25;3,2;
2011-11-30;5,5;8;,8;30,4;26,66;22,6;67,75;1,833333;
2011-12-01;4,7;8,2;0;31,8;27,3;22;64,25;2,166667;
2011-12-02;5,2;7;0;31,4;27,44;25;66,25;2,666667;
2011-12-03;4,2;10,8;,2;31,8;26,36;20,4;70;2,266667;
2011-12-04;4,9;8,9;0;30,8;26,86;22;70;2,2;
2011-12-05;5;1,9;1,6;28,4;24,86;22;87,75;2,1;
2011-12-06;,9;8,6;21,6;29,7;25,9;20,8;69,75;1,866667;
2011-12-07;4,1;7,3;0;30,4;25,94;19,8;65,75;2,5;
2011-12-08;5;10,8;0;30,4;26,34;21,2;69,25;2,433333;
2011-12-09;3,5;9,8;0;30,6;26,54;20,2;68,75;2,4;
2011-12-10;4,7;9,5;0;31,5;27,18;22,2;70,5;2,133333;
2011-12-11;3,6;10,3;0;31,8;26,68;20,8;70,25;3;
2011-12-12;3,7;6,9;0;30,4;27,32;22;68;3,066667;
2011-12-13;4,3;8,9;0;32;27,72;24,5;67,5;3;
2011-12-14;5,2;6,7;0;31,5;27,94;24,8;66,75;2,733333;
2011-12-15;5,3;9,3;0;30,6;27,22;24,4;68,75;2,4;
2011-12-16;4,9;8,9;1,2;30,6;27,5;24,6;67;2,6;
2011-12-17;4,8;9,2;0;31;27,14;23,6;66;2,1;
2011-12-18;4;10;0;31,1;26,4;19,3;68,5;2,033333;
2011-12-19;4,6;6,9;0;30,6;27,62;24,4;70,75;2,833333;
2011-12-20;4,8;8,3;2;30,6;27,46;24,2;70;3,033333;
2011-12-21;1,5;3,4;,2;30,6;27,48;23,9;70,75;1,866667;
2011-12-22;6,5;8,3;,6;31,8;27,82;23,7;66,5;2,833333;
2011-12-23;4,4;8,9;0;31,4;28,06;25,2;65,75;2;
2011-12-24;4,6;3,6;2,4;30;27,02;24;73,5;2,233333;
2011-12-25;3,8;3,8;3,4;30,6;27,42;23,9;70,5;2,266667;
2011-12-26;4,6;3,1;0;30,6;25,9;23,1;77,75;1,933333;
2011-12-27;3;5,5;,2;30,9;26,12;20,4;70,75;2;
2011-12-28;4;8,6;0;31,6;26,86;20,6;72;2,266667;
2011-12-29;3,5;7;8,4;31,7;27,54;23,2;72;2,8;
2011-12-30;2,7;8,4;0;31,4;27,82;24,3;71;2,7;
2011-12-31;5;8,5;0;31,5;27,7;25;67,75;2,333333;
2012-01-01;null;8,9;null;31,8;null;26,2;64;2,5;
2012-01-02;null;10,7;0;32,3;27,74;22;63;3,15;
2012-01-03;4,6;10,1;0;32;27,48;21,8;64,25;2,033333;
2012-01-04;5;9,7;0;31,4;27,44;21,9;62,5;1,566667;
2012-01-05;4;6,5;0;null;null;21,2;73;2,15;
2012-01-06;4;10,3;0;32,1;28,26;21,2;64;2,5;
2012-01-07;4,6;5,3;0;30;26,96;23,8;73,5;2,5;
2012-01-08;2,9;5,7;1,4;29,8;26,14;23,1;79,25;3,566667;
2012-01-09;3;5,5;8,8;31;27,42;23,4;68,75;3,3;
2012-01-10;4;6,6;6,6;29,8;27,06;23,4;74,25;3,266667;
2012-01-11;6,4;2,9;0;30,6;26,16;23;76,5;2,766667;
2012-01-12;3,6;5,8;5,4;30,6;27;23;78;2,1;
2012-01-13;4;8,1;,3;31;27,34;23,6;70,75;3,3;
2012-01-14;3,5;3,1;,5;30;26,58;22,8;77,25;1,6;
2012-01-15;2,1;3,7;9,6;30,1;26,62;23,8;76,25;1,7;
2012-01-16;3,4;9,7;1,4;30,8;25,84;20,4;73,75;2,8;
2012-01-17;3;7,6;,6;30,8;26,42;20,8;72;1,4;
2012-01-18;3,8;1,6;1;30,2;26,78;22,2;69,5;2,233333;
2012-01-19;3;,4;1,8;30,1;25,94;21,9;77,25;2,066667;
2012-01-20;1,6;1,2;2;30,2;24,96;21,9;86,75;1,1;
2012-01-21;1,4;0;40;28,5;24,22;21,9;87,25;,766667;
2012-01-22;1,2;0;22,4;25,6;23,54;21,8;92,5;,666667;
2012-01-23;1,2;,1;61,8;26,3;24;21,3;92;1,133333;
2012-01-24;1,4;6,1;16;30,9;25,7;21,7;83,5;1,733333;
2012-01-25;2;7,7;1;31;27,1;23,4;69,5;1,9;
2012-01-26;3;7,3;0;30,4;26,52;21,3;71,5;3,1;
2012-01-27;2,4;,5;5,4;28,4;25,66;21,8;76;2,233333;
2012-01-28;3,5;9,8;,2;30,3;25,66;20,6;67,25;2,4;
2012-01-29;4;2,2;0;30,2;26,3;21,4;72;2;
2012-01-30;3,2;4,6;0;30,4;25,9;22,4;80,75;1,666667;
2012-01-31;1,3;9,9;12,4;30,4;26,62;21,7;69,75;1,666667;
2012-02-01;4,4;9,7;0;30;27,02;23,9;67,75;2,733333;
2012-02-02;4,2;5,4;0;29,4;26,66;22,4;68,25;2,8;
2012-02-03;4,4;8,8;0;30;27,02;23;67,5;3,833333;
2012-02-04;11,2;7,6;0;30,2;26,9;24,5;65,75;2,233333;
2012-02-05;4,4;5;2,3;30;26,28;22;70;2,333333;
2012-02-06;4,2;8,4;4,6;30;27,1;24;69,5;3,2;
2012-02-07;3,8;9,4;0;29,8;26,2;22;71,25;2,733333;
2012-02-08;3,2;10,4;0;30,4;25,76;21,2;72,75;2,133333;
2012-02-09;3,3;9,3;0;31,4;27,14;20,8;72;2,233333;
2012-02-10;3,3;4,9;0;30,6;27,5;24;70,25;2,933333;
2012-02-11;3,4;7,1;0;30,6;27,06;23,8;71,75;2,166667;
2012-02-12;3,3;2,9;0;29,6;26,26;22,3;75;2,066667;
2012-02-13;2,5;8,5;0;30,6;26,96;22,1;68,75;2,9;
2012-02-14;6;3,5;0;30,4;27,22;24;71,5;2,233333;
2012-02-15;2,8;7;1;30,2;26,76;22,1;69,5;6,766667;
2012-02-16;3,9;,8;0;29,5;26,64;22,7;71,75;2,766667;
2012-02-17;2,8;0;13,4;26,8;24,42;22,5;92,75;,566667;
2012-02-18;,3;0;96;28,8;25,42;23;92;,766667;
2012-02-19;1,2;6,2;32,6;29,8;26,52;23,1;81;1,5;
2012-02-20;2,3;6,6;4,7;29,7;26,7;23,4;75,75;2,566667;
2012-02-21;2,7;5,1;1,6;29,8;26,14;22,4;83,5;,666667;
2012-02-22;1,5;10;7;29,9;26,8;23,4;72,25;2,833333;
2012-02-23;3;8,7;,2;29,9;26,32;20,8;72,25;2,233333;
2012-02-24;4,5;8,3;22;29,9;26,18;22;74;2,333333;
2012-02-25;3,3;8,7;1,6;30;25,9;21,4;75;1,666667;
2012-02-26;3;4,5;0;29,8;26,38;20,6;75,75;2,566667;
2012-02-27;2,8;9,4;2,8;30,6;26,86;23,4;77;2,666667;
2012-02-28;3,6;9;0;30,1;26,76;23,1;69,75;2,666667;
2012-02-29;4;8,8;0;29,5;26,36;21,9;70,25;3,2;
2012-03-01;5,2;10,2;0;30,2;26,58;21,2;68,75;2,133333;
2012-03-02;3,4;8,2;1,8;30,2;26,06;21,8;72,5;2,1;
2012-03-03;3,1;10,2;0;30,6;25,68;20,2;74,75;1,666667;
2012-03-04;3,4;8,7;0;30,3;25,92;20,5;74,25;,9;
2012-03-05;2,5;7,4;1,8;30,8;26,16;22,1;78,25;1,3;
2012-03-06;1,9;9,3;,2;31;26,9;21,8;72;1,4;
2012-03-07;3,3;9,1;0;30,7;27,78;23,8;71,25;2,68592;
2012-03-08;3,3;9,4;,6;31;28,18;23,7;70,75;2,666667;
2012-03-09;4,9;7,5;0;30,4;26,74;23,8;72,5;2,4;
2012-03-10;3,1;6,6;2,6;30,4;26,46;21,8;71,5;3,133333;
2012-03-11;3,7;,8;24;28,6;24,78;21,5;87,5;1,133333;
2012-03-12;,7;3,3;7,6;29,8;26,68;21,8;74;3,2;
2012-03-13;3,6;6,9;1,2;30;25,74;23,4;76,75;1,2;
2012-03-14;3,5;7,4;0;30,4;26,62;21,8;73,25;2,233333;
2012-03-15;3,1;6,7;0;31;27,38;23,1;75,25;2,4;
2012-03-16;3,4;9,9;0;30,8;27,38;24,2;71,75;2,866667;
2012-03-17;4;7,7;0;31;26,86;21,8;71,5;2,333333;
2012-03-18;3,4;7,8;0;31,6;27,38;22,4;73,5;1,6;
2012-03-19;2,7;5,2;0;30,8;27,22;22,9;72,5;2,866667;
2012-03-20;4,5;9,8;0;31,2;26,94;22,1;70;2,133333;
2012-03-21;5;6,7;0;31;26,98;21,4;66,75;2,066667;
2012-03-22;4,3;5,6;0;31,4;26,98;23;72,5;3,066667;
2012-03-23;4;6;0;31,2;27,38;22,1;67,75;2,566667;
2012-03-24;3,7;4,8;,8;30,7;26,96;22,9;74;1,133333;
2012-03-25;2,8;6,6;85,8;30,8;26,9;22,4;73,5;3,2;
2012-03-26;3,4;3,8;0;30,4;27,02;22,6;72;2,566667;
2012-03-27;2,8;6,4;0;30,9;26,66;21,8;66,75;2,1;
2012-03-28;3,4;8,6;,8;30,9;26,72;22,3;73,75;1,333333;
2012-03-29;3,1;6,4;7,6;30,6;26,86;23;79,25;2,633333;
2012-03-30;2,9;8,9;2,6;31;27,4;24,9;74,25;2,233333;
2012-03-31;2,6;9,5;1,4;30,4;26,98;23;72,75;1,733333;
2012-04-01;2,9;8,7;0;30,3;26,78;22;71,25;2,333333;
2012-04-02;4,3;3,2;1,3;29,5;26,42;22,4;81;1,7;
2012-04-03;2,5;6,6;6,1;30;25,96;23;84,75;1,6;
2012-04-04;2,2;7,7;29,6;30,3;27,08;23,6;74,25;2,7;
2012-04-05;2,3;4,9;2,8;29,5;26,32;22,5;77,25;1,466667;
2012-04-06;2,3;9,3;0;30,6;26,78;21,5;76,75;2,433333;
2012-04-07;3,4;8;,2;30,6;26,78;20,7;74,75;2,333333;
2012-04-08;3,5;9,8;0;30,4;26,78;22,6;73,75;2,333333;
2012-04-09;2,5;5,3;3,4;29,9;25,9;21,4;81,5;2;
2012-04-10;3,5;6,4;2,4;29,9;25,88;22,1;78;2;
2012-04-11;3;8;1;30;25,52;21,9;71,75;1,966667;
2012-04-12;3,1;6,4;0;31;26,16;20,8;72,75;2,133333;
2012-04-13;3,4;8;0;30,2;25,86;20,3;77,5;2,1;
2012-04-14;3;6,9;0;31;26,2;21,4;77,5;1,766667;
2012-04-15;2,5;7,3;0;31;25,96;21,2;74,75;1,133333;
2012-04-16;3,1;9,4;0;31,6;26,98;21,4;68,75;1,5;
2012-04-17;2,5;8,8;,4;30,9;26,86;22;74,5;2,266667;
2012-04-18;3,2;9,4;0;30,4;26,52;21,6;71,75;2,266667;
2012-04-19;3,6;9,7;0;30,6;26,44;19,8;69;1,833333;
2012-04-20;3,2;7,3;3;29,6;26,26;23,2;74,75;1,733333;
2012-04-21;2,5;8,9;4,6;30,4;25,58;21,9;78,75;2,1;
2012-04-22;2,5;8,5;0;30,8;27,02;21,3;76,25;2,666667;
2012-04-23;3,4;9,9;0;30,9;27,1;23,2;69;1,5;
2012-04-24;2,6;7,8;,4;31;26,36;21,3;72,75;2,266667;
2012-04-25;3;5,5;0;30,6;26,12;21,1;73;2,533333;
2012-04-26;3,7;9,9;0;30,6;27,02;23,3;68,25;3;
2012-04-27;3,7;9,7;0;30,6;24,28;19,5;69,75;1,733333;
2012-04-28;3,1;7,1;0;30,6;25,32;17,1;71,75;2,133333;
2012-04-29;3;10;,6;30,6;26,22;22,5;69,75;2,566667;
2012-04-30;3,2;8,8;0;30,8;27,08;23;67,5;2,333333;
2012-05-01;3,8;10;0;31,3;27,16;21,9;67,75;2,066667;
2012-05-02;null;9,2;null;31;null;23;null;3,3;
2012-05-03;null;9,1;0;30,4;25,7;21,8;84;2,75;
2012-05-04;3;9,4;6,6;30;25,22;21,5;79,75;2,366667;
2012-05-05;3,5;6,1;1,4;28,4;25,46;20,4;76,25;1,166667;
2012-05-06;2,7;3,4;4,7;29,6;24,66;20,4;78,25;1,166667;
2012-05-07;,8;1,8;6,8;28,8;25,36;20,6;74;1,966667;
2012-05-08;2,4;9,6;4,7;30;24,82;19,8;75,25;1,666667;
2012-05-09;3,2;2,6;,2;29,9;25,62;19,6;72,25;2,066667;
2012-05-10;3,6;10;0;29,9;25,8;20,4;69;1,333333;
2012-05-11;3,6;8,3;0;30,2;25,6;19,2;67,25;2,233333;
2012-05-12;2,9;9;2;30,1;25,24;19,5;75,25;1,666667;
2012-05-13;2,3;9,3;0;31,2;26,58;20,1;68,5;1,133333;
2012-05-14;3,2;7,1;1,8;30,4;26,42;22,2;69,75;2,566667;
2012-05-15;3,4;8,5;0;30,8;26,92;23,4;69,75;2,6;
2012-05-16;2,8;8,8;0;29;25,72;19,8;69,75;2,233333;
2012-05-17;2,8;9,6;0;31;26,1;20,2;68,5;2,033333;
2012-05-18;3;8,6;1,4;30,4;25,72;19,9;70;1,3;
2012-05-19;2,5;8,6;0;31;26,3;19,7;68,5;2,233333;
2012-05-20;3,3;8,4;21;30,1;26,12;22,3;71,75;,566667;
2012-05-21;2,4;7,8;,2;29,9;25,62;20,7;75,25;1,866667;
2012-05-22;2,2;2,7;5,2;28,9;26;21,4;78,75;2,733333;
2012-05-23;1,6;0;6,4;28;25,04;22;79,25;1,7;
2012-05-24;1,5;0;40;26,3;23,92;22;91;,333333;
2012-05-25;,2;5,1;15,6;29,2;24,9;21,4;86;,333333;
2012-05-26;,8;9,2;21,6;30;24,82;20,5;82,75;,566667;
2012-05-27;1,7;5,1;,6;29,6;25,7;21,3;84,5;2,066667;
2012-05-28;1,8;7,7;,8;29,8;25,28;20,8;77;2;
2012-05-29;2,4;8,2;27;29,8;25,74;22,9;84,25;1,3;
2012-05-30;2,2;7,9;22,2;29,4;25,5;22,2;82,5;1,233333;
2012-05-31;1,4;9,8;0;30,1;25,84;20,7;71,5;2,233333;
2012-06-01;3;9,4;1,4;30,2;26,34;22,8;77,5;2,166667;
2012-06-02;2,5;10;1,2;29,8;24,74;20,8;77,5;2,2;
2012-06-03;2,3;6,3;2,6;28,8;24,78;20,2;83,5;,333333;
2012-06-04;1,2;8,9;3,5;30,1;26,18;21,6;74,75;2,1;
2012-06-05;2;9,1;0;29,4;24,62;20,6;78;1,666667;
2012-06-06;2;3,1;0;28;25,02;21,8;83,5;1,2;
2012-06-07;2,5;4,7;12;28,5;25,46;21,5;77,75;2,533333;
2012-06-08;3,2;2;0;28,3;25,44;20,3;78,5;1,966667;
2012-06-09;2,6;9;0;29,6;26,06;21,8;72,5;1,666667;
2012-06-10;2,8;6;0;29,6;24,7;19,8;82;1,7;
2012-06-11;2;0;5,2;29,2;24,12;20,1;89,75;,666667;
2012-06-12;,6;8,4;5;29,5;24,86;19,6;81;1,333333;
2012-06-13;2,2;3,5;2,8;28,2;24,02;20,6;92,75;1,766667;
2012-06-14;,6;3,7;121,8;28;null;null;83;1,65;
2012-06-15;2;7,2;1;28,6;23,98;19,7;83,25;1,1;
2012-06-16;1,5;7;1;28,8;23,68;19,8;80;1,666667;
2012-06-17;2;6,9;0;29;24,22;18,6;81;1,7;
2012-06-18;1,1;2,9;11,3;27,4;23,46;19,8;91,25;1,9;
2012-06-19;,9;,5;12,2;28,2;23,48;19,9;89;1,2;
2012-06-20;,7;4,2;11,2;29,3;24;20,1;86,75;,666667;
2012-06-21;2;2;1,3;29;25,36;22,6;85,25;,666667;
2012-06-22;1,5;,9;2;28,2;25,54;23;83,25;1,266667;
2012-06-23;2,1;8,9;3,6;29;25,24;21,8;77;1,033333;
2012-06-24;2,2;6,3;,1;28,2;24,34;20,1;84;2;
2012-06-25;2,4;5,8;27,9;28;23,64;21,5;86,25;,833333;
2012-06-26;1,4;6,9;6,6;28,4;23,74;20,8;82;1,666667;
2012-06-27;3;4,1;0;27,4;23,36;19,4;87,5;2,066667;
2012-06-28;1,1;,7;58,8;27,3;24,24;21,5;85,5;1,4;
2012-06-29;1,6;9,1;3,8;28,6;23,64;20,5;77,75;1,566667;
2012-06-30;2,2;7,5;,2;28,4;24,04;21,1;81,5;2,233333;
2012-07-01;2,5;3,8;,6;27,2;23,06;19,2;90,75;1,833333;
2012-07-02;1;1,1;88,6;27,3;23,34;20,6;91,5;1;
2012-07-03;2;4,4;5;27,9;23,76;19,8;73;2,1;
2012-07-04;3,6;10,1;1;28,4;24,78;21,6;77,75;2,4;
2012-07-05;3,4;3,9;,4;28;24,16;19,7;76;1,666667;
2012-07-06;3;5,5;0;28,1;24,9;19,6;71,75;3,066667;
2012-07-07;3;7,8;0;28,6;25,46;21,8;72,5;2,433333;
2012-07-08;1,6;7,2;1,4;28,4;24,74;19,8;83,25;1,733333;
2012-07-09;2,4;7,8;3,5;28,4;24,78;22,3;82;1,866667;
2012-07-10;2;,6;19,6;26,3;23,94;21,8;87,5;1,733333;
2012-07-11;1,5;4,4;14,3;28,4;23,98;20,8;84,5;,933333;
2012-07-12;2;6,2;2;28,4;24,1;19,8;89;1,3;
2012-07-13;1,8;,2;31,8;26,4;24,44;22,7;90,75;,266667;
2012-07-14;,7;8,4;4,8;28,5;24,22;20,4;79,75;2,166667;
2012-07-15;2,3;5,6;23,1;28,4;23,62;20,5;84,5;,833333;
2012-07-16;2;9,8;0;28,8;24,22;19,7;80;1,133333;
2012-07-17;2,5;5,1;3;27,9;24,3;20,7;83,75;2,133333;
2012-07-18;1,3;6,8;29,6;27,7;25,06;21,6;75;2,466667;
2012-07-19;2,9;9,1;,2;28,7;24,6;21,7;76;1,466667;
2012-07-20;2,6;9,6;0;28,8;24,34;18,8;77,5;1,533333;
2012-07-21;1,7;6,4;2,8;28,1;24,52;20,5;79,5;2,233333;
2012-07-22;2,7;8,5;,4;28,2;24,06;19,3;75;2,233333;
2012-07-23;3,3;8,5;0;28,5;23,68;20,5;75,75;1,666667;
2012-07-24;3,6;8,1;0;28,4;24,4;19,4;81;2,233333;
2012-07-25;2,3;9,4;,4;27,8;24,32;22;75;2,566667;
2012-07-26;2,3;8,2;1;27,9;23,98;20,3;82;1,566667;
2012-07-27;1,8;,6;15;26,6;24,32;22;87;3,233333;
2012-07-28;2,6;7,3;5;27,9;25,12;22,7;70,75;2,5;
2012-07-29;3,4;6,1;0;27,8;24,94;20,4;74;2,4;
2012-07-30;1,9;5,4;6,4;28;24,02;20,1;73,25;1,9;
2012-07-31;4,5;7;1,8;27,9;24,06;21,2;78,5;2,1;
2012-08-01;3,5;8,2;5,7;28,1;23,88;21,1;78,25;1,733333;
2012-08-02;2,6;5,1;6,4;26,8;22,76;19,8;89;1,8;
2012-08-03;1,6;2,4;10;26,4;21,98;18,9;92,75;,933333;
2012-08-04;,8;7,9;16,4;26,9;23,24;21,3;83,25;1,666667;
2012-08-05;2,8;10,1;,2;28;23,3;20,7;81,5;1,966667;
2012-08-06;2,6;9,9;0;28,7;25,38;23,7;76,75;1,733333;
2012-08-07;2,7;8,1;0;28,2;25,02;22,7;76,25;2,066667;
2012-08-08;2,7;6,7;0;28,8;24,48;20,8;82;3,2;
2012-08-09;3,5;9,2;,8;28;23,92;19,9;77,5;2,4;
2012-08-10;2,9;5,4;10;27,2;22,84;20,3;84,5;1,333333;
2012-08-11;1,9;9,1;7,8;27,5;23,64;19,3;76;1,766667;
2012-08-12;2,7;,8;1;26,7;23,86;19,8;81,75;1,533333;
2012-08-13;2,5;1,2;2;26,8;23,84;20,3;83,25;2,233333;
2012-08-14;null;7,6;null;27,3;null;22;83;2,35;
2012-08-15;null;9,8;10,4;28;24,94;21,3;71,5;2,366667;
2012-08-16;3,8;9,7;2;27,8;24,9;22,1;72,75;2,8;
2012-08-17;3,4;0;,8;24,9;22,46;20,1;94,5;2,133333;
2012-08-18;1;7,2;38,6;27,1;22,98;19,6;83,25;2,4;
2012-08-19;2,3;5,6;7,6;27,2;22,98;19,9;83;2,1;
2012-08-20;2,3;7,9;14,7;27,4;23,52;20,6;81;2,666667;
2012-08-21;2,5;5,2;7,8;26,4;23,78;19,3;78,25;3,466667;
2012-08-22;2,7;6,4;1,8;27,8;24,34;20,8;76,5;2,566667;
2012-08-23;3,3;6,2;3,8;27,4;23,72;20,8;82;3,333333;
2012-08-24;3;8,6;2,2;27,4;23,34;18,4;72,25;2,7;
2012-08-25;3,1;3,9;,8;26,6;23,42;19,4;79,75;2,5;
2012-08-26;1,5;6,8;10,4;27,6;23,66;19,8;78,5;1,9;
2012-08-27;2;3,1;,4;28;24,66;20,8;82,5;2,666667;
2012-08-28;1,7;4,5;1,9;27,6;23,72;19,6;80;2,6;
2012-08-29;2,4;9,9;0;28,3;24,52;19,6;72;2,333333;
2012-08-30;2,9;9,4;0;28,4;23,54;18,8;74,75;2,733333;
2012-08-31;2,5;7,7;0;28,2;23,54;18,8;77;2,166667;
2012-09-01;3,2;6,5;0;28;24,04;18,6;72,75;3,033333;
2012-09-02;2,4;4,7;0;28;24,22;20,7;77,75;2,933333;
2012-09-03;4;7;3;28,2;24,72;20,3;73,5;2,233333;
2012-09-04;3,2;4,8;0;27,4;25;21,3;70,5;3,3;
2012-09-05;3,2;1,9;1,1;27,3;23,92;20,5;73,75;2,6;
2012-09-06;4,1;6,5;3,4;28,1;24,62;22;64,75;3,066667;
2012-09-07;3,5;7,4;0;29;24,02;19,5;71,5;2;
2012-09-08;2,8;6,7;,3;28,4;24,4;18,9;79,5;2,8;
2012-09-09;1,6;3,8;0;29,1;25,94;23,6;76,5;2,766667;
2012-09-10;3,6;7,3;,8;28,4;25,02;20,5;70,5;2,666667;
2012-09-11;4,5;2,1;0;26,8;24,52;19,9;75,75;2,766667;
2012-09-12;2,7;3,8;0;28,4;25,6;23,1;74,25;2,333333;
2012-09-13;2,5;6,8;0;28,6;24,68;19,4;70;2,666667;
2012-09-14;3;9,3;0;28,2;24,48;18,7;69;2,233333;
2012-09-15;2,3;4,8;0;28,6;24,68;19,9;69,25;1,8;
2012-09-16;3,8;1,4;7,7;27,6;25,16;21,1;72,5;2,866667;
2012-09-17;3,5;1,3;0;28,9;25,56;22,7;74,75;3,033333;
2012-09-18;4,1;6,7;0;28,8;25,74;23;73,25;3,3;
2012-09-19;4,4;6,3;0;28,4;25,4;22,3;68,75;2,5;
2012-09-20;2,5;5,6;0;29;24,16;18,9;73,25;1,4;
2012-09-21;2,5;4,6;0;29,1;25,36;19,5;71,5;2,5;
2012-09-22;3;7,1;0;30,3;26,4;23,5;66,75;2,233333;
2012-09-23;5;6,1;0;29,8;26,46;23;67,5;3,233333;
2012-09-24;5,5;9,7;0;28,9;26,08;24,2;61,5;2,5;
2012-09-25;5,2;4,1;0;28,6;24,84;19,6;72,75;2,333333;
2012-09-26;3;3,7;2,4;29;25,78;22;73,75;2,033333;
2012-09-27;2,7;6,7;0;28,6;26,04;23,7;71;2,7;
2012-09-28;3,8;null;1;28,8;25,76;22,9;71,25;2,7;
2012-09-29;5,5;8,4;0;29,1;24,72;22,1;71,25;2,1;
2012-09-30;5,1;8,5;0;30,1;24,68;17,8;69;2,766667;
2012-10-01;3,4;9,5;0;29,2;25,74;21,1;69;3,266667;
2012-10-02;4;6,6;0;29,4;25,08;19,3;69,5;2,733333;
2012-10-03;5,3;7,1;0;29,2;26,22;22,7;67,75;3,266667;
2012-10-04;4,7;8;2;28,6;25,18;22;70;3,266667;
2012-10-05;5,6;3;0;28,8;25,98;23,8;69,5;3,666667;
2012-10-06;4,4;2,2;,4;28,4;25,46;20,8;68,75;2,833333;
2012-10-07;4;0;1;27,8;25,06;22,5;79,75;2,4;
2012-10-08;4;3,8;1;28,9;25,2;22,4;72,25;3,433333;
2012-10-09;4,6;7,1;0;29,2;25,38;20,8;64,5;3,366667;
2012-10-10;4,2;5,1;0;29,6;25,58;18,8;70,5;3,033333;
2012-10-11;2,8;,6;33,6;28;25,08;21,8;80;1,733333;
2012-10-12;2,3;5,7;8,4;29,1;26,1;22,8;74,5;2,233333;
2012-10-13;3,1;4,7;1,2;29;25,3;22;72,5;2,233333;
2012-10-14;4,6;,5;1,4;27,9;23,88;21,4;82,5;1,333333;
2012-10-15;2,2;6,6;1,2;29,2;25,3;20,3;72,75;2,8;
2012-10-16;4,6;8,3;0;29,4;26,42;23,8;75;3,133333;
2012-10-17;4,1;4,5;0;28,9;26,36;24,3;73,75;2,833333;
2012-10-18;4,5;8,8;0;29,2;26,08;23;70,5;2,5;
2012-10-19;4,6;5,3;,4;29,4;26,22;23,2;71;3,166667;
2012-10-20;5;8,1;,2;29,2;25,86;22,3;69,25;1,4;
2012-10-21;5;3,3;0;28,4;25,5;22,8;73;2,766667;
2012-10-22;3;9,2;2;29,4;26,36;21,9;69,5;2,233333;
2012-10-23;3,7;9;0;29,5;25,68;22,9;74;2,766667;
2012-10-24;3,5;1,7;0;28,7;25,64;22;76;3,533333;
2012-10-25;3,4;8,3;0;29,4;25,72;21,6;68,5;2,733333;
2012-10-26;5;10,2;0;30;26,42;23;72,75;3,1;
2012-10-27;4,6;8,6;0;29,9;25,62;20,4;71,25;2,3;
2012-10-28;4,4;7,8;1,6;29,9;26,34;22;68,5;3,233333;
2012-10-29;4,6;9,4;0;30,8;26,86;23,4;61,25;2,666667;
2012-10-30;5,2;5,9;0;30,4;26,82;24;66;1,8;
2012-10-31;4,3;8,3;0;30,6;26,7;21,9;68,25;1,933333;
2012-11-01;4,3;6,7;0;31;27,3;23,9;67,5;2,266667;
2012-11-02;3;9,2;0;31,2;27,14;22,6;60,25;2,766667;
2012-11-03;3,9;7,3;0;31,6;27,02;20,8;67;2,6;
2012-11-04;3;8,1;0;31,3;26,6;21,5;68,75;2,3;
2012-11-05;3,5;9;0;31,2;26,76;21,3;64,5;2;
2012-11-06;3,2;9,7;0;31;27,22;22;59,75;2,5;
2012-11-07;4;6,9;0;31,2;26,94;22,2;65,5;2,866667;
2012-11-08;4,3;6;2,8;30,4;25,74;21,7;69,5;3,133333;
2012-11-09;3,2;0;3,4;29,2;24,84;20,6;75,5;1,233333;
2012-11-10;2,5;8,4;0;30,4;26,16;22;64,75;2,766667;
2012-11-11;4,5;null;0;30,8;27,22;23,4;65,25;3,133333;
2012-11-12;4,5;5,8;,7;30,6;27,02;23,5;67;2,633333;
2012-11-13;5,4;10,1;2;30,4;26,34;21,6;59,5;2,433333;
2012-11-14;5,7;9,7;0;31,6;26,46;20,6;61;2,566667;
2012-11-15;4,3;6,8;0;30,4;26,74;21,6;66;1,833333;
2012-11-16;3,2;9,3;0;32;26,56;19,6;65,25;2,5;
2012-11-17;4,4;7,9;0;32,1;27,42;23,4;65,75;2,233333;
2012-11-18;6,2;8,1;0;31;27,24;24,6;69,25;3,1;
2012-11-19;5;9,6;1;30,2;27,18;23,6;70,5;2,766667;
2012-11-20;4;7;0;31,3;27,36;23,7;69,25;2,333333;
2012-11-21;5,3;7,6;0;31;27,3;24;66,5;2,333333;
2012-11-22;5;6,4;0;31;27,14;22,8;61,75;2,533333;
2012-11-23;4,3;7,4;0;31;27,1;23,6;71;2,7;
2012-11-24;4,8;11,2;0;31,3;27,14;22,8;63,75;2,766667;
2012-11-25;3,9;9,5;0;32;27,68;25;65;2,666667;
2012-11-26;4,6;10,6;0;31,4;27,88;25,1;65;3,2;
2012-11-27;4,2;8,7;0;30,9;26,96;22,2;69;3,2;
2012-11-28;1,7;8,3;0;31,3;27,28;21,8;67,5;2,066667;
2012-11-29;5,1;5,3;0;31;27,72;25,1;64,75;2,666667;
2012-11-30;5;10;0;31,5;27,64;24,9;65,75;2,766667;
2012-12-01;4,5;6,9;0;31;26,96;24,9;78;2,8;
2012-12-02;3,9;0;3,4;27,7;25,82;23;78;1,966667;
2012-12-03;2,7;4,4;,6;30,6;27,54;25,7;69,25;2,833333;
2012-12-04;4,4;5,2;0;31;27,26;23,2;66,25;2,5;
2012-12-05;4,3;5,5;,9;30,2;27,08;24,7;66,75;2,833333;
2012-12-06;5,3;11;0;31;27,72;25,2;63;2,5;
2012-12-07;6,2;7,6;0;30,7;27,52;25,2;66,75;3,166667;
2012-12-08;3,3;3,5;4,2;30,8;27,02;22;66,25;2,833333;
2012-12-09;4,3;7,2;0;31;27,72;25,3;67,5;2,633333;
2012-12-10;3,8;8,7;0;32,2;27,64;24,4;65,5;2,1;
2012-12-11;4,4;10,9;0;32,1;27,84;24;60,5;1,733333;
2012-12-12;5,5;8,8;0;31,8;27,68;24,4;65,75;1,833333;
2012-12-13;5;8;0;31,8;27,64;23,2;68,75;2,966667;
2012-12-14;4,5;7;,4;31,6;27,26;22,1;69,5;2,733333;
2012-12-15;5,2;6,2;,8;30,6;27,2;24,7;71,75;3;
2012-12-16;4,4;,5;2;28,3;25,88;24;77,5;2,233333;
2012-12-17;2,5;7,5;7;31,8;27,5;23,2;70,25;2,433333;
2012-12-18;3,7;6,6;,8;31,7;27,22;22;68;1,766667;
2012-12-19;4,2;5,5;0;31,8;28,3;25,4;66,25;2,5;
2012-12-20;5;10,9;0;31,8;28,18;25;60,25;2,5;
2012-12-21;5,1;9,4;0;31,4;27;20,8;62,5;2,366667;
2012-12-22;5,5;8,3;0;32;27,44;null;68;2,333333;
2012-12-23;5,1;7,3;0;30,8;27,76;25,1;68;2,633333;
2012-12-24;4,4;4,7;0;31,2;27,22;24,8;65;1,7;
2012-12-25;4,8;9,6;0;32;26,84;20,2;64,75;2,166667;
2012-12-26;5,1;9,2;0;31,7;27,12;21,5;67;2,9;
2012-12-27;5,6;9,6;0;32;27,46;null;66;3,166667;
2012-12-28;5,4;9,8;0;32;27,74;22;63,75;2,766667;
2012-12-29;5,6;6,4;0;31,6;27,94;24,3;63,75;2,866667;
2012-12-30;5;7;1,2;31,3;26,88;22,7;69,75;2,5;
2012-12-31;5,5;6,3;3,8;30;27,12;24,2;70,75;1,566667;
2013-01-01;4;3;5,2;30,3;26,62;23,6;71,75;2,333333;
2013-01-02;4;,4;4,2;26,8;25,32;22,7;86,25;2,166667;
2013-01-03;5,1;7,4;29,2;31,1;26,6;23;77,5;1,7;
2013-01-04;3;7,9;38,2;31;27,02;23,1;76,5;2,3;
2013-01-05;3,4;6,6;1,5;30,4;27,1;23,2;71,25;3,133333;
2013-01-06;6;10,8;0;30,8;27,6;24,7;70;2,666667;
2013-01-07;5;9,2;0;31;27,68;24;67,75;2,666667;
2013-01-08;5,3;10,1;0;30,7;27,68;25,3;68;2,066667;
2013-01-09;4,2;7,2;2,9;31,2;27,32;23,9;69,75;2,666667;
2013-01-10;4,1;9,7;0;30,8;27,22;23;69,5;2,5;
2013-01-11;5,3;8,8;0;31,5;27,24;21,1;67;2,8;
2013-01-12;4,9;5,2;,5;31;27,58;25,3;70,5;3,533333;
2013-01-13;3,8;1,8;7,6;29,6;26,12;23,5;80,25;2,5;
2013-01-14;4;7,8;4,5;30,6;27,42;25,4;70,25;1,533333;
2013-01-15;3,5;2,7;,4;30;26,28;22;73,25;,566667;
2013-01-16;2,5;5,9;1;31,4;27,28;22,7;69,25;2,666667;
2013-01-17;4,2;5,6;0;31;26,6;21,9;82,75;1,833333;
2013-01-18;2,4;5,1;,3;31,6;27,54;22,4;72;2,066667;
2013-01-19;2,9;7,4;0;32;27,74;23;68;1,7;
2013-01-20;4;2,4;0;31,4;28,42;26,1;74;2,3;
2013-01-21;3,1;8,9;0;32,2;28,4;24,5;73,25;2,733333;
2013-01-22;3,4;8,4;0;32,4;27,7;23,2;65,75;2,366667;
2013-01-23;4,3;9;,2;32,4;27,34;21,9;69;2,733333;
2013-01-24;4,5;9,8;0;31,6;27,2;22;61,75;2;
2013-01-25;4,2;10,1;0;32;27,04;20;64;2,4;
2013-01-26;3,5;6,9;0;32,4;26,8;19,7;67,25;1,866667;
2013-01-27;7;10,4;0;33,1;27,32;20,8;65,5;2,666667;
2013-01-28;4,3;10,2;0;32,4;27,48;21,2;62,75;3,1;
2013-01-29;4,5;9,8;0;32,4;27,6;21,3;64,75;2,333333;
2013-01-30;5,5;9,5;0;32;27,6;22,2;67,25;2,3;
2013-01-31;5,2;9,5;0;31,4;27,26;22;65;2,566667;
2013-02-01;5,3;9,2;0;31,7;27,54;22,4;65;2,233333;
2013-02-02;6;9,9;0;32;28,38;25,8;70,75;4,133333;
2013-02-03;5,5;6,8;0;31,8;27,84;25,5;72,75;2,733333;
2013-02-04;4,5;10,7;1;32;27,48;24;68,25;2;
2013-02-05;4;8,9;3,3;31,8;26,94;22;71,75;2,433333;
2013-02-06;4,6;6,8;0;32,4;27,54;22,8;69,5;2,2;
2013-02-07;4,8;10,2;0;32,8;28,36;22,9;66,25;3,233333;
2013-02-08;5,8;7;6,7;32;27,42;22;70,5;1,966667;
2013-02-09;5,8;7,9;0;31,6;28,62;26,5;65,75;3,4;
2013-02-10;4,6;5,6;0;31,8;27,54;22,3;69;2,633333;
2013-02-11;5,6;6,9;0;32;28,5;26,1;65;3,066667;
2013-02-12;5,5;2,4;0;31;27,24;22;68,25;2,466667;
2013-02-13;4,3;8,9;0;32,1;27,84;22,3;66,5;2,466667;
2013-02-14;5,2;6;,2;31,8;27,88;23,9;69,25;2,6;
2013-02-15;4,7;6,9;,8;32;28,3;24,6;64,75;2,2;
2013-02-16;4,5;9,7;0;33,2;27,98;21,7;61,5;2,433333;
2013-02-17;6,5;8,5;0;32,8;28,18;22,6;64,25;2,266667;
2013-02-18;5,5;,5;17,2;28,2;26,38;23,8;79,25;2,5;
2013-02-19;3,5;5,6;4,2;31,4;27,62;23,2;69,75;2,3;
2013-02-20;4,5;4;,6;30,9;27,62;22,9;71,5;2;
2013-02-21;4,7;6,2;3;30,1;27,16;24,8;73;3,233333;
2013-02-22;4;9,1;8;31,4;27,58;22;67,5;2,666667;
2013-02-23;4;3,8;,2;32;27,84;22,7;69;1,9;
2013-02-24;4;6,1;,9;31,5;27,82;24;72;2,033333;
2013-02-25;4,5;10,1;1,6;31,4;27,92;23,9;69,5;3,3;
2013-02-26;4,3;9,6;0;31,9;27,9;22,3;67;2,733333;
2013-02-27;5,6;8,9;0;32,6;28,04;22,2;67,5;2,166667;
2013-02-28;5,4;9;0;31,9;28,52;25,4;68,25;2,533333;
2013-03-01;5,6;8,8;0;32,3;28,64;25,2;66,75;3,366667;
2013-03-02;6,2;8,6;1;32,1;28,56;25,8;70,5;3,5;
2013-03-03;5,4;1,4;,2;31,2;28,1;24;70,5;2,866667;
2013-03-04;4,3;1,6;34,4;29,5;26,5;24,6;91;1,566667;
2013-03-05;1,4;9,1;13,2;31,2;28,08;25,3;76,25;2,733333;
2013-03-06;1,8;8;1;31,4;28;24,5;70,75;2,766667;
2013-03-07;6,1;10;0;31;27,6;23,8;67,75;2,633333;
2013-03-08;4,1;1,8;0;30,7;27,3;22,4;70;2,233333;
2013-03-09;2,9;4,5;,6;31;27,44;22,6;69,75;2,766667;
2013-03-10;5,6;3,6;1,2;30,8;27,48;23,8;77;1,966667;
2013-03-11;6,8;8,9;0;32;28,76;26,5;67;2,233333;
2013-03-12;3,3;6,8;0;32,5;28,04;22,1;67,5;2,1;
2013-03-13;3,1;9,1;0;32,6;28,88;26,3;67,25;2,366667;
2013-03-14;3,6;5;21;31;27,34;23,6;73,25;2,933333;
2013-03-15;3,2;1,7;8;30,2;27,14;23,4;74,5;2,633333;
2013-03-16;4,2;2,8;,2;31;27,42;23,3;71,25;2,166667;
2013-03-17;3,1;4,8;,4;31,4;27,3;23,2;73,5;1,5;
2013-03-18;3,7;,9;8;29,9;26,32;25;84,75;,8;
2013-03-19;1,4;9,9;9,6;32,4;27,58;23,2;69,25;1,233333;
2013-03-20;3,2;3,3;0;32;27,62;24,7;76,25;1,933333;
2013-03-21;3;5,9;0;31,6;27,26;22,1;73;2,333333;
2013-03-22;1,9;9,3;0;32;27,42;22;68,75;1,7;
2013-03-23;4;7,6;0;31,9;27,26;22,8;76;1,833333;
2013-03-24;3,3;9,6;0;31,4;27,7;23,5;68,25;1,966667;
2013-03-25;3,9;8,9;0;32;27,54;22;68,25;1,8;
2013-03-26;4,1;9,8;0;32,4;28,36;23;66;1,1;
2013-03-27;3,7;8,5;0;32,9;27,44;23,2;67,25;2,133333;
2013-03-28;4,7;4,3;0;32,4;27,6;22,8;70;1,233333;
2013-03-29;4,7;8,7;0;33;28,48;24,3;67;3,166667;
2013-03-30;5,9;8,2;0;32,5;27,98;24,3;66,5;2,366667;
2013-03-31;4,4;10;0;32,3;27,84;24,7;66,25;2,666667;
2013-04-01;6,1;8,7;0;32,4;27,62;23,6;67,75;1,933333;
2013-04-02;4;3,5;4,8;30,2;26,22;20,8;76,5;2;
2013-04-03;2,7;9,6;,8;31,6;27,38;22;67,25;2,4;
2013-04-04;5;9,9;0;32,5;27,94;23,2;67,75;2,266667;
2013-04-05;4,8;9,8;0;33,2;28,18;22,2;64,5;1,4;
2013-04-06;4;7,3;0;32,2;28;23;66,75;2,233333;
2013-04-07;3,5;8,8;0;33,5;28,22;22,4;67,25;1,833333;
2013-04-08;4;9,4;0;33,2;28,42;22,3;68,25;1,933333;
2013-04-09;4,8;9,6;0;32,4;27,68;24,7;70;1,933333;
2013-04-10;3,7;5,5;0;31,4;27,38;22;73,5;1,733333;
2013-04-11;2,4;3,8;1;31,6;27,66;23,1;73,75;2,233333;
2013-04-12;3,4;7,9;0;33,1;27,94;22;67,75;2,9;
2013-04-13;3,7;6,3;3;31,6;27,52;22,8;71,25;1,8;
2013-04-14;3;9,3;,8;32,8;28,22;22,8;73,5;1,9;
2013-04-15;3,6;9,3;0;33,3;28,34;23;65,25;1,8;
2013-04-16;3,9;8,3;0;33,1;28;21,5;64,25;1,733333;
2013-04-17;3,7;9,3;0;33,1;28,2;21,6;68,5;2,066667;
2013-04-18;3,5;9;0;33,2;28,78;24;70,75;1,933333;
2013-04-19;3,6;2,3;4,4;30,4;26,66;23,8;85,75;2;
2013-04-20;,8;6,8;37,8;32,1;27,18;23;77,75;1,1;
2013-04-21;3,5;8,4;,4;31,6;26,94;22,4;72;1,666667;
2013-04-22;3,5;6,5;24;31;26,4;23,3;77,5;1,666667;
2013-04-23;3;8,5;,4;30,9;26,04;22;78,5;1,666667;
2013-04-24;2;1,1;50;27,7;25,22;23;90,75;1,6;
2013-04-25;1;8,5;16,4;31,2;26,54;21,6;80,75;1,7;
2013-04-26;3;9,4;1,7;31;27,1;24,3;78,75;2,166667;
2013-04-27;2,7;5,4;3,5;30,2;26,06;23;76,25;2,033333;
2013-04-28;1,5;2,4;8,5;29,3;25,52;23,5;92,25;1,133333;
2013-04-29;1,2;2;31,4;28,2;25,34;22,1;90,25;,9;
2013-04-30;,8;5,4;40,1;30,4;25,58;23;87;1,066667;
2013-05-01;1,6;7,4;10,8;30,4;25,34;22,2;86,75;,8;
2013-05-02;1,4;3,6;10;30,2;25,8;22;78,5;1,5;
2013-05-03;3,8;9,4;,6;30,4;26,48;21,5;73,25;2,433333;
2013-05-04;3,2;10,1;0;30,4;26,68;21,3;68,75;2,733333;
2013-05-05;3,6;7,5;0;30,2;26,54;22,3;72;2,433333;
2013-05-06;3;7,6;2,8;30,3;25,32;20,7;77,75;,9;
2013-05-07;2,1;8,8;,2;31,4;27,12;21,9;80;1,733333;
2013-05-08;2,8;8,8;0;null;27,36;23,1;55;1,15;
2013-05-09;3,4;4,1;0;30,8;26,72;23,3;76;1,2;
2013-05-10;2;7,4;3,6;30,2;25,7;22,5;85,25;1,333333;
2013-05-11;1,8;8;21,4;30;25,96;22,5;79,5;1,6;
2013-05-12;4,2;10;0;30,2;26,08;21,5;77,25;1,833333;
2013-05-13;2,6;0;,3;29,7;25,32;22;81;1,833333;
2013-05-14;2;4,5;7,8;30,2;26,2;22,8;75,5;2,433333;
2013-05-15;1,9;7,3;1,8;30,2;25,58;21,8;84;1,6;
2013-05-16;1,4;9,8;6,2;30,2;26,12;21,7;75,5;1;
2013-05-17;null;0;119,8;25,6;null;23,1;94;,25;
2013-05-18;null;2,7;23,8;29,1;24,92;22,9;89;1,566667;
2013-05-19;1;8,7;4;29,6;24,62;21,5;82,75;1,566667;
2013-05-20;null;10,1;,2;29,1;25,82;21,5;82;1,666667;
2013-05-21;6;6,9;1,6;29,4;25,4;23,1;84,5;1,1;
2013-05-22;2;10,1;,2;30;25,28;21,4;80;1,133333;
2013-05-23;2,5;4,9;0;29,5;25,5;21,2;83,75;1,266667;
2013-05-24;1,8;4,3;10,6;30,2;26,6;24,1;84;1,3;
2013-05-25;1,3;4,1;27,6;29,8;26,28;22,9;84,75;,666667;
2013-05-26;1,6;1,6;,6;29,5;25,34;22,6;86,25;1,5;
2013-05-27;1,3;3,5;16,3;29,1;25,48;22,7;88,25;1,1;
2013-05-28;1,1;6,9;27,2;29,6;25,26;22,9;88,25;1,333333;
2013-05-29;1,4;9,5;5,3;30,6;25,5;22,9;84;,933333;
2013-05-30;2;5,8;9,2;29,7;25,12;21,9;84,25;,833333;
2013-05-31;2,2;9,4;5;29,7;25,12;22,7;81,5;1,366667;
2013-06-01;4,6;7,3;2,8;29,8;25,14;21,1;80;1,133333;
2013-06-02;1,8;,8;28,4;26,5;24;21,3;88,25;,433333;
2013-06-03;,8;9,9;3,6;30,4;25,48;21,4;82,5;1,4;
2013-06-04;1,2;1,4;4,4;27,6;24,52;21,5;94;,266667;
2013-06-05;,2;5,2;55,3;29,1;25,18;22,7;92,25;,9;
2013-06-06;,6;8,5;4,4;29,9;25,22;22,1;81,25;1,6;
2013-06-07;1;9,9;3;30;26,34;21,9;77,75;,833333;
2013-06-08;1,4;2,2;25,6;27,7;24,86;22,7;93;1,4;
2013-06-09;,4;6,4;58,3;29,1;24,54;21,7;88;1,733333;
2013-06-10;1,2;8,2;7;29,6;25;21,1;83,5;1,033333;
2013-06-11;1,2;8,4;,4;29,4;25,28;22,1;85,75;1,6;
2013-06-12;1,3;0;42,4;25,9;24,34;22,1;94,5;1,133333;
2013-06-13;,5;0;48,1;26,6;24,36;23,1;92,75;,766667;
2013-06-14;,1;6,9;65,4;28,4;25,4;21,9;91;1;
2013-06-15;,6;7;,2;30,2;25,38;21,3;84,75;1,6;
2013-06-16;1,4;7;0;29,3;25,24;21,3;87,25;1,3;
2013-06-17;,9;8,6;25,9;29,4;25,4;21,7;86,5;1,766667;
2013-06-18;,4;8,9;0;29,5;25,1;20,9;85,5;1,333333;
2013-06-19;,9;8,3;15,4;29,3;25,24;22,5;83,75;1,566667;
2013-06-20;1,1;8,2;4;29,2;25,44;22,1;86,5;1,966667;
2013-06-21;2;1;11,4;29;25,28;22,9;89;2,066667;
2013-06-22;1,2;1,9;59;29,1;25,78;22,9;83;1,533333;
2013-06-23;1,7;9,8;0;29,1;24,42;20,4;80,75;1,933333;
2013-06-24;1,8;9,7;0;29;24,42;20,1;80;1,233333;
2013-06-25;1,9;3,8;,2;28,8;24,04;20,3;91;1,533333;
2013-06-26;,8;8,8;3,9;29,1;24,88;21,7;84,25;1;
2013-06-27;1;5,1;9,9;28,2;24,72;22,1;87,25;1,833333;
2013-06-28;1,3;1,7;9,1;27,2;24,68;22;92,5;,766667;
2013-06-29;1,6;8,8;3,3;29;24,78;22,9;81;,833333;
2013-06-30;1,5;9,6;0;29,2;23,92;19,5;81,25;1,6;
2013-07-01;1,7;6,5;1;29,3;24,88;19,7;82,25;1,9;
2013-07-02;1,6;0;27,2;24,7;23,5;22,5;96,25;,266667;
2013-07-03;,1;0;55,4;26,5;23,74;22,1;94,25;,833333;
2013-07-04;,2;7,2;22,8;28,9;24,32;21,5;85,75;1,833333;
2013-07-05;1,4;9,6;4;28,7;24,72;21,1;79;1,766667;
2013-07-06;1,7;4,3;11,2;29;24,64;20,5;84;1,233333;
2013-07-07;1,1;3,3;1,4;28;24,36;21,3;84;,866667;
2013-07-08;1,6;2,5;7;27,5;24,14;20,9;90,75;1,233333;
2013-07-09;,9;1,5;3,6;26,7;24,04;22,1;87,5;1,4;
2013-07-10;1,3;9,3;11,4;28;24,52;19,5;70,5;2,1;
2013-07-11;3,7;,1;16,6;28,1;23,7;20,5;97;1,65;
2013-07-12;,2;7;32;28,7;25,34;22,1;86,25;,866667;
2013-07-13;1,1;3,4;21;28,8;24,98;22,3;91,25;,533333;
2013-07-14;,7;,5;28,6;26,3;24,46;22,7;88;2,066667;
2013-07-15;1;9,5;25;28,6;23,62;20,9;80,75;1,4;
2013-07-16;1,7;,2;0;28,2;24,3;20,7;81,5;1,233333;
2013-07-17;1,4;2,6;2,4;27,1;24,08;21,3;86,25;1,466667;
2013-07-18;,8;,6;26,8;26,1;23,96;22,2;92,5;,266667;
2013-07-19;,9;7,8;14,2;28,7;25,02;22,5;82,25;1,733333;
2013-07-20;1,7;0;2,2;26,5;23,74;20,5;83,25;,433333;
2013-07-21;,6;2,9;17,8;27,7;24,72;22,9;93,75;2,133333;
2013-07-22;1;7,6;13;28,5;24,72;22;81,25;1,233333;
2013-07-23;1,9;10,2;6,2;29,5;24,64;21,9;79,75;1,366667;
2013-07-24;2,5;8;0;30;25,38;21,1;77;1,133333;
2013-07-25;2,3;9,7;12,5;29,2;25,14;21,5;78,25;1,066667;
2013-07-26;1,7;4,3;26,6;28,1;23,44;21,3;85,25;1,266667;
2013-07-27;1;9,8;1,7;28,8;23,74;20,1;79,5;2,2;
2013-07-28;2,5;8,1;1,2;29,8;24,96;20,9;73,5;1,166667;
2013-07-29;2,7;6,8;9,2;28,9;23,68;20,9;81,25;1;
2013-07-30;1,8;,6;,6;24,9;22,46;20;87,5;1,5;
2013-07-31;1;7,3;13,8;27,3;23,64;19,4;82,25;1,5;
2013-08-01;1,3;6,4;4,5;28,3;24,34;20,5;81;1,566667;
2013-08-02;2,5;9,9;,5;28,2;24,82;21,7;73,5;2,366667;
2013-08-03;2,7;4,3;0;28,6;24,62;19,5;76;2,1;
2013-08-04;1,8;9,7;1,2;28,9;23,52;19;80,25;1,233333;
2013-08-05;2,4;4,8;1;29,1;25,14;20,1;80,75;1,266667;
2013-08-06;2,9;5,7;,2;28,5;25,74;22,6;75,75;2,633333;
2013-08-07;3,5;10;,6;28,6;24,58;21,2;63,5;2,033333;
2013-08-08;2,8;null;1,6;28;23,66;20;83,5;1,166667;
2013-08-09;1,2;3,8;7,6;28,3;24,92;21,8;82,5;2,233333;
2013-08-10;1,7;6,5;6,4;28,3;25,22;22,4;78,5;2,333333;
2013-08-11;2;10;,4;28,7;24,44;19,9;75,5;1,133333;
2013-08-12;2,1;9,5;,2;29,1;25,48;22,3;76,75;1,733333;
2013-08-13;null;7,6;7;28,3;24,52;21,1;85,25;1,933333;
2013-08-14;1,5;,2;55;26,5;24,16;22,5;85;1,5;
2013-08-15;1,5;9,3;11,4;28,1;24,82;22,3;79,5;2;
2013-08-16;1,9;8,4;,6;29,1;24,72;20,7;82;1,766667;
2013-08-17;2,1;5,6;1;27,8;24,48;21,7;87,25;,8;
2013-08-18;,5;0;51,8;23,9;22,48;21,7;94;1,133333;
2013-08-19;,6;4,2;21;26,8;23,66;21,1;84,5;1,066667;
2013-08-20;1;6,2;9,3;27,9;24,06;21;85,5;1,6;
2013-08-21;2,1;6,6;2;28;24,64;20,9;80,25;2,066667;
2013-08-22;1,6;7,5;7,4;28,2;24,04;20,8;86,25;2,066667;
2013-08-23;1,7;9;8;28;24,82;22,5;76,25;2,133333;
2013-08-24;2,8;9,7;,2;28,5;25,48;23,5;75,25;2,766667;
2013-08-25;1,7;7,7;1,6;28,3;25,08;22,6;79,25;2,2;
2013-08-26;3;3,9;,2;28;24,88;22,2;83,25;1,666667;
2013-08-27;,5;7,7;6;28,7;24,66;22,5;79,5;2,166667;
2013-08-28;1,5;3,6;0;28,5;25,42;21,7;78,75;2,5;
2013-08-29;3,3;1,1;0;28,3;25,22;22,7;81;3,033333;
2013-08-30;2,3;,1;15,4;27,9;25,26;23;81,75;2,9;
2013-08-31;2,1;,4;3,2;27;25;23,9;82,25;3,833333;
2013-09-01;2,4;2,8;3;27,2;24,92;23;77,75;2,766667;
2013-09-02;2,3;2,9;10,8;27,1;24,58;22,3;77,25;1,766667;
2013-09-03;1,4;1,1;4,4;27,7;24,46;21;80,75;2,6;
2013-09-04;1,7;2,9;27;28,7;25,16;22,1;81,5;,566667;
2013-09-05;1,7;6;,2;28,5;25,42;22,7;78,5;2,766667;
2013-09-06;1,9;9;,4;29,1;25,64;22,2;74,5;2,733333;
2013-09-07;2,2;4,6;7;28,1;25,22;22,2;76,5;2,4;
2013-09-08;1,7;2,4;4,4;27,1;23,82;21,7;85,5;2,966667;
2013-09-09;1,6;7,1;14,2;28,9;24,54;21,3;84,25;2,266667;
2013-09-10;1,9;1;30,2;26,5;23,82;21,5;85,75;3,066667;
2013-09-11;1,5;8,3;1,8;27,9;23,58;19,2;74;2,6;
2013-09-12;2,4;0;6,2;26;22,7;20,5;91,25;2,4;
2013-09-13;,8;4,2;14,3;28,5;23,98;21,1;89;1,4;
2013-09-14;1,4;3,6;2;28,5;25,34;22,1;80;2,433333;
2013-09-15;1,6;8,5;1,4;28,9;25,68;22,5;75;2,633333;
2013-09-16;1,8;8,6;5;28,7;25,88;24;75,25;1,9;
2013-09-17;2,3;4,2;0;30;25,94;23,6;84,5;1,8;
2013-09-18;1,5;3,9;2,4;29,1;26,28;22,9;75,5;3,2;
2013-09-19;2,3;5,4;0;28,7;25,68;22,2;71,25;2,9;
2013-09-20;2,9;6,8;0;28,7;25,66;21,1;69,5;2,733333;
2013-09-21;4;1,8;0;28,5;24,8;22,8;86,25;1,9;
2013-09-22;2;5;2,2;28,8;25,54;22,7;83,5;2,233333;
2013-09-23;1,3;7,4;3,3;29,1;26,02;23,4;73,25;1,7;
2013-09-24;3,2;2,1;0;28,7;25,44;21,1;73,75;2,3;
2013-09-25;2,2;8;0;29,7;25,48;20,2;72,25;1,3;
2013-09-26;2,5;7,1;0;30,4;26,56;22,4;69,25;2,333333;
2013-09-27;2,4;2,4;0;28,9;25,54;22,6;80,25;2,1;
2013-09-28;1,9;6,4;,8;29;25,6;20,9;73,5;3,1;
2013-09-29;3,4;7,4;0;29,2;25,48;23,1;76,5;2;
2013-09-30;2,1;1,3;5;28,1;24,38;22,1;90;1,366667;
2013-10-01;1,2;2,9;4,6;28,8;25,04;21,1;75,5;2;
2013-10-02;1,7;7,8;,4;29,7;25,66;20,1;71,75;2,3;
2013-10-03;3,2;6;3,5;28,5;26,14;24,3;73;2,1;
2013-10-04;2,4;2,7;0;29,2;25,96;23,5;81;1,633333;
2013-10-05;1,5;7,8;,5;29,9;26,06;23;73,5;1,833333;
2013-10-06;2,2;5,2;0;29,9;26,1;21,8;73,5;1,733333;
2013-10-07;2,5;5,1;0;29,6;27,32;26,5;70,5;3;
2013-10-08;2,3;6,2;0;29,8;26,78;24,9;70;3;
2013-10-09;2,2;4,2;11,3;29,1;25,72;22,7;73,75;2,633333;
2013-10-10;3,9;6,4;0;29,4;26,22;22,6;72;3,166667;
2013-10-11;4,6;8,6;,4;29,9;25,52;23;80,25;1,933333;
2013-10-12;1,5;2,7;15,6;28,9;25,56;22;78,5;3,033333;
2013-10-13;3,1;6,3;,2;29,6;25,78;23,1;78,25;2,466667;
2013-10-14;2,4;7;3,2;29,4;25,34;21,2;78,75;2,166667;
2013-10-15;2,9;2,7;10,6;28,9;25,54;22,1;79,75;2,9;
2013-10-16;2,5;2,5;9;29,1;25,64;22,3;79,25;2,7;
2013-10-17;2,1;4,6;3,6;29,4;26;22,6;73,5;2,166667;
2013-10-18;3,5;5,5;0;29,8;26,6;23,7;74,25;2,133333;
2013-10-19;1,8;8,2;,2;30,4;26,34;22,1;71,75;1,833333;
2013-10-20;3,2;6,5;0;31,1;26,18;21,1;71;1,833333;
2013-10-21;3,3;7,6;2;29,9;26,72;24,1;71,25;3,033333;
2013-10-22;4,5;8,2;0;30,1;26,46;23,1;72,25;2,6;
2013-10-23;4,5;6,3;0;29,8;26,76;24,1;75;2,633333;
2013-10-24;2,3;3,4;26,2;28,1;26,06;24;79,25;1,6;
2013-10-25;1,7;3,2;3,4;29,2;25,78;22,1;79,5;1,666667;
2013-10-26;2,2;4,4;,8;29,4;25,62;21,5;80,5;1,8;
2013-10-27;1,3;2,2;31,5;29,2;25,6;23,1;79,25;,966667;
2013-10-28;2,5;2,2;1;29,4;26,4;23,5;77,75;2;
2013-10-29;2,6;4;0;29,5;26,2;22,5;74;2,5;
2013-10-30;2,7;6,7;1,2;29,6;26,2;22;76,25;2,3;
2013-10-31;3,5;7,6;0;29,9;25,86;22,9;76,5;2;
2013-11-01;4,8;1,5;0;29,2;25,6;23,1;86,5;1,166667;
2013-11-02;1,2;2,9;27,5;29,2;26,12;22,8;83;,833333;
2013-11-03;1,8;3,7;1,6;30,1;26,22;22;73;1,133333;
2013-11-04;2,6;3,3;10,6;30;25,8;20,1;81,75;2,3;
2013-11-05;2,9;,3;0;29,4;26,7;24;80,25;2,633333;
2013-11-06;2,5;8,2;0;30;26,58;23,1;75,5;2,766667;
2013-11-07;3,5;5,6;1,2;29,6;26,2;23,1;78,25;2,766667;
2013-11-08;3,5;7,2;0;30,6;26,66;22,4;77,5;2,5;
2013-11-09;4;9,2;0;30,4;27,46;25;75;2,533333;
2013-11-10;3,6;4,9;1;30,1;26,8;24,5;79,75;2,166667;
2013-11-11;3,4;8,4;0;30,3;26,82;23,2;72,75;1,566667;
2013-11-12;3,5;7,1;0;31;27,46;24,7;70,75;3,333333;
2013-11-13;3,8;5,5;0;30,2;27;24,7;76;2,4;
2013-11-14;5;5;,8;29,8;26,38;22,5;71;2,766667;
2013-11-15;5;9,3;0;30;26,62;24,3;72,75;2,766667;
2013-11-16;5,3;4,9;0;29,3;26,24;24,1;76,5;2,233333;
2013-11-17;4,2;1,3;0;30;26,3;22,6;76,75;1,4;
2013-11-18;4;2,1;2,6;29,7;26,42;23;74,75;3,3;
2013-11-19;5,4;6,1;0;29,8;26,78;24,4;74,75;3,166667;
2013-11-20;4,4;0;0;28,5;25,86;22,7;88;,666667;
2013-11-21;1;4,4;28;29,1;25,24;22,4;84,5;2,166667;
2013-11-22;2;,8;,4;29,9;25,86;21,6;78;1,8;
2013-11-23;4,2;1,7;0;30;26,62;22,9;73,75;2,233333;
2013-11-24;2,5;5,9;,8;30,6;26,82;22,6;72,75;2,033333;
2013-11-25;4;7;0;30,3;27,2;24,7;75,75;2,7;
2013-11-26;4,3;4,3;0;30;26,34;21,5;75,5;1,9;
2013-11-27;3,7;5;0;30,2;26,74;23,4;73,5;2,233333;
2013-11-28;3,8;3,2;0;30,5;26,78;21,8;72,75;2,3;
2013-11-29;4,2;5,5;0;30,3;26,84;23,9;79;1,666667;
2013-11-30;3,5;4,8;2;30,8;26,82;24,1;79,5;2,5;
2013-12-01;2,5;2;4;30;26,24;23;82,75;2,466667;
2013-12-02;2,8;5,1;2;30,2;26,54;22,7;76,5;2,4;
2013-12-03;3,4;7,2;0;31;26,7;22,2;74,25;1,9;
2013-12-04;3,4;5,9;0;31,6;27,26;22;76,25;1,8;
2013-12-05;3,7;8,5;0;31,4;27,22;22,6;75;2,766667;
2013-12-06;3,7;2,7;0;31,1;27,2;22,4;72,75;2,5;
2013-12-07;3,1;4,9;0;31,7;27,32;22,5;74,5;3;
2013-12-08;4;6,8;0;31;27,04;22,6;72,75;3,066667;
2013-12-09;4,1;4,9;0;30,4;26,72;22,6;72,25;2,5;
2013-12-10;4,8;8,5;0;31;26,42;21,2;68,75;2,833333;
2013-12-11;5;9,7;0;32,2;27,38;22,8;66,25;2,666667;
2013-12-12;4,3;6,4;0;31,7;26,94;21,2;72,5;3,5;
2013-12-13;4,5;5,1;0;31,4;27,38;22,6;72,75;3,166667;
2013-12-14;4,8;7;0;32;27,98;24,6;70;2,4;
2013-12-15;4,5;8,5;0;32,1;27,54;23,2;67,5;2,566667;
2013-12-16;4,8;4,4;0;32,2;27,2;null;69;2,566667;
2013-12-17;4,9;0;0;29,8;27,42;24,4;73,75;2,366667;
2013-12-18;3,6;0;2;29,4;27,22;24,4;72,75;1,966667;
2013-12-19;2,8;0;113,3;26,7;24,1;22,4;97,25;,566667;
2013-12-20;,5;null;42,2;28,5;25,6;23,1;85,25;1,566667;
2013-12-21;2,2;3,4;0;31,4;27,28;22,8;75,25;2,766667;
2013-12-22;1,9;11,1;4,4;30,7;27,24;23,6;73,75;2,666667;
2013-12-23;4,3;3,4;3,6;30,1;27,26;24,2;73,5;2,366667;
2013-12-24;3,8;3,8;1;31,1;27,18;24;71,75;1,666667;
2013-12-25;3,5;7,5;0;31;27,7;25;78,25;2,6;
2013-12-26;4,2;5,2;0;30,4;27,34;24;71,5;2,933333;
2013-12-27;4,4;3,1;0;30,1;27,72;26;76,5;2,833333;
2013-12-28;2,8;2,7;0;30,1;27,02;24,8;72,25;1,566667;
2013-12-29;3,2;4,6;0;30,8;26,86;22;75;1,966667;
2013-12-30;3,6;8,4;0;31;27,56;24,8;72,25;2,5;
2013-12-31;3,1;5,6;4,8;30,8;26,5;22,1;76,25;2,333333;
2014-01-01;3,7;7;0;30,6;27,66;25,6;76,75;2,9;
2014-01-02;4,4;8,7;0;31;27,28;23,6;74,25;2,5;
2014-01-03;4,6;9,8;0;31,1;27,02;23,4;72,75;2,666667;
2014-01-04;3,7;5,7;0;30,9;26,4;20,9;71;2,233333;
2014-01-05;3,6;1,2;0;30;26,22;21,6;77,75;1,833333;
2014-01-06;2,3;1,6;13,9;29,4;25,66;22,2;76,5;1,6;
2014-01-07;3,2;5,5;0;30;26,02;22;74,75;2,4;
2014-01-08;4,4;null;0;30,4;null;null;null;3,15;
2014-01-09;4,4;0;1;30,2;24,9;21,6;86,25;0;
2014-01-10;,5;6,4;31,6;30;25,96;22;78,25;2;
2014-01-11;3;2,7;0;29,4;24,62;21;88,25;1,5;
2014-01-12;1;2,9;18,3;29,2;25,32;22,6;82;1,133333;
2014-01-13;1,7;6;5,1;30;26,62;22,6;76;1,966667;
2014-01-14;3,3;2,1;0;29,9;26,52;22,2;79,25;1,466667;
2014-01-15;2,5;8,2;6,8;30;26,16;22,4;76,25;2,566667;
2014-01-16;3,5;6,9;0;31;26,48;21,8;71;1,966667;
2014-01-17;3,2;5,1;0;30,8;27;22,6;73,75;1,433333;
2014-01-18;2,9;6,4;7,2;31,2;27,4;23;72,75;2,933333;
2014-01-19;2,7;7,4;2;30,8;26,96;24;73,25;2,133333;
2014-01-20;3,2;8,9;0;31,7;27,5;23,8;65;2,666667;
2014-01-21;3,6;7,7;0;31,2;26,7;20,4;66,25;1,9;
2014-01-22;3,6;8,4;0;31,4;26,9;23,2;66,5;2,9;
2014-01-23;4,5;8,3;2,6;30,4;26,82;23,2;69;2,766667;
2014-01-24;3,5;9,1;0;30,6;26,56;22,2;69,25;1,9;
2014-01-25;3,6;3;0;29,8;25,42;22;75;1,166667;
2014-01-26;,9;7,5;8;30;25,52;22,6;74,75;1,966667;
2014-01-27;2,5;2,2;5,6;30;26,38;21,2;71,75;2,766667;
2014-01-28;4;10,2;0;31,2;27,38;24,4;67,25;2,233333;
2014-01-29;3,6;7,4;,6;30,6;27,54;23,6;70,25;3,166667;
2014-01-30;4,2;7,4;6,2;30,2;27,06;23,8;71,25;3,3;
2014-01-31;3,6;9,1;0;30,4;27,02;23,4;68,75;3,033333;
2014-02-01;3,4;8,4;0;30,8;26,8;21,6;69,25;2,5;
2014-02-02;3,2;,9;6;28,9;25,7;24;80;2,233333;
2014-02-03;1,1;,6;11,6;29,4;25,46;20,8;79,75;2,366667;
2014-02-04;1,3;7,2;,8;30,4;25,6;22,5;76;1,333333;
2014-02-05;2,5;7,7;0;30,8;25,9;21,1;72,75;,833333;
2014-02-06;3,3;1;6;30,6;25,7;22,6;85,25;1,566667;
2014-02-07;1,8;1,1;35,4;28,6;25,1;22,4;90,75;1,333333;
2014-02-08;,7;3,9;13;30,4;26,86;23,2;79;2,466667;
2014-02-09;2,2;0;24,3;28,7;24,88;22,5;87;,833333;
2014-02-10;,9;2,8;12,4;30;26,24;23;84,5;,9;
2014-02-11;2;7,3;,4;30,8;27,38;23,8;73,5;2,133333;
2014-02-12;2,6;0;,2;28,3;25,8;22,6;82,75;,733333;
2014-02-13;1,3;6,7;3;30,6;26,58;21,1;76,25;2,233333;
2014-02-14;2,5;3,5;16,6;30,8;27,02;22,8;78;1,133333;
2014-02-15;1,8;3,2;0;31,2;27,3;23;75,25;1,366667;
2014-02-16;2,4;8,1;0;31;27,14;23;74,25;2,733333;
2014-02-17;2,4;7,3;0;31,8;27,26;22,1;75,75;1,9;
2014-02-18;3,6;9,3;0;31,2;26,98;22,4;71,75;1,533333;
2014-02-19;3,9;1,7;0;31,4;27,5;22;73,75;1,7;
2014-02-20;3;4;12,5;31,4;27,7;24;74,75;2,666667;
2014-02-21;3,1;1,6;,4;30,3;26,14;23,4;82,5;2,2;
2014-02-22;3;1,1;5;30,8;26,6;23,8;80,25;1,6;
2014-02-23;2,5;1,9;,6;30,8;27,48;24;79;1;
2014-02-24;2,3;2;0;30,2;26,9;23,2;74,75;2,766667;
2014-02-25;3;6,8;0;31,1;26,64;21,9;74;2,166667;
2014-02-26;3,7;7,4;0;30,6;26,44;21,9;76;1,833333;
2014-02-27;2,7;6,8;0;32;26,66;21,6;72;1,566667;
2014-02-28;3,1;4,1;0;32,4;27,46;21,4;73,25;1,433333;
2014-03-01;2,8;4;33;30,8;26,22;23,5;81,75;1,666667;
2014-03-02;2;8,6;0;32;26,76;22,8;72,75;2,233333;
2014-03-03;3,2;9;0;31,9;27,72;23,6;74,25;2;
2014-03-04;3;9,5;0;30,8;27,5;24;71,75;2,766667;
2014-03-05;4,2;6,4;,4;31;27,3;22,3;74,25;2,5;
2014-03-06;2;5,2;43,2;32;26,3;21,6;77,5;2,133333;
2014-03-07;3,2;4,5;0;30;26,58;22,4;76,25;,566667;
2014-03-08;2,2;9,2;0;31,2;27,3;22,8;75;2;
2014-03-09;2,7;9,7;3;31,6;27,22;22,5;74,5;2,333333;
2014-03-10;2,2;6,1;1,2;30,7;26,6;23,2;82,25;1,333333;
2014-03-11;2,3;3;5;30,2;26,26;23;88,75;1;
2014-03-12;2,7;4,1;5,7;30,4;26,18;23,2;86;2;
2014-03-13;1;0;49,2;28;25,24;24,2;90;1,7;
2014-03-14;,8;0;6,7;28,4;25,36;23;88,75;,333333;
2014-03-15;1,2;null;1;30,4;26,62;23,2;79;2,033333;
2014-03-16;2,4;5,8;0;31;26,74;22,4;78;2,233333;
2014-03-17;2,2;3;37;30,7;26,86;23;81;1,866667;
2014-03-18;2,1;4,6;,6;31,1;27,26;24;83;2,3;
2014-03-19;1,7;,4;9;29,6;25,9;24;91,25;1,533333;
2014-03-20;,6;2,6;43;31;27,22;23,6;81,25;1,433333;
2014-03-21;2,3;5,8;,4;31,8;27,88;24,6;78;2,533333;
2014-03-22;2,7;4;,4;31,6;26,7;23,9;85;,333333;
2014-03-23;1,5;6,1;2,2;31;27,06;23,4;79;2,633333;
2014-03-24;3;6,9;0;31,2;26,46;23;77,75;2,3;
2014-03-25;2,5;8,1;,8;31,7;26,98;22,4;74,25;2,5;
2014-03-26;3;6,6;3,4;32;26,74;22,5;76;,733333;
2014-03-27;2,7;9,8;0;31,9;26,92;22;73,25;1,566667;
2014-03-28;2,7;1,2;5,2;30,6;27,3;23,2;78,5;2,266667;
2014-03-29;2,8;7,4;1;32;28,04;24,6;77,25;2,133333;
2014-03-30;2,4;4,8;1;30,9;27,74;24;79,25;1,1;
2014-03-31;3,5;7,9;0;31,6;27,62;24,6;75;2;
2014-04-01;3;6,9;2,5;31,2;26,94;23;75,25;1,933333;
2014-04-02;3;8,7;5;31,6;27,48;23,9;73,5;,833333;
2014-04-03;3;7,5;,2;31,7;27,8;22,7;73;1,633333;
2014-04-04;2,5;5,6;13;31,9;27,64;23,4;77,25;1,333333;
2014-04-05;2,4;,3;15,8;30,4;26,22;22;84,75;,566667;
2014-04-06;,9;2,8;8;32;27,34;24,2;83;,566667;
2014-04-07;1,7;9,5;,2;32,2;27,46;23,1;78,5;1,733333;
2014-04-08;2,5;8,6;0;33,2;28,34;23,1;71,75;1,933333;
2014-04-09;4;8;0;32,8;28,38;24,8;76,75;1,466667;
2014-04-10;2,6;7,9;7,4;32,9;28,22;24;78;1,166667;
2014-04-11;2,4;8,3;8;31,7;27,48;23,5;73,25;1,266667;
2014-04-12;3;7,4;3,2;31,2;26,98;24;77,75;2,433333;
2014-04-13;2,6;5,6;5,4;30;26,3;23;79,5;1,1;
2014-04-14;1,8;7,3;14;31;27,46;23,2;76,5;1,866667;
2014-04-15;2,5;8;3,2;30,7;26,98;24;77,5;1,666667;
2014-04-16;3,1;6,1;0;31;27,34;23;74,75;2,266667;
2014-04-17;4;6,4;1,4;30,8;26,06;23,4;76,25;2,333333;
2014-04-18;2,3;10;,4;31;26,76;22,8;75;1,133333;
2014-04-19;2,9;9,8;0;31,2;27,22;23,3;71;1,933333;
2014-04-20;3,4;8;0;31,4;27,18;22,8;73,25;2,466667;
2014-04-21;3;9,1;0;31,6;28,1;24,6;74,25;1,933333;
2014-04-22;3;4,6;100;29,7;25,68;22,8;87;,5;
2014-04-23;1,1;9,4;1,4;31;27,44;23,8;67,5;2,233333;
2014-04-24;2,9;8;0;30,9;26,54;21;69,5;1,133333;
2014-04-25;2,5;9,6;0;31,9;26,6;21;72;,833333;
2014-04-26;3;9,6;0;32;27,22;22,6;75,5;1,233333;
2014-04-27;1,8;9,3;0;31,5;27,1;22,2;72;1,1;
2014-04-28;3,4;5,3;0;31,8;26,16;23,1;87,5;1,533333;
2014-04-29;1,4;1,9;31,6;29,4;25,42;23;86,5;,833333;
2014-04-30;1;,3;47,8;28,4;25,42;23,8;93,75;1,066667;
2014-05-01;,7;8,9;24,9;30,7;26,54;23,2;79,5;1,5;
2014-05-02;1,9;,2;18,8;28,7;24,5;22,5;93,75;,966667;
2014-05-03;,4;5,7;35,3;29,6;25,66;22,6;82,5;1,333333;
2014-05-04;2;6,9;,7;30,2;27,64;22;84;1,166667;
2014-05-05;1;2,4;12;28,7;24,76;22,5;87,75;,566667;
2014-05-06;,8;8,2;13,7;30;25,54;21,7;83,25;1,666667;
2014-05-07;1;5,8;29,7;29,6;25,46;22;84,75;1,733333;
2014-05-08;1,2;1,2;14,4;28,4;24,78;22,2;90;1,066667;
2014-05-09;1;8,5;7,1;29,9;25,72;21,5;76,75;,833333;
2014-05-10;3;9,8;0;30,6;25,94;22,6;79;1,3;
2014-05-11;1,1;7,4;0;31;26,24;23,2;77,5;1,133333;
2014-05-12;2,6;6,8;,6;29,5;26,04;23,2;86;2,333333;
2014-05-13;1,9;2;14,4;28;25,42;23,3;91;1,666667;
2014-05-14;,7;8,3;36;29,9;25,52;21;87,25;1,166667;
2014-05-15;1,2;9,4;7,4;31,2;26,26;23;83,5;1,4;
2014-05-16;1,2;7,1;1;30,3;26,04;23,6;82,75;1,666667;
2014-05-17;1,3;8,3;3,8;30;26,18;22,9;72,5;1,4;
2014-05-18;2,7;5,1;1,2;29,4;25,7;23;80,75;,833333;
2014-05-19;1,8;6,5;4;29,2;25,02;22;85,25;1,633333;
2014-05-20;2,6;5,1;1;29,4;25,78;22,2;81,5;1,9;
2014-05-21;1,4;1,2;10;28,3;24,96;22,7;86,25;,9;
2014-05-22;,7;6,6;8,4;30,4;25,94;22,8;87,25;1,266667;
2014-05-23;1,5;10;7,5;30,4;25,74;23;83,25;1,566667;
2014-05-24;3;8,7;0;30;25,74;22,1;79,75;1,566667;
2014-05-25;2,2;9,6;0;31;25,52;21,4;74;1,666667;
2014-05-26;2,3;10;0;29,4;24,98;22;78;1,166667;
2014-05-27;2,1;1,6;1,8;28,3;24,52;21,8;90,25;1,6;
2014-05-28;,6;1,7;22,4;28,4;25,3;23;92,5;0;
2014-05-29;,6;4,4;39;28,4;24,42;22,3;79,75;,933333;
2014-05-30;1,2;9;0;29,2;24,5;21;80,25;1,333333;
2014-05-31;2,4;8,1;0;28,9;24,52;20,4;82,25;1,9;
2014-06-01;1,9;8,1;1;29,1;24,76;22,2;82;1,466667;
2014-06-02;2,2;9,8;0;29,2;24,72;20,2;75,25;1,6;
2014-06-03;1,9;9,8;0;30;25,34;20,8;78,5;1,133333;
2014-06-04;1,6;9,3;0;30;26,1;21,8;80,25;1,133333;
2014-06-05;2,6;3,7;,3;28,7;25,46;22,9;87;1,4;
2014-06-06;1,7;5;34,1;29,3;25,9;22,8;76,25;1,833333;
2014-06-07;2,2;6;6,6;28,9;25,8;22;77;2,6;
2014-06-08;,6;9,1;2,6;29,6;25,94;22,4;72;1,666667;
2014-06-09;3,5;8,6;0;29,4;25,74;23,2;82,25;1,233333;
2014-06-10;2,2;6,8;2,8;29,1;24,78;22;80;1,666667;
2014-06-11;2,4;2,3;,2;27,7;24,68;20,8;83,25;1,433333;
2014-06-12;1,3;7,8;5,4;29;25,68;22;83,25;2,666667;
2014-06-13;1,9;6,1;12,6;28,7;25,4;23,4;82;1,333333;
2014-06-14;1,6;1,5;11,1;27;24,1;21,9;91,75;1,6;
2014-06-15;1;6,2;30,2;28,5;25,18;22,6;84,5;1,933333;
2014-06-16;3,2;7,9;1,5;29,1;25,64;21,8;79;2;
2014-06-17;2,8;9;0;29,4;25,6;21,9;76,5;2,733333;
2014-06-18;2,3;6,3;4;28,9;25,74;22,8;82,75;2,4;
2014-06-19;2,7;9,1;2,2;28,9;24,24;21;75,75;1,8;
2014-06-20;2,4;7,9;0;28,7;24,2;20,4;81,25;1,833333;
2014-06-21;2,2;9,7;,2;28,7;24,2;19,6;77;1,466667;
2014-06-22;3;6,1;2,9;28,8;24,72;20,6;83,5;3,133333;
2014-06-23;2,4;1;2,2;27,7;24,4;21;86;1,833333;
2014-06-24;1,5;2,7;30,8;27,7;23,64;20,8;90,5;1,266667;
2014-06-25;2;1,5;18,3;26,7;23,7;22;91;,9;
2014-06-26;,7;0;85;23,5;22,76;21,7;93;,266667;
2014-06-27;,3;8,9;35,8;29,2;24,62;20,4;83,5;1,166667;
2014-06-28;1,6;8,3;1,8;28,7;24,84;22;86,25;1,4;
2014-06-29;1,4;6,2;29;28,5;24,48;22,2;87,25;2,1;
2014-06-30;1,4;8,7;2,2;28,3;23,94;19,8;74;1,666667;
2014-07-01;2,6;2,5;0;27,7;24,32;21,6;86,25;1,466667;
2014-07-02;1;,5;1,2;25,7;23,4;20,8;94,75;1;
2014-07-03;,5;8,3;11,4;28,5;23,96;21,6;82;1,333333;
2014-07-04;2;7,6;0;28,1;23,46;19;81,5;1,766667;
2014-07-05;2;9,2;0;28,7;23,76;20,2;81;,766667;
2014-07-06;2,7;7;10,6;28,3;24,96;21,8;80,75;1,933333;
2014-07-07;3,6;6;,5;28,1;24,76;23;82;2,366667;
2014-07-08;1,2;7,2;8,7;28,9;25,36;21,3;84,75;2,566667;
2014-07-09;3;9,5;5,4;28,3;24,76;22;79;1,133333;
2014-07-10;3;9;1,3;28,1;23,6;20,8;77,5;2,833333;
2014-07-11;3;9,3;3;28,6;24,58;20,6;82,5;1,133333;
2014-07-12;2,1;4;0;29,3;25,56;22,3;83,5;2,033333;
2014-07-13;1,9;0;106,4;27,1;23,64;21,6;91,5;1,666667;
2014-07-14;1;9,4;11;28,7;24,8;22,2;82;1,866667;
2014-07-15;2,7;7,9;,3;28,5;24,76;22,4;82;1,8;
2014-07-16;2,4;9;9,2;28,9;24,74;22;77;1,833333;
2014-07-17;2,1;3,5;,6;27,7;23,92;20,5;86;,666667;
2014-07-18;1,6;6,1;12,4;28,4;24,02;21,2;83,75;1,166667;
2014-07-19;1,4;7,2;16,4;29;23,7;21;83,25;1,733333;
2014-07-20;1,9;7,2;,2;28,1;24,32;20,1;77,25;1,533333;
2014-07-21;2,3;2,6;0;28;24,38;20,3;80,5;1,6;
2014-07-22;3,3;6,3;1,6;28,1;25,2;21,6;70,75;3,3;
2014-07-23;3,5;4,5;3;28,3;24,42;22;82,75;3;
2014-07-24;2,3;7,7;25;28,6;25,36;21,4;76,5;2,766667;
2014-07-25;2;1,3;9;27,1;24,14;20,6;84,25;1,766667;
2014-07-26;1,2;9,3;10,5;28,1;26,36;21,4;78,5;1,833333;
2014-07-27;2;2;0;28,7;24,38;19,8;83,25;,533333;
2014-07-28;2,2;7,1;23,9;28,4;24,84;22;78,25;2,1;
2014-07-29;2,3;5,7;5,2;28,2;23,76;21,8;83;1,5;
2014-07-30;2,3;5,9;1,1;28,3;23,88;20,6;82,75;2,166667;
2014-07-31;2,5;0;1;27,9;23,12;20,2;91,75;1,133333;
2014-08-01;,6;9;4,7;27,4;23,44;18,8;78,5;1,566667;
2014-08-02;2,4;5,2;0;27,8;23,82;19,7;75,25;2,233333;
2014-08-03;2,7;8,7;1,2;28,4;25,14;23;77,25;1,6;
2014-08-04;2,2;8,5;2,6;28,9;24,8;22,2;78,5;1,5;
2014-08-05;2,1;9,2;0;28,7;24,46;20,2;76,75;1,666667;
2014-08-06;2,1;7,6;0;29,4;24,74;21,4;80,5;1,4;
2014-08-07;2,2;9,3;1,8;29,2;24,1;21,4;80,75;1,233333;
2014-08-08;2;6,2;9;27,9;24,12;19,8;82,75;1,9;
2014-08-09;1,7;3,5;7,2;27,2;23,42;21,5;89,75;,833333;
2014-08-10;1,1;2,5;35,7;26,5;24,04;22;88,5;2,866667;
2014-08-11;2;7,5;10,6;28,2;23,74;21;81;2,433333;
2014-08-12;2,5;4,2;3,9;27,4;23,06;20,1;84,25;1,566667;
2014-08-13;1,5;9,1;10,6;28,4;24,1;19,8;78,5;1,4;
2014-08-14;2;7,9;,2;28,1;24,36;21,6;80,5;2,733333;
2014-08-15;3;7,5;,2;28,3;23,88;20,2;74,25;3,3;
2014-08-16;3,5;6,5;4;27,9;23,36;19,5;79;2;
2014-08-17;3;1,8;4,5;27,8;23,22;20,6;85,75;1,466667;
2014-08-18;2,5;2,5;5,4;27,1;23,6;21,6;82;2,533333;
2014-08-19;2;6,2;6,8;27,9;22,96;18,4;83,5;1,2;
2014-08-20;2;2,4;1;26,9;22,52;20,1;85;1,333333;
2014-08-21;1;0;12,4;25,1;22,32;20,6;92,25;1,2;
2014-08-22;1;9,5;7,2;27,9;23,26;19,7;78,75;2,9;
2014-08-23;3,1;5,4;0;28,1;24,08;18,8;78;2,433333;
2014-08-24;2,9;5,4;5,2;28,1;24,02;21;80,75;1,4;
2014-08-25;5,7;3,6;0;27,7;24,52;20,2;79;1,1;
2014-08-26;3,2;6,2;,6;28,9;24,36;21,4;78,5;2,1;
2014-08-27;2,3;6,4;7,2;28,7;24,32;21,2;81,25;2,1;
2014-08-28;1,9;1,9;20,2;28,2;24,66;21,9;84,25;2,233333;
2014-08-29;1,9;5,6;0;29,1;25,48;20,9;77,5;2,133333;
2014-08-30;2,9;5,4;0;28,3;25,44;23;74;1,833333;
2014-08-31;2,6;4,6;0;28,5;24,2;20,4;75,5;1,533333;
2014-09-01;2,2;,7;12,6;24,9;22,14;20,8;93,5;,333333;
2014-09-02;,4;5,4;4,8;29,1;24,14;19,2;76;,566667;
2014-09-03;1,9;8,2;0;30,2;26,02;21,8;78;1;
2014-09-04;1,9;3,8;0;30,2;25,38;21;75,25;1,1;
2014-09-05;2,1;4,8;0;29,1;25,54;21,6;72,75;2,133333;
2014-09-06;3,2;2;15,8;28,1;23,98;21,4;85,75;3,366667;
2014-09-07;2,3;0;26,8;26;23,1;20,9;97,5;2,1;
2014-09-08;,1;0;71,3;24;23,06;22;93,5;2,266667;
2014-09-09;1,4;,2;37,6;27,5;23,2;21,1;86,5;1,866667;
2014-09-10;1,8;2,8;11,2;28,1;24,46;19,8;78;2,1;
2014-09-11;2,4;1,2;10;28,1;24,6;22,2;84,75;3,1;
2014-09-12;1,5;0;20;27,3;24,2;22;82,75;2,166667;
2014-09-13;1,2;1,4;19,4;28,5;23,86;21,8;81;1,933333;
2014-09-14;2,1;2,4;7,4;27,9;23,96;21,3;85;1,566667;
2014-09-15;2,8;3,5;,6;28;23,9;20,4;81,5;1,666667;
2014-09-16;2,2;1,7;4,4;28,1;24,24;21,6;76,5;2,6;
2014-09-17;2,5;1;,4;28,6;23,7;19,2;83;1;
2014-09-18;3;,4;0;29,1;24,98;20,8;81;2,233333;
2014-09-19;3;1,7;2,8;28,9;24,84;22;83,25;1,5;
2014-09-20;2;5,1;1,6;28,1;24,8;19,8;81;2,1;
2014-09-21;2,6;9,8;,6;29,2;25,58;23,1;77;1,666667;
2014-09-22;2,4;6,7;,6;29,6;25,4;21;81,75;1,366667;
2014-09-23;2,7;9,1;0;29,2;26,38;22,4;76,25;2,7;
2014-09-24;4,5;9,6;0;29,1;25,96;23,8;75;2,266667;
2014-09-25;4;9,6;0;29,2;25,44;20,8;72,25;1,566667;
2014-09-26;4,5;9,2;0;29,6;26,2;23,6;72,5;1;
2014-09-27;4,7;6,7;0;30;26,02;20,8;74;2,433333;
2014-09-28;3,2;9;,8;29,6;26,34;24;74,75;2,933333;
2014-09-29;3,2;8,4;,2;29,8;25,82;21,1;72,5;2,633333;
2014-09-30;3,1;8,8;0;29,1;25,62;22;76;1,266667;
2014-10-01;2,5;7,4;1;29,8;26,3;23;76,5;1,566667;
2014-10-02;4;3,4;0;29,6;26,54;24;76,75;2,466667;
2014-10-03;3,2;8,7;1,2;30;26,32;23,8;74,5;2,566667;
2014-10-04;3,8;9,7;1,4;29,4;26,16;24;72,75;3,433333;
2014-10-05;4,8;6,6;0;29,2;25,36;22,8;83,5;2,2;
2014-10-06;1,5;4,1;44,2;28,5;24,04;21,6;89,25;,933333;
2014-10-07;1,7;4,1;21,3;28,7;24,48;22,3;88,5;2,233333;
2014-10-08;2,5;9;7,6;28,3;25,72;22,6;75,25;3,8;
2014-10-09;5;5,2;0;28,7;25;22,4;89;1,6;
2014-10-10;1,9;4,4;20,8;28,5;25,38;22,1;87,25;1,5;
2014-10-11;1,9;4,3;2,6;28,9;25,34;22;80;2,2;
2014-10-12;2,7;null;8,6;29,1;25,84;22,4;78,5;3,166667;
2014-10-13;3,7;7;3,4;29,4;26,34;24;75;2,8;
2014-10-14;4,1;9,1;0;29,4;26,26;23,6;72;2,166667;
2014-10-15;4;9,2;0;29,6;25,86;21,9;71;2,033333;
2014-10-16;4,5;7,1;0;29,1;25,68;23;78,75;2,566667;
2014-10-17;3;8,3;2,6;29,2;26,14;23,6;76;2,833333;
2014-10-18;2,8;5,9;4,3;28,6;25,22;21,1;77,75;1,6;
2014-10-19;2,7;7,9;,4;29,3;25,64;21,5;76;1,833333;
2014-10-20;2,9;8,8;0;29,8;25,82;21;72,75;1,833333;
2014-10-21;3,1;6,2;,8;29,8;25,82;22;71,75;1,4;
2014-10-22;2,7;,5;,7;26,3;23,82;21,7;87,5;,433333;
2014-10-23;1,7;6;7,8;28,8;25,28;22,2;81,25;2,333333;
2014-10-24;2,1;3,4;5,8;29,1;25,32;21,5;76,5;2,066667;
2014-10-25;3,4;6,9;,8;29,6;25,82;22,2;73,5;1,966667;
2014-10-26;3,4;4,6;0;28,6;25,58;21,6;76,75;1,966667;
2014-10-27;2,8;9,3;2,2;30;26,8;23,4;72,25;2,433333;
2014-10-28;4;5,7;0;29,6;26,48;24,2;79,75;1,8;
2014-10-29;2,6;5,7;5;29,6;25,92;23,4;76,75;1,666667;
2014-10-30;4,2;7,6;1;29,5;25,92;23;78;3,033333;
2014-10-31;3,7;7,5;3;29,1;25,32;21,8;81;2,71444;
2014-11-01;1,8;8,8;3,7;29,8;25,38;20,2;76;1,766667;
2014-11-02;3;4,4;,6;29,7;25;22,2;84,25;1,166667;
2014-11-03;1,6;1,9;,2;27,9;23,96;20,7;88;1;
2014-11-04;1,3;3,5;18,6;29,2;25,14;21,2;78,75;1;
2014-11-05;2,1;7,8;0;30;26,42;22;76;1,966667;
2014-11-06;2,9;9,8;0;30;26,14;22,6;73,5;1,666667;
2014-11-07;2,9;10,1;2,8;29,7;25,42;22,2;73;1,833333;
2014-11-08;3,4;8,7;0;30,6;25,54;19,8;72,25;2,166667;
2014-11-09;2,8;5,4;0;30,2;25,82;21;73,25;2,066667;
2014-11-10;3,5;8,1;0;30,6;26,78;22,6;73;1,666667;
2014-11-11;4;8,3;0;30,2;26,98;24,3;70,25;2,233333;
2014-11-12;3,5;8,6;3;31,8;26,88;22;72;2,233333;
2014-11-13;3,3;9,2;0;31,6;27,18;22,4;72,5;1,933333;
2014-11-14;4,3;10,2;0;31,2;27,48;24;69,25;1,466667;
2014-11-15;3;9,4;,6;31,4;27,06;23,7;74,25;1,333333;
2014-11-16;4;10,3;0;32;26,86;21,8;64,75;2,033333;
2014-11-17;4;9,1;0;31,8;27,22;22,8;70,5;2,366667;
2014-11-18;3,6;5,4;0;31,1;26,98;23,2;70;2;
2014-11-19;3,2;9,1;0;30,8;27,48;24,6;69;2,1;
2014-11-20;4;6,2;0;31;27,02;24;69,5;1,7;
2014-11-21;4,2;9,6;0;30,9;27,3;24,6;70,5;2,766667;
2014-11-22;4,3;7,4;4,6;30,8;25,7;22,2;79,75;1,666667;
2014-11-23;2,5;9,8;6,8;31,5;26,76;21,5;67,75;2,266667;
2014-11-24;3,6;9,6;0;31,1;27,4;24;69,25;2,6;
2014-11-25;4;8,1;0;30,6;27,46;25;63,5;2,333333;
2014-11-26;4,2;9,5;0;30,6;27,08;24,6;63;2,133333;
2014-11-27;3,8;1,8;8;29,5;24,68;22,5;85;1,033333;
2014-11-28;1,7;3,5;3,3;29,8;24,62;20,2;87;1,466667;
2014-11-29;1,5;10;3,4;29,8;25,3;22,2;75;2,2;
2014-11-30;3,3;10,3;,4;30;25,54;20,6;68,5;1,9;
2014-12-01;3,3;3;,2;29,9;25,34;20,4;79,5;1,433333;
2014-12-02;2,4;8,2;8,5;29,4;25,42;22,6;85,25;2,333333;
2014-12-03;2;3,3;11,2;29,4;25,26;22,4;84,5;1;
2014-12-04;1,2;7,8;2,2;30,7;26,32;22,4;81,75;1,9;
2014-12-05;2,5;9,8;0;31;26,8;21,8;72;2,133333;
2014-12-06;4,3;9,4;0;31;26,82;22,6;73;2,566667;
2014-12-07;4,3;9;0;30,8;27,22;24;74,25;2,366667;
2014-12-08;4,1;3,2;0;29,3;26,5;24,2;76;2,633333;
2014-12-09;3;10,2;3,6;30,3;26,1;20,6;70,75;1,5;
2014-12-10;3,8;7;10,6;30,2;26,1;23;78;1,133333;
2014-12-11;3,3;9,1;2;30,2;25,94;23,4;74,5;2,1;
2014-12-12;3,6;9,5;7,1;30,2;26,58;23;72,5;2,9;
2014-12-13;3,8;7,6;2;30,1;25,68;22;75;1,6;
2014-12-14;3,6;8,2;0;31,4;26,5;20,6;71,25;1,333333;
2014-12-15;3,6;5,6;11,2;31,6;27,06;23;77;1,133333;
2014-12-16;2,8;4,7;,8;30,7;27,06;23,4;71,25;2,233333;
2014-12-17;3,2;5,9;2;31,6;27,02;23,2;72,5;1,233333;
2014-12-18;3;8;,4;31,8;27,66;24;67;1,633333;
2014-12-19;3,5;7,9;2,4;31;27,22;23,6;71,75;2,433333;
2014-12-20;3,2;10,2;1,7;31,6;27;21,6;71,75;2,166667;
2014-12-21;3,9;10;0;30,9;27,24;24;72,5;2,3;
2014-12-22;3,8;8;0;31,2;27,06;22,8;70;1,933333;
2014-12-23;3,6;9,4;1,6;31,8;27,34;22,6;70,25;2,966667;
2014-12-24;4,5;9,2;0;31,6;27,44;24,6;70,75;2,433333;
2014-12-25;4,8;4,4;,2;30,9;27,36;24,8;69,5;1,8;
2014-12-26;4,2;3,2;0;30,4;27,1;24,2;69,5;2,133333;
2014-12-27;3,5;7,7;0;31,6;27,18;22,8;72,5;2,366667;
2014-12-28;3,8;9,2;3,6;30,2;26,36;22,6;72,5;2,3;
2014-12-29;4,2;9,8;0;30,8;26,9;22;64,5;2,133333;
2014-12-30;3,6;,7;0;30,2;26,74;23,8;70;,766667;
2014-12-31;4,2;5,2;0;31,6;26,86;22;74,75;2,3;
2015-01-01;3,7;1;2,6;28,4;25,44;23;88,75;1,166667;
2015-01-02;1,1;6,9;17,7;30,2;26,46;23;75,25;1,733333;
2015-01-03;3,2;10,2;0;30,8;25,8;20,8;72,25;2,233333;
2015-01-04;4,7;10,3;0;31,4;26,36;20,4;67,5;2,133333;
2015-01-05;4,6;7,6;0;32;27,44;22,2;69,5;2,333333;
2015-01-06;4,3;9,7;0;30,6;27,24;23,9;69,75;2,733333;
2015-01-07;null;9,2;null;30,8;null;25,3;null;0;
2015-01-08;null;10,2;0;30,9;27,1;24,2;70,25;2,133333;
2015-01-09;6,2;9,7;,4;30,6;26,8;22;67,75;3,133333;
2015-01-10;5;4,7;2;29,8;26,62;21,8;75,5;2,333333;
2015-01-11;2,5;6,3;1,3;31,2;26,74;23,4;78,25;3,1;
2015-01-12;4,7;8,8;6,6;30,2;26,62;22;77,25;2,7;
2015-01-13;4,3;9,8;,8;30,7;27,3;24,4;69,25;2,433333;
2015-01-14;4,8;9,9;0;30,5;27,02;23;68,25;1,9;
2015-01-15;5;10,4;0;31;26,66;22;67,5;2,666667;
2015-01-16;4,8;10;0;31;26,9;21;68,5;1,9;
2015-01-17;4,8;9,7;0;31;27,36;22,8;71,25;2,666667;
2015-01-18;5;10,5;0;31,4;27,82;25,2;67;1,566667;
2015-01-19;4,6;9,8;1;31,4;27,58;24,4;71,25;1,4;
2015-01-20;3,2;9,6;2;31,2;26,9;22,4;72,5;2,766667;
2015-01-21;3,7;9;0;31,3;27,66;24,4;71,75;2,5;
2015-01-22;4,2;9,2;0;31,2;27,3;23,2;67,75;1,466667;
2015-01-23;3,9;9,5;0;32,2;27,58;22;70,75;3,2;
2015-01-24;3,4;4,4;21,6;31;25,74;19,6;80;1,733333;
2015-01-25;2,8;10,2;,8;31,2;27,28;22,8;69,75;2,2;
2015-01-26;3,7;10,4;0;31,4;26,9;21,2;66,5;2,3;
2015-01-27;4,5;10,8;0;31;27,26;24;66;2,233333;
2015-01-28;3,6;7,2;0;30,6;26,82;20,8;66,75;2,866667;
2015-01-29;null;null;null;null;null;null;null;null;
2015-01-30;null;null;7;31,2;27,24;22,6;73,5;1,866667;
2015-01-31;3,2;9,1;1,6;30;26,78;24;71,25;2,233333;
2015-02-01;3;8,9;,2;31,4;27,32;24,4;72,25;2,1;
2015-02-02;3,5;9,6;0;31,2;27,18;21,4;68,75;2,666667;
2015-02-03;2,9;8,9;0;32;27,8;23,2;65,75;1,766667;
2015-02-04;3,1;8,4;0;31,4;27,86;24,2;70,5;1,9;
2015-02-05;2,5;4,5;0;32;27,02;22;70,75;1,8;
2015-02-06;3;7,7;0;32,6;27,66;22,2;68,5;2,666667;
2015-02-07;3;9,5;0;32,1;27,98;23,8;68;3,333333;
2015-02-08;4,8;9,8;0;31,9;27,24;23,6;70,5;1,666667;
2015-02-09;3,8;10;,6;31,4;27,86;23,8;68;2,366667;
2015-02-10;3,9;9,4;5;32;27,64;23,8;71;2,766667;
2015-02-11;4,1;9,3;0;32,6;28,22;23,9;72;2,133333;
2015-02-12;3,6;8,4;0;32;28,18;23,6;66,25;3;
2015-02-13;4;9,9;0;31,4;27,7;23;66;2,333333;
2015-02-14;5;8,9;0;32,4;27,56;22,2;66,25;1,566667;
2015-02-15;4;8,5;4,4;32;27,6;22,8;72;1,566667;
2015-02-16;3,7;9,1;0;31,9;28,36;24,6;69;1,933333;
2015-02-17;4,1;8;0;32,2;27,5;24,4;80,25;2,633333;
2015-02-18;2;,1;22,2;29,5;26,52;24,3;85;1,133333;
2015-02-19;2,5;7;1,6;31;27,18;24,2;75;1,833333;
2015-02-20;3,5;7,4;0;31,4;27,22;22,4;72,75;1,333333;
2015-02-21;3;3,8;0;31;26,74;23,4;78,5;1;
2015-02-22;3,4;6;8,4;30,6;26,78;23,2;75,5;1,933333;
2015-02-23;1,7;6,6;2;31,2;26,74;23;77,5;1,766667;
2015-02-24;2,1;10;,6;31,8;26,94;22,2;77,75;1,233333;
2015-02-25;3,4;10,1;9;31;27,66;25;69;2,133333;
2015-02-26;2,9;9,8;0;31,5;27,28;23,8;66,5;1,566667;
2015-02-27;3,5;9,6;2,2;32;27,24;22,2;71,5;1,933333;
2015-02-28;3,7;10;0;32,6;27,46;22;65;1,866667;
2015-03-01;3,4;6,2;0;32,9;28,08;23,2;70;1,933333;
2015-03-02;2,4;7,2;5;31,2;27,34;24,9;72,25;2,133333;
2015-03-03;3,5;9,1;1,2;30,7;27,52;24,1;71;2,5;
2015-03-04;2,7;,8;1,6;29,1;26,48;23,4;80,5;1,233333;
2015-03-05;1,3;8,4;7,2;31,2;27,26;23,2;75;,666667;
2015-03-06;1,7;2,4;65,3;29,7;25,58;22,8;82;1;
2015-03-07;2,8;9;0;31,5;27,16;21,5;69,5;1,933333;
2015-03-08;3,2;0;9;26,9;24,44;20,8;94,5;0;
2015-03-09;,4;3,1;76,3;30;26,34;23;81;1,133333;
2015-03-10;1,4;7,4;2;31;27,22;23,3;70,5;2,133333;
2015-03-11;2,7;9,5;1,8;30,8;26,82;23,5;70,75;1,8;
2015-03-12;3;1,2;0;29,8;26,34;22;80,5;1,633333;
2015-03-13;2,5;9,7;0;31;27,14;23;70,25;1,833333;
2015-03-14;3;10,1;0;31;26,38;21,7;70,25;2,133333;
2015-03-15;3,5;9,1;0;31,3;27,46;22;75,75;2,066667;
2015-03-16;3,3;7,3;3;30,2;27,18;22;76,5;1,8;
2015-03-17;2,6;9,2;1,2;31;27,26;23,4;70,5;2,2;
2015-03-18;3;9,1;0;31,3;27,58;24,4;67;3,033333;
2015-03-19;3,4;4,6;0;31;27,2;23;74,75;2,233333;
2015-03-20;2,4;6,7;79,6;30;26,3;22,2;86;,566667;
2015-03-21;1,3;7,1;2,6;31;27,98;24;77,5;,7;
2015-03-22;,8;1,9;18,4;30,1;25,82;23;84;,766667;
2015-03-23;2;2,6;0;29,7;26,54;22,6;83;1,133333;
2015-03-24;3;2,6;22,6;30,8;27,14;23;82,5;1,3;
2015-03-25;2,5;9,4;3;31;27,46;25;74,5;1,133333;
2015-03-26;1,5;9,8;0;30;26,32;21,8;71,25;2,666667;
2015-03-27;3,5;9,6;0;31;26,08;21,8;75,75;1,166667;
2015-03-28;3;8,3;0;31,2;26,94;21,4;75,25;1,8;
2015-03-29;3,1;8,2;0;31,4;26,5;22;86,75;1,3;
2015-03-30;1,9;6,7;41,4;29,8;25,84;24;80,25;1,566667;
2015-03-31;2,6;9,6;0;30,2;26,16;21,2;74,75;2,1;
2015-04-01;3;9,6;0;30,6;26,62;21;70,25;2,533333;
2015-04-02;2,9;5,8;0;31,4;26,66;22,4;71;1,5;
2015-04-03;2,3;9,1;0;32;26,14;20,9;72,75;1,666667;
2015-04-04;3;9,4;0;30,2;26,32;21,2;75,75;1,1;
2015-04-05;2,3;10;0;32,1;27,02;22;69;1,4;
2015-04-06;3,1;9,6;0;32,2;27,9;23,2;73;1,333333;
2015-04-07;2,5;8,6;0;32,5;28,26;23,6;74,5;1,5;
2015-04-08;3;8;0;32,4;28,38;23,6;72,5;2;
2015-04-09;2,5;9,3;,4;32,1;27,64;24;70,25;1,833333;
2015-04-10;2,1;8,3;0;31,2;27,38;22,4;73;1,9;
2015-04-11;1,9;4,5;1,4;31,3;27,38;23,6;77,25;1;
2015-04-12;1,8;8,6;,8;31,4;27,32;23,6;74,75;1,266667;
2015-04-13;2,3;8,6;0;31,9;27,8;23,4;71,75;1,9;
2015-04-14;2,4;8,6;0;31,6;27,82;22,8;75,5;2,666667;
2015-04-15;2,6;8,1;0;31,2;27,3;23;73,5;1,666667;
2015-04-16;2;8,6;3,4;31,6;27,3;22,5;71;2;
2015-04-17;4,2;9,5;0;31,8;27,5;22;67;1,766667;
2015-04-18;3,2;9,8;0;32;26,54;21,4;66,5;1,666667;
2015-04-19;3,2;7,9;0;31,6;26,42;20,2;76;1;
2015-04-20;2,6;9,6;0;32,2;27,6;22,4;70,5;2,133333;
2015-04-21;3,4;9,7;0;32;27,66;21,2;70,5;2,433333;
2015-04-22;3;5,1;8;32,2;26,34;21,8;87;0;
2015-04-23;1,4;7,2;22,2;31,2;26,42;22,4;86,75;1,433333;
2015-04-24;1,7;8,4;34,2;31,4;27,4;23;78;1,666667;
2015-04-25;2,3;9,3;4;31,6;27,42;24;73,25;1,433333;
2015-04-26;2,4;9,7;0;32;27,22;22,4;76,5;1,233333;
2015-04-27;2,3;9,3;0;31,6;26,86;22,6;74,25;,766667;
2015-04-28;2,8;9,6;0;31,2;26,82;21,5;74,75;1,633333;
2015-04-29;2,5;9,3;,2;31;26,94;22,2;70,75;1,4;
2015-04-30;3;9,6;0;31,4;26,94;22;71,75;1,866667;
2015-05-01;2,6;8,7;0;31,3;27,6;21,4;71;2,433333;
2015-05-02;3,1;6,3;0;31,6;27,56;21,6;69,75;2,233333;
2015-05-03;4,5;4,2;,6;30,8;26,42;22,8;78,5;2,4;
2015-05-04;2,3;8,8;10,6;31,2;26,22;22,8;79,25;1,133333;
2015-05-05;2,5;5,8;0;30,6;25,64;21,2;83,75;,833333;
2015-05-06;1,7;9,3;0;31;26,82;21,5;70;1,6;
2015-05-07;2,8;8,2;7,4;31,2;26,66;22;76,5;,766667;
2015-05-08;2,4;9,5;0;32;27,66;21,8;70,5;1,7;
2015-05-09;2,8;9,4;0;31,8;27,44;22,2;68;2,033333;
2015-05-10;3,2;9,5;,8;31,8;27,74;23,5;68,25;1,833333;
2015-05-11;3,8;9,5;1,5;31,8;26,6;23,5;71,5;1,066667;
2015-05-12;3,2;9,9;0;31,2;25,82;20,2;68;1,6;
2015-05-13;3;8,8;0;31,2;26,36;20,6;77,25;1,6;
2015-05-14;2,8;7,3;7,2;30,2;26,88;23,4;80,25;1,4;
2015-05-15;2,7;9,3;2,5;31;27,42;22;69,25;1,7;
2015-05-16;3;1,5;6,8;28,8;24,92;21,8;88,5;1,133333;
2015-05-17;1,1;9,2;11,1;30,4;26;21,1;82;1,133333;
2015-05-18;2,4;8;1,6;30,5;26,7;22,3;77;1,166667;
2015-05-19;1,8;5,9;5,6;29,8;26,1;23;80;1,466667;
2015-05-20;1,8;7,7;15;30,2;26,14;22,2;84,25;,666667;
2015-05-21;2,2;5,1;1,6;29,9;26,28;23,6;85;1,1;
2015-05-22;2;8,4;,2;31;26,36;21,6;77;1,566667;
2015-05-23;2,3;7,5;0;30,8;25,7;22,2;80,5;,566667;
2015-05-24;1,9;9,5;,9;30,8;26,5;22,4;81;1,4;
2015-05-25;2,3;8,9;1,2;30,6;26,86;23;82;1,966667;
2015-05-26;2,8;9,2;1,5;31,6;27,68;24,6;72,25;1,333333;
2015-05-27;2,7;9,3;5;31;26,34;23,6;79;1,4;
2015-05-28;2,3;8,5;18;30;25,54;23;83,75;1,233333;
2015-05-29;2,2;8,6;0;30,8;25,92;21,2;81,75;1,7;
2015-05-30;1,8;,8;75,8;29;24,2;20,2;85,5;1;
2015-05-31;2;9;4;29,8;25,58;22;75,25;1,233333;
2015-06-01;2,6;,9;0;27,9;24,52;21,2;88,75;,566667;
2015-06-02;,8;8,1;2,3;29,9;25,76;22,2;81;1,233333;
2015-06-03;2,1;2,7;,2;27,8;24,46;21,1;95;,566667;
2015-06-04;,7;8,3;31,1;30;25,9;22,4;87,25;1,333333;
2015-06-05;1,8;8,2;4,6;29,2;24,94;22;91;,566667;
2015-06-06;,6;4,7;31,8;29,7;25,8;22,2;84,75;,766667;
2015-06-07;1;3,2;33;29;25,42;22,7;86,5;1,366667;
2015-06-08;1,2;9,2;5;29,8;25,44;22,1;79,25;1,133333;
2015-06-09;2,4;6,8;4,6;29,4;25,5;21,4;86,5;1;
2015-06-10;1,8;7,7;15;29,6;25,6;22,6;75,5;1,5;
2015-06-11;2,3;6,8;,4;29,8;25,2;21;78,5;1,333333;
2015-06-12;2,7;5;18,6;28,8;24,06;22;84,75;1,2;
2015-06-13;1,5;9,8;,4;29,9;24,68;19,6;79,5;1,566667;
2015-06-14;2,4;6,8;1;29,1;25,26;20,6;85,5;,833333;
2015-06-15;1,3;7,6;5,9;30,2;25,9;22,5;83,75;1,766667;
2015-06-16;1,9;9,2;1;29,4;25,22;22,2;71,5;1,566667;
2015-06-17;2,9;6;,8;29,6;24,86;21,4;77,75;1,6;
2015-06-18;2,5;4,5;2;28,4;24,74;20,6;84,75;1,1;
2015-06-19;1,2;9,3;2,7;30,6;25,28;21,6;75,25;1,233333;
2015-06-20;2,3;7,1;9,6;29,1;25,2;21,2;80,5;,9;
2015-06-21;1,5;8,3;9;29,1;24,8;21,8;76,75;1,566667;
2015-06-22;2;1;22,6;26,7;23,84;21,5;88,25;,9;
2015-06-23;,4;3,8;15,2;28,6;24,28;21;89,25;,566667;
2015-06-24;,9;0;27,2;28,1;25,08;22,4;91;,733333;
2015-06-25;,7;0;32,6;27,5;24,68;21;79;,766667;
2015-06-26;1;6,3;9,6;28,9;24,58;21,8;82,25;1,6;
2015-06-27;2;8,9;22,4;29;24,56;21,4;79,25;1,233333;
2015-06-28;1,6;5,1;5,4;28,1;23,96;21;92,75;1,266667;
2015-06-29;,5;2,9;139,3;28,1;25,02;20,8;83,25;,833333;
2015-06-30;1,4;2,3;7,2;29,3;25,6;23,2;86,5;1,8;
2015-07-01;1,8;4,8;6;29,1;25,12;22,3;81,25;1,5;
2015-07-02;1,5;0;8;29,1;24,52;21,8;89,5;0;
2015-07-03;,2;7,4;31;29,6;25,9;22,8;90,5;,9;
2015-07-04;1;0;109;26,1;24,18;23;91,75;,566667;
2015-07-05;,5;9;22,6;29,6;25,44;22,6;80,25;1,666667;
2015-07-06;1,5;8;2;28,5;24,4;22,2;79,25;2;
2015-07-07;2;4,9;0;27,7;24,16;19;89,75;,433333;
2015-07-08;1,6;9,4;8;29,6;24,5;20,6;84,75;1,133333;
2015-07-09;1,4;10;0;29,2;24,7;20,9;80,25;,966667;
2015-07-10;2;5,6;3;29,2;24,1;20,4;82,5;1,133333;
2015-07-11;,8;3,2;8,2;29,4;24,46;21;90,5;,433333;
2015-07-12;,8;7,2;8;29;24,86;21,2;86,75;1,833333;
2015-07-13;1;8,1;1,7;29,1;25,88;23,1;79,5;2,233333;
2015-07-14;null;8,2;null;29,1;null;null;null;0;
2015-07-15;null;6,4;3,6;28,9;24,66;20,8;84,5;1,566667;
2015-07-16;2,5;1;12,8;26,8;24,34;22,4;91;2,333333;
2015-07-17;2,2;4,4;23,6;28,3;25,46;22,2;77;2,933333;
2015-07-18;2,6;6,1;4;27,8;23,78;20,7;80,25;3,7;
2015-07-19;4,7;6,7;15;28,1;24,58;21,6;81,25;4,233333;
2015-07-20;2,6;,8;9,8;26,7;23,46;21,2;92,25;1,566667;
2015-07-21;,9;0;18;25,3;22,98;21,4;91,75;1,066667;
2015-07-22;1;,5;19,1;27,1;23,72;21,1;86,5;1,4;
2015-07-23;1;0;12,5;27,3;23,4;21,4;92,5;,9;
2015-07-24;,5;7,2;18,2;28,2;23,66;21,4;85,25;1,266667;
2015-07-25;2;7,2;0;28,7;24,04;18,7;82;1,233333;
2015-07-26;1,5;,7;8,2;26,5;23,52;21,8;90;1,933333;
2015-07-27;1;,6;10,2;27,5;23,52;20,8;92,25;1,4;
2015-07-28;,5;,4;38,1;25,8;23,06;21,3;94;,9;
2015-07-29;,4;,8;17,2;26,2;23,12;20,8;89;1,633333;
2015-07-30;,9;8,4;16,7;28,5;23,96;19,8;82,75;1,766667;
2015-07-31;2;4,4;11,8;28,1;23,96;21,8;81;2,7;
2015-08-01;2,2;4;9,5;27,1;23,86;21;86,5;1,233333;
2015-08-02;1;9;14,6;28;24,08;21,4;79,25;2,2;
2015-08-03;2;7,6;,1;28,1;23,68;19,5;null;2,05;
2015-08-04;2,4;9,3;0;28,6;23,3;18,4;78,25;1,266667;
2015-08-05;1,8;null;5;null;null;20,1;null;1,7;
2015-08-06;2,5;8,9;1,2;28,4;25,72;22,6;76,75;2,866667;
2015-08-07;3,3;9,4;0;28,5;24,3;21,5;78;1,933333;
2015-08-08;2,4;7,8;,4;28,3;24,16;20,8;83,25;2,066667;
2015-08-09;2,5;2,3;12,2;27;23,64;20,4;82,25;1,166667;
2015-08-10;2;8,2;,2;28,2;23,96;18,8;80,75;2,333333;
2015-08-11;2,5;6,8;9,3;27,9;23,56;21;84,75;2,866667;
2015-08-12;2,4;6,1;6,1;null;23,92;21,2;83;1,5;
2015-08-13;2,1;7;7,6;27,9;23,3;19,5;87,5;1,166667;
2015-08-14;1,5;2,4;5;27,2;24,72;21,4;85,25;1,466667;
2015-08-15;2;8,1;9;28,5;25,32;22,8;79;2,2;
2015-08-16;2;5;12;28,1;24,5;20,8;80;1,4;
2015-08-17;3,4;9,6;0;28,5;25,7;23,6;75;2,4;
2015-08-18;4,3;7,6;0;28,7;25,34;22,4;75,75;2,3;
2015-08-19;3,5;9,3;1,6;29,2;24,66;21,6;77,75;2;
2015-08-20;2,4;7,2;,6;30,2;25,3;21,4;82,5;,566667;
2015-08-21;1,8;5,8;12,4;28,8;25,52;22,4;79;1,833333;
2015-08-22;1,9;8,8;2;28,7;24,44;21,5;80,25;1,833333;
2015-08-23;3,4;9,1;0;28,9;23,66;20,3;76,25;2,2;
2015-08-24;2,6;7,1;0;29,1;24,56;18,8;80;,933333;
2015-08-25;2;8,4;0;29,8;25,44;19,6;79,25;1,9;
2015-08-26;2,3;8,3;0;29,4;25,26;21,3;77,75;1,966667;
2015-08-27;3,1;7,7;0;29,1;25,84;21,8;74,25;2,333333;
2015-08-28;2,6;7,6;0;28,7;25,08;20,4;73,5;1,666667;
2015-08-29;2,8;6,4;0;29,3;24,7;20,2;76,75;1,566667;
2015-08-30;2;5,6;5,6;28,9;24,62;21;78,75;1,733333;
2015-08-31;2,2;4,5;1,6;28,3;23,92;20,8;81,75;2,533333;
2015-09-01;5,2;2,9;16,2;28,1;23,8;20,6;84,75;,6;
2015-09-02;1,7;8,9;,3;28,9;24,38;19,2;76;1,266667;
2015-09-03;4;7,8;0;29,8;25,28;21,1;75;1,933333;
2015-09-04;,7;9,6;,6;30,2;25,56;20,2;76;1,4;
2015-09-05;2,2;8,3;0;30,7;26,46;22,2;70,75;2,133333;
2015-09-06;2,5;9,4;0;29,9;25,04;21;76,5;2,1;
2015-09-07;3,7;9,6;0;30,1;25,72;20,3;70,75;1,566667;
2015-09-08;3;7,5;0;30,6;24,84;18,8;75,75;1,566667;
2015-09-09;4;4,4;1,8;29,2;25,58;23;78,75;1,7;
2015-09-10;2,8;5,5;0;29,2;25,46;22,1;78,5;1,966667;
2015-09-11;2,7;8,3;5,2;30,3;25,84;21,5;72,75;1,966667;
2015-09-12;3,1;7,8;,6;28,7;25,68;22;78;2,166667;
2015-09-13;3;7,1;1,4;29,9;25,96;22,8;74;1,9;
2015-09-14;2,6;6;0;30,2;25,3;21;80,75;,833333;
2015-09-15;3;9,5;2,6;29,3;25,7;22;74,75;2,766667;
2015-09-16;4,5;7;,8;29;25,42;21;76,75;1,4;
2015-09-17;2,9;5,5;4,2;29,2;24,98;21,4;78,75;2,566667;
2015-09-18;2,6;9,8;1;30;25,28;21;71,5;2,133333;
2015-09-19;3;7,2;,2;30;25,76;20,8;69,5;2,866667;
2015-09-20;4;9;0;29,2;25,82;22,2;71,5;1,6;
2015-09-21;4;7,8;0;31;26,36;23,4;72;2,2;
2015-09-22;4,3;9,2;,2;29,9;26,04;21,6;71,25;2,433333;
2015-09-23;4,1;7,7;0;30,1;26,58;23,6;71;2,666667;
2015-09-24;4,1;8,6;0;29,4;26,54;23,4;70,25;2,166667;
2015-09-25;3,5;9,3;0;30,2;25,98;21;70,75;2,333333;
2015-09-26;4;8,8;0;30,2;26,42;23,8;68,25;1,966667;
2015-09-27;4;9,4;0;30;26,24;23;68,25;3,333333;
2015-09-28;3,5;9,1;0;30,4;25,84;20,4;68;2,266667;
2015-09-29;3,3;9;0;30,6;26,14;21,4;68,5;2,233333;
2015-09-30;3,5;9;0;30,1;26,46;22,1;70,5;2,166667;
2015-10-01;3,7;7,5;0;29,6;26;23,4;73,25;2,033333;
2015-10-02;3,6;9,6;0;30,2;26,3;22,4;66;2,866667;
2015-10-03;3,8;8,2;0;29,6;26,22;23;72,5;1,833333;
2015-10-04;4,5;8,8;0;30;25,76;19,8;70,75;2,2;
2015-10-05;3,6;4,1;0;29,8;26,04;20,8;68,5;2,066667;
2015-10-06;4,2;7;0;30;26,74;23,6;73;1,966667;
2015-10-07;3,7;8,4;,4;29,6;26,22;23,6;72,75;2,1;
2015-10-08;3,6;9,3;0;30;25,98;20,6;71,25;2,633333;
2015-10-09;5;7,2;0;30,2;26,3;22;69;2,333333;
2015-10-10;4,5;8,5;,2;29,8;26,3;23;66;2,5;
2015-10-11;5;2;0;29,2;25,9;23,6;70,5;3,066667;
2015-10-12;4,5;8,9;3,4;30,4;26,52;22,8;71;3,533333;
2015-10-13;4,5;7,4;0;30,8;25,98;22,6;79;1,6;
2015-10-14;4;,2;3;27,7;25,62;22,4;77,75;2,633333;
2015-10-15;3;4,4;2,7;29,4;26,38;23,4;73,5;2,733333;
2015-10-16;4;4,6;,6;29,4;25,92;22,4;68;1,8;
2015-10-17;4;7,7;0;30,4;25,46;20,7;77,5;1,5;
2015-10-18;3,1;9;6,3;30;26,12;21,8;73,5;2,1;
2015-10-19;3,9;9,2;0;29,7;26,22;22,4;73;1,666667;
2015-10-20;4;9,8;0;30;26,04;20,6;69;2,833333;
2015-10-21;3,7;8,7;0;30,4;26,18;20,6;69,25;2,533333;
2015-10-22;3,5;7,5;0;31,4;27,14;22,7;67,25;1,733333;
2015-10-23;4,3;10,1;0;30,4;27,06;24,6;68,25;1,733333;
2015-10-24;3,8;10,9;0;30,8;27,02;24,1;66;2,266667;
2015-10-25;4,5;9,3;0;30,8;27,08;23;71,25;2,4;
2015-10-26;4,5;10;0;30,6;27,36;25,2;64,5;2,9;
2015-10-27;4,8;9,9;0;30,4;26,32;22,2;72,75;2,5;
2015-10-28;4,8;9,1;0;30,4;26,6;22,9;68,75;2,166667;
2015-10-29;4;9,6;0;31;27,1;23,6;67,5;1,7;
2015-10-30;4;9,9;0;31,4;26,74;21,4;66,25;2,333333;
2015-10-31;4,4;9,9;0;30,8;27,34;24,9;65,75;1,933333;
2015-11-01;4,2;9,2;0;31,3;26,86;24;70,25;3,066667;
2015-11-02;5,5;8,6;0;31;27,36;24;67,25;3,366667;
2015-11-03;6;9,2;0;31,4;27,26;24;67,5;2,266667;
2015-11-04;5,5;7,2;2,6;30;25,5;22,7;73,75;2,066667;
2015-11-05;3,4;9,5;0;31;26,98;22,6;70;1,733333;
2015-11-06;4,4;9,9;0;30,8;26,94;22,6;71,75;1,533333;
2015-11-07;5;9,6;0;31,2;26,62;23,3;67,5;2,233333;
2015-11-08;5,1;9,4;0;31;27,28;24,3;65,25;2,666667;
2015-11-09;4,9;9,8;0;31,6;27,58;24;71;2,233333;
2015-11-10;4;8,7;20,2;28,7;26,28;23,4;71,5;1,966667;
2015-11-11;4,6;7,5;0;30,2;26,1;22,6;72;2,033333;
2015-11-12;4,9;10,6;0;31;26,7;23,1;64,5;2,666667;
2015-11-13;4,2;8,6;0;31,4;26,8;20,6;66,5;1,8;
2015-11-14;4,1;10,1;0;32;27,22;22,2;69,75;1,666667;
2015-11-15;4,4;9,3;2;31,8;27,42;23,2;70,5;2,566667;
2015-11-16;4,7;8,7;0;31,3;27,22;23,4;69,5;2,066667;
2015-11-17;4,6;8,3;2;30,7;26,76;23,2;70;2,233333;
2015-11-18;3,3;6,4;3,8;31;25,94;21,2;77;1,7;
2015-11-19;3,4;10,1;0;31,4;27,06;22,6;68;2,966667;
2015-11-20;4,2;10,1;0;31,6;26,86;20,3;69;2,133333;
2015-11-21;4,3;9,1;0;32;27,42;21,8;68,25;2,233333;
2015-11-22;4,5;9,3;0;31,4;27,3;23,2;66,5;2,066667;
2015-11-23;4,9;9,9;0;31,8;27,32;22,3;65,25;2,133333;
2015-11-24;4,3;8,6;0;32,3;27,84;23,7;68,5;2,066667;
2015-11-25;3,9;10;0;32,6;27,78;23;70,75;2,766667;
2015-11-26;3,9;10,3;0;32,8;27,82;22;65,75;2,6;
2015-11-27;4;10,5;0;32,9;27,72;22,8;67;2,933333;
2015-11-28;4,1;10;0;32,2;27,34;21,5;68;1,8;
2015-11-29;4,6;10,1;0;31,8;26,92;22,2;67,25;2,333333;
2015-11-30;4,8;9,8;0;32;27,54;23,8;62,5;2,9;
2015-12-01;4,4;7,7;0;31,9;27,68;24;70;2,033333;
2015-12-02;6,4;8,9;0;31,6;28,14;25,4;59,75;1,466667;
2015-12-03;3,8;9,9;0;32;26,92;21,6;58,5;2,133333;
2015-12-04;4,5;10,8;0;32,9;27,64;21,4;59,75;1,833333;
2015-12-05;4,3;10,8;0;33;27,5;21,1;61;1,566667;
2015-12-06;4,4;10;0;32,8;27,46;22,9;63;1,833333;
2015-12-07;4,3;9,3;0;31,7;27,18;21;64,5;2,633333;
2015-12-08;3,8;9,5;0;32,1;28;23,3;56,25;1,7;
2015-12-09;5,5;10,3;0;32;28,4;26,4;63,75;2,8;
2015-12-10;4,6;10,9;0;32;28,18;25,6;63,75;1,966667;
2015-12-11;6;10,3;0;32,6;27,48;22,4;63;1,9;
2015-12-12;5,6;9,3;0;32,5;28,18;24,4;66,75;2,6;
2015-12-13;4,6;10,1;0;31,4;28,26;26;68,5;2,333333;
2015-12-14;5,3;9,3;0;31,9;27,92;24,4;65,25;2,766667;
2015-12-15;4,5;8,5;1,8;31,8;27,52;23;68,75;2,633333;
2015-12-16;5,7;4,8;7,4;31,6;27,12;23,8;73;1,166667;
2015-12-17;3,5;8,9;0;31,1;27,12;23;69,25;2,733333;
2015-12-18;3,3;1,9;4;30,4;26,06;24;86,25;1,666667;
2015-12-19;2,5;5,5;5,8;30,3;27,18;24;74,5;2,666667;
2015-12-20;3,5;8;1;32,4;27,34;23,2;70,25;2,566667;
2015-12-21;4,1;6,9;,2;31,6;27,62;24,6;69;2,766667;
2015-12-22;5,5;,6;1,8;28,9;26,04;24,9;88;1,466667;
2015-12-23;2,8;3,8;4,7;30,7;26,62;23;72,5;1,833333;
2015-12-24;2,5;1;2,6;27,4;23,56;19,8;87,75;1,1;
2015-12-25;1;3,1;49;29,1;25,82;22;80,25;1,566667;
2015-12-26;2,2;4,6;1,3;30;26,78;23,4;70,25;2,2;
2015-12-27;4,4;4,2;4,2;29,4;26,2;23,8;79,5;1,966667;
2015-12-28;2,1;7,4;3;31;27,22;23,3;72,75;2,566667;
2015-12-29;3,5;3,2;5;30,6;26,78;24;74,75;1,133333;
2015-12-30;3;7,3;0;30,6;27,86;25,6;70;2,2;
2015-12-31;4;3,9;0;31,2;27,36;25;71;2,766667;
2016-01-01;4;7;0;31,1;27,7;22,4;64,5;1,9;
2016-01-02;4;9;0;32;27,36;23,6;66,25;1,566667;
2016-01-03;3,5;8,7;0;33,1;28,3;23;60;1,6;
2016-01-04;2,9;9,1;0;33,2;28,06;23,1;69,25;2,166667;
2016-01-05;3,6;5,4;0;32,9;28,34;24;72;2,1;
2016-01-06;2,8;3,8;0;32,1;28,34;24,4;68,75;1,366667;
2016-01-07;2,8;,7;0;31,5;27,92;24,7;69,75;1,266667;
2016-01-08;2,4;1,7;0;31;28,08;25,6;67,75;2,066667;
2016-01-09;4,8;0;4,4;27,2;24,44;22,8;89,75;1,666667;
2016-01-10;3,8;1,8;25,7;30,8;26,38;21,9;73,5;1,7;
2016-01-11;2;7,4;3;31,3;26,68;24,3;70,5;1,466667;
2016-01-12;1,7;5,3;1;30,8;26,6;24;74,25;1,666667;
2016-01-13;2,9;5,1;0;31,5;27,28;23,9;68,75;,833333;
2016-01-14;2,6;5,9;3;31,3;27,56;24,7;68,75;1,666667;
2016-01-15;2,8;9,3;1;31,8;28,18;24,9;67,5;1,966667;
2016-01-16;3;8,9;2,6;32;28,14;25,2;71,75;1,5;
2016-01-17;2,2;5,3;3,6;33,2;28,18;24,4;72,75;,666667;
2016-01-18;2,3;7,5;6;28,1;25,5;24,2;91,25;,566667;
2016-01-19;,8;7,5;14,8;32;26,72;23,6;77,5;,833333;
2016-01-20;2,2;2,8;24,8;31,2;27,06;24;79;,266667;
2016-01-21;2;4;3,2;31,4;27,18;23,8;82,75;1;
2016-01-22;2,7;,6;13,8;30,5;26,66;24;81;1,166667;
2016-01-23;1,5;7,4;1;31;27,58;24;75;2;
2016-01-24;3,8;8,5;0;31,6;28,1;25,2;69,5;1,666667;
2016-01-25;3,5;9,9;0;31,8;28,22;24,8;69,5;1,9;
2016-01-26;3,1;8,5;3;31,3;27,64;23,5;68;1,9;
2016-01-27;3,4;10,3;0;32,3;27,82;23;64,5;1,233333;
2016-01-28;4;10,1;,4;31,4;28,18;26;68,5;2,766667;
2016-01-29;5,5;5,8;0;31,4;24,86;21,2;86,25;3,033333;
2016-01-30;2,5;4,5;12,7;30;25,18;20,1;79,25;1,333333;
2016-01-31;2,6;3,8;0;30;26,38;22;81;,966667;
2016-02-01;2,4;7,5;6,2;31;27,78;25;78,5;1,966667;
2016-02-02;3;8,6;1,6;31,3;27,8;25;69,5;2;
2016-02-03;3,2;8,9;0;32;27,52;24;70,75;1,533333;
2016-02-04;3;8,4;0;31,8;27,12;22,8;75;,85;
2016-02-05;4,2;9,9;0;31,6;27,5;22,4;67;2,366667;
2016-02-06;5;10,5;0;31,4;28,26;25,6;62,5;2;
2016-02-07;4,8;8,8;0;31,6;27,8;24,6;67;1,4;
2016-02-08;4,2;9,6;2,4;31,6;27,42;24;76,5;1,133333;
2016-02-09;3,3;6,2;4,6;31,6;27,66;24;74,5;2,533333;
2016-02-10;3,1;8,3;2;31;26,82;24,8;74,75;1,5;
2016-02-11;3;10,2;0;31,8;26,36;21,9;76,5;1,8;
2016-02-12;3,5;10,1;0;32,9;27,3;21;70,5;1,366667;
2016-02-13;3,1;8,5;0;32,9;27,82;23;73,25;2,066667;
2016-02-14;4;9;0;32,4;28,04;24;72;2,033333;
2016-02-15;9,7;8,1;8,4;32;27,32;25;81,5;,733333;
2016-02-16;2,5;2,2;2,8;31;27,66;23,8;72,5;2,133333;
2016-02-17;4,7;9,4;0;32;27,3;23,8;73,75;1,9;
2016-02-18;3;,5;27;27,7;25,04;23,2;95,25;,266667;
2016-02-19;1;4,1;4,6;30,6;27,66;25,4;80,25;1,766667;
2016-02-20;2,5;9,4;1,8;31,4;27,54;24;74,75;1,966667;
2016-02-21;3,5;2,8;4,2;30;26,78;22;78,25;2,4;
2016-02-22;2;8,6;2;31,4;27,62;23,8;72,5;1,466667;
2016-02-23;3;,3;1,6;30,6;27,12;24;85,25;1,333333;
2016-02-24;null;,9;,4;30,4;null;25,6;null;0;
2016-02-25;null;5,2;,4;31,6;null;null;78;1,3;
2016-02-26;null;6,2;0;31,4;27,82;23,8;70,25;2,6;
2016-02-27;2,7;8,1;0;31,8;28;25;72,5;1,133333;
2016-02-28;4,2;9,4;0;32;27,78;23,4;71;1,566667;
2016-02-29;3,8;6,2;0;31,8;27,82;23,8;68,25;2,033333;
2016-03-01;4,3;8,8;0;32,6;28,24;22,9;66,5;2,233333;
2016-03-02;4,7;9,3;0;32,5;27,86;23,2;68;2,366667;
2016-03-03;3,5;1,5;8,4;31;26,14;24;91,5;,266667;
2016-03-04;1,3;7,4;45,8;31,4;27,62;24,2;81,5;2,4;
2016-03-05;3,1;9,7;0;31,2;27,5;25;75,25;2,333333;
2016-03-06;3,9;9,8;,2;32;27,64;23;69,5;1,833333;
2016-03-07;3,1;8,4;,4;32;27,9;24;71,75;1,533333;
2016-03-08;3,6;9,5;0;32;28,26;24,2;74;2,2;
2016-03-09;3,8;10;0;31,8;28,2;24,2;71;2,4;
2016-03-10;3,5;8,7;0;32,5;28;23,1;68,5;2,233333;
2016-03-11;4,5;7,3;0;33;27,98;23,4;72,5;1,2;
2016-03-12;3,3;7,3;0;33,8;28,82;24;69;2,4;
2016-03-13;3,8;7,4;0;31,8;28,18;24,2;69;2,033333;
2016-03-14;3,4;1,8;,4;30,4;26,5;23,7;83,75;2;
2016-03-15;3;,3;16,2;28,3;25,16;23,2;85;1,233333;
2016-03-16;,8;5,3;8;31,3;26,6;22,8;85,25;2,533333;
2016-03-17;2,2;0;52;28,1;25,74;23,6;92,5;,7;
2016-03-18;,7;6,6;15,6;31,3;26,98;23,8;76,75;1,7;
2016-03-19;3;7,1;1,4;31;27;23,4;74,25;1,133333;
2016-03-20;2;6,2;0;32;27,08;22,4;80,25;,833333;
2016-03-21;3;8,9;0;32,1;28,2;23,7;70,75;1,133333;
2016-03-22;2,7;3,6;13;32,3;27,94;24,2;72,25;1;
2016-03-23;2,3;5,9;11,4;31,6;27,82;24,6;75,75;1;
2016-03-24;2,5;7,1;0;31,8;28,02;25,4;70,75;,966667;
2016-03-25;2;8,6;13,2;31,4;27,76;24,8;71,5;2,233333;
2016-03-26;3,2;6,6;2,2;31,5;27,62;23,4;73;1,966667;
2016-03-27;3,1;7,7;0;31;27,12;24,8;78;1,033333;
2016-03-28;3;9,6;,7;32;28,22;24,2;74,5;1,633333;
2016-03-29;2,5;1,1;11;30;26,14;24,2;86,5;,6;
2016-03-30;1,2;,7;65,2;29,5;26,48;23,9;77;1,4;
2016-03-31;1,8;9,4;0;31;27,22;23;72,75;2,2;
2016-04-01;3,1;4,1;13;31;26,7;24,4;84,5;1,366667;
2016-04-02;2;8,6;1;30,3;27,6;23,8;78;3,033333;
2016-04-03;3,6;3,4;0;31,6;27;23,8;78;1,9;
2016-04-04;1,8;6,3;3,8;31,6;27,94;23,8;72,25;1,966667;
2016-04-05;2,3;7,7;,4;31;26,9;24;83;,933333;
2016-04-06;2,2;9,6;8,5;30,8;26,54;24,2;77;2,1;
2016-04-07;2,5;8,4;,6;31,2;26,78;24;78;2,2;
2016-04-08;3,3;9,4;0;31,4;27,86;23,6;72,25;2,066667;
2016-04-09;2,1;8,9;,8;31,8;26,84;24;72,5;,833333;
2016-04-10;2,6;4,4;0;30,8;26,78;24;84;1,4;
2016-04-11;1,5;2,7;35,2;29,4;26,3;24,7;85,25;1;
2016-04-12;1;,2;6,5;29,6;26,28;23,4;79;0;
2016-04-13;1,7;4,9;2,4;30;26,46;23,6;87,5;1,566667;
2016-04-14;1,6;7;11;31;27,5;24,4;75,75;1,566667;
2016-04-15;2,4;2,4;0;30,5;26,26;23,8;85;2,2;
2016-04-16;2,1;0;101,8;27,1;25;23,7;94,25;,833333;
2016-04-17;,8;4,8;58;31,2;27,56;23,6;76,5;2,766667;
2016-04-18;2,4;1;17,2;29,2;25,76;24,3;87;1,6;
2016-04-19;2;9,4;3;30,6;26,92;23;73,75;1,833333;
2016-04-20;3,5;9,3;0;30,4;27,46;24,2;71,5;1,733333;
2016-04-21;2,7;8,6;0;30,8;26,78;24;83,25;1,766667;
2016-04-22;2,6;8,9;1,2;31;27,48;24,6;71,25;1,833333;
2016-04-23;2,2;6,3;0;31,1;26,74;23;75,25;1,666667;
2016-04-24;2,8;9,2;0;31;26,78;22,2;75;1,533333;
2016-04-25;2,6;2,3;6,2;29,9;26,12;22,8;85,75;1,133333;
2016-04-26;1;7;12,8;30,6;26,66;23;83;1,666667;
2016-04-27;2,3;9,6;0;31,2;26,94;22,9;71,75;1,4;
2016-04-28;2,8;9,5;3,8;32;27,26;24;75,5;1,9;
2016-04-29;2;7,8;1;30,8;26,66;23,4;83;,766667;
2016-04-30;1,8;9,4;5,4;30,7;26,92;23,3;78,25;1,666667;
2016-05-01;3;1,3;2,9;28,4;25,68;23,2;87,75;,566667;
2016-05-02;,6;3,5;60,9;30,2;26,78;23,8;83;1,133333;
2016-05-03;2,1;9,3;4,8;30,2;26,14;23,2;74,75;2,1;
2016-05-04;2,3;7,4;1;29,8;26,2;22;73;2,9;
2016-05-05;2,7;4,3;1,2;30,6;25,7;22,3;81;1,566667;
2016-05-06;1,9;,4;23,4;27,7;24,52;22,7;88,5;,566667;
2016-05-07;1,5;9,7;,9;30,5;25,48;20,7;79,5;1,933333;
2016-05-08;2,5;7,5;,8;29,3;24,82;22,2;85,25;,833333;
2016-05-09;1,6;0;54,1;25;23,42;22,6;97;,666667;
2016-05-10;,4;4,4;102,1;29,7;26,42;23;85,75;2,2;
2016-05-11;1,4;1,2;14;29,6;26,22;24,1;86;1,3;
2016-05-12;1,3;8,5;,8;31,4;26,78;23,7;77,75;1,133333;
2016-05-13;2,2;9,7;0;31,4;27,06;23,2;80;,833333;
2016-05-14;3;8,8;0;30,4;25,8;23,4;80,5;1,566667;
2016-05-15;2,7;9,4;0;30,3;26,24;21,3;73,75;1,4;
2016-05-16;2,8;6,3;,8;30,4;26,26;22,6;87,25;1;
2016-05-17;1,1;8,6;13,8;29,5;26,24;24;82,25;1,5;
2016-05-18;1,8;8,7;,6;30,2;25,98;23;83;1,366667;
2016-05-19;2,1;8,9;,8;30;25,96;22,2;74,25;2;
2016-05-20;2,9;5,4;0;30,2;25,78;22;75,5;1,3;
2016-05-21;2,1;9,1;0;31;25,16;21,6;79,5;1,566667;
2016-05-22;2,5;9,8;0;31,3;25,66;21,4;74,75;1,266667;
2016-05-23;3,3;8,9;0;31,4;27,3;21,9;70,5;1,3;
2016-05-24;2,7;0;10,2;27,5;24,68;22;89,25;,766667;
2016-05-25;,5;4,2;38,8;28,5;24,52;21;90,5;,666667;
2016-05-26;1;8;8,4;28,7;24,76;21,2;83,25;1,233333;
2016-05-27;1,8;6,6;1,2;29,8;25,18;21,5;80;,833333;
2016-05-28;1,7;9,7;0;30,3;25,48;22;78;1,566667;
2016-05-29;2;3,3;3,8;29,6;25,8;23,4;89;,833333;
2016-05-30;1,3;0;119,8;26,1;24;23,3;90,25;0;
2016-05-31;,2;5,1;13,2;29,2;25,22;22,8;85;,566667;
2016-06-01;null;9,2;null;30,1;null;22,1;null;0;
2016-06-02;null;9,5;0;30;26,24;23;85;,5;
2016-06-03;1,6;0;10,4;26,1;24,46;23;93;,166667;
2016-06-04;2,5;1,4;36;27,1;24,68;22,2;88;,266667;
2016-06-05;,8;9,7;14,8;30,3;26,34;23,8;76,75;1,4;
2016-06-06;1,9;5,5;4,6;31;25,7;23,2;84,75;0;
2016-06-07;1,3;9,3;1,8;30,6;25,9;21,6;80,5;,5;
2016-06-08;2;8,6;,2;30,7;26,42;22;78,5;1,233333;
2016-06-09;2;9;0;31,2;26,14;21,9;78,5;1,166667;
2016-06-10;2;8,7;1,8;29,8;25,86;22,4;78;,8574;
2016-06-11;2,4;9,6;0;30;25,42;21,9;79,25;,68592;
2016-06-12;2,3;9,2;0;29,4;24,78;21,1;78,5;1,4;
2016-06-13;2,4;9,5;2;29,1;24,52;20,1;79,5;1,433333;
2016-06-14;2,4;6,4;11;28,1;24,52;22;85,75;1,54332;
2016-06-15;1,5;8,9;2,5;29;24,88;20,6;77,75;1,37184;
2016-06-16;1,7;9,9;0;29,1;24,24;19,5;76,75;1,233333;
2016-06-17;3,8;9,7;0;29,3;24,58;18,8;76,5;1,333333;
2016-06-18;2,5;9,6;0;29;24,66;20,2;78,75;,8574;
2016-06-19;2;5,4;1,6;28,1;24,88;21,4;84;,8574;
2016-06-20;1,7;9,3;1,8;28,9;25,04;22,1;75;1,7148;
2016-06-21;2,7;7,9;,4;29,2;25;19,8;80;1,7148;
2016-06-22;2,1;1,7;16,6;29,1;24,8;22;83,75;2,5722;
2016-06-23;2,2;7,4;7,6;28,9;24,6;22,5;86;1,37184;
2016-06-24;1,6;8,9;11,2;28,6;24,76;20,6;78,5;1,7148;
2016-06-25;2,1;9,1;0;29,2;24,84;20,4;81,5;1,20036;
2016-06-26;2,6;,3;2,4;27,8;24,16;21,6;84,25;3,4296;
2016-06-27;2,5;5,9;6,8;27,7;24,4;21;86,75;1,02888;
2016-06-28;1,5;8,5;14,2;28,6;24,72;19,4;77,5;2,74368;
2016-06-29;3,9;6,7;,2;28,1;23,86;20,2;77,25;1,37184;
2016-06-30;2,5;9,5;,6;28,9;24,64;18,8;76;2,22924;
2016-07-01;3,6;7;4,4;28,5;25,58;22,2;75,5;2,05776;
2016-07-02;2,6;4,2;,4;28,1;25,7;22,8;79,5;1,37184;
2016-07-03;1,8;8,3;4,1;28,9;26,08;23;76,5;1,88628;
2016-07-04;2;5,4;5,4;28,3;25,1;22,1;81;,68592;
2016-07-05;2,5;4,7;3,4;28,8;25,16;21,4;80,75;2,22924;
2016-07-06;1,5;4,2;2,6;28,7;24,12;21,3;87,75;1,20036;
2016-07-07;2;7,7;8,2;28,5;24,76;21;83;,51444;
2016-07-08;2;7,5;0;29,1;24,96;21,4;84,25;1,20036;
2016-07-09;2;8,5;0;29;24,94;21,5;81,75;1,7148;
2016-07-10;2,5;6,6;,6;28,7;24,38;20,8;80,75;1,7148;
2016-07-11;2,5;8,8;0;29,6;25,46;20,8;78,5;1,54332;
2016-07-12;2,8;3,9;4;28;24,22;21;87,25;1,54332;
2016-07-13;1,5;3;25;27,8;24,1;22;91,5;0;
2016-07-14;1;3,7;9,6;27,9;23,94;21,8;88,75;1,54332;
2016-07-15;1,2;8,9;1,9;28,4;24,76;20,4;79,5;1,02888;
2016-07-16;2,5;3,8;1,4;28,2;23,62;19,4;89;1,37184;
2016-07-17;,4;9;2,2;29,6;24,58;19,4;79;1,88628;
2016-07-18;2,8;9,3;0;29,3;24,9;20,4;78,25;,8574;
2016-07-19;2,3;5;0;27,3;23,54;21;88,5;2,05776;
2016-07-20;,9;5,3;17,9;27,9;23,8;22;85,5;1,02888;
2016-07-21;2;8,8;,4;28,5;23,12;18,8;81;1,37184;
2016-07-22;2,6;8,8;0;28,5;23,7;18;78,5;1,54332;
2016-07-23;2,4;9,7;0;28,4;23,68;20,2;77,25;1,7148;
2016-07-24;3,2;4,5;3,2;27,6;23,88;20,6;78;2,91516;
2016-07-25;3,2;8,2;,3;28,3;24,22;21,6;78,5;2,5722;
2016-07-26;2,9;7,6;,2;28,3;23,62;18,6;80;1,7148;
2016-07-27;2,1;7,3;2,1;27,9;23,76;20,3;79;1,54332;
2016-07-28;2,6;4,7;2;28,1;25,08;20,6;80;2,22924;
2016-07-29;2,6;3,7;2,6;27,7;23,24;20,4;83,75;1,88628;
2016-07-30;1,8;7,6;5,8;28,1;24,38;19,8;76;3,08664;
2016-07-31;3,7;5,5;3,6;27,8;24,88;21,3;70,75;3,60108;
2016-08-01;4,7;9;0;28,5;24,88;21,6;71;2,40072;
2016-08-02;4,2;6,9;1;28,9;24,84;22;86,25;1,54332;
2016-08-03;2,2;1,4;2,4;28,1;24,68;21,8;84;1,37184;
2016-08-04;2,7;8;,5;28,3;23,32;20,5;79,25;1,88628;
2016-08-05;3;5,8;,6;27,9;23,8;19,6;78;2,05776;
2016-08-06;2,5;8,7;1,4;28,6;24,28;21;75,75;2,74368;
2016-08-07;2,5;8,6;2;28,5;23,7;19,2;79,5;,8574;
2016-08-08;3;5,8;0;28,7;23,26;18,6;80,5;,68592;
2016-08-09;2,2;5,2;0;28,1;23,3;18;89;1,02888;
2016-08-10;1,8;7,6;1,7;28,5;23,92;20,8;83,25;1,02888;
2016-08-11;2;6,4;1,3;28,5;24,42;20,2;77,25;1,20036;
2016-08-12;2,8;8,2;0;29,3;24,06;18,4;70,25;1,54332;
2016-08-13;3,8;9,5;0;29,6;23,86;19;70,75;1,20036;
2016-08-14;4,2;8,5;0;29,2;23,66;18;79,5;1,20036;
2016-08-15;2,6;5,3;1;29,1;25;21,4;83,25;1,02888;
2016-08-16;1,7;7,1;4,4;29,5;25,16;20,3;78,25;1,7148;
2016-08-17;3,1;9;0;30;25,8;21;72,75;1,54332;
2016-08-18;3,2;7,9;0;29,2;25,42;19,8;74,25;2,40072;
2016-08-19;3,4;4,6;1,2;30;25,46;21;80,75;,68592;
2016-08-20;2,6;3,2;3,1;27,8;24,44;21,6;82,25;2,40072;
2016-08-21;1,8;7,5;,4;29,6;24,68;19,8;76,5;1,88628;
2016-08-22;2,6;8,6;0;30,2;25,64;20,6;75;1,88628;
2016-08-23;2;8,9;,8;29,6;25,58;22,8;75;2,40072;
2016-08-24;4,5;8,6;13,8;29;25,18;21,5;68,5;3,4296;
2016-08-25;4,5;9,7;0;28,9;25,28;21,8;66,25;2,22924;
2016-08-26;4,4;9,7;0;28,9;25,08;19,2;76,75;2,40072;
2016-08-27;3,5;5,9;,4;29,2;25,7;22;72,5;3,25812;
2016-08-28;4,1;4,1;7,8;28,2;23,94;21,7;81,75;1,20036;
2016-08-29;2,1;5,4;4;29,4;25,18;20,6;71,75;2,05776;
2016-08-30;null;5,1;,3;29,1;26,08;22;77;3,08664;
2016-08-31;null;1;10,2;28,2;25,74;22,9;79,5;3,4296;
2016-09-01;3,6;5,6;,8;29,2;26;24;72,75;3,4296;
2016-09-02;4,2;6;7;28,9;25,52;21,8;81,75;2,91516;
2016-09-03;2,8;8,6;9,2;28,5;25,32;21,6;77,25;2,22924;
2016-09-04;3,8;9;,8;29,2;25,4;22,4;76,5;2,74368;
2016-09-05;3,4;8,9;6,8;28,9;25,14;22,5;75;1,7148;
2016-09-06;2,6;4;1,8;28,1;24,5;20,6;79;1,88628;
2016-09-07;3;9,6;,4;29,1;25,44;21,6;67,75;2,74368;
2016-09-08;5,8;9,7;0;29,4;25,78;23,2;72,75;2,40072;
2016-09-09;4,2;9,8;0;29,9;25,12;19,4;70,75;1,54332;
2016-09-10;2;,5;9;27,7;23,44;21,6;93,25;2,05776;
2016-09-11;1;2,5;21,6;28;24,56;21,6;87;2,22924;
2016-09-12;3,2;6,9;0;28,5;24,84;21;72,25;1,88628;
2016-09-13;3,6;8,7;0;29,1;25,24;19,5;72,5;2,91516;
2016-09-14;3,8;9,3;0;29,5;25,68;22,2;73;1,7148;
2016-09-15;4;9,4;0;30,2;25,3;20,4;74,75;1,54332;
2016-09-16;3,8;6,2;0;30,4;26,14;21;78,75;2,05776;
2016-09-17;2,3;6;0;29,7;26,3;24,4;70,25;2,22924;
2016-09-18;4,3;9,1;0;29,7;25,74;21,2;63;2,22924;
2016-09-19;5;9,5;0;29,7;25,08;18,6;71,5;1,37184;
2016-09-20;2,2;9,3;0;30,6;26,26;20,2;70,75;2,22924;
2016-09-21;3,8;7,2;0;30,2;26,76;24;74,75;1,7148;
2016-09-22;2,7;8,3;0;31,3;27;22,2;70;1,7148;
2016-09-23;4,7;9;0;31,4;27,06;23,6;69,5;1,88628;
2016-09-24;4;9,5;0;30,3;25,42;21,4;72,5;2,05776;
2016-09-25;4,5;8,8;0;30,3;25,7;22;71,75;2,05776;
2016-09-26;4;9,1;0;31;25,3;19,6;73,75;1,54332;
2016-09-27;4;9,4;0;31,4;26,46;21;69,75;1,37184;
2016-09-28;5,4;6,9;0;30,9;26,56;23;70,5;2,22924;
2016-09-29;3,8;10;0;31,1;26,66;22,8;70,25;1,54332;
2016-09-30;4,1;9,4;,8;31,3;27,14;22,6;68,5;2,22924;
2016-10-01;4,7;9,9;0;30,8;27,02;23;69,5;2,40072;
2016-10-02;5;8,8;0;30,1;26,64;23,9;69,75;3,60108;
2016-10-03;6,3;6,8;,2;29,8;26,32;23,2;69,5;2,5722;
2016-10-04;4,7;5,6;,2;30,4;26,58;23,2;69,5;2,22924;
2016-10-05;4,5;9,2;0;31;26,5;22;68,25;1,88628;
2016-10-06;3,7;9,1;0;32,2;26,74;20,4;71,5;1,7148;
2016-10-07;3,3;8,7;0;31,7;25,84;21,3;71,25;1,20036;
2016-10-08;4,5;10;0;32,4;27,22;20,2;66,5;2,05776;
2016-10-09;4,4;9,3;0;31,8;27,5;23,2;67,5;2,40072;
2016-10-10;5,1;9,9;0;30,8;26,82;22;67;2,74368;
2016-10-11;7,3;7,6;0;30,3;26,7;24,2;69,75;2,74368;
2016-10-12;5;5,7;3,2;30,3;25,32;22;78,5;2,74368;
2016-10-13;3,1;9,2;3,2;31,6;27,22;22;67;3,08664;
2016-10-14;4,6;6,1;,2;30,8;26,24;21,8;73,25;2,91516;
2016-10-15;3,7;6,9;2,8;30,4;26;21,6;76,5;3,94404;
2016-10-16;5,9;9,3;0;31;26,94;22,8;67;2,5722;
2016-10-17;5,6;9,8;0;31;27,22;23;67,75;1,37184;
2016-10-18;5,5;6,9;0;31;26,66;22,4;71,25;,8574;
2016-10-19;3,6;7,3;,9;30,6;26,48;21,4;72,75;1,88628;
2016-10-20;4,8;9,5;0;31,5;27,08;23,7;73;2,22924;
2016-10-21;5;4,4;0;32,2;27,42;23;68,75;1,88628;
2016-10-22;4;6,1;0;32;27,04;23,8;70,75;2,5722;
2016-10-23;4,1;7,5;,8;31;26,84;22,6;73,25;2,5722;
2016-10-24;4,4;9,2;0;31,4;27,24;23,6;69,25;2,40072;
2016-10-25;4,7;8,6;,4;31,4;26,86;23;74,75;1,7148;
2016-10-26;4,4;8,8;,8;31,2;26,86;23,2;70;1,7148;
2016-10-27;7,5;9,8;0;31,4;27,04;23,2;67;1,88628;
2016-10-28;5,3;10;0;31,7;26,78;20,6;66,5;2,74368;
2016-10-29;4,5;7,7;0;32;26,6;21;72,25;2,40072;
2016-10-30;4,6;6,9;1;30,7;26,74;22,2;70;3,60108;
2016-10-31;6,1;7,3;,4;31,5;27,4;24,7;69,5;2,5722;
2016-11-01;5,9;8;0;31,2;27,46;24,6;69;1,88628;
2016-11-02;5,5;3,3;1;30,3;26,7;23,2;78,25;4,287;
2016-11-03;4,5;5,1;,8;31,2;26,82;22;71,5;2,74368;
2016-11-04;7,3;9,7;0;31,5;27,68;24,5;67;2,5722;
2016-11-05;7,2;9,7;0;31,6;27,38;24,2;70;2,91516;
2016-11-06;6;3,2;3;29,8;25,3;21,8;83;2,22924;
2016-11-07;5;7,9;0;31,4;27,14;22,6;71;2,5722;
2016-11-08;5,7;4,6;1,2;31,6;27,12;22,6;72,5;2,05776;
2016-11-09;6;6,1;0;32;28,12;25;69,25;1,7148;
2016-11-10;5,3;4,6;,5;31,9;27,32;22,4;67,5;2,05776;
2016-11-11;4;9,9;,8;32,4;27,62;23,7;67,5;2,05776;
2016-11-12;5,5;8,6;0;32,2;27,68;24,2;69,5;2,22924;
2016-11-13;6,8;10,4;0;32,3;27,54;23,4;68,25;2,05776;
2016-11-14;4,7;8,2;0;32,2;27,02;22;70;1,7148;
2016-11-15;3,9;5,2;5,8;32,4;26,98;23;77;1,54332;
2016-11-16;3,3;7,1;0;32,7;27,82;23,2;71,5;1,7148;
2016-11-17;4,5;8,4;,4;32,6;27,6;24,4;71,5;2,22924;
2016-11-18;4;9,8;1,6;31,6;27,78;24;65,75;2,31498;
2016-11-19;4,8;8,1;0;33;27,54;21,4;66,75;2,22924;
2016-11-20;3,7;7,6;0;32,5;27,66;22,1;68,5;1,7148;
2016-11-21;4,8;10,2;0;32,3;27,8;22,2;66,5;2,22924;
2016-11-22;4,7;9,4;0;32,4;27,74;23,8;67,75;1,88628;
2016-11-23;4,5;7,1;0;32,4;27,72;23;68,25;2,40072;
2016-11-24;5;10,4;0;32,4;27,8;24;68,5;1,88628;
2016-11-25;4,5;9,6;0;32,6;27;20,4;69,25;1,88628;
2016-11-26;5,2;10;0;32;27,1;20,8;66;2,5722;
2016-11-27;4,9;8,5;1,8;32;26,82;21,8;71,25;2,05776;
2016-11-28;5;6,9;,4;32;26,8;22;73,5;1,88628;
2016-11-29;4,6;10;0;32,2;27,74;24,1;70,25;2,22924;
2016-11-30;6,9;10,2;0;33,2;28,06;23,4;69;2,40072;
2016-12-01;5,2;9,7;0;33,2;28,16;24;66,5;2,22924;
2016-12-02;5,3;8,5;0;32,6;27,54;21,5;67,75;2,91516;
2016-12-03;5,5;9,5;0;32;26,82;24;71;1,54332;
2016-12-04;4,6;8,9;0;32,2;27,02;21;70;2,40072;
2016-12-05;4,4;10;0;33;28,34;22,8;68;2,05776;
2016-12-06;3,6;9,1;0;33,6;27,96;21,1;67,75;2,40072;
2016-12-07;4,8;9;0;32,9;28;22;67,5;1,7148;
2016-12-08;4,6;10,1;0;33,4;27,98;21;65,75;2,05776;
2016-12-09;4;10,4;0;33,2;27,7;22;65,75;1,7148;
2016-12-10;5;9,4;0;33,1;27,82;21,4;67;1,88628;
2016-12-11;4,5;10;0;33,4;27,94;21,8;65,5;2,5722;
2016-12-12;5,1;9,8;0;33,2;28,14;22,4;65,25;3,08664;
2016-12-13;5,4;10;0;32,4;28,02;23,6;63,25;2,05776;
2016-12-14;4,2;9,5;,2;33,3;27,58;20,2;67,75;2,05776;
2016-12-15;5,6;4,8;2;31,3;27,68;24,8;74;2,05776;
2016-12-16;4,4;1,4;7,8;30,8;26,86;22,8;77,5;1,88628;
2016-12-17;3,8;2,4;2;31;26,26;21,2;80,5;1,88628;
2016-12-18;3;5,1;17,6;30,7;27,06;23;72,5;2,74368;
2016-12-19;5,2;2,4;,4;30,9;27,68;24,2;71,75;1,88628;
2016-12-20;4,5;5,6;0;31,8;26,22;22;78,5;1,02888;
2016-12-21;3,5;2,3;9,2;31,4;26,74;20,6;72;2,05776;
2016-12-22;4,5;6;,6;31,1;27,66;24,6;73,75;3,08664;
2016-12-23;3,9;8,3;1,6;31;26,9;23,5;77,5;2,22924;
2016-12-24;3,1;6,7;14,4;31,3;26,18;22;75;1,20036;
2016-12-25;5,5;7,1;0;31,7;27,58;22,6;72,25;2,40072;
2016-12-26;3,7;8,8;0;31,4;27,78;24,5;74,75;2,22924;
2016-12-27;5;7,5;0;31,3;28,32;25,4;69;2,5722;
2016-12-28;4,3;1,6;1,8;29,3;26,74;24,8;80,5;2,22924;
2016-12-29;3,8;9;5,2;30,8;27,04;24,2;71,25;1,7148;
2016-12-30;2,7;9,7;5,2;30,7;27,04;22,5;66;2,40072;
2016-12-31;3,8;5,9;0;30,7;26,86;23,2;69,75;2,05776;
2017-01-01;3,8;8,5;,8;30,8;27,04;24,2;71;2,40072;
2017-01-02;2,8;9,6;0;32;27,52;23,5;67,5;2,22924;
2017-01-03;4,7;8;0;31,6;27,48;23;69;2,5722;
2017-01-04;5,2;6,5;0;31;28,02;25,8;69,5;1,88628;
2017-01-05;4,5;4,6;,2;30,6;27,22;23;71,5;2,22924;
2017-01-06;4,4;6,5;0;31,4;27,02;22,6;69,5;1,88628;
2017-01-07;7,8;6,8;3,8;31,1;26,38;21,2;70,25;2,05776;
2017-01-08;4,2;8,4;,2;31,6;26,44;22,2;72;1,7148;
2017-01-09;5,6;5,8;2,5;31;26,9;23;75,75;1,02888;
2017-01-10;3,7;7,3;2;29,8;27,18;24;71,25;1,20036;
2017-01-11;4,4;8,3;0;32,3;27,32;21,9;68;2,40072;
2017-01-12;3,4;9,2;1,7;32,4;27,34;22,2;70;1,54332;
2017-01-13;4,1;6,6;0;31,2;27,26;22,8;70;1,88628;
2017-01-14;4;10;1;32,6;27,74;22,4;66,25;2,22924;
2017-01-15;4,5;4,5;2,6;31,4;27,04;23;70;1,54332;
2017-01-16;4,5;7,1;0;31,8;27,28;23,2;67,5;2,22924;
2017-01-17;6,8;5,1;0;33;27,94;24;70,75;1,20036;
2017-01-18;5,2;8,4;0;32,4;28,38;25;65;2,22924;
2017-01-19;6,1;8;0;32;27,36;23,2;68;2,74368;
2017-01-20;5,7;8,8;1;32,4;27,1;21;66;1,7148;
2017-01-21;6;8,8;0;32,6;28,16;24,1;65,25;2,91516;
2017-01-22;5,2;2,5;,6;31,1;27,34;24;73;2,05776;
2017-01-23;4,8;9,6;1,2;32,8;28,22;23,5;69,75;2,40072;
2017-01-24;4,8;9,8;0;32,6;28,12;24;67,5;2,74368;
2017-01-25;5,2;10,5;0;33;28,34;24,6;64;2,05776;
2017-01-26;null;10,2;null;32,8;null;26;69;2,05776;
2017-01-27;null;9,2;8;32,2;27,9;24,1;70;1,37184;
2017-01-28;4,6;8,9;0;32,4;27,9;22,8;68,5;2,5722;
2017-01-29;4;7,7;0;31,8;27,66;23,1;68,75;2,40072;
2017-01-30;3,5;8,6;1,5;31,8;27,78;23,8;70,5;2,05776;
2017-01-31;3,7;2,9;1,6;32,3;27,98;24;68,5;1,88628;
2017-02-01;4,6;8,1;,2;32,7;28,1;23,6;70,5;2,5722;
2017-02-02;4,8;9,1;,4;33;28,38;24,2;68,5;1,88628;
2017-02-03;6,1;10,2;0;33;28,34;24,6;68;1,54332;
2017-02-04;4,7;9,4;0;32,6;27,84;22,6;65,75;2,22924;
2017-02-05;5;10,3;0;32,7;28,44;24;66,5;1,7148;
2017-02-06;4,8;9,9;0;33;28,42;25;66,5;1,37184;
2017-02-07;5,2;9,9;0;33,2;28,08;22,6;63,5;1,37184;
2017-02-08;6,9;9,7;0;33,8;28,28;24;63,5;1,54332;
2017-02-09;4,8;8,5;0;33,1;28,58;24;71;1,54332;
2017-02-10;6;5,1;0;33,2;28,86;25;67,75;1,7148;
2017-02-11;4,5;2,2;1,4;30,2;27,7;24;64,25;1,54332;
2017-02-12;5,5;8,9;,2;32;27,28;22;65,25;1,88628;
2017-02-13;4,2;5,1;0;31,9;27,82;22;65,5;2,40072;
2017-02-14;4,8;2,8;0;31,4;28,42;26;70;1,54332;
2017-02-15;7;8,9;,2;32,4;28,22;24,8;67,25;3,4296;
2017-02-16;6;9,7;,2;32,6;27,92;22,8;64;2,5722;
2017-02-17;6;5,1;0;31,3;27,3;22,8;72,5;2,22924;
2017-02-18;4;0;5,2;31,1;27,18;23;70,5;1,7148;
2017-02-19;4;4,3;,6;32,7;27,5;23,6;73,5;2,40072;
2017-02-20;3,6;8,8;,6;33,2;28,26;24;67,5;2,05776;
2017-02-21;4,4;7,3;4,6;32,2;27,66;22,5;71,25;2,40072;
2017-02-22;7,9;9,2;3,6;33,2;27,9;23;67,25;2,40072;
2017-02-23;2,1;9,2;,6;32,8;27,58;22;68;1,54332;
2017-02-24;4,5;9,6;2,3;33;28,32;23,8;66,75;2,05776;
2017-02-25;4,2;8,8;0;33;27,82;22,5;68,5;1,7148;
2017-02-26;5,3;8,6;1;32,9;27,82;22,7;71,5;2,05776;
2017-02-27;3;9,1;0;33,4;28,76;24,5;63;1,37184;
2017-02-28;4,6;8,3;0;32,7;28,2;25,6;69,5;2,40072;
2017-03-01;3,4;3,6;12,4;32,1;27,48;23,3;82;1,02888;
2017-03-02;2,8;1,7;11;31,4;27,58;23,6;69,75;,8574;
2017-03-03;4,7;9;0;32,2;27,62;22;70,75;2,22924;
2017-03-04;3,5;,1;37,6;29,2;25,66;23;84;1,54332;
2017-03-05;1;4,1;12,4;31;25,86;23;84,25;1,37184;
2017-03-06;2,6;4;1,4;32;27,42;22;72;1,37184;
2017-03-07;3;7,9;0;31,9;28;23,5;73,5;1,7148;
2017-03-08;2,6;9,8;1;31,2;27,4;23,6;76,75;2;
2017-03-09;2,8;5,3;8,2;31,4;26,94;24;76,75;2,233333;
2017-03-10;1,6;4,7;7,6;30,6;27,72;24,2;70,25;1,733333;
2017-03-11;3;9;1,2;31,4;27,52;24;76,5;2,033333;
2017-03-12;1,9;1,8;26,6;29,4;26,32;23,4;83,5;1;
2017-03-13;1,1;4,3;6,6;29,8;26,34;22,8;81,5;1,566667;
2017-03-14;2;2,5;,6;30;27,46;23;75,25;,566667;
2017-03-15;1,6;7,9;0;30,6;27,1;22,6;77,25;1,6;
2017-03-16;2,2;8,2;0;31,1;27,56;23,6;79,75;1,666667;
2017-03-17;1,7;7,4;,8;31,8;27,98;24,2;69,75;1,733333;
2017-03-18;1,1;7,5;0;32,2;28,18;24;67,25;2;
2017-03-19;2,9;8,9;4;31,6;27,26;23,1;69,25;2,666667;
2017-03-20;2,2;8;0;31,8;27,7;24;70;1,933333;
2017-03-21;5;9,9;0;32;28,1;24,4;73;1,7;
2017-03-22;6;5;0;32,3;28,08;23,8;67,75;1,433333;
2017-03-23;2,7;7,8;,4;31,4;27,74;24;69,25;2,333333;
2017-03-24;2,5;9,7;2,2;31,9;27,46;23,2;73,25;1,7;
2017-03-25;2,6;9,8;0;32,2;27,2;21,1;69,5;2,133333;
2017-03-26;4,2;9,1;17;32,1;27,3;21;69;1,666667;
2017-03-27;1,6;8,8;0;32,6;27,92;23,6;74,5;1,5;
2017-03-28;2,5;9,3;0;32,9;29,22;24;72,25;1,366667;
2017-03-29;2,9;8,8;0;32,6;28,32;24,4;73,75;1,066667;
2017-03-30;2,4;6,2;,6;31,8;28,28;24,2;76,5;2,066667;
2017-03-31;1,9;6,3;4,6;32;28,3;25,4;75,25;2,466667;
2017-04-01;2,3;8,3;0;31,8;27,96;24;71,25;2,233333;
2017-04-02;2,5;0;24,1;27,7;25,44;23,8;92,5;,266667;
2017-04-03;1,3;7;39,2;31;27,06;24;85,25;2;
2017-04-04;2,1;9,9;,4;31,4;26,7;22,6;86;2,1;
2017-04-05;3,1;5,9;5;30,7;26,48;23,1;81,5;1,6;
2017-04-06;1,1;6,8;4,9;30,9;26,54;22,1;75,75;1,1;
2017-04-07;2;8,3;11,4;31,2;26,34;22,8;78;1,766667;
2017-04-08;2;9,1;0;31,7;27,32;22,6;76,5;2,066667;
2017-04-09;2,1;9,1;,2;31,5;27,44;23,7;77;1,633333;
2017-04-10;1,9;5,3;4,8;30,8;27,08;23,4;85;1,566667;
2017-04-11;1,5;,2;5,2;28,7;25,66;23;95,25;0;
2017-04-12;1;5,5;11,4;30,2;26,62;23,2;87,25;1;
2017-04-13;2,4;,2;61,6;27,8;24,92;23,6;92;0;
2017-04-14;3;9,1;11,4;31,8;26,24;23,2;84,75;1,833333;
2017-04-15;1,5;9,6;12,2;31,3;27,44;23,9;75,5;2,766667;
2017-04-16;2;7,3;0;31,2;27,84;24;73,5;1,266667;
2017-04-17;1,3;4,6;41,4;30,1;27,02;23,8;80,75;1,133333;
2017-04-18;1,4;9,7;0;31;26,84;21,5;78,75;,933333;
2017-04-19;1,7;6,2;1,2;31,4;26,02;22;86,5;1,233333;
2017-04-20;2,1;7,9;0;31,2;26,26;21,4;78,75;1,233333;
2017-04-21;2,4;9,8;0;32;27,1;21,5;77,75;1,4;
2017-04-22;1,8;8,3;0;31,7;26,78;21,6;72;1,4;
2017-04-23;2,7;6,4;28,8;31,2;25,58;21;84;1;
2017-04-24;2,5;9,5;1,2;31,4;26,9;22;76;1,333333;
2017-04-25;2,6;9,1;0;30,3;26,7;23,6;77,25;1,766667;
2017-04-26;2,8;8,3;0;30,6;26,5;22;74,25;1;
2017-04-27;2,6;8,5;0;31,8;27,14;22;73,75;1,433333;
2017-04-28;2,5;5,2;2,6;31,2;27,36;23,6;79,5;1,866667;
2017-04-29;2;8,4;,2;31,3;26,44;22,3;82,75;2,133333;
2017-04-30;2,1;4,9;22,7;30,5;26,36;22,4;74,25;1,7;
2017-05-01;2,2;5,5;4,4;30;25,5;22,8;80,25;2;
2017-05-02;3;0;,6;28,9;24,24;20,6;93,25;1,333333;
2017-05-03;,6;4,2;60;28,8;25,06;21;88,25;,9;
2017-05-04;1,5;6,5;1,4;29,1;25,6;20,8;82,5;1,7;
2017-05-05;2,9;7,8;,2;30,8;26,38;21,6;73,25;1,7;
2017-05-06;1,7;,4;8,4;29,6;24,78;22;94,5;,4;
2017-05-07;,9;4,5;19,7;29,7;25,64;22,6;87,5;1;
2017-05-08;1,4;0;8,1;26,8;24,72;23;93,5;1,2;
2017-05-09;,6;,8;17,1;29,5;24,32;18,6;93,25;,566667;
2017-05-10;,6;4,4;6,2;30;26,42;23;78,75;,833333;
2017-05-11;1,3;4,6;3;29,8;26,14;22,6;87,25;,833333;
2017-05-12;1,3;9,4;0;30;26,1;23,4;77;1,466667;
2017-05-13;4,2;9,5;0;30,8;26,18;20,7;70,5;1,766667;
2017-05-14;3,3;9,6;0;31;26,4;21,6;77,5;1,4;
2017-05-15;2;7,6;0;31;27,42;22,4;78,25;,566667;
2017-05-16;2,2;9,6;0;33,2;27,24;22,3;77;1,4;
2017-05-17;2,1;8,5;0;32,2;27,04;22,2;74;,833333;
2017-05-18;2,5;8,2;0;31,6;27,62;23,4;74,75;1,3;
2017-05-19;2,6;7,8;,6;31,4;27,3;23;76,5;1,833333;
2017-05-20;2;7;16;29,8;26,46;23,7;81,75;1,566667;
2017-05-21;1,6;9;5,4;30,9;26,92;23,2;73,5;1,433333;
2017-05-22;2;6,9;15,6;31,6;26,7;23,6;77;1,133333;
2017-05-23;2;8,7;0;32,1;26,46;21,6;81;1,233333;
2017-05-24;2,9;5,7;4,6;30;25,72;22,8;88,25;1,566667;
2017-05-25;,6;,8;29,4;28,9;24,08;20,2;92,75;,433333;
2017-05-26;1,3;1,3;1;28,7;24,52;21;90;,666667;
2017-05-27;3,4;5,5;0;30;26,08;22,4;85,75;,566667;
2017-05-28;1,7;,2;49,6;28,1;25,38;23,8;92;3,266667;
2017-05-29;3;0;72,9;26,7;23,64;19,8;89,25;2,333333;
2017-05-30;,5;,7;2,2;28;24,74;22,2;85,75;1,333333;
2017-05-31;,8;0;73;27,2;24,74;23;96;,6;
2017-06-01;,3;4;33,9;28,3;25,2;22,3;90;1,566667;
2017-06-02;,9;1,5;7;29,4;25,2;22,1;90,25;0;
2017-06-03;,7;7,2;2,6;28,7;25,2;22,8;87,25;1,6;
2017-06-04;1;1,2;12,9;29;25,38;22,5;83,75;1,833333;
2017-06-05;2,4;2,5;3,6;29,6;25,26;21,8;86;1,466667;
2017-06-06;1,4;7;49,4;31,8;26,5;22;82,5;1,566667;
2017-06-07;2;5,8;1;29,8;26,02;23;78,75;1,3;
2017-06-08;2;4,5;6,7;30,6;26,42;22,4;81;1,666667;
2017-06-09;1,7;6,2;6,3;30,3;25,58;22,8;86,25;1,9;
2017-06-10;1,5;4,3;28,4;29,4;25,08;22,5;89,25;,566667;
2017-06-11;1,2;7,1;6,1;29,1;24,84;21,4;84,25;,833333;
2017-06-12;1,2;8,9;2,1;29,7;25,14;20,6;82,5;2,266667;
2017-06-13;2,1;6,9;19,2;29,9;26,44;22,6;78;2,566667;
2017-06-14;2,6;2,9;7,7;29,1;24,12;21;87,5;1,4;
2017-06-15;1,9;0;15,4;24,5;23,36;21,6;93,5;1,233333;
2017-06-16;,9;4,9;47,3;29,2;24,52;20,8;88,25;1,166667;
2017-06-17;1,8;5,2;,6;29,1;25,02;21;85;1,133333;
2017-06-18;1,6;4;11;30;25,46;22;85,75;2,233333;
2017-06-19;1,2;5,8;10,2;29,7;25,2;21;83,5;1,733333;
2017-06-20;2;5;3,5;29,1;25,02;21,6;90,25;1,566667;
2017-06-21;2;6,6;14,4;29,4;24,8;22;85,25;2,166667;
2017-06-22;2,2;8,5;5,4;29,1;24,44;21,2;83,75;1,766667;
2017-06-23;2,8;6;5,4;29,3;25,4;22,8;85,25;1,866667;
2017-06-24;1,6;0;49,2;26,3;24;21,5;94,25;,9;
2017-06-25;,4;1,1;31,6;31,7;25,1;21,5;86,75;2,1;
2017-06-26;2;3,6;6,6;28,1;24,44;21,2;84,5;1,233333;
2017-06-27;3;4;0;28,9;25,32;22,2;79,5;2,766667;
2017-06-28;1,4;0;21,2;25,2;23,4;21,8;95,25;1,5;
2017-06-29;1,2;0;40,4;26,4;24,24;22,3;95,5;1,133333;
2017-06-30;,6;2,9;40,7;28,7;24,92;22,6;91;1,1;
2017-07-01;,6;,5;23,3;28,9;24,12;22;92,75;,533333;
2017-07-02;,9;4,5;14,6;29,1;24,22;21;88,25;1,633333;
2017-07-03;1,7;2,6;7;28,8;23,1;20,7;90;1,966667;
2017-07-04;1,2;4,6;10,3;29;24,54;20,9;84;4,5;
2017-07-05;1,6;,4;20,2;26,9;23,56;20,6;89,75;1,966667;
2017-07-06;1,1;,1;29,4;26,3;23,12;21,1;91,25;1,133333;
2017-07-07;,7;,2;11,8;27,2;24,2;21,2;89,5;1,966667;
2017-07-08;1;7,5;14,2;27,9;23,68;20,8;85;2,066667;
2017-07-09;2,4;0;14,2;26,7;23,18;20,8;93,5;1,6;
2017-07-10;1,1;0;20,7;27,5;25,02;21,4;79,25;2,233333;
2017-07-11;3;1,6;,8;28,5;24,88;22,6;85,25;1,9;
2017-07-12;3;4,7;3,4;27,9;24,36;21,6;81,25;2,766667;
2017-07-13;2,5;3,9;,2;27,9;23,8;19,4;86,5;2,9;
2017-07-14;1,9;8,2;5,8;27,9;23,64;19,4;82,75;1,9;
2017-07-15;2,4;5,4;3,4;28,1;24,68;20,6;73,75;2,766667;
2017-07-16;3,7;2,2;2;27,1;23,28;21,6;91;1,133333;
2017-07-17;1,7;2,6;7,5;27,9;23,16;20,6;85,25;2,333333;
2017-07-18;1,7;3,5;1,8;27,1;23,26;19,8;82,5;1,4;
2017-07-19;1,7;,7;1;26,1;23,2;20,8;91,25;1,3;
2017-07-20;,9;,1;26,3;26,8;23,74;20,8;96;1,766667;
2017-07-21;,3;,7;81,6;28,7;24,04;21,4;93,25;,833333;
2017-07-22;,8;3,9;42,1;27,6;23,74;21,3;87,25;1,433333;
2017-07-23;1;4,2;10,7;28,1;23,88;21;84,75;,766667;
2017-07-24;1,6;8,4;8,5;28,4;24,3;21;80,75;1,4;
2017-07-25;3,1;7,3;16,8;27,6;23,92;20,8;86;2,9;
2017-07-26;2,5;6,3;2,3;28,3;24,06;21;81,25;2,3;
2017-07-27;2,7;1,1;11,2;28,2;23,86;21;94,25;2,5;
2017-07-28;1,3;0;65;25,5;22,82;20,6;87,25;2,033333;
2017-07-29;1,3;3,3;20,5;27,5;23,1;20,8;87,5;2,6;
2017-07-30;2;3,5;10,1;27,1;23,84;21,2;84,25;2,366667;
2017-07-31;2,1;4;3,8;27,5;23,2;21;86,5;1,433333;
2017-08-01;1,5;1,2;7,8;25,9;23,2;19,8;92,25;,766667;
2017-08-02;,5;1,4;15,3;27,1;23,32;20,6;93,25;,833333;
2017-08-03;1,2;8,4;7,2;28;24,12;19,4;81;1,833333;
2017-08-04;2;9,2;0;29,4;23,98;19;84,5;1,1;
2017-08-05;2,8;8,9;0;29,5;23,72;19,8;84;,933333;
2017-08-06;3,4;9,2;0;28;23,76;19,6;83,75;1,4;
2017-08-07;2;3,9;5,6;27,6;23,04;20,6;85,75;,833333;
2017-08-08;3,2;9,1;,4;28,7;23,92;18,6;81,75;1,566667;
2017-08-09;2,9;8,8;1,4;29,7;25,28;20,4;78,75;1,1;
2017-08-10;3,1;9,4;0;28,1;24,32;20,6;80,25;1,733333;
2017-08-11;2,7;9,3;0;28,6;24,32;19,4;78;1,566667;
2017-08-12;3,5;9,1;0;29,4;24,42;19,8;73,5;2,666667;
2017-08-13;3,2;5,6;1,4;28,9;24,28;20,6;85;1,5;
2017-08-14;2,5;5,6;2,3;28,4;23,48;20,4;80,75;1,5;
2017-08-15;2,9;9,2;0;29,1;23,44;18,1;79,75;1,4;
2017-08-16;3,3;7,5;0;29;23,94;19,4;79,75;1;
2017-08-17;2,3;1,2;0;27,6;23,34;19,8;86,25;1;
2017-08-18;1,3;2,3;9,8;28,4;23,98;21,6;88,25;1,266667;
2017-08-19;1,3;,2;21,7;27,4;23,32;21;87,25;,833333;
2017-08-20;1,8;7,3;1,8;29,1;24,56;20,8;81,75;2,066667;
2017-08-21;3;9,4;0;29,2;25,18;20,6;78,75;1,5;
2017-08-22;2,6;3,8;3;28,1;23,66;21;85,25;1,933333;
2017-08-23;1,6;5;8,8;28,7;24,24;20,7;83,75;1,466667;
2017-08-24;3;4,5;1,2;28,5;24,8;20,2;80,5;2,833333;
2017-08-25;3,1;3,7;,8;29;25,12;22,2;77,75;3,233333;
2017-08-26;2,4;,6;11,2;27,3;23,88;21,3;86,5;,833333;
2017-08-27;1,1;2,9;10;27,2;23,8;20,4;85;1,4;
2017-08-28;null;1,9;2,4;28;null;22,5;null;1,7;
2017-08-29;null;7,2;0;28;24,28;17,8;79,5;2,033333;
2017-08-30;3,2;5,8;0;29,6;25,28;20,6;72,25;2,5;
2017-08-31;3;3;0;28,2;24,52;19,6;76,75;2,266667;
2017-09-01;3,2;8,6;0;29,2;24,74;20,2;73,25;2,333333;
2017-09-02;2,8;7,5;,4;28,1;23,68;19,5;80,25;2,233333;
2017-09-03;2;4,6;7;27,6;23,88;19,4;79,5;3,5;
2017-09-04;2,6;9;2;28,8;25,06;20,4;68,5;1,966667;
2017-09-05;4;6,9;0;29,2;25,1;20,2;75,25;1,866667;
2017-09-06;2,4;6,3;3,2;29,4;25,5;21,4;78,5;2,066667;
2017-09-07;2,4;5,3;1,4;28,6;25,6;22;77,5;3,1;
2017-09-08;1,9;7,1;5,6;28,6;24,52;21,9;84,5;1,933333;
2017-09-09;2,2;4,9;5,4;28,1;24,14;20,4;84,75;2,6;
2017-09-10;2;3,8;3,1;28,2;25,1;22;74,75;3,1;
2017-09-11;3,3;4,6;,6;28,3;24,42;21,4;82,75;3,1;
2017-09-12;3,6;8,6;6;29;24,66;21,4;84,5;2,366667;
2017-09-13;3,4;7;7;28,9;24,8;21,4;93;3,1;
2017-09-14;3;6;3,5;28,1;25;21,2;83,5;2,7;
2017-09-15;3,8;8,1;2;28,5;25,34;20,6;81,75;2,633333;
2017-09-16;2,8;8,1;5,8;27,5;24,28;21,4;82,75;2,533333;
2017-09-17;1,7;4,1;3,6;28,2;24,44;19,8;80,25;1,566667;
2017-09-18;2,7;9;4,6;29;24,98;21,4;74,25;2,3;
2017-09-19;4,8;5,4;1,2;27,7;24,4;21,7;78;2,166667;
2017-09-20;3,5;7,5;10,3;28,4;24,14;21,4;81,25;1,933333;
2017-09-21;3,5;7,2;3,4;29,1;25,08;21,4;74;2,4;
2017-09-22;3,8;4,2;0;29,2;25,5;22,6;76,75;2,6;
2017-09-23;4,2;5;0;28,2;25,32;23,2;70,25;3,566667;
2017-09-24;3,3;3,2;1,8;27,9;24;18,6;82,25;2,9;
2017-09-25;3,3;7,5;,4;29,6;25,66;21,6;70;2,666667;
2017-09-26;4,2;3,5;1;28,9;24,96;19,8;80,5;1,633333;
2017-09-27;3,5;3,4;,6;29,2;25,48;23;81,25;2,766667;
2017-09-28;3,7;3,1;1,8;29,3;25,16;22;79,75;2,233333;
2017-09-29;2,3;9,3;2,4;29,7;26,34;23,8;72,25;2,4;
2017-09-30;3,5;4;0;29,6;25,96;22,8;73,75;2,5;
2017-10-01;3,8;8,1;,2;29,6;25,04;20,8;75;2,433333;
2017-10-02;3,9;7,6;0;29,8;26,18;21,7;73,75;2,666667;
2017-10-03;null;null;0;30,6;null;23,6;null;,85;
2017-10-04;null;8,7;,6;30,2;26,54;23,2;73,5;2,933333;
2017-10-05;4;3,4;5;29,7;25,24;20,2;76,25;2,266667;
2017-10-06;3,6;5,1;1,6;29,3;25,3;21,6;75,75;3,366667;
2017-10-07;3,4;8,8;,6;30;25,92;21,4;69;2,5;
2017-10-08;4,8;1,7;1,6;28,1;24,74;23;80,25;2,1;
2017-10-09;2,6;9,7;8;29,4;25,04;20,4;73;1,733333;
2017-10-10;2,9;4;1,2;28,7;24,38;21;85,5;2,166667;
2017-10-11;2,7;1;1,6;29;25,3;22,2;76,25;2,766667;
2017-10-12;3;8,1;,6;29,8;25,58;21,4;74,5;2,4;
2017-10-13;3,5;9,1;0;30,4;26,12;21,8;65,25;2,766667;
2017-10-14;3,8;7,8;,2;30,3;26,06;22;75,25;2,166667;
2017-10-15;3,2;3,3;0;29,3;25,68;20,8;73;1,8;
2017-10-16;3,1;,8;2;29,1;25,4;21,8;77,75;1,966667;
2017-10-17;2,8;4,8;7,9;30,3;25,94;21,6;74;2,033333;
2017-10-18;3,4;3,6;3,2;30,1;25,54;21,6;78;2,6;
2017-10-19;4,6;5,1;1,4;30;26,22;22,6;75,5;2,833333;
2017-10-20;1,8;1,3;8;29,6;25,86;22;81;2,3;
2017-10-21;4,4;,6;2;29,4;25,8;22,7;76,25;1,566667;
2017-10-22;4,5;6,1;1,6;29,9;26,06;22,8;70,25;2,333333;
2017-10-23;4,1;,7;2;28,9;24,56;21,4;90,25;1,466667;
2017-10-24;2,6;1,7;9,2;29,4;25,18;22;82,5;2,466667;
2017-10-25;3,4;7,5;1;29,9;25,82;22,6;80;2,233333;
2017-10-26;4,4;7,2;2,7;30,2;25,92;22,8;83,5;2,8;
2017-10-27;3,6;6,7;,9;30;26,54;22,6;78,75;2,866667;
2017-10-28;3,9;3,6;0;29,9;26,58;24;71,25;2,4;
2017-10-29;4;8,9;0;31;26,84;24,2;75,5;1,8;
2017-10-30;4,1;9,8;0;31,3;26,9;23;71,25;2,666667;
2017-10-31;3,2;8,8;0;32,5;27,52;24;74,25;2,4;
2017-11-01;3,9;9,4;0;32;26,82;21;75,75;1,566667;
2017-11-02;5,8;7,5;0;30;27,06;24;75,25;2,3;
2017-11-03;5,4;9,5;0;31,8;27,3;23,8;72,75;2,433333;
2017-11-04;6,1;9,4;0;31;27,36;24,4;71;2,9;
2017-11-05;6,1;9,7;0;30,8;26,46;23,4;70,75;1,966667;
2017-11-06;4,5;8,8;0;31,9;26,44;20,8;71;2,466667;
2017-11-07;4,5;8,1;0;31,4;26,94;21,8;71,25;2,066667;
2017-11-08;4;7,7;1;31,8;26,92;22,8;71,5;2,5;
2017-11-09;4,2;3,1;,2;31;26,1;20,8;74,75;1,133333;
2017-11-10;4;9,9;0;32,2;27,24;22,4;66,5;2,266667;
2017-11-11;4,3;9,9;1,2;32,5;26,96;21,2;69,25;1,466667;
2017-11-12;5;7,7;0;31,2;26,32;20,6;69,25;2,233333;
2017-11-13;4,8;9,9;0;32,3;27,4;23,4;70,25;2,633333;
2017-11-14;5,7;10,2;0;32;27,6;22,9;68,75;2,033333;
2017-11-15;4,3;7,2;2,4;31;26,04;19,5;73,5;2,866667;
2017-11-16;4,4;8,5;1,6;30,5;26,48;21,7;70,5;3,166667;
2017-11-17;4,9;4,7;3,4;30,9;26,36;22,6;74,5;2,066667;
2017-11-18;3,9;5,1;,8;31,1;27;22,8;71;2,4;
2017-11-19;3,2;9,8;0;32;26,76;20,9;73,25;2,933333;
2017-11-20;4,8;10,3;0;32;27,16;22,4;66,5;2,2;
2017-11-21;4,3;7,4;0;32;26,74;21;73;2,333333;
2017-11-22;3,9;10;0;32,8;28,02;23,2;68;2,533333;
2017-11-23;2,3;5,1;0;31,9;27,16;21,7;75,75;1,933333;
2017-11-24;4;9,1;0;32,2;27,74;24;69;2,066667;
2017-11-25;4,9;9,6;4;32,1;27,56;23,9;69;2,133333;
2017-11-26;6,4;10,6;0;31,4;26,96;23,8;68,25;2,8;
2017-11-27;3,1;9,3;0;31,2;26,22;20,2;71,75;2,466667;
2017-11-28;6;8,5;0;32,4;26,96;20,6;69,5;2,1;
2017-11-29;4,8;3,8;0;31,9;27,78;24,6;72,5;2,333333;
2017-11-30;4,1;9,1;,2;33;27,26;22;69,75;2,633333;
2017-12-01;5,7;9,2;1,1;33,1;27,84;22,7;71;2,266667;
2017-12-02;4,9;8,3;,8;32;27,2;22;71,75;2,266667;
2017-12-03;5;8,4;0;32,1;27,36;21,5;74,5;2,4;
2017-12-04;4,5;7,6;0;31,9;27,56;24,3;76,25;2,433333;
2017-12-05;3,8;9,9;0;32,5;27,94;22,8;72,75;2,833333;
2017-12-06;5,3;10,1;0;32,5;27,68;22,2;67,75;2,566667;
2017-12-07;3,4;9,4;0;33,4;27,68;21,4;72,75;1,866667;
2017-12-08;3;9,3;0;33,5;27,7;21,8;69,5;1,833333;
2017-12-09;5;9,9;0;33,4;28,2;23,1;63,5;2,8;
2017-12-10;4,5;5,3;0;33,6;27,88;22,8;74,75;3;
2017-12-11;3,9;6,9;0;33,7;28,08;22;71;2,233333;
2017-12-12;4,6;9,6;0;33,2;27,94;22,8;69,75;2;
2017-12-13;4,5;10,2;0;32;27,74;24,4;65,75;2,3;
2017-12-14;5,7;10;0;31,9;26,9;20,2;66,25;1,7;
2017-12-15;5,7;10,2;0;32,7;27,78;23,2;72,75;3,033333;
2017-12-16;2,1;9,2;0;32,9;28,32;24,2;71,25;2,666667;
2017-12-17;3,3;8,8;,6;31;27,8;24,8;70,75;2,466667;
2017-12-18;5,6;8,9;0;33,1;28;24;68,5;2,466667;
2017-12-19;4,8;3,9;0;32,2;26,58;23,3;86,75;1,666667;
2017-12-20;3,4;1,5;10,8;30,2;26,84;23,2;77,5;2,233333;
2017-12-21;3,4;7,4;,6;31,8;26,98;22,8;80;2,633333;
2017-12-22;4,4;6,8;,3;31,2;27,1;23,3;71,5;1,966667;
2017-12-23;3,8;5,5;3,4;30;26,5;23,5;83,75;1,733333;
2017-12-24;2,3;8,7;8,2;30,8;26,52;23;75,75;2,666667;
2017-12-25;4,2;10,3;0;31,2;26,92;22,6;68,75;2,233333;
2017-12-26;5;3;4;30,4;26,5;23;75,5;1,633333;
2017-12-27;3,8;8;,3;31,8;27,36;23;73,5;2,766667;
2017-12-28;5,8;10,5;,2;32,1;27,94;23;66,75;2,5;
2017-12-29;5,3;9,8;0;32;27,92;25;66,75;1,566667;
2017-12-30;4,7;10,6;0;32,6;27,28;22;69,75;2,5;
2017-12-31;5;9,6;0;32;27,48;22,4;69,25;1,1;
2018-01-01;6,4;9,5;0;32,4;27,94;23,2;71;2,666667;
2018-01-02;4,1;9,5;0;31,9;27,44;21,8;70;1,5;
2018-01-03;4,9;9;0;33,3;27,88;21,2;66,25;2,666667;
2018-01-04;4,2;6,6;0;33,8;28,02;22,2;67;2,5;
2018-01-05;5,2;8,9;0;32,9;28,4;24,6;67,75;2,666667;
2018-01-06;4,8;10,4;1;33;27,76;22,4;66,75;2,233333;
2018-01-07;5;9,4;0;32,1;28,68;25,7;64,75;2,133333;
2018-01-08;4,9;9,3;9,6;31,6;26,96;22,6;73;2,733333;
2018-01-09;4,2;6;0;32,1;27,42;21,8;68,25;2,133333;
2018-01-10;3,7;1,8;23,4;30;25,92;22,7;87,25;1,033333;
2018-01-11;2,3;8,6;3,6;32;27,22;21,9;77,75;2,466667;
2018-01-12;3,7;9,9;,2;32;27,32;22,4;72;2,233333;
2018-01-13;4,3;9,6;,2;31,7;27,34;23,2;70,5;2,3;
2018-01-14;4;7;3,2;31,9;27,86;24,4;72,25;3,2;
2018-01-15;3,6;8,1;2,6;30,2;26,78;23;78,25;2,8;
2018-01-16;4,5;10,2;1,2;30;26,8;23,2;72,25;3;
2018-01-17;5;8,7;0;30,4;27,48;23,2;73;2,5;
2018-01-18;4,5;5,9;13,4;30,7;26,92;21,8;81;2,466667;
2018-01-19;3;0;30,4;27,1;24,78;22,5;90,5;1;
2018-01-20;,9;9,5;46,6;30;26,52;22,2;72,25;2,333333;
2018-01-21;3,1;8,5;3;31,2;27,02;21,8;69,75;2;
2018-01-22;3,7;5,4;,8;31;27;21,9;70,5;2,666667;
2018-01-23;3,4;2,9;3,8;31,3;26,82;22;71,25;1,833333;
2018-01-24;2,1;6,4;6,2;30;27,08;22,6;74,75;2,466667;
2018-01-25;2,7;8,6;2,4;30;26,56;22,2;74;1,7;
2018-01-26;2,5;6,8;0;31;27,04;22,4;73,25;2,4;
2018-01-27;3,6;9,7;,6;31,8;27,6;23;69,25;1,633333;
2018-01-28;3,6;3,1;0;31;26,96;22,2;74,75;2,033333;
2018-01-29;3,3;8,1;1,2;31,7;27,46;24;69;1,966667;
2018-01-30;4,1;10,6;,2;32;28,1;23,8;72;1,733333;
2018-01-31;4,2;8,7;0;32;28,34;25,2;72,25;2;
2018-02-01;4,2;7,5;0;31,8;27,66;22,8;74;2,133333;
2018-02-02;3,4;8,3;,2;32,2;27,48;23,2;76;2,066667;
2018-02-03;3,5;9,5;0;32,3;26,94;21,8;74;1,666667;
2018-02-04;3,2;9,1;0;32;27,02;21,4;67,5;1,7;
2018-02-05;3,8;8,5;0;32;27,9;23;74,25;2,8;
2018-02-06;3,6;9,8;0;32,6;28,56;25,4;75;2,666667;
2018-02-07;4;9,6;0;32,8;28,82;25,6;73;2,233333;
2018-02-08;4,2;8,4;0;32,4;28,62;25,2;69,5;1,233333;
2018-02-09;2,7;5,4;20,6;31,8;26,48;23,5;86,25;,666667;
2018-02-10;2,3;3;5,4;30,1;26,92;23,5;75,5;2,5;
2018-02-11;3,1;9,5;,4;32,2;27,18;22,1;68;2,233333;
2018-02-12;3,9;6,1;,6;31,2;26,94;21,9;70,75;1,8;
2018-02-13;2,6;5,7;2,1;31;26,5;22,9;82,25;2,266667;
2018-02-14;1,6;0;13;28;25,24;23;88,5;1,766667;
2018-02-15;1,1;7,8;13,4;30,8;26,72;22;81,25;1,833333;
2018-02-16;3,2;6,9;1,2;30,8;27,34;24,8;74,5;1,733333;
2018-02-17;2;2;4;31;26,7;24;84,25;3,266667;
2018-02-18;1,3;,2;33,6;29,6;26,4;23;87,5;,666667;
2018-02-19;1,2;6,2;12,6;30,7;26,92;23;83,75;1;
2018-02-20;1,5;3,2;6,8;30,6;26,5;23;79,25;,8;
2018-02-21;1,7;9,4;29,2;31,8;27,22;22,4;79,5;2,166667;
2018-02-22;4,5;4,7;0;31,1;27,18;22;78,75;2,133333;
2018-02-23;2,6;8;1;31,6;26,54;22,8;81,5;1,1;
2018-02-24;3;8,4;,3;31,6;26,94;23;72,75;,9;
2018-02-25;2,8;3,4;1,4;31;25,98;22,2;77;1,1;
2018-02-26;2,3;9,8;,2;31,3;26,9;21,2;74,75;2,066667;
2018-02-27;3,2;9,3;0;32,1;27,24;21,8;75;2,6;
2018-02-28;3,6;5,7;,2;31,4;27,14;24,2;77;1,866667;
2018-03-01;1,5;6,7;1;31,4;27,18;22;77;1,833333;
2018-03-02;2,7;8,9;0;32;27,2;21,8;75;2,233333;
2018-03-03;3,9;5,2;0;32,4;27,88;23,2;69,75;1,333333;
2018-03-04;2,2;3,4;,6;30,6;27,24;23,2;75;,266667;
2018-03-05;1,8;8,7;2;32;27,58;22,4;77,5;1,766667;
2018-03-06;2,3;2,4;13,8;31,3;26,36;23,1;88;1,166667;
2018-03-07;1,5;9,5;,2;32,9;27,66;22,4;72,75;2,133333;
2018-03-08;3,1;9,8;0;32,5;27,72;22;70,5;2,2;
2018-03-09;2,8;9,7;0;33,2;27,86;22,8;74;1,4;
2018-03-10;3,2;8,6;0;32,1;27,56;22,9;70,25;1,433333;
2018-03-11;2,9;8,1;0;32,8;27,6;22,8;74;1,933333;
2018-03-12;3,8;9,5;0;33,6;28,26;23;70;2,833333;
2018-03-13;null;8,9;null;32;null;null;null;0;
2018-03-14;null;4;0;33;28,46;24,1;72,5;1,5;
2018-03-15;3,5;9,7;8,2;32;27,24;23,2;77,5;1,8;
2018-03-16;3,2;2;7,3;31,9;26,84;23,2;77;1,2;
2018-03-17;2,8;9,7;0;32;27,02;21,4;69,75;1,666667;
2018-03-18;4,7;7,9;0;32,1;27,18;21,6;71,25;1,766667;
2018-03-19;4,7;9,7;0;32,5;27,52;21,9;71;1,166667;
2018-03-20;4,9;7,5;1,4;32,6;27,7;23,5;73,25;2,733333;
2018-03-21;3,9;7,5;0;31;27,88;24;69,25;1,566667;
2018-03-22;4,2;3,1;0;31,8;28,36;24;72,5;2,166667;
2018-03-23;2,9;9,5;2,6;32,6;27,8;24;73;1,1;
2018-03-24;4,4;3,4;2;32,1;26,18;22,2;82;2,233333;
2018-03-25;3;3,5;23,2;29,1;25,22;21,8;78,25;1,233333;
2018-03-26;,9;1,9;8,3;30,1;25,34;21,8;86,25;1;
2018-03-27;1,7;7,6;0;30,9;25,5;22,4;89,5;1,666667;
2018-03-28;2;4,5;7,8;31,8;26,18;22,8;83,5;,666667;
2018-03-29;1,8;1;14,2;26,5;24,32;21,8;92;1,166667;
2018-03-30;,4;1,2;24;28,8;24,96;22;86,25;1,233333;
2018-03-31;,7;1,6;4;30,2;26;23,2;82,25;1,233333;
2018-04-01;1,5;,7;3,2;28,4;25,8;23;86,75;1,266667;
2018-04-02;,8;7,3;24;31,1;26,76;23;83;1,1;
2018-04-03;1,6;8,9;3,6;31,5;27,22;22,8;77,25;1,633333;
2018-04-04;2,3;9,6;0;31;27,32;23,2;78;1,166667;
2018-04-05;2,5;9,1;1;32;27,9;23,2;75,5;1,5;
2018-04-06;2,3;1,1;5,6;30,6;25,62;23,2;90,75;,266667;
2018-04-07;,3;1,5;81,9;30,8;25,52;23,2;90;,4;
2018-04-08;,8;,1;18;27,5;24,3;23,2;88,75;,566667;
2018-04-09;,8;3,8;0;29,1;25,72;21,8;78;,666667;
2018-04-10;1,6;3,4;1;30,4;26,42;22,4;80,25;1,333333;
2018-04-11;2,3;0;41;25,1;23,46;21,6;94,75;,4;
2018-04-12;,2;6,5;6,2;30;25,14;22,3;91,75;1;
2018-04-13;1;4,8;26,9;30,7;26,46;23;77,5;1,133333;
2018-04-14;1,3;2,6;11,4;29,8;25,32;21,8;91,25;,733333;
2018-04-15;,9;4;12,4;29;25,06;22,7;92,75;1,233333;
2018-04-16;1;1,3;14,4;29,1;25,32;22,5;84,25;1,933333;
2018-04-17;1,3;8;7,2;30,9;26,32;22;80,25;1;
2018-04-18;2;6,4;7,4;29,9;26,16;23;null;1;
2018-04-19;,9;3,3;9,2;29,9;25,68;22,3;88,75;1,566667;
2018-04-20;1,1;5,1;21,3;29,7;26,02;22,6;83,5;,5;
2018-04-21;1,4;6,8;8,6;30;26,2;22;85,25;,933333;
2018-04-22;1,1;,3;48,6;28,2;24,64;22,6;93;,833333;
2018-04-23;,6;5,7;60,1;29,2;25,58;22,7;88,25;1,866667;
2018-04-24;,9;7,1;8,4;30,4;25,72;23,2;90;1,566667;
2018-04-25;1,7;,2;24,8;29,1;25,14;22,8;87,75;,933333;
2018-04-26;1,3;6,9;2;30;25,88;22,6;84;1,666667;
2018-04-27;2;6,3;0;30;26,36;21,8;86,25;1,4;
2018-04-28;1,6;9;1;30,4;26,92;21,6;78,25;1,766667;
2018-04-29;1,4;6;1;30,4;26,6;22,2;80,5;1,233333;
2018-04-30;2,2;0;33,8;26,2;24,36;22,8;96,75;,266667;
2018-05-01;,3;7,7;38,3;30,7;26,44;21,7;80,5;1,433333;
2018-05-02;1,9;7,6;1;30,8;26,5;22,2;82,25;,166667;
2018-05-03;1,7;3,4;12,2;29,9;26,3;23;86,75;1,533333;
2018-05-04;1,7;9,7;7,4;30;25,58;22,4;82,25;2,266667;
2018-05-05;2,3;,7;15,8;29,1;25,02;22,2;89,5;,933333;
2018-05-06;1,5;4,8;38;29,4;25,96;21,9;82,25;1,3;
2018-05-07;1,3;5;,2;29,9;25,24;21,5;82,5;1;
2018-05-08;1,9;7,7;0;30,3;26;21;82,25;1,866667;
2018-05-09;2;0;0;27,9;25,2;22,9;87,75;,7;
2018-05-10;,8;4,6;1,8;29,4;25,64;20,4;80,25;1,833333;
2018-05-11;2;3,9;11,6;29,7;25,02;22,1;89;1,466667;
2018-05-12;1,2;8,5;24,8;30,6;25,98;23,2;87;1,033333;
2018-05-13;1,7;8;1,6;30,4;26,36;22;79;1,833333;
2018-05-14;2,6;5,9;,4;29,4;26,4;21,6;76,25;1,7;
2018-05-15;2,2;6,8;19,6;30,1;25,96;23,1;83,25;2,466667;
2018-05-16;2,2;7,9;5,6;30;26,06;21,6;86,75;2,1;
2018-05-17;1,4;7;21,4;30,3;25,3;21,8;87;1,4;
2018-05-18;2,4;4,6;2,9;30,1;25;22,4;86,5;1,333333;
2018-05-19;2;9,8;,5;30,6;25,26;20,8;81,75;,6;
2018-05-20;2,2;9,7;0;31,3;25,96;20,3;80,75;,833333;
2018-05-21;2,6;7,2;,2;31,3;26,86;22,6;80,25;1,5;
2018-05-22;2,2;8,5;,2;30,3;26,58;21,9;78;1,4;
2018-05-23;2,4;7,9;2;29,1;25,32;21,6;82;1,333333;
2018-05-24;null;8,5;0;30;null;23,5;null;0;
2018-05-25;null;5,6;15,1;29,1;25,88;22,5;79,25;2,333333;
2018-05-26;2,5;8,7;1;30,7;25,18;20,6;75,75;,933333;
2018-05-27;2,5;5,3;1;29,4;24,64;19,8;78;1,666667;
2018-05-28;2,4;5,3;3,4;29,6;25,42;21,6;86,5;1,866667;
2018-05-29;1,8;6,5;1,6;29,6;25;21;81,75;1,766667;
2018-05-30;3,4;9,4;,3;29,6;25,38;21,8;79;1,433333;
2018-05-31;2,9;7,3;3,7;29,2;24,5;22,2;83,5;1,8;
2018-06-01;2;9,2;,2;31;25,36;19,8;81,75;1,133333;
2018-06-02;2,5;6,1;,4;29,6;24,22;21,4;88;,933333;
2018-06-03;2;6,3;10,5;29,8;25,48;23;85,25;1,233333;
2018-06-04;3,6;7,9;2,6;29;25,2;22,3;83,5;1,766667;
2018-06-05;2,1;7,5;1,8;29,2;23,8;19,2;83;1,8;
2018-06-06;1,8;9,8;,4;30,2;25,1;20,6;81,75;,333333;
2018-06-07;2;6,4;22,2;30;25,24;22,4;93;,7;
2018-06-08;1,7;9,7;4;30,5;25,86;22,7;81,75;1,3;
2018-06-09;1,8;8,2;0;30,1;25,48;20,3;79,75;,566667;
2018-06-10;2;9,6;,2;29,1;25,02;21;80;2,5;
2018-06-11;2,4;8,3;1,2;29,8;25,1;21,2;81,25;1,133333;
2018-06-12;2,2;8,1;0;29,4;25,2;19,2;75;2,6;
2018-06-13;4,5;7,2;0;29,1;25,86;23,6;79,5;2,666667;
2018-06-14;2,6;1;4;27,2;23,18;19,5;87,5;,8;
2018-06-15;1,2;7,6;1,9;29,4;23,84;20,4;86;,833333;
2018-06-16;2,1;1,7;4,4;28,5;24,64;22;85;1,433333;
2018-06-17;2,1;2,8;0;27,5;24,1;19,6;87,25;1,133333;
2018-06-18;,6;6,8;23,8;28,3;24,22;20,1;84,25;1,233333;
2018-06-19;1,9;3,2;,6;28,3;23,2;19,8;91,5;,833333;
2018-06-20;1;7,3;19;28,7;23,6;19,8;80;2;
2018-06-21;2,2;8,2;,4;28,8;24,32;19,2;84;1,333333;
2018-06-22;2,8;8;,6;29,2;25,12;21,4;78,5;1,5;
2018-06-23;3,5;8,7;0;30;24,82;19,6;77;3,433333;
2018-06-24;4;8,7;6,4;29;24,66;19,8;77,5;2,566667;
2018-06-25;1,6;7,7;2,6;28,4;24,72;20,6;77,5;2,8;
2018-06-26;3,7;6,4;,8;28,4;23,44;19;84,5;1,066667;
2018-06-27;2,8;2;11,8;28,5;24,1;21;87,25;1;
2018-06-28;,3;5,9;9,4;27,5;23,6;21,4;91;1,366667;
2018-06-29;1,5;4;13,2;28,1;22,98;19,4;80,25;1,1;
2018-06-30;3,3;9,4;,6;28,8;23,72;18,2;77,75;,833333;
2018-07-01;1,2;8,5;0;29;24,24;19,2;80,25;,566667;
2018-07-02;2;1,6;8,9;28,7;23,74;20,8;90;1,366667;
2018-07-03;1,3;8,7;5,8;27,3;23,26;21,2;83,5;1,1;
2018-07-04;2,3;8,7;,4;28,3;24,2;18,6;79,75;1,966667;
2018-07-05;2,9;7,5;0;28,5;24,8;19,2;82,5;2,266667;
2018-07-06;2,7;,6;11,2;27,8;24,96;21,6;88;,833333;
2018-07-07;2,4;,5;4,3;28,7;24,9;22;84,75;1,333333;
2018-07-08;2,1;7,1;0;28,2;24,28;19,4;83;,9;
2018-07-09;2,1;4,5;,6;28,1;23,88;18,8;80,5;1,866667;
2018-07-10;3;1;0;28;24,26;21;84,5;2,033333;
2018-07-11;1,9;1,5;1,8;28,4;24,72;22;83;2,166667;
2018-07-12;2;2,5;2,6;27,3;24,12;20,2;84;1,7;
2018-07-13;2,1;8;0;28,9;24,4;21,4;79,25;2,1;
2018-07-14;2,9;8,6;,6;28,7;23,78;18,8;80,25;1,666667;
2018-07-15;2,2;9,6;0;29,2;24,24;18,6;80;2,133333;
2018-07-16;2,9;8;0;28,9;22,52;18,8;73,5;1,533333;
2018-07-17;3,4;6,5;3,2;28,7;23,28;17,8;85,5;,566667;
2018-07-18;2,8;2,2;15;27,4;22,98;20,3;83,25;2,633333;
2018-07-19;3,4;9,6;0;28,8;24,4;20,8;70,75;2,133333;
2018-07-20;3,2;4,2;8;27,6;22,58;19,8;85,75;3,1;
2018-07-21;2,1;5;,2;27,4;24,22;19,7;79,75;1,666667;
2018-07-22;2,3;4,8;0;27,8;23,72;18,6;85,75;1,833333;
2018-07-23;3,4;9,9;,4;27,7;24;21,7;82,25;1,666667;
2018-07-24;4,4;9,8;2,6;28,2;24,14;22;72,5;1,9;
2018-07-25;2,6;7,4;1,8;28,1;24,74;20,6;77,75;2,233333;
2018-07-26;1,7;8,1;3,6;28,4;24,2;20,6;81,25;,833333;
2018-07-27;2,3;0;4;24,1;22,72;20,8;94,75;2,066667;
2018-07-28;1;5,9;11,9;27,7;24,62;20,4;76;2,133333;
2018-07-29;3;7,3;0;28,6;24,4;20,4;78,5;1;
2018-07-30;2,6;3,9;,3;28,1;23,46;19,2;88,5;1,733333;
2018-07-31;1;2,2;48,1;27,9;23,94;21,4;92,25;1,8;
2018-08-01;1;4,2;7;28;24,28;21;84;1,366667;
2018-08-02;2,2;4,8;2,4;27,5;23,16;20,8;77,75;2,233333;
2018-08-03;2,2;6,7;0;27,9;23,48;18;76,5;2;
2018-08-04;2,8;8,6;0;29,1;23,74;18,2;79;2,133333;
2018-08-05;3;5,7;0;28,5;24,66;20,2;78,75;1,266667;
2018-08-06;3,4;7,9;0;28,8;24,22;19;82,25;1,933333;
2018-08-07;3,5;8,6;3,1;29,2;24,94;21;78,75;3,266667;
2018-08-08;1,7;6,8;1,8;28,8;23,62;19,5;86;,9;
2018-08-09;2,7;2,1;3,2;27,8;24,04;21,6;92;1,4;
2018-08-10;1,7;8;5;28,3;24,12;19,8;81,25;1,5;
2018-08-11;2,4;9;0;30;24,18;18;82,75;1,133333;
2018-08-12;2,1;5,9;,8;29,6;24,52;19,6;79,75;1,833333;
2018-08-13;1,6;8,4;,6;30;25,8;21,6;78;1,633333;
2018-08-14;2,9;8,4;,2;29,1;25;21,8;80,25;1,4;
2018-08-15;2,9;7;0;29,2;24,58;20,2;76,25;2,566667;
2018-08-16;2,2;7,5;5,2;28,5;25;21,3;77,5;1,766667;
2018-08-17;3,8;9,2;0;28,5;25,46;22,6;72,25;2,1;
2018-08-18;3,2;8,2;0;28,1;24,42;20,2;78,5;2,3;
2018-08-19;4;8;0;29,1;25,42;21,8;71,5;3,233333;
2018-08-20;4,1;3,6;,8;28,3;24,4;21,7;81,5;2,2;
2018-08-21;2,7;2,5;7;27,8;24,04;21;86,25;1,133333;
2018-08-22;2,2;4,7;,8;28,2;24,82;19,8;75,75;1,833333;
2018-08-23;2,8;5,6;,8;28,5;24,16;20,2;78;2,2;
2018-08-24;3,1;5,4;0;28,4;23,8;18,8;83,5;2,5;
2018-08-25;2,3;6,3;15;28,3;24,94;21,6;82,75;1,566667;
2018-08-26;3,2;8,6;5;28,9;24,82;21;79,75;3,666667;
2018-08-27;3,9;9,2;,6;29,2;24,7;19;75,5;2,433333;
2018-08-28;3,3;9,1;9,2;28,4;24,7;20,1;79,25;2,5;
2018-08-29;3,1;5,7;19,4;27,7;23,42;20,6;84,25;2,2;
2018-08-30;2,8;3,8;5,8;27;22,94;19;87,5;,466667;
2018-08-31;2,4;8,1;4,7;28,3;24,46;19,6;74,5;2,066667;
2018-09-01;2;5,6;0;28,9;23,68;18,6;85,75;2,333333;
2018-09-02;2,4;4,5;18,9;27,7;24,54;21;81,5;2,233333;
2018-09-03;2,6;9;0;28,4;24,78;19,8;74;2,733333;
2018-09-04;3,6;9,3;0;29,5;24,52;19,2;76,25;2,2;
2018-09-05;2,8;9;0;27,9;24,82;19;75,25;,933333;
2018-09-06;2,6;5,8;0;28,9;25,36;19,8;75,75;2,166667;
2018-09-07;4,2;9,7;0;29,2;24,96;21,9;75,25;2,3;
2018-09-08;4,2;7,2;0;28,8;24,14;19,6;73,5;2,433333;
2018-09-09;3,3;7,6;4,2;28,9;24,94;21,4;82,5;2;
2018-09-10;3,4;1,8;4,2;27,4;24,14;21,6;85,75;1,566667;
2018-09-11;null;5,4;3,6;27;null;22,6;77;2,5;
2018-09-12;null;9,1;,4;28,2;25,2;22;76;1,566667;
2018-09-13;3,8;6,1;0;28,3;23,86;20,6;77,5;,833333;
2018-09-14;3,8;8,9;0;28,3;24,38;18,7;74;1,233333;
2018-09-15;3,7;5,8;,4;29,1;25,34;21;77,5;1,233333;
2018-09-16;3,2;3;6;29,1;25,5;22;84,75;2,6;
2018-09-17;2,6;9;1,4;29,8;25,84;22;75;2,766667;
2018-09-18;3,6;7,6;,8;28,7;26,08;22,8;73,5;2,9;
2018-09-19;2,5;5,6;3;29;25,14;21,6;83,75;1,966667;
2018-09-20;2,6;6,7;1;29,2;25,74;21,9;76,5;2,2;
2018-09-21;2,7;5;2,8;28,6;25,62;23,5;76,5;2,233333;
2018-09-22;3;10;,2;29,7;26,08;22,1;69,25;1,966667;
2018-09-23;2,5;4,4;0;28,2;24,46;19,5;84,25;2,233333;
2018-09-24;1,8;7,2;,8;29,7;25,26;19,4;78;2,866667;
2018-09-25;3,4;7;,2;29,6;25,76;22;77,75;2,066667;
2018-09-26;3,7;8,5;0;29,4;26,52;23;74,75;3,166667;
2018-09-27;4,6;3,5;0;29,6;25,14;19,8;86,25;2,733333;
2018-09-28;1,9;9,8;7;30,3;25,8;22;80,5;2,766667;
2018-09-29;2,5;4,7;3,6;29,7;25,82;22;81,75;2,066667;
2018-09-30;3;9,9;0;29,9;26,62;23;71,75;2,2;
2018-10-01;3,2;9,8;0;29,6;25,98;20,8;67;2,4;
2018-10-02;3,9;6,8;0;29,6;25,1;19,8;75,25;1,3;
2018-10-03;3;6,8;0;29,5;26,18;21,8;78,75;2,433333;
2018-10-04;3,1;5,9;1;30,7;26,54;22,6;77,25;2,333333;
2018-10-05;3,6;8,9;0;29,8;26,46;23;75;2,966667;
2018-10-06;null;9,7;0;29,4;26,26;22;72;2,433333;
2018-10-07;null;4,1;2;28,6;25,88;23,8;85;2,566667;
2018-10-08;3,3;6,8;6,1;29,6;26,16;22,6;75;2,933333;
2018-10-09;4,5;7,2;0;29,2;26,1;22,6;74,75;2,7;
2018-10-10;4;9,1;0;30,6;26,74;23;68,25;2,433333;
2018-10-11;3,9;9,3;0;30,3;26,42;23,2;73,5;1,966667;
2018-10-12;4,2;9,3;0;29,6;26,28;22,2;74,5;2,233333;
2018-10-13;3,4;6,1;1,7;29;26,5;22,6;75,5;2,733333;
2018-10-14;4,5;3,2;0;29,6;26,14;21,4;73,5;1,666667;
2018-10-15;3,2;2,6;0;30;26,24;21,6;76,5;2,233333;
2018-10-16;2,6;5,3;,8;30,9;26,62;22,4;73,75;1,966667;
2018-10-17;3,2;6,5;,4;31,1;27,08;22,5;70,25;2,4;
2018-10-18;3,5;9,8;1;31;26,9;22,8;68,25;2,466667;
2018-10-19;4;9,5;0;31,4;26,88;21,8;70,5;2,2;
2018-10-20;3,3;8,8;0;31,3;26,64;21,3;66,75;2,233333;
2018-10-21;4;8,9;0;32,8;26,8;21,1;74;,666667;
2018-10-22;3,3;9,2;0;33,2;27,1;21;70;2,566667;
2018-10-23;3,6;9,1;0;30,5;26,62;23,4;72;2,7;
2018-10-24;6;8,6;0;30,7;27,02;23,2;68,5;1,4;
2018-10-25;3,7;9,7;0;30,8;27,02;24;68,75;2,5;
2018-10-26;3,9;7,7;0;30,8;27,14;22,6;70;2,4;
2018-10-27;4,1;10,1;0;32;27,14;22,1;67,25;2,7;
2018-10-28;3,9;9,5;0;31,7;27,26;22;62,75;2,766667;
2018-10-29;4,4;7,6;0;31,8;27,46;21,4;72,75;2,433333;
2018-10-30;3,8;7,9;0;31,6;28,14;24,8;73;2,833333;
2018-10-31;3,3;9,3;10,8;31,2;26,72;21,8;74;2,333333;
2018-11-01;3,7;10;0;31;27,12;22,4;67,5;2,233333;
2018-11-02;4,6;9,5;0;32;27,38;22;71,25;2,266667;
2018-11-03;4,2;7,2;0;31,2;27,74;23,6;72,5;2,8;
2018-11-04;3,8;9,6;0;31,4;27,12;22,6;69,75;2,6;
2018-11-05;4,2;9,6;0;32,2;27,48;22;67,25;3,333333;
2018-11-06;4,2;8,5;0;31,8;27,7;23,8;66,75;2,2;
2018-11-07;4;7,8;0;31,9;27;24;79;2,2;
2018-11-08;3,8;7,5;9,2;31,5;26,68;21,7;76,5;2,166667;
2018-11-09;3,2;9,2;,4;31,4;27,08;21,6;70,5;2,5;
2018-11-10;5;8,8;0;31,5;27,3;24;72,25;2,1;
2018-11-11;5,5;8,3;0;32,2;27,88;24,2;67,25;2,666667;
2018-11-12;5;9,8;0;31,9;27,46;23,2;67,75;2,3;
2018-11-13;5,9;9,2;,2;31,7;27,32;22,3;70,25;2,666667;
2018-11-14;5,7;8,3;,4;31,7;27,82;25,7;69,25;2,6;
2018-11-15;4,9;9,7;0;32,4;27,4;22;64,25;2,333333;
2018-11-16;6,3;9,1;0;31,9;27,76;23,5;69,75;2,4;
2018-11-17;4,9;9,7;0;31,8;27,72;23,2;71;2,5;
2018-11-18;5,9;9,5;0;31,4;27,44;24;66,75;2,233333;
2018-11-19;5,6;5,6;0;31,4;27,78;24,2;71,5;2,233333;
2018-11-20;4,3;6,7;1,4;31,6;27,46;23,5;75,25;2,666667;
2018-11-21;4,1;5,6;,4;30,6;27,48;24,2;73,5;3,333333;
2018-11-22;4,2;8,6;,4;32;27,88;24,2;63,75;3,033333;
2018-11-23;6;9,4;0;31,8;27,78;24,1;67,25;2,333333;
2018-11-24;5,4;,4;3;29,6;26,54;23,1;79,25;1,833333;
2018-11-25;2,9;5,4;4,2;31;26,48;22;75,5;1,966667;
2018-11-26;2,5;2,6;3;29,8;26,64;22,7;81,25;2,166667;
2018-11-27;1,9;0;7,8;28,5;24,96;22,5;90,25;2;
2018-11-28;1,8;3,9;7,2;31;26,84;22,4;75;1,933333;
2018-11-29;6,2;9,9;0;31;27,04;22,3;72,25;2,233333;
2018-11-30;4;7;,2;31,6;27,04;22,4;73,75;2,133333;
2018-12-01;3,6;8,6;,4;32;27,64;22,6;74,75;1,8;
2018-12-02;3,7;7,7;0;32,4;28,48;25;69,25;2,233333;
2018-12-03;3,7;7,4;0;32,4;28,36;25,2;73,5;2,4;
2018-12-04;3,5;5,5;0;32,4;27,76;22,8;74,75;1,566667;
2018-12-05;4,7;4,6;0;32,8;27,66;22,6;75,75;1,2;
2018-12-06;2;8,4;6,2;32,3;27,4;22,3;76,5;2;
2018-12-07;3,1;9,8;0;32,2;27,48;22,4;68,5;2,466667;
2018-12-08;4,2;6,7;0;32;27,68;22,2;75,25;1,4;
2018-12-09;3,3;8,1;0;32,6;28,24;23,4;74,75;2,366667;
2018-12-10;2,9;6,4;39,6;32,1;27,46;23,4;72,75;2,666667;
2018-12-11;5,4;10,3;,4;31,2;27,16;24,6;77;3,166667;
2018-12-12;4,6;6,5;4,6;32;26,74;23;75,5;2,133333;
2018-12-13;4,8;5,6;0;30;26,94;22,8;73,5;2,633333;
2018-12-14;4;10,5;0;31;27,24;22,6;69,5;2,6;
2018-12-15;4,8;9,9;,2;31,4;27,26;22,1;67,25;2,233333;
2018-12-16;0;9,7;0;32,2;27,56;23,4;68,5;1,566667;
2018-12-17;6;3,3;14,6;30;26,82;23,2;82,75;2,4;
2018-12-18;6,5;8,8;3,4;30,4;27,1;23,8;72,5;2,566667;
2018-12-19;4;9,7;,2;29,3;26,54;21,8;67,25;2,5;
2018-12-20;3,7;8,9;0;32;26,9;22;70;2,033333;
2018-12-21;4,3;10,1;0;31;26,66;22;75,5;2,366667;
2018-12-22;4;7,6;,7;30,8;26,8;21,8;67,5;1,433333;
2018-12-23;4,2;3,6;1,2;30;27,14;23,1;70,75;1,733333;
2018-12-24;3,8;4,1;0;32;27,2;24;73,75;1,833333;
2018-12-25;4,2;9,1;0;32,2;27,2;23,8;69,25;1,233333;
2018-12-26;4,1;10;0;31,4;26,8;20,2;66,25;1,6;
2018-12-27;4,4;9,6;0;32,1;26,82;19,4;68,75;1,766667;
2018-12-28;3,9;8,7;2,2;31,9;27,26;22;72,25;2,233333;
2018-12-29;3,7;9,7;0;32;27,36;23;68;1,9;
2018-12-30;4,6;10;0;32,2;26,88;19,8;67,25;1,4;
2018-12-31;3,9;8,8;,8;33,4;27,92;23;74,25;2,433333;
2019-01-01;4,3;4;0;31,6;27,8;23,6;70;2,4;
2019-01-02;3,6;10,4;,8;32,6;27,84;24,2;68,25;2,4;
2019-01-03;4,5;9,8;0;32;27,26;21,9;68,75;2,5;
2019-01-04;4;7,3;0;31,5;27,42;21,8;71;2,733333;
2019-01-05;4,2;2,1;0;31,2;27,36;24;69,25;2,1;
2019-01-06;4,1;4,5;1,2;30,4;26,52;23;74,25;1,5;
2019-01-07;1,8;5,8;14,8;30,8;25,66;22,5;84,25;1,766667;
2019-01-08;2,6;3,7;6,4;30,9;27,16;22,5;81;2,233333;
2019-01-09;3,1;7,3;3,4;31,1;27,34;22,8;77,25;2,3;
2019-01-10;4;4,3;0;30,1;27,2;24,4;77,25;2,266667;
2019-01-11;2,7;8,5;2,8;31,1;26,86;22;73,5;2,433333;
2019-01-12;3,4;,6;9,6;27,3;24,42;22;93,75;,866667;
2019-01-13;,3;10,2;20,5;31,1;26,64;21,8;82,25;1,433333;
2019-01-14;2,5;9;1,4;30,7;26,76;23,4;77,75;2,166667;
2019-01-15;2,5;4,9;0;30,9;26,66;21,8;76;2,5;
2019-01-16;2,2;9,3;0;31,3;26,82;21;77;2,5;
2019-01-17;3,8;5,7;,2;30,9;27,32;22,4;78;1,8;
2019-01-18;4,1;10;0;31,3;27,88;24;73,25;2,366667;
2019-01-19;3,8;8,1;,6;31,8;27,56;22,8;74,25;2,233333;
2019-01-20;4,1;6,5;2,1;31,6;27,76;23,8;83,25;1,933333;
2019-01-21;4,5;10,3;0;31,5;27,96;24,8;69,25;2,933333;
2019-01-22;5,5;3,9;1;30;25,22;21;88,5;,333333;
2019-01-23;1,3;8,3;11,4;31,7;26,66;22;79;1,433333;
2019-01-24;4,2;9,3;,6;31,6;27,28;22,2;79;2,333333;
2019-01-25;4,9;9,7;0;32,1;27,64;23,2;74,75;1,9;
2019-01-26;4,5;5,8;0;31,4;27,06;22,6;null;1,75;
2019-01-27;4,4;10,1;0;32,2;28,04;24,4;66,75;2,3;
2019-01-28;4;0;10;27;24,48;22,2;95,75;0;
2019-01-29;2;7,8;52,3;30,5;26,6;21,6;79;2,333333;
2019-01-30;3,2;3,8;,4;30,3;26,64;23;77,5;1,666667;
2019-01-31;3,2;9,8;1,8;31,7;27,44;22;75,5;2,066667;
2019-02-01;3,1;9,1;,1;31,9;27,56;23;74,5;1,4;
2019-02-02;4,5;7;3,6;30,1;26,84;22,9;86,75;,833333;
2019-02-03;3,8;3,6;6,2;30,8;26,92;23,6;76,25;,566667;
2019-02-04;1;1,3;4,2;30,2;26,08;22,8;90,25;,266667;
2019-02-05;1;4,5;13,8;30,9;26,84;23;81,5;,6;
2019-02-06;1,2;,1;48;28,3;26,04;23;91,25;1,4;
2019-02-07;1,8;9,6;,3;30,9;26,4;21,8;78,5;1,3;
2019-02-08;3,2;9,9;0;31,2;26,56;21;74,25;1,5;
2019-02-09;3;9,5;0;31,7;27,48;23;74;2,266667;
2019-02-10;5,3;3,9;0;31,1;27,96;24,1;73,5;2,766667;
2019-02-11;2,7;4,9;,6;30,8;27,3;24;79,5;2,566667;
2019-02-12;2,8;6,1;0;31,5;27,18;23,6;81;2,1;
2019-02-13;3;0;4,6;26,7;25,48;24;97;,266667;
2019-02-14;,4;6,4;13,4;32,1;27,6;22;86,75;1,766667;
2019-02-15;3,4;6,8;,7;31,7;27,62;23,7;79,25;1,966667;
2019-02-16;1,4;6,3;,6;33,1;27,94;24,4;78;1,9;
2019-02-17;1,8;4,9;8;31,2;27,36;23,8;88,75;,266667;
2019-02-18;1,6;8,5;5,8;31,5;27,84;24;84,25;1,6;
2019-02-19;2,1;8,8;1;31,5;27,4;23,6;82,25;1,566667;
2019-02-20;2,8;6,6;0;31,2;27,16;23;83,5;0;
2019-02-21;2,5;9,7;0;32,1;27,84;23,2;78,25;1,666667;
2019-02-22;2;8,1;6;32,5;27,56;22,8;78,25;1,066667;
2019-02-23;3,5;7,5;0;31,8;28,08;23,2;75,5;1,5;
2019-02-24;3,1;4,1;0;32,1;27,68;23,1;70,25;,833333;
2019-02-25;2,9;8,1;0;32,1;27,88;22,4;83,5;1,4;
2019-02-26;2,6;8,1;,2;32,7;28,36;23,4;79;,5;
2019-02-27;2,9;8,3;0;32,2;28,56;23,6;79,5;1,866667;
2019-02-28;2,6;5,4;0;31,9;27,86;22,6;75,25;1,366667;
2019-03-01;2,9;2,1;0;31,5;27,72;22,6;81;1,5;
2019-03-02;1,7;2,3;4,7;31,3;26,96;22,2;82,25;,866667;
2019-03-03;1,9;,7;0;30,4;25,96;22,4;92,75;,266667;
2019-03-04;1;1;3;30,8;27,1;23,7;80,5;,933333;
2019-03-05;1,4;7,6;4,8;30,6;26,74;22,7;73,5;2,2;
2019-03-06;2;8,3;8;31,3;26,62;22;81,25;1,566667;
2019-03-07;3,1;8,2;,2;31,7;27,5;22,2;77;1,766667;
2019-03-08;3,7;8,5;1,5;31,6;27,92;23,4;84,25;1,733333;
2019-03-09;4,4;10;0;31,9;28,28;24,6;74;2,333333;
2019-03-10;3,3;9,2;0;32;27,04;21,4;73,75;1,666667;
2019-03-11;3,7;9,2;0;32,3;27,84;21,5;71;1,966667;
2019-03-12;3,4;1,9;,6;29,9;27,3;25;81,5;,966667;
2019-03-13;2;9,3;7,8;32,5;28,36;24,2;87,25;2,066667;
2019-03-14;3;4,2;2;32,1;27,88;24;84;1,5;
2019-03-15;2,6;9,2;3;32,2;28,02;23,5;71;2,2;
2019-03-16;4,2;9,5;,6;32,5;26,86;22,4;84,25;1,466667;
2019-03-17;2,2;7,2;0;32,4;27,46;21,7;72;1,033333;
2019-03-18;1,6;2,6;23,4;31,3;26,04;22;91,5;,433333;
2019-03-19;2,2;7,9;0;32,9;27,24;22,1;72,75;,933333;
2019-03-20;2;9,9;0;34;28,6;23,8;83,5;1,5;
2019-03-21;3;9,8;0;34,5;28,54;22,2;68;1,9;
2019-03-22;3,8;8,8;0;34,8;29,16;23;75,75;2,3;
2019-03-23;4;6,4;1,4;33,6;28,28;23,4;83,75;1,466667;
2019-03-24;1,2;8,4;0;33,6;28,12;23;74,25;,833333;
2019-03-25;3;7,5;0;32,9;27,46;22,8;81,25;,566667;
2019-03-26;3,6;5,5;3,6;31,5;26,28;22,2;96,5;,766667;
2019-03-27;1,2;5,1;38,4;30,7;26,24;22,3;89,25;1,366667;
2019-03-28;2,4;1,2;26,7;30,7;26,2;22,3;85,5;,566667;
2019-03-29;1,8;2,3;4;30,7;26,76;22,6;90,75;,666667;
2019-03-30;1,7;5,6;16,2;31,1;26,92;23,2;92,5;,933333;
2019-03-31;1,3;0;9;28,7;26,06;23;92,25;,333333;
2019-04-01;,7;,8;41,8;28,2;25,84;24,4;92,5;0;
2019-04-02;,8;9,1;28,6;31,5;27;21,2;81,75;1,266667;
2019-04-03;2,5;8,8;4,8;32,1;27,64;23,4;83,25;1,4;
2019-04-04;2,3;9,6;2,2;32,5;27,66;23;81,25;,666667;
2019-04-05;2,4;9,8;0;32,3;27,7;23;79,75;1,266667;
2019-04-06;3;8,2;1,2;32,1;27,52;22,8;82,25;1,6;
2019-04-07;2,3;5,7;1;31,2;26,52;22,4;87,25;1,333333;
2019-04-08;1,7;8,9;21,7;31,7;27,14;21,6;81,25;,933333;
2019-04-09;1,9;9,4;0;31,9;27,3;22,4;85,5;1,666667;
2019-04-10;2,9;9,7;0;32,1;27,52;22,2;79,25;,6;
2019-04-11;3,6;3,1;0;30,5;26,84;22,6;88,25;1,433333;
2019-04-12;1,4;0;15,8;26;24,52;23;94,75;,266667;
2019-04-13;3;4,2;30,6;30,1;25,62;21,8;89,5;,666667;
2019-04-14;2,1;9,4;,2;31,1;26,04;20,6;82,25;1,033333;
2019-04-15;2,6;8,9;0;32,1;26,4;20,2;82,25;1,333333;
2019-04-16;2,4;9;0;31,8;26,74;21;81,25;,933333;
2019-04-17;2,6;4,2;5;31,1;26,06;22;88,25;1,4;
2019-04-18;1,8;8,9;,4;31,6;26,72;21,8;77,25;,833333;
2019-04-19;2,3;9,4;0;32;27,74;22;75,5;1,9;
2019-04-20;2,5;,9;7,4;29,5;25,78;21,8;91;,566667;
2019-04-21;,6;6;30,9;30,9;26,26;21,2;88,75;,566667;
2019-04-22;2,1;10;0;31,5;26,92;21,4;87;,833333;
2019-04-23;2,5;7,9;10;31,5;26,6;21,8;90,5;1,133333;
2019-04-24;2,9;5,3;31,2;29,5;25,78;22,4;93;,566667;
2019-04-25;10;1,3;17,2;29,5;25,34;22,4;96,5;,166667;
2019-04-26;2,1;9;1,6;30,7;26,2;21;85,25;,966667;
2019-04-27;2,5;8,5;,4;31,1;26,72;21,2;83;2,066667;
2019-04-28;3;8,8;0;31,2;27,26;21,8;81;1,6;
2019-04-29;3,2;8,8;9,4;32,3;27,54;22,8;84,75;,833333;
2019-04-30;2,1;6,6;29,4;31;26,44;22,4;85,75;,833333;
2019-05-01;1,5;4;2,4;31,3;27;23;89,25;,9;
2019-05-02;2;9,1;7,6;31,5;26,8;21,4;78,75;2;
2019-05-03;2,5;9,7;0;30,8;25,96;21;80,75;1,233333;
2019-05-04;3,3;9,2;0;31,1;26,38;21,6;83,25;2,2;
2019-05-05;3;9,6;,8;31,1;26,86;21,4;76,5;1,966667;
2019-05-06;3;3,8;,2;29,9;25,4;19,8;83,5;1;
2019-05-07;4,2;0;0;28,6;25,78;21,1;86,75;,933333;
2019-05-08;1;,5;4,8;28,7;25,66;22,8;96,75;0;
2019-05-09;,4;1,3;31,4;30,1;26,36;23,2;94,25;1,133333;
2019-05-10;1,1;6,2;11,6;30,9;26,72;23,2;92,75;1,266667;
2019-05-11;1,6;8,9;10;30,7;26,2;21,6;90,75;,933333;
2019-05-12;1,8;1,9;0;30,4;26,18;21,3;89;,933333;
2019-05-13;1,9;5,2;0;30,9;26,32;21,8;88,5;,9;
2019-05-14;2;8,6;0;31,1;26,76;21,4;83,5;,566667;
2019-05-15;2,2;8,3;0;31,9;27,1;21,6;83,75;,566667;
2019-05-16;2,6;6,1;1,4;30,7;26,46;21;86,75;,9;
2019-05-17;1,9;8,7;1,4;30,9;26,46;21,8;82,25;1,233333;
2019-05-18;1,5;8,9;0;31,4;26,44;20,2;80,75;,833333;
2019-05-19;2,8;5,9;17,6;31,1;26,34;22,6;89,25;,6;
2019-05-20;2;6,7;0;30,7;25,56;20,7;91;1,3;
2019-05-21;1,4;3,6;26;30,1;26;22,4;93,5;,566667;
2019-05-22;1,4;8,3;,6;31,5;27,24;22,8;83,5;1,066667;
2019-05-23;2;8,5;6,7;30,7;26,98;22,2;83;,833333;
2019-05-24;2,3;7,4;4;30,7;26,1;22,4;89,25;1,3;
2019-05-25;1,6;7,3;0;31,1;25,62;21;87,5;,566667;
2019-05-26;2;8,8;,2;30,8;25,88;20,6;85,25;0;
2019-05-27;2,2;5;28;29,5;24,94;20,9;89,25;,5;
2019-05-28;,8;8,6;10;30,9;26,02;21,6;87,25;1,4;
2019-05-29;2,5;,6;27;27,7;24,64;21,6;95;0;
2019-05-30;1;6,2;21,8;30,1;25,48;21,2;90,75;1;
2019-05-31;,9;7,8;0;29,5;25,2;20,8;91,75;,666667;
2019-06-01;1,8;8,1;6;30,8;25,44;20,2;88,5;,833333;
2019-06-02;3,4;8,6;7,2;30,1;25,06;20,8;82;1;
2019-06-03;,7;7,7;0;30,5;25,84;19;81,75;2,4;
2019-06-04;4,5;7;6,5;30;25,54;20,2;86,5;1,3;
2019-06-05;1,7;5,5;1;30,1;25,24;19,7;86;1,1;
2019-06-06;2,3;9,3;,6;30,3;25,16;19,8;83;1,9;
2019-06-07;2,5;9,4;1;30,1;25,2;18,6;82,25;1;
2019-06-08;2,7;8,8;0;30,4;25,38;19,2;85;1,466667;
2019-06-09;2,4;8,7;4,4;29,9;25,64;22,1;82;1,133333;
2019-06-10;3,6;7,9;,2;30,1;26,92;22,6;74;1,9;
2019-06-11;3,4;6,1;4,4;29,9;25,84;21,6;82;,9;
2019-06-12;2,6;1,8;4,4;28,8;25,22;21;90,25;,666667;
2019-06-13;1,2;0;66,4;24,3;22,84;20,9;98,75;,533333;
2019-06-14;,6;9,3;147,2;29,6;25,58;20,7;79,75;1,6;
2019-06-15;2,8;3,1;,5;29,1;25,48;21;83,25;1,833333;
2019-06-16;2,4;0;5;26;23,34;21;96,25;1,233333;
2019-06-17;,1;0;90,4;27,1;23,82;20,6;97,75;,266667;
2019-06-18;,3;3,6;53,6;29,1;24,48;21,2;93,5;,266667;
2019-06-19;2,2;9;1,7;29,1;23,88;18,2;79,75;1,4;
2019-06-20;2,6;8,9;4,8;29;24,76;19,6;81;1,8;
2019-06-21;2,7;7,9;0;29,5;25,14;19,8;78;2,8;
2019-06-22;4,8;6,8;0;29,6;25,6;22,2;76;2,8;
2019-06-23;2,9;7,3;5;29,6;24,84;19,4;77,25;1,233333;
2019-06-24;2;4,9;1,2;29,1;24,34;19;87,25;0;
2019-06-25;3,6;8,8;4,2;29,4;24,42;19,7;81,25;1,133333;
2019-06-26;2,1;5,4;,8;29,6;23,96;19;80,75;1,566667;
2019-06-27;2;4;15,4;29,1;24,32;20,2;88,5;1,566667;
2019-06-28;1,8;5,8;5,3;28,2;24,58;19,6;86;,666667;
2019-06-29;1,5;7,1;19;29;25,84;21,6;80;1,666667;
2019-06-30;2;8,4;7,2;30;25,92;20,6;76,75;2,166667;
2019-07-01;2,8;4,3;8,8;29,1;24,2;21,3;89,75;,666667;
2019-07-02;1,6;6,8;2;29,1;25,1;19,6;84,75;,833333;
2019-07-03;1,8;,6;2;27,3;24;21;96,75;,433333;
2019-07-04;,5;8,7;8,8;29,9;25,06;19,4;90,25;1,066667;
2019-07-05;1,7;8,7;7,8;30,5;25,46;20,8;81,25;1,133333;
2019-07-06;2;9,5;0;30,8;24,74;19;83,75;,7;
2019-07-07;2,1;8,6;0;29,9;24,82;18,8;85,75;,933333;
2019-07-08;2,2;7,6;2,5;28,8;24,44;20,6;84,75;1,666667;
2019-07-09;1,7;7,7;4,3;28,5;24,12;19,4;86,25;,6;
2019-07-10;2,1;7,9;2,4;29,2;24,4;19,8;84;1,9;
2019-07-11;2;8,2;14,2;29,2;24,84;20,8;86,5;1,5;
2019-07-12;2,2;8,7;,2;29,4;24,54;18,6;83;1,5;
2019-07-13;2,5;3,3;27,4;28,2;23,96;20,6;92,5;,433333;
2019-07-14;1;,2;15;28,4;23,84;20,6;96,75;0;
2019-07-15;,5;8,1;11,8;28,6;23,38;18,3;81,75;1,433333;
2019-07-16;2,5;5,8;0;28,8;22,8;17,6;85,75;1,65;
2019-07-17;2;9,5;0;29;23,68;17,1;87;1,366667;
2019-07-18;2,8;9,3;1;28,8;24,56;18,4;69,75;1,866667;
2019-07-19;2,7;4,1;17,2;27,5;24,5;20,4;88;2,5;
2019-07-20;1,7;,1;13,4;26,6;23,86;21,2;96,25;2,5;
2019-07-21;,6;5,1;30;28,3;24,32;19,8;83;1,9;
2019-07-22;2,2;,3;19;26,1;23,36;19,6;94,75;2,466667;
2019-07-23;,5;2,4;44,4;27,7;23,56;20,1;97,5;1,766667;
2019-07-24;,8;0;92,5;24,9;22,04;19;96,25;,7;
2019-07-25;,6;5,9;13;27,5;23,46;18,8;89;1,566667;
2019-07-26;1,5;4,1;12;28,3;23,36;19,5;93,75;1,233333;
2019-07-27;,8;1,6;13,4;27,2;23,76;19,6;93,25;1,666667;
2019-07-28;,4;3,7;34,7;27,7;22,92;19,8;93,75;1,566667;
2019-07-29;2,2;6,7;2,4;28;23,32;18,8;86,25;,9;
2019-07-30;1,6;6,8;,6;28,2;24;19,4;91,25;1,233333;
2019-07-31;1,3;3,7;31,2;27,7;23,76;20,6;92,75;1,333333;
2019-08-01;1,1;4,9;1,4;28,5;24,08;19,6;93,75;1,1;
2019-08-02;1,4;2,9;50,5;28,1;24;20,6;89,25;1,266667;
2019-08-03;1,6;4,8;,3;28,6;23,7;18,1;87,75;1,233333;
2019-08-04;1,4;6,6;1,6;28;23,92;18,4;86,5;1,833333;
2019-08-05;2,5;4,9;3;28,9;25,04;21;78;2,7;
2019-08-06;3,5;6,7;8;28;24,78;21;81,25;3,066667;
2019-08-07;3;1,9;,6;27,3;24,12;21;88,5;1,933333;
2019-08-08;2,3;3,1;8;27,7;23,48;19,2;85,5;,833333;
2019-08-09;1,8;9,2;0;28,5;23,6;17;80;1,433333;
2019-08-10;3,6;5,3;0;28,5;23,76;17,2;82,25;1,433333;
2019-08-11;2,4;8,1;,3;28,7;24,12;17,8;82;1,666667;
2019-08-12;2,5;,7;7,7;27,1;23,06;19,6;96,5;1,166667;
2019-08-13;1,5;8,9;4;28,5;23,88;18;77,75;1,433333;
2019-08-14;2,3;,9;10,6;26,8;23,56;20,3;93,75;1,133333;
2019-08-15;1,1;4,1;8,3;27,9;23,74;19,6;90,5;1;
2019-08-16;1,8;3,7;14,2;27,7;24,96;20,2;84;2,366667;
2019-08-17;2,8;8,3;3,4;28,9;25,6;22;77,75;2,333333;
2019-08-18;3,5;5,4;5;28,2;24,9;20,8;81,25;2,3;
2019-08-19;2,7;8,5;5,7;28,6;24,98;20,3;81,25;1,766667;
2019-08-20;3,1;9;0;28,3;24,24;19;80;1,233333;
2019-08-21;3;8,9;0;28,7;23,64;18;78,5;1,666667;
2019-08-22;2,8;4,2;0;28,2;23,48;17,8;92,25;1,233333;
2019-08-23;1,7;7;6,7;28,3;23,86;19,8;86,25;1,7;
2019-08-24;2,7;7;4,8;28,3;24,28;19,2;89,75;1,566667;
2019-08-25;2;4,2;21,5;28,3;23,96;19;89,5;1,9;
2019-08-26;2,4;2,1;7;27,7;23,82;20,8;94,75;1,733333;
2019-08-27;1,9;8,2;8;28,3;24,84;19,7;80;2,566667;
2019-08-28;3;1,8;2,4;28,3;23,56;19,4;84,5;2,033333;
2019-08-29;3;8,8;0;28,5;22,96;17,8;74,5;2,133333;
2019-08-30;3,7;3,9;0;28,7;24,06;16,8;81;1,3;
2019-08-31;2,5;6,6;0;28,8;24,44;18,4;84,75;1,833333;
2019-09-01;null;4,4;7,4;28,9;24,8;20,4;89,25;1,666667;
2019-09-02;null;3,6;38,8;28,3;24,28;20,2;86,25;1,033333;
2019-09-03;null;3,5;,7;28,8;24,84;21,6;84,25;1,133333;
2019-09-04;null;,5;1;27,4;23,46;19,3;96,5;,933333;
2019-09-05;null;7,9;8,3;29;24,78;20,4;83,75;1,8;
2019-09-06;null;5,4;7,8;29;24,54;19,8;82,5;2,033333;
2019-09-07;null;4,5;0;28,8;24,72;20;84;,933333;
2019-09-08;null;3,7;3,8;28,2;24,14;19,7;89;2,266667;
2019-09-09;null;7,7;3,1;28,3;25;21,2;79,5;1,966667;
2019-09-10;null;9,6;0;29,3;25,04;19,8;77;1,133333;
2019-09-11;null;6,7;0;29,1;25,56;19,6;79;1,866667;
2019-09-12;null;8,7;,4;29,6;25,76;21,3;76,75;2,733333;
2019-09-13;null;9,1;0;29,5;25,82;20,8;76,5;2,2;
2019-09-14;null;9,5;0;29,1;25,22;20;64,25;1,633333;
2019-09-15;null;8,9;0;29,3;24,96;18,8;73,5;1,6;
2019-09-16;null;6,6;,4;29,5;25,34;20,8;74,5;2,566667;
2019-09-17;null;1,2;,4;27,3;23,88;19,4;91,75;1,533333;
2019-09-18;null;6,9;16;29,6;25,1;20,6;84,75;1,566667;
2019-09-19;null;9,4;0;29,1;24,88;19,4;79,25;2;
2019-09-20;null;1,7;,4;27,4;23,88;19;90;1,3;
2019-09-21;null;8,1;14,8;29,1;26,64;20,4;80,75;1,4;
2019-09-22;null;10,1;0;30,1;25,58;19,2;77,5;1,166667;
2019-09-23;null;4,3;6;28,5;25,46;21,5;86;3,3;
2019-09-24;null;10;0;29,4;26,12;22,4;80;2,833333;
2019-09-25;null;10;0;29,3;25,68;22,2;76,25;1,6;
2019-09-26;null;7,4;0;29,1;25,36;20,8;79,25;2,3;
2019-09-27;null;9,2;0;29,5;25,52;19,4;84,75;1,233333;
2019-09-28;null;8,5;0;30;25,6;18,8;86;1,7;
2019-09-29;null;9,9;0;30;25,72;20,4;84;1,566667;
2019-09-30;null;6;,2;30,1;25,92;21,6;83,75;1,5;
2019-10-01;3,1;8,7;,8;29,8;25,54;19,8;78,25;1,1;
2019-10-02;3,3;8,5;0;31,2;25,64;20,8;78,5;1,266667;
2019-10-03;3,6;6,6;,2;30;26,44;21;84,5;3,1;
2019-10-04;4,1;9,7;0;29,3;26,36;22,9;80;2,3;
2019-10-05;4,5;8,3;0;29,3;24,92;20,4;87;1,566667;
2019-10-06;2,5;9,3;,4;29,9;25,4;18,8;76,5;1,833333;
2019-10-07;2,5;9,8;0;30,1;26,26;22;74,25;1,966667;
2019-10-08;3,5;8,6;1,6;30,1;25,8;19,8;76,75;1,866667;
2019-10-09;3,6;6,9;9;29,2;25,68;20,9;79;1,466667;
2019-10-10;3,2;4;3;28,6;25,7;21,3;84,25;2;
2019-10-11;3;7,2;2;30,1;25,9;21,1;80,25;2,5;
2019-10-12;3,5;8,4;0;29,8;25,18;21,2;79,5;2,533333;
2019-10-13;4;5;5,1;28,4;25,02;20,2;83;2,5;
2019-10-14;1,3;6,4;21,6;29,2;25;21;88,75;1,5;
2019-10-15;2,2;9,2;4,2;29,4;25,72;20,8;83,25;2,4;
2019-10-16;3,7;8,8;0;29,9;26,36;22,2;77,75;2,1;
2019-10-17;4,5;9,5;,2;29,4;25,42;19,4;76;2,233333;
2019-10-18;3,4;1,9;7,3;28,3;25;20,9;92,25;1;
2019-10-19;1,2;7,7;2,3;30,1;26;21,2;78,75;1,333333;
2019-10-20;3,3;3,5;0;29,8;25,9;21,2;78,75;1,3;
2019-10-21;2;5,8;0;30,7;25,2;19,8;80,5;,9;
2019-10-22;2,8;8,6;0;30,7;25,84;19,5;78;1,233333;
2019-10-23;2,8;9,2;0;30,5;25,82;18,8;78;1,6;
2019-10-24;3,5;9,6;0;30,4;26,5;22,6;78,25;1;
2019-10-25;3,7;9,7;0;30,5;26,4;20,6;71,75;2,3;
2019-10-26;4,1;9,1;1,3;30,6;26,62;21,9;78;2,133333;
2019-10-27;3,5;9,3;0;30,7;26,9;23,4;74,75;2,033333;
2019-10-28;3,7;9,7;0;30;25,92;20,4;71,25;2,133333;
2019-10-29;5,4;10,1;0;30,7;26,22;21,6;65,75;2,133333;
2019-10-30;4;9,4;0;30,4;26,04;19,8;72,75;1,233333;
2019-10-31;4,6;9;,2;30,6;26,3;21,3;72;1,666667;
2019-11-01;3,7;9,6;2,2;30,1;25,88;19,6;70,5;2,9;
2019-11-02;4,5;10;0;30,8;26,94;22,7;70;2,066667;
2019-11-03;4,4;9,9;0;30,5;26,4;21,5;73,25;2,2;
2019-11-04;3;6,5;0;30,5;26,52;22;70,75;2,566667;
2019-11-05;3,8;10,3;0;31,1;26,52;21;66,5;2,2;
2019-11-06;4;6,8;0;31,1;26,96;22,5;72;2,233333;
2019-11-07;4,7;9,5;0;31,3;27,2;22,4;71,25;2,566667;
2019-11-08;null;8;null;31,3;null;24;72;1,85;
2019-11-09;null;9,1;0;31,1;26,98;23;66,75;2,733333;
2019-11-10;4,7;9,3;0;31,1;26,94;22;70;2,233333;
2019-11-11;4,8;8,9;0;31,6;27,38;23,6;67,25;2,133333;
2019-11-12;4,8;8,9;0;31;26,72;21;65,75;2,666667;
2019-11-13;6;10,6;0;31,5;27,56;22,4;60,75;2,2;
2019-11-14;5,2;9,7;0;31,5;26,9;22,6;70,25;2;
2019-11-15;5;10,1;0;31,7;27,6;23,3;68,75;2,466667;
2019-11-16;2,1;8,8;0;32,2;27,36;24,2;68;1,733333;
2019-11-17;2,9;7,7;0;32,4;27,52;23;66,75;1,4;
2019-11-18;4,5;7,1;0;31,7;27,3;21,6;73,25;2,566667;
2019-11-19;5;7,6;0;31,2;27,18;24;70,25;2,466667;
2019-11-20;4,9;10,3;0;31,3;27,04;23;66;2,333333;
2019-11-21;5,6;10,3;0;31,3;26,8;22,8;69,75;2,3;
2019-11-22;4,9;10,3;0;31,5;26,36;19,6;70,25;2,266667;
2019-11-23;4,5;9;,6;31,6;26,72;20,2;69;2;
2019-11-24;4,4;10,6;0;32,6;27,4;21,2;65,75;1,833333;
2019-11-25;4;8,6;0;32,3;27,76;22;69;2,066667;
2019-11-26;3,7;9,3;0;32,6;27,7;21,6;71,25;2,166667;
2019-11-27;4,1;10,2;1,7;31,7;27,22;22,5;71,75;2,066667;
2019-11-28;4,4;9,6;0;31,5;27,16;21;67,25;1,666667;
2019-11-29;3,6;10,1;0;31,5;27,12;20,4;66,5;2,533333;
2019-11-30;4,6;9,9;0;32,4;26,6;19,4;70,25;1,85;
2019-12-01;4;9,8;0;31,9;26,7;19,8;69,5;1,733333;
2019-12-02;3,8;9,3;0;32,7;27,28;20,2;68;1,966667;
2019-12-03;3,8;10,1;0;32,3;27,4;21,2;67,25;1,2;
2019-12-04;4,3;9,7;0;31,4;27,12;21;66,5;1,833333;
2019-12-05;4,3;9,1;0;32;26,82;20,2;67;2,2;
2019-12-06;4,2;9,2;0;32,9;28;21,6;68,5;2,233333;
2019-12-07;5;9,5;0;32,2;27,56;22;62,75;1,233333;
2019-12-08;4,5;9,8;0;33,7;27,98;21,8;60,25;2,233333;
2019-12-09;2,5;10,8;0;32,1;27,7;23,8;66,75;1,966667;
2019-12-10;4;10,1;1,2;31,5;27,48;22;65,75;2,6;
2019-12-11;5,2;9,9;,2;31,9;27,24;22,8;70,25;2,333333;
2019-12-12;4,2;7,5;2;30,9;26,96;21,6;66,75;1,666667;
2019-12-13;4,6;10,8;0;32,2;27,28;21,6;65,5;2,066667;
2019-12-14;5;8,5;0;32,1;27,88;23,6;66,25;2,766667;
2019-12-15;5;6,5;2,6;31,8;27,02;22;72,25;2,766667;
2019-12-16;2,6;5,4;11;30,7;25,64;21,8;83,5;,833333;
2019-12-17;2,2;8,5;1,2;31,4;26,78;20,8;70;1,066667;
2019-12-18;4,2;9,9;0;31,3;27,04;21,2;67,25;2,166667;
2019-12-19;4,4;7,3;,2;31,9;27,36;23,2;71;2,3;
2019-12-20;4;8,9;1,2;31;26,64;22;69;2,5;
2019-12-21;5,2;7;0;31,6;27,68;24;68;1,233333;
2019-12-22;5;10,2;1;31,1;27,16;22,1;63,75;2,1;
2019-12-23;6;10,5;0;31,3;27,14;21,2;68,5;1,933333;
2019-12-24;3,6;10,3;0;32;28,04;24,2;66,5;1,2;
2019-12-25;2,4;9,8;0;31,2;27,64;24;68,5;1,933333;
2019-12-26;3,4;8,8;,8;31,5;27,46;23,2;64,75;1,4;
2019-12-27;3,2;10,1;0;31,4;27,12;21,8;65,75;1,833333;
2019-12-28;5;9,6;0;31,8;27,12;20,8;68,75;1,833333;
2019-12-29;4,7;9,4;0;32,2;27,16;21,2;69;2,666667;
2019-12-30;4,7;4,4;,8;31,1;27,8;24;70,5;2,2;
2019-12-31;3,6;4,5;0;31,5;27,32;21,4;67,25;1,733333;
2020-01-01;4,5;1;,8;30,8;27,16;22,2;72,75;1,8;
2020-01-02;3;6,7;1;32;27,12;21,7;76;1,833333;
2020-01-03;3,5;10,4;,2;32,9;28;22,6;67,25;2,066667;
2020-01-04;3,5;8,5;0;33,1;27,76;21;66,75;1,966667;
2020-01-05;4,4;3;0;31,3;27,16;22,2;71;1,566667;
2020-01-06;3,4;9,4;0;32,1;27,88;21,7;68;2,266667;
2020-01-07;4,6;8,5;0;32,1;28,28;24;66,75;2,133333;
2020-01-08;3,6;8,1;0;32,3;27,6;21,8;67,75;2,166667;
2020-01-09;2;7;,4;32,2;27,52;24;74,5;2,066667;
2020-01-10;4,6;10,3;0;32,3;27,62;21,6;67,75;2,233333;
2020-01-11;5,6;10,2;0;33;28,16;24;65,75;2,1;
2020-01-12;4,4;10;0;32,2;27,84;22;70,25;1,8;
2020-01-13;4,6;10,2;0;32,4;27,7;21,3;68,5;2,433333;
2020-01-14;6,4;10,8;0;32,1;27,76;23;66,5;1,933333;
2020-01-15;5;10,8;0;32,5;27,48;20,6;62,25;1,833333;
2020-01-16;6;10,2;0;32,5;28,12;22,6;67,5;2,3;
2020-01-17;6;8,1;0;32,7;28,14;23,6;73;2,1;
2020-01-18;5,5;8,5;,1;32;28,08;23,8;68,5;1,4;
2020-01-19;5;9,7;5,9;32,1;27,86;23,1;65,75;1,6;
2020-01-20;4,8;8,3;0;31,5;27,28;22;70,5;2,266667;
2020-01-21;4,6;9,1;1,2;32,1;28,02;21,6;70,75;1,633333;
2020-01-22;3,7;1,9;1;32,5;28;22,6;78,25;,733333;
2020-01-23;3;2,4;21,8;31,1;27,84;23,4;76,25;1,4;
2020-01-24;3;,6;0;31,9;27,64;23,4;82,5;,933333;
2020-01-25;2;3,6;,2;31;27,52;23,6;78,5;,566667;
2020-01-26;3,3;9,3;1,2;32,6;28,3;22,6;73,25;1,866667;
2020-01-27;4,5;9,9;0;32,8;28,4;24;72;1,266667;
2020-01-28;3;9,3;0;32,7;28,16;22;70;1,333333;
2020-01-29;4;9,5;21,4;31,8;28,04;24,1;70,5;2,433333;
2020-01-30;5,7;9,9;0;31,7;27,94;22,6;70;2,166667;
2020-01-31;4,4;4,6;1,4;32,1;27,24;22,4;76;1,466667;
2020-02-01;2,6;1,8;,2;30;27,04;23;81,25;,533333;
2020-02-02;2,6;4,5;0;32;27,64;22;71;1,4;
2020-02-03;2,6;6,5;2;32,4;28;22,8;83,25;1,1;
2020-02-04;2,6;8,1;22,9;32,5;28,16;23,2;72;1,266667;
2020-02-05;3,5;9,5;0;32,3;28,4;22,8;67;1,4;
2020-02-06;3,7;9;0;32,6;28,1;22,6;72;1,333333;
2020-02-07;4;9;0;33,1;28,3;22,2;69,5;1,6;
2020-02-08;4,2;9,3;0;32,1;27,58;22;68;,833333;
2020-02-09;4,8;6,1;0;32;27,56;21,8;72;1,5;
2020-02-10;4;9,2;0;32,7;28,28;22,8;70,25;1,833333;
2020-02-11;4,3;9,6;1;32,1;28,36;24;71,5;2;
2020-02-12;4,7;8,7;0;32,7;27,96;23;71,75;1,566667;
2020-02-13;3,8;0;6,4;30,3;27,2;23,6;82,25;,9;
2020-02-14;2,6;9,2;2,8;32;27,64;22,2;77,75;1,766667;
2020-02-15;1,7;9,9;,2;32,3;27,76;21,3;69,25;1,566667;
2020-02-16;5,2;8,8;,4;32,4;27,58;22;73,5;,833333;
2020-02-17;5;9,3;4;32,1;28,24;23;69,5;2,233333;
2020-02-18;4,8;7,1;,6;31,9;28,3;23,8;69,25;2,1;
2020-02-19;3,9;6,6;6,1;31,6;27,32;21,8;74,25;,966667;
2020-02-20;3,5;1,6;26,2;30,7;25,64;21,4;92,25;,9;
2020-02-21;1,8;5,2;1,2;31,2;27,3;21,2;82;1;
2020-02-22;2,3;2,8;,6;31,9;27,84;23;76;1;
2020-02-23;2,7;8,8;,6;32,1;28,08;23,1;74,25;1,333333;
2020-02-24;4,4;8,5;5,6;32,4;28,36;23,6;67,75;1,5;
2020-02-25;4,3;8,6;0;32;27,76;22;71,5;1,233333;
2020-02-26;4,5;8,6;3,5;32,3;27,7;22,8;75,75;1,1;
2020-02-27;4,3;7,6;,2;32,7;28,18;23;73,25;,6;
2020-02-28;3,2;8,9;0;33,5;28,28;22,4;73;1,3;
2020-02-29;3,9;9,5;0;32,5;28,66;23,4;65,5;2;
2020-03-01;3,8;5,3;12,8;31,5;27,58;22,8;74,5;1;
2020-03-02;3,3;9,7;0;32,6;28,2;22,2;68,25;1,366667;
2020-03-03;4,5;9,3;0;33,1;28,84;24,8;70;1,4;
2020-03-04;3,8;8,8;0;33,1;28,88;22,8;71,5;1,9;
2020-03-05;3,4;9,8;0;34,6;28,92;22,2;72;,833333;
2020-03-06;3,4;8,9;0;34,1;28,8;22,6;74;,566667;
2020-03-07;3,9;4,5;6,6;32,1;28,12;23,4;83,75;0;
2020-03-08;2,5;5,5;0;33,1;29,36;25,6;71,5;1,85;
2020-03-09;4,2;9,9;0;32,8;27,84;21,8;71;1,5;
2020-03-10;4;9,9;0;32,5;27,94;20,1;69,75;1,4;
2020-03-11;4,5;7;0;null;null;22,2;70,25;1,566667;
2020-03-12;3,9;3,4;5;null;null;23;72,5;2,266667;
2020-03-13;3;1,8;,6;31,1;27,7;22,6;70,75;1;
2020-03-14;3,2;2,4;3,4;32,5;27,86;22,2;73;,833333;
2020-03-15;3,6;4;8,4;30,3;26,2;22,6;87;,266667;
2020-03-16;1,3;1,5;79,9;null;null;21,8;84,25;,566667;
2020-03-17;2,1;6,9;5,5;31,9;27,3;21,6;80,75;1,366667;
2020-03-18;2,6;4,5;,4;32,2;27,7;22,3;74,5;,833333;
2020-03-19;2,9;8,2;0;32,4;28;22,6;74,25;1,266667;
2020-03-20;null;8;0;null;null;25,6;null;0;
2020-03-21;null;10,1;0;33,5;28,02;21,6;75;,9;
2020-03-22;2,9;6,7;0;33,6;28,08;22;70,25;,566667;
2020-03-23;3;5,2;0;34,1;28,16;22,3;76;1,9;
2020-03-24;3;5,4;0;33,2;27,96;22,2;75;,566667;
2020-03-25;2,7;8,3;1,2;32,2;27,64;23,2;80,25;,566667;
2020-03-26;2,9;9,9;0;33,2;27,8;21,6;75,75;,433333;
2020-03-27;4;5,5;4;30,5;26,28;22,2;87,5;,433333;
2020-03-28;3,2;8,2;14,4;32;27;22;81,5;,166667;
2020-03-29;1,3;6,4;2,6;31,3;26,86;22,8;84,75;,833333;
2020-03-30;2;6,4;6,2;29;25,84;21,9;90,5;,266667;
2020-03-31;1;3;4;30;26,3;22,1;84,25;,833333;
2020-04-01;null;6,1;11,2;31,1;26,38;22;90;,51444;
2020-04-02;null;9,1;4,3;33;27,78;22,3;84,75;,68592;
2020-04-03;null;6,7;14,6;31,3;27,18;21,8;80,25;,8574;
2020-04-04;null;7,1;0;33,1;28,04;22,5;78,75;,51444;
2020-04-05;null;9,5;null;33,4;null;null;76;1,54332;
2020-04-06;null;8,8;null;32,1;null;null;78;1,2861;
2020-04-07;null;7,7;3,2;31,7;27,3;22;78,25;,68592;
2020-04-08;null;9,8;0;32,1;27,36;22,1;73,75;,8574;
2020-04-09;null;9,3;0;32,4;27,64;21,8;76;1,54332;
2020-04-10;null;9,6;0;32;28,3;22,6;75,75;1,37184;
2020-04-11;null;9,1;0;32,9;27,82;22,6;76;,8574;
2020-04-12;null;9,1;0;33;27,96;21,8;74,75;,68592;
2020-04-13;null;9,5;0;32,6;27,72;21,6;74,75;,51444;
2020-04-14;null;9,5;0;32,4;27,26;21,3;73,5;1,02888;
2020-04-15;null;3,3;0;32,1;27,3;22,2;80,75;,8574;
2020-04-16;null;1,3;22,4;29;25,28;20,8;92;1,02888;
2020-04-17;null;8,3;3;32,2;26,94;22,4;85;1,37184;
2020-04-18;null;6,6;3,6;32,1;27,28;22;85,5;0;
2020-04-19;null;,8;3;31;26,28;22,4;89,25;,34296;
2020-04-20;null;5,6;4,4;30,9;26,18;22;84,75;,34296;
2020-04-21;null;1,9;13,8;29,5;25,98;21,6;87,25;,51444;
2020-04-22;null;0;8,4;27,8;24,9;21,3;92,25;0;
2020-04-23;null;9,4;0;31,2;26,74;21,8;82,75;,8574;
2020-04-24;null;,7;11,4;26,2;24,52;21,6;98;,34296;
2020-04-25;null;7;76,9;29,8;27,34;20,4;76;1,02888;
2020-04-26;null;2,8;58,1;30,7;26,06;21,6;86,5;,34296;
2020-04-27;null;3,9;7,4;30,1;25,38;21,6;88;,51444;
2020-04-28;null;9,4;0;30,8;26,92;20,8;77,5;1,54332;
2020-04-29;null;9,1;,2;30,8;26,42;21,5;81;1,54332;
2020-04-30;null;5,6;5,2;31;26,24;22;89,25;,51444;
2020-05-01;null;8;6,1;31,2;26,36;20,4;83,5;,51444;
2020-05-02;null;9,7;0;31;26,96;21,6;76,5;1,02888;
2020-05-03;null;9,5;,2;31,1;26,5;21,6;82;1,02888;
2020-05-04;null;8,5;0;30,8;26,56;21,2;75,5;1,20036;
2020-05-05;null;,6;0;29,6;26,28;22;83,5;,8574;
2020-05-06;null;8,1;5,1;30,8;26,72;22,4;83,5;1,02888;
2020-05-07;null;8,8;,6;31,1;26,64;21;78,25;,8574;
2020-05-08;null;7,7;0;31,1;25,7;20;81,5;,51444;
2020-05-09;null;null;,2;null;null;21;null;2,05776;
2020-05-10;null;5,5;0;29,6;25,96;20;78,5;,8574;
2020-05-11;null;8,8;,4;29,6;25,7;20;82;,68592;
2020-05-12;null;5,6;20;30,8;25,6;22;86,25;1,54332;
2020-05-13;null;5,9;2,1;30,2;25,7;21,1;89,5;1,02888;
2020-05-14;null;4,6;5,6;30;26,24;21,9;86,75;1,20036;
2020-05-15;null;0;24;28,6;25,32;22,6;92,25;,17148;
2020-05-16;null;,7;6,2;27,3;24,66;22;96;,51444;
2020-05-17;null;,8;10,8;28,8;25,16;21,6;93,25;,51444;
2020-05-18;null;7,2;4;30,5;26,04;21,6;87,5;,17148;
2020-05-19;null;6,7;,6;31,1;26,48;21,8;65,75;,17148;
2020-05-20;null;,2;11,9;28,7;25,94;22,2;92;,68592;
2020-05-21;null;7,8;31,6;30,2;26,32;21,6;84,75;1,54332;
2020-05-22;null;8,8;6,8;30,5;26,56;21,6;83,25;1,02888;
2020-05-23;null;,3;12,6;26,9;24,48;21,8;94,25;0;
2020-05-24;null;2,5;55,1;29;24,82;21,5;88;1,54332;
2020-05-25;null;0;6,2;28,9;25,1;21,4;93;0;
2020-05-26;null;8,8;0;31,9;26,14;21,4;87,25;,51444;
2020-05-27;null;7,7;0;31,4;26,96;21,8;84,75;,34296;
2020-05-28;null;8,1;,7;31,4;26,12;21,8;84,75;,34296;
2020-05-29;null;,4;26,6;27,9;24,26;20,8;88,75;1,37184;
2020-05-30;null;4;2;28,8;25,12;21;88;,51444;
2020-05-31;null;8,1;7,5;30,3;25,36;20,8;85,25;0;
2020-06-01;null;7,5;0;30,6;25,54;20,9;87;1,02888;
2020-06-02;null;7,1;8;31;25,72;20,4;82,25;,34296;
2020-06-03;null;null;,4;null;null;20,8;null;,77166;
2020-06-04;null;null;,6;null;null;22;null;,51444;
2020-06-05;null;null;10,6;null;null;20,9;null;,77166;
2020-06-06;null;null;8,2;null;null;20,2;null;1,2861;
2020-06-07;null;null;30;null;null;20;null;0;
2020-06-08;null;null;1,8;null;null;20,4;null;,77166;
2020-06-09;null;null;29,4;null;null;20;null;1,02888;
2020-06-10;null;3,4;18,8;29,2;24,92;20,6;89;1,7148;
2020-06-11;null;4,4;8;29,7;26,02;21;82,75;,68592;
2020-06-12;null;8,7;1;29,7;25,58;20,8;82,5;1,02888;
2020-06-13;null;8,6;0;30,6;25,4;19,8;82,5;,8574;
2020-06-14;null;5,5;70,7;29,2;24,26;19,7;94,75;,51444;
2020-06-15;null;2,9;41;28,6;24,64;21,3;91,75;,51444;
2020-06-16;null;1,9;26,6;28,4;24,6;20,6;88,5;1,02888;
2020-06-17;null;5,5;12,2;28,4;24,48;20,2;88;1,37184;
2020-06-18;null;2,6;11;29,8;24,92;20,6;79,75;1,02888;
2020-06-19;null;4;15;28,7;25,4;21,2;85,75;1,7148;
2020-06-20;null;8,2;3,6;29,4;26,24;22,9;77;1,37184;
2020-06-21;null;8,5;7;29,5;25,46;19,6;68,25;1,54332;
2020-06-22;null;6,7;0;29,3;24,7;18,6;73,5;,8574;
2020-06-23;null;9,2;0;29,7;26,26;21,6;74,25;1,02888;
2020-06-24;null;8,6;2;28,7;24,3;20,6;83,5;1,20036;
2020-06-25;null;9,4;1,4;29,7;25,4;20,2;76,75;1,37184;
2020-06-26;null;1,3;1,6;28;24,66;20,3;78,75;,8574;
2020-06-27;null;7,3;1,8;29;24,4;19,4;84;,8574;
2020-06-28;null;3,4;,9;27,8;24,14;19,9;91,5;,51444;
2020-06-29;null;7,2;17,6;28,8;24,06;19,6;80;,8574;
2020-06-30;null;8;,4;28;null;null;81,75;1,20036;
2020-07-01;null;8,8;,6;29,1;24,14;18,1;81,5;,68592;
2020-07-02;null;7,6;0;29,4;24,64;19,2;84,5;1,02888;
2020-07-03;null;5,3;9,2;29,1;24,34;20,2;80;,34296;
2020-07-04;null;null;null;null;null;null;null;null;
2020-07-05;null;,1;,2;28,8;24,4;19,2;91,75;1,37184;
2020-07-06;null;4;16,2;27,6;23,92;21;84,25;2,74368;
2020-07-07;null;9;,4;29,1;23,7;18;76;1,20036;
2020-07-08;null;7,4;4,8;30,3;24,06;18,8;82,75;,8574;
2020-07-09;null;1;13,4;28,5;24,66;20,5;87,75;,51444;
2020-07-10;null;8,7;,6;29;24,9;19,8;82,25;,8574;
2020-07-11;null;9,4;0;27,1;24,42;19,4;90,75;,8574;
2020-07-12;null;8;19,5;30;24,44;19,2;80,5;1,02888;
2020-07-13;null;8,6;0;30,1;24,46;19,8;80,25;1,54332;
2020-07-14;null;7,7;2,8;29,1;23,78;17,6;80,75;,51444;
2020-07-15;null;4,8;0;30;24,68;18,8;79,25;1,02888;
2020-07-16;null;2,9;12,6;28,4;24;18;81,25;1,7148;
2020-07-17;null;3,2;2,4;27,9;22,96;18,1;93;1,02888;
2020-07-18;null;6,4;62;27,9;24,16;19,4;76,5;1,20036;
2020-07-19;null;8,9;,3;28,4;23,68;18,4;90,25;,8574;
2020-07-20;null;5,5;8,8;28,1;24,36;20,4;80,5;1,54332;
2020-07-21;null;8;1;28,7;23,82;17,8;77,75;2,22924;
2020-07-22;null;8,1;0;28,7;23,98;19,4;72,75;1,20036;
2020-07-23;null;6,4;0;28,6;23,56;18,4;79,75;1,20036;
2020-07-24;null;6,7;8;28,1;23,44;18,1;81;1,20036;
2020-07-25;null;4,5;,6;27,9;24,68;19,2;72,75;1,88628;
2020-07-26;null;3,5;4,2;27,7;23,88;19,4;81,75;1,7148;
2020-07-27;null;4,7;11,3;28,9;24,44;19,8;80,25;1,7148;
2020-07-28;null;8,2;,2;29,7;25,52;22;74;1,37184;
2020-07-29;null;4,6;2,2;26,9;23,78;19,2;87,75;2,22924;
2020-07-30;null;7,2;5,6;28,1;23,38;18,6;77,5;1,37184;
2020-07-31;null;7,6;null;28;null;null;null;0;
2020-08-01;null;null;0;null;null;18,2;null;2,31498;
2020-08-02;null;null;11,6;null;null;19,8;null;3,08664;
2020-08-03;null;null;1,6;null;null;19;null;1,80054;
2020-08-04;null;null;3;null;null;18,5;null;2,05776;
2020-08-05;null;null;1,7;null;null;19,2;null;2,05776;
2020-08-06;null;null;1,8;null;null;18,9;null;4,11552;
2020-08-07;null;null;0;null;null;21,8;null;3,08664;
2020-08-08;null;null;16,4;null;null;18,7;null;1,2861;
2020-08-09;null;null;4,5;null;null;20,2;null;2,05776;
2020-08-10;null;null;6,6;null;null;18,5;null;2,31498;
2020-08-11;null;null;0;null;null;18,6;null;2,5722;
2020-08-12;null;null;0;null;null;17,4;null;1,54332;
2020-08-13;null;null;18,2;null;null;17,2;null;,51444;
2020-08-14;null;null;0;null;null;17;null;1,02888;
2020-08-15;null;null;0;null;null;17,8;null;,77166;
2020-08-16;null;null;5;null;null;19,8;null;2,05776;
2020-08-17;null;null;0;null;null;20,1;null;2,05776;
2020-08-18;null;null;1,4;null;null;19,4;null;,51444;
2020-08-19;null;null;0;null;null;18,4;null;1,2861;
2020-08-20;null;null;0;null;null;17,2;null;2,05776;
2020-08-21;null;null;25;null;null;21;null;,77166;
2020-08-22;null;null;0;null;null;18,6;null;2,31498;
2020-08-23;null;null;2;null;null;18,5;null;3,08664;
2020-08-24;null;null;0;null;null;17;null;1,80054;
2020-08-25;null;null;0;null;null;16,6;null;1,2861;
2020-08-26;null;null;0;null;null;19,6;null;2,5722;
2020-08-27;null;null;0;null;null;17,8;null;2,05776;
2020-08-28;null;null;0;null;null;17,8;null;,77166;
2020-08-29;null;null;5,6;null;null;20,2;null;1,2861;
2020-08-30;null;null;0;null;null;20,8;null;1,80054;
2020-08-31;null;null;1,4;null;null;20,8;null;2,5722;
2020-09-01;null;null;2,2;null;null;20,1;null;2,31498;
2020-09-02;null;null;12,6;null;null;19,8;null;2,05776;
2020-09-03;null;null;10,8;null;null;18,6;null;,77166;
2020-09-04;null;null;5,4;null;null;20,4;null;2,82942;
2020-09-05;null;null;2;null;null;18,6;null;2,31498;
2020-09-06;null;null;0;null;null;18;null;2,5722;
2020-09-07;null;null;null;null;null;null;null;null;
2020-09-08;null;null;,8;null;null;17,9;null;1,54332;
2020-09-09;null;null;2,8;null;null;19,7;null;2,31498;
2020-09-10;null;null;6,2;null;null;21,4;null;1,80054;
2020-09-11;null;null;0;null;null;21,2;null;5,1444;
2020-09-12;null;null;0;null;null;null;null;3,08664;
2020-09-13;null;null;null;null;null;null;null;null;
2020-09-14;null;null;11;null;null;19,6;null;1,2861;
2020-09-15;null;null;1,2;null;null;20,4;null;1,02888;
2020-09-16;null;null;0;null;null;22;null;4,11552;
2020-09-17;null;null;0;null;null;18,6;null;1,80054;
2020-09-18;null;null;0;null;null;17,8;null;1,02888;
2020-09-19;null;null;0;null;null;20,8;null;,77166;
2020-09-20;null;null;null;null;null;null;null;null;
2020-09-21;null;null;0;null;null;21,6;null;1,54332;
2020-09-22;null;null;0;null;null;22,4;null;2,05776;
2020-09-23;null;null;0;null;null;19,2;null;1,54332;
2020-09-24;null;null;0;null;null;20,2;null;3,34386;
2020-09-25;null;null;1;null;null;19,6;null;1,54332;
2020-09-26;null;null;0;null;null;19,2;null;1,80054;
2020-09-27;null;null;null;null;null;null;null;null;
2020-09-28;null;null;6,4;null;null;20;null;2,31498;
2020-09-29;null;null;0;null;null;21,8;null;2,05776;
2020-09-30;null;null;0;null;null;20;null;3,34386;
2020-10-01;null;null;0;null;null;22;null;4,11552;
2020-10-02;null;null;1,4;null;null;20,4;null;3,08664;
2020-10-03;null;null;0;null;null;21,4;null;4,11552;
2020-10-04;null;null;1,2;null;null;19,4;null;1,80054;
2020-10-05;null;null;0;null;null;19,6;null;1,80054;
2020-10-06;null;null;0;null;null;19,8;null;1,54332;
2020-10-07;null;null;0;null;null;22,2;null;2,31498;
2020-10-08;null;null;0;null;null;20,4;null;1,54332;
2020-10-09;null;null;0;null;null;22,6;null;2,05776;
2020-10-10;null;null;0;null;null;20;null;1,80054;
2020-10-11;null;null;null;null;null;null;null;null;
2020-10-12;null;null;null;null;null;null;null;null;
2020-10-13;null;null;null;null;null;null;null;null;
2020-10-14;null;null;null;null;null;null;null;null;
2020-10-15;null;null;null;null;null;null;null;null;
2020-10-16;null;null;null;null;null;null;null;null;
2020-10-17;null;null;null;null;null;null;null;null;
2020-10-18;null;null;null;null;null;null;null;null;
2020-10-19;null;null;null;null;null;null;null;null;
2020-10-20;null;null;null;null;null;null;null;null;
2020-10-21;null;null;null;null;null;null;null;null;
2020-10-22;null;null;null;null;null;null;null;null;
2020-10-23;null;null;null;null;null;null;null;null;
2020-10-24;null;null;null;null;null;null;null;null;
2020-10-25;null;null;null;null;null;null;null;null;
2020-10-26;null;null;null;null;null;null;null;null;
2020-10-27;null;null;null;null;null;null;null;null;
2020-10-28;null;null;null;null;null;null;null;null;
2020-10-29;null;null;null;null;null;null;null;null;
2020-10-30;null;null;null;null;null;null;null;null;
2020-10-31;null;null;null;null;null;null;null;null;
2020-11-01;null;null;0;null;null;23,4;null;3,08664;
2020-11-02;null;null;null;null;null;null;null;null;
2020-11-03;null;null;0;null;null;23;null;3,08664;
2020-11-04;null;null;0;null;null;21,8;null;1,54332;
2020-11-05;null;null;0;null;null;21,7;null;1,80054;
2020-11-06;null;null;5,2;null;null;21,5;null;2,31498;
2020-11-07;null;null;,4;null;null;21,8;null;2,31498;
2020-11-08;null;null;null;null;null;null;null;null;
2020-11-09;null;null;12,4;null;null;22,2;null;1,54332;
2020-11-10;null;null;14;null;null;21,7;null;2,5722;
2020-11-11;null;null;6,4;null;null;20,8;null;3,8583;
2020-11-12;null;null;0;null;null;21,8;null;1,54332;
2020-11-13;null;null;0;null;null;23;null;2,05776;
2020-11-14;null;null;1;null;null;22,8;null;1,54332;
2020-11-15;null;null;null;null;null;null;null;null;
2020-11-16;null;null;1;null;null;21,8;null;2,05776;
2020-11-17;null;null;4;null;null;21,2;null;1,02888;
2020-11-18;null;null;0;null;null;21;null;2,05776;
2020-11-19;null;null;0;null;null;23;null;2,31498;
2020-11-20;null;null;0;null;null;21,2;null;2,5722;
2020-11-21;null;null;0;null;null;22;null;2,5722;
2020-11-22;null;null;null;null;null;null;null;null;
2020-11-23;null;null;0;null;null;22,6;null;1,54332;
2020-11-24;null;null;4,4;null;null;21,5;null;1,80054;
2020-11-25;null;8,9;1;31,8;26,84;20,8;77;1,37184;
2020-11-26;null;null;4,6;null;null;21,4;null;2,31498;
2020-11-27;null;null;0;null;null;23,1;null;2,31498;
2020-11-28;null;null;1;null;null;22,7;null;2,31498;
2020-11-29;null;null;null;null;null;null;null;null;
2020-11-30;null;null;2;null;null;23,8;null;2,31498;
2020-12-01;null;null;0;null;null;23;null;2,05776;
2020-12-02;null;null;6,8;null;null;21,8;null;1,02888;
2020-12-03;null;null;,4;null;null;22,8;null;2,31498;
2020-12-04;null;null;1;null;null;23;null;1,80054;
2020-12-05;null;null;,2;null;null;23,8;null;3,08664;
2020-12-06;null;null;null;null;null;null;null;null;
2020-12-07;null;null;0;null;null;23,2;null;2,05776;
2020-12-08;null;null;1,2;null;null;21,2;null;2,05776;
2020-12-09;null;null;5,6;null;null;21,2;null;,77166;
2020-12-10;null;null;6;null;null;20,6;null;1,54332;
2020-12-11;null;null;0;null;null;23,8;null;1,80054;
2020-12-12;null;null;2,2;null;null;22,2;null;2,82942;
2020-12-13;null;null;null;null;null;null;null;null;
2020-12-14;null;null;1;null;null;22;null;1,54332;
2020-12-15;null;null;6,7;null;null;21,8;null;1,2861;
2020-12-16;null;null;4,4;null;null;22;null;1,2861;
2020-12-17;null;null;0;null;null;21,8;null;1,54332;
2020-12-18;null;null;0;null;null;23;null;1,80054;
2020-12-19;null;null;1;null;null;23,2;null;1,80054;
2020-12-20;null;null;null;null;null;null;null;null;
2020-12-21;null;null;1,2;null;null;21,8;null;2,05776;
2020-12-22;null;null;0;null;null;22,2;null;1,80054;
2020-12-23;null;null;0;null;null;20,9;null;1,80054;
2020-12-24;null;null;1,4;null;null;22;null;2,5722;
2020-12-25;null;null;null;null;null;null;null;null;
2020-12-26;null;null;1,4;null;null;22;null;2,31498;
2020-12-27;null;null;null;null;null;null;null;null;
2020-12-28;null;null;2,6;null;null;21,6;null;2,05776;
2020-12-29;null;null;0;null;null;20,8;null;1,54332;
2020-12-30;null;null;,6;null;null;21,6;null;1,54332;
2020-12-31;null;null;19,2;null;null;21,1;null;1,54332;
2021-01-01;null;null;null;null;null;null;null;null;
2021-01-02;null;null;null;null;null;null;null;null;
2021-01-03;null;null;null;null;null;null;null;null;
2021-01-04;null;null;null;null;null;null;null;null;
2021-01-05;null;null;null;null;null;null;null;null;
2021-01-06;null;null;null;null;null;null;null;null;
2021-01-07;null;null;null;null;null;null;null;null;
2021-01-08;null;null;null;null;null;null;null;null;
2021-01-09;null;null;null;null;null;null;null;null;
2021-01-10;null;null;null;null;null;null;null;null;
2021-01-11;null;null;null;null;null;null;null;null;
2021-01-12;null;null;null;null;null;null;null;null;
2021-01-13;null;null;null;null;null;null;null;null;
2021-01-14;null;null;null;null;null;null;null;null;
2021-01-15;null;null;null;null;null;null;null;null;
2021-01-16;null;null;null;null;null;null;null;null;
2021-01-17;null;null;null;null;null;null;null;null;
2021-01-18;null;null;null;null;null;null;null;null;
2021-01-19;null;null;null;null;null;null;null;null;
2021-01-20;null;null;null;null;null;null;null;null;
2021-01-21;null;null;null;null;null;null;null;null;
2021-01-22;null;null;null;null;null;null;null;null;
2021-01-23;null;null;null;null;null;null;null;null;
2021-01-24;null;null;null;null;null;null;null;null;
2021-01-25;null;null;null;null;null;null;null;null;
2021-01-26;null;null;null;null;null;null;null;null;
2021-01-27;null;null;null;null;null;null;null;null;
2021-01-28;null;null;null;null;null;null;null;null;
2021-01-29;null;null;null;null;null;null;null;null;
2021-01-30;null;null;null;null;null;null;null;null;
2021-01-31;null;null;null;null;null;null;null;null;
2021-02-01;null;6,9;0;32;27,92;23,4;75,25;1,37184;
2021-02-02;null;9,8;0;32,4;27,8;23,4;73,25;2,05776;
2021-02-03;null;8,3;0;32,3;27,72;23,9;76,25;2,05776;
2021-02-04;null;9,8;0;32,6;27,54;22,3;73;1,7148;
2021-02-05;null;9,4;0;33,1;27,7;22,2;71;1,37184;
2021-02-06;null;null;null;null;null;null;null;null;
2021-02-07;null;null;null;null;null;null;null;null;
2021-02-08;null;7,1;0;32,8;27,94;22,7;67,75;1,20036;
2021-02-09;null;9,6;0;33;27,82;22;65,5;1,7148;
2021-02-10;null;7,9;1,6;32,8;27;21,2;77,5;,51444;
2021-02-11;null;null;null;null;null;null;null;null;
2021-02-12;null;null;null;null;null;null;null;null;
2021-02-13;null;null;null;null;null;null;null;null;
2021-02-14;null;null;null;null;null;null;null;null;
2021-02-15;null;null;null;null;null;null;null;null;
2021-02-16;null;null;null;null;null;null;null;null;
2021-02-17;null;null;null;null;null;null;null;null;
2021-02-18;null;null;null;null;null;null;null;null;
2021-02-19;null;null;null;null;null;null;null;null;
2021-02-20;null;null;null;null;null;null;null;null;
2021-02-21;null;null;null;null;null;null;null;null;
2021-02-22;null;null;null;null;null;null;null;null;
2021-02-23;null;null;null;null;null;null;null;null;
2021-02-24;null;null;null;null;null;null;null;null;
2021-02-25;null;null;null;null;null;null;null;null;
2021-02-26;null;null;null;null;null;null;null;null;
2021-02-27;null;null;null;null;null;null;null;null;
2021-02-28;null;null;null;null;null;null;null;null;
2021-03-01;null;null;null;null;null;null;null;null;
2021-03-02;null;null;null;null;null;null;null;null;
2021-03-03;null;null;null;null;null;null;null;null;
2021-03-04;null;null;null;null;null;null;null;null;
2021-03-05;null;null;null;null;null;null;null;null;
2021-03-06;null;null;null;null;null;null;null;null;
2021-03-07;null;null;null;null;null;null;null;null;
2021-03-08;null;null;null;null;null;null;null;null;
2021-03-09;null;null;null;null;null;null;null;null;
2021-03-10;null;null;null;null;null;null;null;null;
2021-03-11;null;6,8;,6;31,7;27,34;21,4;null;1,80054;
2021-03-12;null;9,9;0;31,8;27,68;23,8;null;1,2861;
2021-03-13;null;null;null;null;null;null;null;null;
2021-03-14;null;null;null;null;null;null;null;null;
2021-03-15;null;null;null;null;null;null;null;null;
2021-03-16;null;null;null;null;null;null;null;null;
2021-03-17;null;null;null;null;null;null;null;null;
2021-03-18;null;null;null;null;null;null;null;null;
2021-03-19;null;null;null;null;null;null;null;null;
2021-03-20;null;null;null;null;null;null;null;null;
2021-03-21;null;null;null;null;null;null;null;null;
2021-03-22;null;null;null;null;null;null;null;null;
2021-03-23;null;null;null;null;null;null;null;null;
2021-03-24;null;null;null;null;null;null;null;null;
2021-03-25;null;null;null;null;null;null;null;null;
2021-03-26;null;null;null;null;null;null;null;null;
2021-03-27;null;null;null;null;null;null;null;null;
2021-03-28;null;null;null;null;null;null;null;null;
2021-03-29;null;null;null;null;null;null;null;null;
2021-03-30;null;null;null;null;null;null;null;null;
2021-03-31;null;null;null;null;null;null;null;null;
2021-04-01;null;null;null;null;null;null;null;null;
2021-04-02;null;null;null;null;null;null;null;null;
2021-04-03;null;null;null;null;null;null;null;null;
2021-04-04;null;null;null;null;null;null;null;null;
2021-04-05;null;null;null;null;null;null;null;null;
2021-04-06;null;null;null;null;null;null;null;null;
2021-04-07;null;null;null;null;null;null;null;null;
2021-04-08;null;null;null;null;null;null;null;null;
2021-04-09;null;null;null;null;null;null;null;null;
2021-04-10;null;null;null;null;null;null;null;null;
2021-04-11;null;null;null;null;null;null;null;null;
2021-04-12;null;null;null;null;null;null;null;null;
2021-04-13;null;null;null;null;null;null;null;null;
2021-04-14;null;null;null;null;null;null;null;null;
2021-04-15;null;null;null;null;null;null;null;null;
2021-04-16;null;null;null;null;null;null;null;null;
2021-04-17;null;null;null;null;null;null;null;null;
2021-04-18;null;null;null;null;null;null;null;null;
2021-04-19;null;null;null;null;null;null;null;null;
2021-04-20;null;null;null;null;null;null;null;null;
2021-04-21;null;null;null;null;null;null;null;null;
2021-04-22;null;null;null;null;null;null;null;null;
2021-04-23;null;null;null;null;null;null;null;null;
2021-04-24;null;null;null;null;null;null;null;null;
2021-04-25;null;null;null;null;null;null;null;null;
2021-04-26;null;null;null;null;null;null;null;null;
2021-04-27;null;null;null;null;null;null;null;null;
2021-04-28;null;null;null;null;null;null;null;null;
2021-04-29;null;null;null;null;null;null;null;null;
2021-04-30;null;null;null;null;null;null;null;null;
2021-05-01;null;null;null;null;null;null;null;null;
2021-05-02;null;null;null;null;null;null;null;null;
2021-05-03;null;null;null;null;null;null;null;null;
2021-05-04;null;null;null;null;null;null;null;null;
2021-05-05;null;null;null;null;null;null;null;null;
2021-05-06;null;null;null;null;null;null;null;null;
2021-05-07;null;null;null;null;null;null;null;null;
2021-05-08;null;null;null;null;null;null;null;null;
2021-05-09;null;null;null;null;null;null;null;null;
2021-05-10;null;null;null;null;null;null;null;null;
2021-05-11;null;null;null;null;null;null;null;null;
2021-05-12;null;null;45,7;30,2;25,24;18,8;null;,77166;
2021-05-13;null;null;94,3;25,3;23,18;19,2;null;2,82942;
2021-05-14;null;null;null;27,3;null;null;null;1,02888;
2021-05-15;null;null;1;null;null;22;null;1,54332;
2021-05-16;null;null;null;null;null;null;null;null;
2021-05-17;null;null;0;30;25,56;21,4;null;1,54332;
2021-05-18;null;5,2;0;29,7;25,74;22,8;null;5,1444;
2021-05-19;null;null;0;28;24,92;22,8;null;1,54332;
2021-05-20;null;null;0;null;null;21;null;,51444;
2021-05-21;null;null;6,8;30,2;25,7;20,7;null;2,82942;
2021-05-22;null;null;,2;null;null;20,2;null;2,05776;
2021-05-23;null;null;null;null;null;null;null;null;
2021-05-24;null;null;,4;30,2;25,62;20,3;null;2,5722;
2021-05-25;null;null;0;30,8;25,52;20;null;1,54332;
2021-05-26;null;null;null;null;null;null;null;null;
2021-05-27;null;null;null;null;null;null;null;null;
2021-05-28;null;null;null;null;null;null;null;null;
2021-05-29;null;null;null;null;null;null;null;null;
2021-05-30;null;null;null;null;null;null;null;null;
2021-05-31;null;null;null;null;null;null;null;null;
2021-06-01;null;null;null;null;null;null;null;null;
2021-06-02;null;null;null;null;null;null;null;null;
2021-06-03;null;null;null;null;null;null;null;null;
2021-06-04;null;null;null;null;null;null;null;null;
2021-06-05;null;null;null;null;null;null;null;null;
2021-06-06;null;null;null;null;null;null;null;null;
2021-06-07;null;null;null;null;null;null;null;null;
2021-06-08;null;null;null;null;null;null;null;null;
2021-06-09;null;null;null;null;null;null;null;null;
2021-06-10;null;null;null;null;null;null;null;null;
2021-06-11;null;null;null;null;null;null;null;null;
2021-06-12;null;null;null;null;null;null;null;null;
2021-06-13;null;null;null;null;null;null;null;null;
2021-06-14;null;null;null;null;null;null;null;null;
2021-06-15;null;null;null;null;null;null;null;null;
2021-06-16;null;null;null;null;null;null;null;null;
2021-06-17;null;null;null;null;null;null;null;null;
2021-06-18;null;null;null;null;null;null;null;null;
2021-06-19;null;null;null;null;null;null;null;null;
2021-06-20;null;null;null;null;null;null;null;null;
2021-06-21;null;null;null;null;null;null;null;null;
2021-06-22;null;null;null;null;null;null;null;null;
2021-06-23;null;null;null;null;null;null;null;null;
2021-06-24;null;null;null;null;null;null;null;null;
2021-06-25;null;null;null;null;null;null;null;null;
2021-06-26;null;null;null;null;null;null;null;null;
2021-06-27;null;null;null;null;null;null;null;null;
2021-06-28;null;null;null;null;null;null;null;null;
2021-06-29;null;null;null;null;null;null;null;null;
2021-06-30;null;null;null;null;null;null;null;null;
2021-07-01;null;null;null;null;null;null;null;null;
2021-07-02;null;null;null;null;null;null;null;null;
2021-07-03;null;null;null;null;null;null;null;null;
2021-07-04;null;null;null;null;null;null;null;null;
2021-07-05;null;null;null;null;null;null;null;null;
2021-07-06;null;null;null;null;null;null;null;null;
2021-07-07;null;null;null;null;null;null;null;null;
2021-07-08;null;null;null;null;null;null;null;null;
2021-07-09;null;null;null;null;null;null;null;null;
2021-07-10;null;null;null;null;null;null;null;null;
2021-07-11;null;null;null;null;null;null;null;null;
2021-07-12;null;null;null;null;null;null;null;null;
2021-07-13;null;null;null;null;null;null;null;null;
2021-07-14;null;null;null;null;null;null;null;null;
2021-07-15;null;null;null;null;null;null;null;null;
2021-07-16;null;null;null;null;null;null;null;null;
2021-07-17;null;null;null;null;null;null;null;null;
2021-07-18;null;null;null;null;null;null;null;null;
2021-07-19;null;null;null;null;null;null;null;null;
2021-07-20;null;null;null;null;null;null;null;null;
2021-07-21;null;null;null;null;null;null;null;null;
2021-07-22;null;null;null;null;null;null;null;null;
2021-07-23;null;null;null;null;null;null;null;null;
2021-07-24;null;null;null;null;null;null;null;null;
2021-07-25;null;null;null;null;null;null;null;null;
2021-07-26;null;null;null;null;null;null;null;null;
2021-07-27;null;null;null;null;null;null;null;null;
2021-07-28;null;null;null;null;null;null;null;null;
2021-07-29;null;null;null;null;null;null;null;null;
2021-07-30;null;null;null;null;null;null;null;null;
2021-07-31;null;null;null;null;null;null;null;null;
2021-08-01;null;null;null;null;null;null;null;null;
2021-08-02;null;null;null;null;null;null;null;null;
2021-08-03;null;null;null;null;null;null;null;null;
2021-08-04;null;null;null;null;null;null;null;null;
2021-08-05;null;null;null;null;null;null;null;null;
2021-08-06;null;null;null;null;null;null;null;null;
2021-08-07;null;null;null;null;null;null;null;null;
2021-08-08;null;null;null;null;null;null;null;null;
2021-08-09;null;null;null;null;null;null;null;null;
2021-08-10;null;null;null;null;null;null;null;null;
2021-08-11;null;null;null;null;null;null;null;null;
2021-08-12;null;null;null;null;null;null;null;null;
2021-08-13;null;null;null;null;null;null;null;null;
2021-08-14;null;null;null;null;null;null;null;null;
2021-08-15;null;null;null;null;null;null;null;null;
2021-08-16;null;null;null;null;null;null;null;null;
2021-08-17;null;null;null;null;null;null;null;null;
2021-08-18;null;null;null;null;null;null;null;null;
2021-08-19;null;null;null;null;null;null;null;null;
2021-08-20;null;null;null;null;null;null;null;null;
2021-08-21;null;null;null;null;null;null;null;null;
2021-08-22;null;null;null;null;null;null;null;null;
2021-08-23;null;null;null;null;null;null;null;null;
2021-08-24;null;null;null;null;null;null;null;null;
2021-08-25;null;null;null;null;null;null;null;null;
2021-08-26;null;null;null;null;null;null;null;null;
2021-08-27;null;null;null;null;null;null;null;null;
2021-08-28;null;null;null;null;null;null;null;null;
2021-08-29;null;null;null;null;null;null;null;null;
2021-08-30;null;null;null;null;null;null;null;null;
2021-08-31;null;null;null;null;null;null;null;null;
2021-09-01;null;null;null;null;null;null;null;null;
2021-09-02;null;null;null;null;null;null;null;null;
2021-09-03;null;null;null;null;null;null;null;null;
2021-09-04;null;null;null;null;null;null;null;null;
2021-09-05;null;null;null;null;null;null;null;null;
2021-09-06;null;null;null;null;null;null;null;null;
2021-09-07;null;null;null;null;null;null;null;null;
2021-09-08;null;null;null;null;null;null;null;null;
2021-09-09;null;null;null;null;null;null;null;null;
2021-09-10;null;null;null;null;null;null;null;null;
2021-09-11;null;null;null;null;null;null;null;null;
2021-09-12;null;null;null;null;null;null;null;null;
2021-09-13;null;null;null;null;null;null;null;null;
2021-09-14;null;null;null;null;null;null;null;null;
2021-09-15;null;null;null;null;null;null;null;null;
2021-09-16;null;null;null;null;null;null;null;null;
2021-09-17;null;null;null;null;null;null;null;null;
2021-09-18;null;null;null;null;null;null;null;null;
2021-09-19;null;null;null;null;null;null;null;null;
2021-09-20;null;null;null;null;null;null;null;null;
2021-09-21;null;null;null;null;null;null;null;null;
2021-09-22;null;null;null;null;null;null;null;null;
2021-09-23;null;null;null;null;null;null;null;null;
2021-09-24;null;null;null;null;null;null;null;null;
2021-09-25;null;null;null;null;null;null;null;null;
2021-09-26;null;null;null;null;null;null;null;null;
2021-09-27;null;null;null;null;null;null;null;null;
2021-09-28;null;null;null;null;null;null;null;null;
2021-09-29;null;null;null;null;null;null;null;null;
2021-09-30;null;null;null;null;null;null;null;null;
2021-10-01;null;null;null;null;null;null;null;null;
2021-10-02;null;null;null;null;null;null;null;null;
2021-10-03;null;null;null;null;null;null;null;null;
2021-10-04;null;null;null;null;null;null;null;null;
2021-10-05;null;null;null;null;null;null;null;null;
2021-10-06;null;null;null;null;null;null;null;null;
2021-10-07;null;null;null;null;null;null;null;null;
2021-10-08;null;null;null;null;null;null;null;null;
2021-10-09;null;null;null;null;null;null;null;null;
2021-10-10;null;null;null;null;null;null;null;null;
2021-10-11;null;null;null;null;null;null;null;null;
2021-10-12;null;null;null;null;null;null;null;null;
2021-10-13;null;null;null;null;null;null;null;null;
2021-10-14;null;null;null;null;null;null;null;null;
2021-10-15;null;null;null;null;null;null;null;null;
2021-10-16;null;null;null;null;null;null;null;null;
2021-10-17;null;null;null;null;null;null;null;null;
2021-10-18;null;null;null;null;null;null;null;null;
2021-10-19;null;null;null;null;null;null;null;null;
2021-10-20;null;null;null;null;null;null;null;null;
2021-10-21;null;null;null;null;null;null;null;null;
2021-10-22;null;null;null;null;null;null;null;null;
2021-10-23;null;null;null;null;null;null;null;null;
2021-10-24;null;null;null;null;null;null;null;null;
2021-10-25;null;null;null;null;null;null;null;null;
2021-10-26;null;null;null;null;null;null;null;null;
2021-10-27;null;null;null;null;null;null;null;null;
2021-10-28;null;null;null;null;null;null;null;null;
2021-10-29;null;null;null;null;null;null;null;null;
2021-10-30;null;null;null;null;null;null;null;null;
2021-10-31;null;null;null;null;null;null;null;null;
2021-11-01;null;null;null;null;null;null;null;null;
2021-11-02;null;null;null;null;null;null;null;null;
2021-11-03;null;null;null;null;null;null;null;null;
2021-11-04;null;null;null;null;null;null;null;null;
2021-11-05;null;null;null;null;null;null;null;null;
2021-11-06;null;null;null;null;null;null;null;null;
2021-11-07;null;null;null;null;null;null;null;null;
2021-11-08;null;null;null;null;null;null;null;null;
2021-11-09;null;null;null;null;null;null;null;null;
2021-11-10;null;null;null;null;null;null;null;null;
2021-11-11;null;null;null;null;null;null;null;null;
2021-11-12;null;null;null;null;null;null;null;null;
2021-11-13;null;null;null;null;null;null;null;null;
2021-11-14;null;null;null;null;null;null;null;null;
2021-11-15;null;null;null;null;null;null;null;null;
2021-11-16;null;null;null;null;null;null;null;null;
2021-11-17;null;null;null;null;null;null;null;null;
2021-11-18;null;null;null;null;null;null;null;null;
2021-11-19;null;null;null;null;null;null;null;null;
2021-11-20;null;null;null;null;null;null;null;null;
2021-11-21;null;null;null;null;null;null;null;null;
2021-11-22;null;null;null;null;null;null;null;null;
2021-11-23;null;null;null;null;null;null;null;null;
2021-11-24;null;null;null;null;null;null;null;null;
2021-11-25;null;null;null;null;null;null;null;null;
2021-11-26;null;null;null;null;null;null;null;null;
2021-11-27;null;null;null;null;null;null;null;null;
2021-11-28;null;null;null;null;null;null;null;null;
2021-11-29;null;null;null;null;null;null;null;null;
2021-11-30;null;null;null;null;null;null;null;null;
2021-12-01;null;null;null;null;null;null;null;null;
2021-12-02;null;null;null;null;null;null;null;null;
2021-12-03;null;null;null;null;null;null;null;null;
2021-12-04;null;null;null;null;null;null;null;null;
2021-12-05;null;null;null;null;null;null;null;null;
2021-12-06;null;null;null;null;null;null;null;null;
2021-12-07;null;null;null;null;null;null;null;null;
2021-12-08;null;null;null;null;null;null;null;null;
2021-12-09;null;null;null;null;null;null;null;null;
2021-12-10;null;null;null;null;null;null;null;null;
2021-12-11;null;null;null;null;null;null;null;null;
2021-12-12;null;null;null;null;null;null;null;null;
2021-12-13;null;null;null;null;null;null;null;null;
2021-12-14;null;null;null;null;null;null;null;null;
2021-12-15;null;null;null;null;null;null;null;null;
2021-12-16;null;null;null;null;null;null;null;null;
2021-12-17;null;null;null;null;null;null;null;null;
2021-12-18;null;null;null;null;null;null;null;null;
2021-12-19;null;null;null;null;null;null;null;null;
2021-12-20;null;null;null;null;null;null;null;null;
2021-12-21;null;null;null;null;null;null;null;null;
2021-12-22;null;null;null;null;null;null;null;null;
2021-12-23;null;null;null;null;null;null;null;null;
2021-12-24;null;null;null;null;null;null;null;null;
2021-12-25;null;null;null;null;null;null;null;null;
2021-12-26;null;null;null;null;null;null;null;null;
2021-12-27;null;null;null;null;null;null;null;null;
2021-12-28;null;null;null;null;null;null;null;null;
2021-12-29;null;null;null;null;null;null;null;null;
2021-12-30;null;null;null;null;null;null;null;null;
2021-12-31;null;null;null;null;null;null;null;null;
2022-01-01;null;null;null;null;null;null;null;null;
2022-01-02;null;null;null;null;null;null;null;null;
2022-01-03;null;null;null;null;null;null;null;null;
2022-01-04;null;null;null;null;null;null;null;null;
2022-01-05;null;null;null;null;null;null;null;null;
2022-01-06;null;null;null;null;null;null;null;null;
2022-01-07;null;null;null;null;null;null;null;null;
2022-01-08;null;null;null;null;null;null;null;null;
2022-01-09;null;null;null;null;null;null;null;null;
2022-01-10;null;null;null;null;null;null;null;null;
2022-01-11;null;null;null;null;null;null;null;null;
2022-01-12;null;null;null;null;null;null;null;null;
2022-01-13;null;null;null;null;null;null;null;null;
2022-01-14;null;null;null;null;null;null;null;null;
2022-01-15;null;null;null;null;null;null;null;null;
2022-01-16;null;null;null;null;null;null;null;null;
2022-01-17;null;null;null;null;null;null;null;null;
2022-01-18;null;null;null;null;null;null;null;null;
2022-01-19;null;null;null;null;null;null;null;null;
2022-01-20;null;null;null;null;null;null;null;null;
2022-01-21;null;null;null;null;null;null;null;null;
2022-01-22;null;null;null;null;null;null;null;null;
2022-01-23;null;null;null;null;null;null;null;null;
2022-01-24;null;null;null;null;null;null;null;null;
2022-01-25;null;null;null;null;null;null;null;null;
2022-01-26;null;null;null;null;null;null;null;null;
2022-01-27;null;null;null;null;null;null;null;null;
2022-01-28;null;null;null;null;null;null;null;null;
2022-01-29;null;null;null;null;null;null;null;null;
2022-01-30;null;null;null;null;null;null;null;null;
2022-01-31;null;null;null;null;null;null;null;null;
2022-02-01;null;null;null;null;null;null;null;null;
2022-02-02;null;null;null;null;null;null;null;null;
2022-02-03;null;null;null;null;null;null;null;null;
2022-02-04;null;null;null;null;null;null;null;null;
2022-02-05;null;null;null;null;null;null;null;null;
2022-02-06;null;null;null;null;null;null;null;null;
2022-02-07;null;null;null;null;null;null;null;null;
2022-02-08;null;null;null;null;null;null;null;null;
2022-02-09;null;null;null;null;null;null;null;null;
2022-02-10;null;null;null;null;null;null;null;null;
2022-02-11;null;null;null;null;null;null;null;null;
2022-02-12;null;null;null;null;null;null;null;null;
2022-02-13;null;null;null;null;null;null;null;null;
2022-02-14;null;null;null;null;null;null;null;null;
2022-02-15;null;null;null;null;null;null;null;null;
2022-02-16;null;null;null;null;null;null;null;null;
2022-02-17;null;null;null;null;null;null;null;null;
2022-02-18;null;null;null;null;null;null;null;null;
2022-02-19;null;null;null;null;null;null;null;null;
2022-02-20;null;null;null;null;null;null;null;null;
2022-02-21;null;null;null;null;null;null;null;null;
2022-02-22;null;null;null;null;null;null;null;null;
2022-02-23;null;null;null;null;null;null;null;null;
2022-02-24;null;null;null;null;null;null;null;null;
2022-02-25;null;null;null;null;null;null;null;null;
2022-02-26;null;null;null;null;null;null;null;null;
2022-02-27;null;null;null;null;null;null;null;null;
2022-02-28;null;null;null;null;null;null;null;null;
2022-03-01;null;null;null;null;null;null;null;null;
2022-03-02;null;null;null;null;null;null;null;null;
2022-03-03;null;null;null;null;null;null;null;null;
2022-03-04;null;null;null;null;null;null;null;null;
2022-03-05;null;null;null;null;null;null;null;null;
2022-03-06;null;null;null;null;null;null;null;null;
2022-03-07;null;null;null;null;null;null;null;null;
2022-03-08;null;null;null;null;null;null;null;null;
2022-03-09;null;null;null;null;null;null;null;null;
2022-03-10;null;null;null;null;null;null;null;null;
2022-03-11;null;null;null;null;null;null;null;null;
2022-03-12;null;null;null;null;null;null;null;null;
2022-03-13;null;null;null;null;null;null;null;null;
2022-03-14;null;null;null;null;null;null;null;null;
2022-03-15;null;null;null;null;null;null;null;null;
2022-03-16;null;null;null;null;null;null;null;null;
2022-03-17;null;null;null;null;null;null;null;null;

